"Index","ARGT.Open","ARGT.High","ARGT.Low","ARGT.Close","ARGT.Volume","ARGT.Adjusted"
2011-03-03,15.15,15.22,15.12,15.19,9800,28.94
2011-03-04,15.23,15.25,15.08,15.14,28900,28.84
2011-03-07,15.06,15.2,15.06,15.18,11100,28.92
2011-03-08,15.17,15.27,15.17,15.24,4600,29.03
2011-03-09,15.27,15.27,15.13,15.14,4900,28.84
2011-03-10,15.08,15.08,14.68,14.77,17700,28.14
2011-03-11,14.86,14.86,14.63,14.79,12200,28.18
2011-03-14,14.81,14.9,14.56,14.67,7200,27.95
2011-03-15,14.38,14.41,14.05,14.41,6500,27.45
2011-03-16,14.51,14.51,14.05,14.11,1500,26.88
2011-03-17,14.35,14.38,14.35,14.38,100,27.4
2011-03-18,14.71,14.71,14.42,14.42,1700,27.47
2011-03-21,14.75,14.75,14.59,14.59,900,27.8
2011-03-22,14.75,14.75,14.59,14.59,1000,27.8
2011-03-23,14.63,14.63,14.58,14.61,1000,27.83
2011-03-24,14.79,14.79,14.65,14.76,800,28.12
2011-03-25,14.85,14.85,14.7,14.73,3700,28.06
2011-03-28,14.76,14.84,14.66,14.75,2500,28.1
2011-03-29,14.83,14.88,14.82,14.88,4000,28.35
2011-03-30,14.96,15.13,14.92,15.04,17900,28.65
2011-03-31,15.05,15.1,15,15.03,6000,28.63
2011-04-01,15.31,15.39,15.3,15.38,5900,29.3
2011-04-04,15.58,15.63,15.49,15.59,13000,29.7
2011-04-05,15.61,15.79,15.54,15.75,6600,30.01
2011-04-06,15.87,15.87,15.59,15.69,5200,29.89
2011-04-07,15.64,15.64,15.51,15.53,4300,29.59
2011-04-08,15.69,15.72,15.65,15.72,4000,29.95
2011-04-11,15.74,15.79,15.5,15.5,9400,29.53
2011-04-12,15.47,15.47,15.16,15.27,5800,29.09
2011-04-13,15.26,15.32,15.2,15.32,6900,29.19
2011-04-14,15.14,15.21,15.1,15.1,4500,28.77
2011-04-15,15.15,15.15,15.02,15.15,2700,28.86
2011-04-18,14.95,14.95,14.69,14.81,5300,28.22
2011-04-19,14.84,15.04,14.84,15.04,700,28.65
2011-04-20,15.25,15.25,15.15,15.15,2300,28.86
2011-04-21,15.3,15.32,15.2,15.2,3400,28.96
2011-04-25,15.2,15.25,15.11,15.2,2400,28.96
2011-04-26,15.04,15.06,15.01,15.03,1600,28.63
2011-04-27,15.17,15.17,14.88,14.91,4400,28.41
2011-04-28,15.1,15.1,15.02,15.02,3800,28.62
2011-04-29,15.02,15.36,15.02,15.36,2700,29.26
2011-05-02,15.41,15.41,15.21,15.21,300,28.98
2011-05-03,15,15.03,15,15,600,28.58
2011-05-04,14.95,14.95,14.72,14.78,1900,28.16
2011-05-05,14.73,14.73,14.56,14.63,700,27.87
2011-05-06,14.75,14.75,14.73,14.73,100,28.06
2011-05-09,14.74,14.81,14.72,14.81,500,28.22
2011-05-10,15,15.15,15,15.15,7900,28.86
2011-05-11,15.16,15.17,15,15,2800,28.58
2011-05-12,14.75,14.87,14.73,14.79,4500,28.18
2011-05-13,14.79,14.79,14.79,14.79,0,28.18
2011-05-16,14.8,14.8,14.7,14.7,700,28.01
2011-05-17,14.65,14.66,14.65,14.66,2200,27.93
2011-05-18,14.89,14.89,14.89,14.89,100,28.37
2011-05-19,14.98,14.98,14.85,14.85,200,28.29
2011-05-20,14.75,14.82,14.75,14.82,200,28.23
2011-05-23,14.6,14.6,14.5,14.55,2900,27.72
2011-05-24,14.61,14.65,14.47,14.55,1100,27.72
2011-05-25,14.45,14.62,14.45,14.6,11100,27.82
2011-05-26,14.65,14.71,14.6,14.6,800,27.82
2011-05-27,14.6,14.6,14.6,14.6,0,27.82
2011-05-31,14.76,14.81,14.73,14.76,5500,28.12
2011-06-01,14.73,14.73,14.49,14.49,9200,27.61
2011-06-02,14.49,14.53,14.4,14.53,1600,27.68
2011-06-03,14.4,14.51,14.4,14.5,600,27.62
2011-06-06,14.36,14.36,14.3,14.3,700,27.24
2011-06-07,14.3,14.37,14.3,14.34,800,27.32
2011-06-08,14.24,14.24,14.11,14.11,1000,26.88
2011-06-09,14.14,14.35,14.14,14.34,3200,27.32
2011-06-10,14.15,14.22,14.14,14.22,2900,27.09
2011-06-13,14.14,14.14,14.05,14.11,800,26.88
2011-06-14,14.43,14.43,14.39,14.39,100,27.42
2011-06-15,14.4,14.41,14.17,14.2,2600,27.05
2011-06-16,14.12,14.12,13.95,13.95,2300,26.58
2011-06-17,14.18,14.22,14.18,14.22,400,27.09
2011-06-20,14.39,14.39,14.28,14.36,3000,27.36
2011-06-21,14.51,14.6,14.51,14.6,100,27.82
2011-06-22,14.51,14.51,14.51,14.51,500,27.64
2011-06-23,14.25,14.44,14.25,14.44,100,27.51
2011-06-24,14.44,14.44,14.44,14.44,0,27.51
2011-06-27,14.34,14.49,14.34,14.48,2700,27.59
2011-06-28,14.48,14.63,14.48,14.63,2700,27.87
2011-06-29,14.82,14.83,14.77,14.77,6300,28.14
2011-06-30,14.91,14.91,14.91,14.91,400,28.41
2011-07-01,14.95,15.09,14.92,15.06,2200,28.69
2011-07-05,15.17,15.17,15.14,15.14,500,28.84
2011-07-06,15.22,15.3,15.14,15.25,9100,29.05
2011-07-07,15.43,15.44,15.37,15.44,3900,29.42
2011-07-08,15.17,15.19,15.11,15.11,400,28.79
2011-07-11,14.85,15,14.85,14.88,10500,28.35
2011-07-12,14.79,14.82,14.79,14.82,100,28.23
2011-07-13,14.97,14.97,14.97,14.97,1000,28.52
2011-07-14,14.97,14.97,14.97,14.97,0,28.52
2011-07-15,14.89,14.89,14.82,14.82,4100,28.23
2011-07-18,14.62,14.67,14.62,14.64,300,27.89
2011-07-19,14.8,14.8,14.69,14.72,2500,28.04
2011-07-20,14.78,14.79,14.78,14.79,400,28.18
2011-07-21,14.98,14.98,14.91,14.95,1900,28.48
2011-07-22,14.91,15.05,14.91,15.03,1200,28.63
2011-07-25,14.99,15.02,14.92,14.92,1900,28.42
2011-07-26,14.91,15.05,14.91,15.05,1200,28.67
2011-07-27,14.79,14.87,14.79,14.86,2500,28.31
2011-07-28,14.86,14.86,14.86,14.86,0,28.31
2011-07-29,14.41,14.43,14.41,14.43,800,27.49
2011-08-01,14.61,14.61,14.38,14.38,2200,27.4
2011-08-02,14.59,14.65,14.47,14.48,4000,27.59
2011-08-03,14.3,14.31,14.13,14.31,4100,27.26
2011-08-04,13.83,13.83,13.48,13.48,2000,25.68
2011-08-05,13.66,13.66,12.72,13.18,3600,25.11
2011-08-08,12.76,12.76,12,12,2400,22.86
2011-08-09,12.44,12.47,12.26,12.26,2100,23.36
2011-08-10,12.5,12.64,12.5,12.64,900,24.08
2011-08-11,12.52,12.89,12.52,12.89,1500,24.56
2011-08-12,13.01,13.01,12.78,12.85,2900,24.48
2011-08-15,12.99,12.99,12.99,12.99,400,24.75
2011-08-16,12.99,12.99,12.99,12.99,0,24.75
2011-08-17,13.01,13.01,13.01,13.01,0,24.79
2011-08-18,12.5,12.5,12.3,12.35,2800,23.53
2011-08-19,12.36,12.36,12.19,12.19,2000,23.22
2011-08-22,12.44,12.44,12.27,12.29,25200,23.41
2011-08-23,12.35,12.39,12.35,12.39,25100,23.6
2011-08-24,12.28,12.28,12.28,12.28,200,23.4
2011-08-25,12.33,12.33,12.31,12.31,500,23.45
2011-08-26,12.12,12.33,12.12,12.33,100,23.49
2011-08-29,12.66,12.66,12.57,12.6,2600,24.01
2011-08-30,12.42,12.63,12.42,12.63,400,24.06
2011-08-31,12.76,12.81,12.56,12.57,3100,23.95
2011-09-01,12.67,12.67,12.54,12.54,300,23.89
2011-09-02,12.5,12.5,12.5,12.5,600,23.81
2011-09-06,12,12.05,11.94,12.01,1300,22.88
2011-09-07,12.15,12.27,12.15,12.27,200,23.38
2011-09-08,12.19,12.19,12.19,12.19,500,23.22
2011-09-09,11.89,11.91,11.69,11.74,4600,22.37
2011-09-12,11.63,11.63,11.44,11.44,300,21.8
2011-09-13,11.42,11.42,11.42,11.42,1500,21.76
2011-09-14,11.43,11.61,11.43,11.52,11400,21.95
2011-09-15,11.66,11.7,11.66,11.69,200,22.27
2011-09-16,11.76,11.77,11.69,11.7,3800,22.29
2011-09-19,11.7,11.7,11.7,11.7,0,22.29
2011-09-20,11.69,11.69,11.67,11.67,300,22.23
2011-09-21,11.67,11.67,11.67,11.67,0,22.23
2011-09-22,10.61,10.61,10.08,10.17,15400,19.38
2011-09-23,9.99,10.21,9.93,10.07,10600,19.18
2011-09-26,10.2,10.26,10.16,10.26,5200,19.55
2011-09-27,10.6,10.62,10.6,10.62,300,20.23
2011-09-28,10.25,10.25,10.23,10.23,300,19.49
2011-09-29,10.21,10.21,9.95,9.99,4700,19.03
2011-09-30,9.96,9.96,9.72,9.92,2300,18.9
2011-10-03,9.9,9.9,9.44,9.44,1300,17.98
2011-10-04,9.12,9.31,9.11,9.31,1300,17.74
2011-10-05,9.91,9.93,9.91,9.93,600,18.92
2011-10-06,9.93,9.93,9.93,9.93,0,18.92
2011-10-07,9.93,9.93,9.93,9.93,0,18.92
2011-10-10,9.93,9.93,9.93,9.93,0,18.92
2011-10-11,9.93,9.93,9.93,9.93,0,18.92
2011-10-12,10.7,10.84,10.7,10.84,200,20.65
2011-10-13,10.84,10.84,10.84,10.84,0,20.65
2011-10-14,11,11.04,11,11.04,2400,21.03
2011-10-17,10.85,10.89,10.76,10.89,2000,20.75
2011-10-18,10.8,10.8,10.8,10.8,100,20.58
2011-10-19,10.63,10.63,10.63,10.63,200,20.25
2011-10-20,10.41,10.41,10.41,10.41,800,19.83
2011-10-21,10.82,10.82,10.82,10.82,200,20.61
2011-10-24,10.99,11.19,10.99,11.17,1200,21.28
2011-10-25,11.11,11.11,11.07,11.07,1300,21.09
2011-10-26,10.97,10.97,10.97,10.97,700,20.9
2011-10-27,11.46,11.69,11.46,11.69,1400,22.27
2011-10-28,11.6,11.63,11.53,11.61,1700,22.12
2011-10-31,11.41,11.41,11.01,11.01,900,20.98
2011-11-01,10.33,10.64,10.33,10.64,600,20.27
2011-11-02,10.79,10.79,10.76,10.79,1500,20.56
2011-11-03,11.26,11.51,11.26,11.49,2500,21.89
2011-11-04,11.52,11.52,11.52,11.52,300,21.95
2011-11-07,11.62,11.62,11.53,11.53,400,21.97
2011-11-08,11.73,11.76,11.69,11.71,5300,22.31
2011-11-09,11.56,11.56,11.26,11.26,1300,21.45
2011-11-10,11.16,11.19,11.16,11.19,1000,21.32
2011-11-11,11.56,11.56,11.56,11.56,100,22.02
2011-11-14,11.6,11.6,11.5,11.5,2800,21.91
2011-11-15,11.57,11.57,11.52,11.52,1200,21.95
2011-11-16,11.52,11.52,11.52,11.52,0,21.95
2011-11-17,11.05,11.05,11.05,11.05,100,21.05
2011-11-18,11.05,11.05,11.05,11.05,0,21.05
2011-11-21,10.65,10.74,10.61,10.74,9500,20.46
2011-11-22,10.72,10.8,10.72,10.8,900,20.58
2011-11-23,10.75,10.76,10.48,10.48,800,19.97
2011-11-25,10.54,10.54,10.47,10.47,300,19.95
2011-11-28,10.83,10.86,10.75,10.75,1100,20.48
2011-11-29,10.89,10.89,10.89,10.89,200,20.75
2011-11-30,11.48,11.49,11.46,11.46,2600,21.83
2011-12-01,11.43,11.46,11.42,11.46,1300,21.83
2011-12-02,11.61,11.62,11.51,11.51,2600,21.93
2011-12-05,11.63,11.7,11.63,11.7,2400,22.29
2011-12-06,11.51,11.72,11.51,11.72,300,22.33
2011-12-07,11.46,11.46,11.46,11.46,1700,21.83
2011-12-08,11.26,11.26,11.18,11.18,5200,21.3
2011-12-09,11.41,11.41,11.41,11.41,100,21.74
2011-12-12,11.41,11.41,11.41,11.41,0,21.74
2011-12-13,11.39,11.39,11.28,11.28,600,21.49
2011-12-14,11.12,11.12,11.12,11.12,0,21.19
2011-12-15,11.12,11.12,11.12,11.12,0,21.19
2011-12-16,11.12,11.12,11.12,11.12,0,21.19
2011-12-19,10.88,10.88,10.71,10.71,200,20.4
2011-12-20,10.81,10.82,10.72,10.82,400,20.61
2011-12-21,10.71,10.71,10.71,10.71,100,20.4
2011-12-22,10.94,10.94,10.94,10.94,100,20.84
2011-12-23,10.89,10.89,10.89,10.89,300,20.75
2011-12-27,10.89,10.89,10.89,10.89,0,20.75
2011-12-28,10.64,10.64,10.56,10.56,300,20.68
2011-12-29,10.48,10.49,10.4,10.49,1500,20.54
2011-12-30,10.5,10.51,10.49,10.51,1700,20.58
2012-01-03,10.85,11.01,10.85,10.99,900,21.52
2012-01-04,10.97,11.13,10.97,11.13,3400,21.79
2012-01-05,11.13,11.13,11.13,11.13,0,21.79
2012-01-06,11.13,11.13,11.05,11.05,200,21.64
2012-01-09,10.99,11.08,10.99,11.08,300,21.69
2012-01-10,11.32,11.32,11.27,11.27,200,22.07
2012-01-11,11.28,11.28,11.28,11.28,200,22.09
2012-01-12,11.3,11.34,11.3,11.33,1400,22.18
2012-01-13,11.36,11.36,11.26,11.26,100,22.05
2012-01-17,11.35,11.45,11.29,11.31,4100,22.15
2012-01-18,11.44,11.49,11.31,11.49,1300,22.5
2012-01-19,11.49,11.49,11.49,11.49,0,22.5
2012-01-20,11.7,11.78,11.7,11.77,300,23.05
2012-01-23,11.78,11.95,11.78,11.87,2100,23.24
2012-01-24,11.85,11.86,11.83,11.84,1400,23.18
2012-01-25,11.7,12,11.7,12,300,23.5
2012-01-26,12.08,12.08,12.08,12.08,200,23.65
2012-01-27,12.03,12.03,11.95,11.95,100,23.4
2012-01-30,11.75,11.79,11.59,11.65,4000,22.81
2012-01-31,11.7,11.7,11.7,11.7,200,22.91
2012-02-01,11.8,11.82,11.72,11.82,600,23.14
2012-02-02,11.87,11.87,11.86,11.86,400,23.22
2012-02-03,11.86,11.86,11.86,11.86,0,23.22
2012-02-06,11.61,11.77,11.6,11.77,1400,23.05
2012-02-07,11.74,11.74,11.59,11.59,3400,22.69
2012-02-08,11.55,11.55,11.45,11.55,2800,22.62
2012-02-09,11.61,11.63,11.55,11.63,6700,22.77
2012-02-10,11.52,11.52,11.38,11.38,700,22.28
2012-02-13,11.5,11.5,11.45,11.47,1200,22.46
2012-02-14,11.47,11.52,11.4,11.4,21000,22.32
2012-02-15,11.49,11.56,11.48,11.54,500,22.6
2012-02-16,11.54,11.54,11.54,11.54,0,22.6
2012-02-17,11.54,11.54,11.54,11.54,0,22.6
2012-02-21,11.87,11.87,11.83,11.83,300,23.16
2012-02-22,11.72,11.72,11.72,11.72,700,22.95
2012-02-23,11.97,11.97,11.9,11.93,700,23.36
2012-02-24,11.97,11.97,11.72,11.72,4900,22.95
2012-02-27,11.56,11.56,11.51,11.51,1700,22.54
2012-02-28,11.56,11.6,11.56,11.6,200,22.71
2012-02-29,11.51,11.51,11.29,11.3,700,22.13
2012-03-01,11.48,11.57,11.48,11.57,400,22.65
2012-03-02,11.59,11.6,11.55,11.55,400,22.62
2012-03-05,11.5,11.5,11.5,11.5,100,22.52
2012-03-06,11,11,10.74,10.75,1500,21.05
2012-03-07,10.99,11.02,10.9,11.01,2400,21.56
2012-03-08,11.19,11.24,11.19,11.24,500,22.01
2012-03-09,11.3,11.3,11.3,11.3,100,22.13
2012-03-12,11.07,11.07,10.93,10.93,300,21.4
2012-03-13,10.93,10.93,10.93,10.93,0,21.4
2012-03-14,10.96,10.96,10.88,10.88,12400,21.3
2012-03-15,10.9,10.98,10.89,10.97,9300,21.48
2012-03-16,10.97,10.97,10.97,10.97,0,21.48
2012-03-19,11.02,11.14,11.02,11.13,2500,21.79
2012-03-20,11.02,11.02,10.93,10.93,500,21.4
2012-03-21,10.91,10.91,10.91,10.91,0,21.36
2012-03-22,10.92,10.92,10.76,10.84,1500,21.22
2012-03-23,10.84,10.85,10.84,10.85,800,21.24
2012-03-26,10.89,10.89,10.89,10.89,0,21.32
2012-03-27,10.85,10.85,10.74,10.74,25400,21.03
2012-03-28,10.7,10.7,10.58,10.58,9900,20.72
2012-03-29,10.58,10.58,10.58,10.58,0,20.72
2012-03-30,10.7,10.7,10.7,10.7,0,20.95
2012-04-02,10.71,10.71,10.58,10.58,1700,20.72
2012-04-03,10.43,10.48,10.42,10.48,1200,20.52
2012-04-04,10.21,10.23,10.06,10.06,800,19.7
2012-04-05,10.01,10.07,10.01,10.07,800,19.72
2012-04-09,10.01,10.09,9.89,10.01,5100,19.6
2012-04-10,9.88,9.88,9.86,9.86,100,19.31
2012-04-11,9.89,10.03,9.89,9.94,200,19.46
2012-04-12,9.99,10.06,9.99,10.05,300,19.68
2012-04-13,9.99,10.02,9.99,10.02,5100,19.62
2012-04-16,9.7,9.7,9.66,9.66,900,18.91
2012-04-17,9.71,9.71,9.65,9.65,1100,18.89
2012-04-18,9.44,9.59,9.25,9.25,5800,18.11
2012-04-19,9.2,9.37,9.2,9.29,1600,18.19
2012-04-20,9.33,9.48,9.33,9.45,1600,18.5
2012-04-23,9.13,9.15,8.96,9.14,2700,17.9
2012-04-24,9.19,9.21,9.19,9.19,500,17.99
2012-04-25,9.25,9.25,9.25,9.25,200,18.11
2012-04-26,9.33,9.42,9.33,9.41,1100,18.42
2012-04-27,9.35,9.39,9.35,9.39,100,18.39
2012-04-30,9.4,9.53,9.4,9.53,1100,18.66
2012-05-01,9.45,9.61,9.22,9.49,6600,18.58
2012-05-02,9.3,9.32,9.3,9.32,300,18.25
2012-05-03,9.22,9.25,9.1,9.1,1200,17.82
2012-05-04,8.91,8.91,8.78,8.83,5300,17.29
2012-05-07,8.89,8.89,8.74,8.84,5500,17.31
2012-05-08,8.71,8.75,8.62,8.75,4000,17.13
2012-05-09,8.75,8.75,8.75,8.75,0,17.13
2012-05-10,8.81,8.81,8.71,8.71,400,17.05
2012-05-11,8.51,8.62,8.51,8.62,300,16.88
2012-05-14,8.55,8.55,8.55,8.55,100,16.74
2012-05-15,8.2,8.25,8.13,8.14,2800,15.94
2012-05-16,8.19,8.19,7.99,7.99,4300,15.64
2012-05-17,7.98,8,7.9,7.9,2600,15.47
2012-05-18,7.96,7.96,7.8,7.8,3600,15.27
2012-05-21,8,8.03,8,8.03,100,15.72
2012-05-22,8.07,8.12,8.07,8.07,400,15.8
2012-05-23,8.01,8.05,7.93,8.05,600,15.76
2012-05-24,8,8,8,8,100,15.66
2012-05-25,8.06,8.07,8.02,8.07,400,15.8
2012-05-29,8.1,8.2,8.1,8.12,1800,15.9
2012-05-30,7.88,7.88,7.83,7.83,1600,15.33
2012-05-31,7.71,7.8,7.71,7.75,700,15.17
2012-06-01,7.57,7.74,7.57,7.73,500,15.14
2012-06-04,7.74,7.74,7.58,7.58,500,14.84
2012-06-05,7.58,7.58,7.58,7.58,3200,14.84
2012-06-06,7.73,7.99,7.73,7.97,1600,15.61
2012-06-07,8.01,8.14,7.91,7.91,14300,15.49
2012-06-08,7.91,7.91,7.91,7.91,0,15.49
2012-06-11,7.84,7.84,7.84,7.84,0,15.35
2012-06-12,7.78,7.78,7.64,7.64,1700,14.96
2012-06-13,7.75,7.75,7.75,7.75,500,15.17
2012-06-14,7.58,7.58,7.58,7.58,0,14.84
2012-06-15,7.58,7.58,7.58,7.58,0,14.84
2012-06-18,7.69,7.72,7.69,7.72,5600,15.12
2012-06-19,7.92,8.07,7.92,8.07,1500,15.8
2012-06-20,7.98,7.98,7.98,7.98,100,15.63
2012-06-21,7.71,7.71,7.71,7.71,100,15.1
2012-06-22,7.84,7.89,7.84,7.89,400,15.45
2012-06-25,7.7,7.7,7.62,7.65,1200,14.98
2012-06-26,7.65,7.65,7.65,7.65,0,14.98
2012-06-27,7.89,7.89,7.89,7.89,400,15.45
2012-06-28,7.77,7.77,7.74,7.74,300,15.16
2012-06-29,7.74,7.74,7.74,7.74,0,15.16
2012-07-02,7.74,7.74,7.74,7.74,0,15.16
2012-07-03,8.18,8.41,8.18,8.41,1200,16.47
2012-07-05,8.39,8.39,8.22,8.34,2000,16.33
2012-07-06,8.34,8.34,8.34,8.34,0,16.33
2012-07-09,8.34,8.34,8.34,8.34,0,16.33
2012-07-10,8.34,8.34,8.34,8.34,0,16.33
2012-07-11,7.92,7.92,7.89,7.9,400,15.47
2012-07-12,7.9,7.9,7.79,7.86,2900,15.39
2012-07-13,7.88,7.88,7.88,7.88,0,15.43
2012-07-16,7.88,7.88,7.88,7.88,0,15.43
2012-07-17,7.91,7.92,7.84,7.86,1700,15.39
2012-07-18,7.96,7.99,7.9,7.9,2400,15.47
2012-07-19,8.03,8.03,8.03,8.03,100,15.72
2012-07-20,7.85,7.85,7.85,7.85,0,15.37
2012-07-23,7.75,7.76,7.75,7.76,200,15.19
2012-07-24,7.79,7.79,7.79,7.79,100,15.25
2012-07-25,7.79,7.79,7.79,7.79,0,15.25
2012-07-26,7.95,7.95,7.95,7.95,500,15.57
2012-07-27,8.15,8.17,8.15,8.16,1900,15.98
2012-07-30,7.97,8.04,7.97,8.04,7500,15.74
2012-07-31,8.04,8.04,8.04,8.04,0,15.74
2012-08-01,7.9,7.9,7.9,7.9,0,15.47
2012-08-02,7.9,7.9,7.9,7.9,0,15.47
2012-08-03,8.08,8.28,8.08,8.28,1300,16.21
2012-08-06,8.34,8.47,8.34,8.42,5100,16.49
2012-08-07,8.65,8.76,8.55,8.75,1500,17.13
2012-08-08,8.71,8.76,8.71,8.76,400,17.15
2012-08-09,8.62,8.76,8.62,8.66,2300,16.96
2012-08-10,8.66,8.66,8.66,8.66,0,16.96
2012-08-13,8.66,8.66,8.66,8.66,400,16.96
2012-08-14,8.65,8.66,8.61,8.66,2600,16.96
2012-08-15,8.56,8.62,8.51,8.6,3300,16.84
2012-08-16,8.64,8.64,8.64,8.64,100,16.92
2012-08-17,8.62,8.62,8.58,8.58,17600,16.8
2012-08-20,8.5,8.62,8.5,8.62,1100,16.88
2012-08-21,8.64,8.72,8.64,8.72,300,17.07
2012-08-22,8.54,8.54,8.53,8.53,500,16.7
2012-08-23,8.61,8.65,8.61,8.64,800,16.92
2012-08-24,8.56,8.56,8.56,8.56,200,16.76
2012-08-27,8.5,8.5,8.5,8.5,0,16.64
2012-08-28,8.48,8.5,8.48,8.5,1200,16.64
2012-08-29,8.4,8.48,8.4,8.48,200,16.6
2012-08-30,8.36,8.36,8.32,8.35,400,16.35
2012-08-31,8.35,8.35,8.35,8.35,0,16.35
2012-09-04,8.5,8.5,8.49,8.49,5000,16.62
2012-09-05,8.49,8.49,8.49,8.49,0,16.62
2012-09-06,8.49,8.64,8.49,8.54,2100,16.72
2012-09-07,8.54,8.54,8.54,8.54,0,16.72
2012-09-10,8.6,8.6,8.6,8.6,100,16.84
2012-09-11,8.6,8.6,8.6,8.6,4000,16.84
2012-09-12,8.75,8.75,8.59,8.62,1200,16.88
2012-09-13,8.7,8.82,8.7,8.82,1800,17.27
2012-09-14,8.97,9.21,8.97,9.21,3100,18.03
2012-09-17,9.17,9.17,9.17,9.17,0,17.96
2012-09-18,9.08,9.08,9.08,9.08,100,17.78
2012-09-19,9.08,9.12,8.99,9.01,500,17.64
2012-09-20,9.01,9.02,8.92,8.92,300,17.47
2012-09-21,8.97,9.14,8.97,9.12,1800,17.86
2012-09-24,9.04,9.1,9,9.07,3000,17.76
2012-09-25,9.07,9.07,9.05,9.05,300,17.72
2012-09-26,8.88,8.88,8.81,8.84,1100,17.31
2012-09-27,8.99,8.99,8.96,8.99,2300,17.6
2012-09-28,8.99,8.99,8.99,8.99,0,17.6
2012-10-01,8.91,9.05,8.91,9.05,2500,17.72
2012-10-02,9.03,9.03,9.03,9.03,300,17.68
2012-10-03,9.07,9.07,8.91,8.96,900,17.54
2012-10-04,8.96,9.05,8.96,9.05,1500,17.72
2012-10-05,9.09,9.2,9.09,9.16,6200,17.94
2012-10-08,9.16,9.16,9.16,9.16,0,17.94
2012-10-09,8.92,8.92,8.9,8.9,700,17.43
2012-10-10,8.84,8.88,8.71,8.71,3000,17.05
2012-10-11,8.81,8.83,8.78,8.83,700,17.29
2012-10-12,8.83,8.83,8.83,8.83,0,17.29
2012-10-15,8.78,8.78,8.66,8.71,300,17.05
2012-10-16,8.83,8.93,8.83,8.92,1100,17.47
2012-10-17,8.94,8.94,8.94,8.94,100,17.5
2012-10-18,9.02,9.03,8.95,8.95,900,17.52
2012-10-19,8.83,8.83,8.83,8.83,800,17.29
2012-10-22,8.81,8.81,8.69,8.71,6800,17.05
2012-10-23,8.62,8.63,8.62,8.62,200,16.88
2012-10-24,8.56,8.56,8.56,8.56,100,16.76
2012-10-25,8.45,8.46,8.45,8.46,1700,16.56
2012-10-26,8.51,8.51,8.51,8.51,200,16.66
2012-10-31,8.45,8.45,8.32,8.36,2300,16.37
2012-11-01,8.5,8.5,8.5,8.5,500,16.64
2012-11-02,8.5,8.5,8.5,8.5,0,16.64
2012-11-05,8.5,8.5,8.5,8.5,0,16.64
2012-11-06,8.25,8.29,8.25,8.29,100,16.23
2012-11-07,8.14,8.15,8.04,8.15,6000,15.96
2012-11-08,8.05,8.05,8.05,8.05,0,15.76
2012-11-09,8.13,8.13,8.08,8.08,600,15.82
2012-11-12,8.17,8.17,8.04,8.04,2200,15.74
2012-11-13,7.98,7.98,7.9,7.9,1100,15.47
2012-11-14,7.8,7.8,7.75,7.75,600,15.17
2012-11-15,7.71,7.73,7.66,7.73,2800,15.14
2012-11-16,7.6,7.6,7.6,7.6,3500,14.88
2012-11-19,7.87,7.87,7.87,7.87,300,15.41
2012-11-20,7.86,7.94,7.86,7.94,1200,15.55
2012-11-21,7.94,7.94,7.85,7.88,6500,15.43
2012-11-23,7.87,7.98,7.87,7.96,1200,15.59
2012-11-26,7.98,7.98,7.95,7.95,200,15.57
2012-11-27,7.86,8,7.86,8,5900,15.66
2012-11-28,7.88,7.88,7.87,7.87,800,15.41
2012-11-29,8.01,8.14,8.01,8.14,300,15.94
2012-11-30,8.07,8.07,8.07,8.07,0,15.8
2012-12-03,8.04,8.04,8.02,8.02,3100,15.7
2012-12-04,8.1,8.18,8.07,8.18,5200,16.02
2012-12-05,8.2,8.2,8.11,8.11,200,15.88
2012-12-06,8.22,8.23,8.19,8.19,3500,16.04
2012-12-07,8.17,8.17,8.17,8.17,300,16
2012-12-10,8.26,8.42,8.25,8.42,6800,16.49
2012-12-11,8.45,8.53,8.45,8.53,1700,16.7
2012-12-12,8.5,8.71,8.5,8.62,8200,16.88
2012-12-13,8.63,8.65,8.56,8.56,2000,16.76
2012-12-14,8.62,8.68,8.6,8.68,1300,17
2012-12-17,8.63,8.72,8.63,8.72,8900,17.07
2012-12-18,8.76,8.88,8.76,8.87,3600,17.37
2012-12-19,8.92,8.92,8.74,8.82,6000,17.27
2012-12-20,8.82,8.84,8.76,8.84,2900,17.31
2012-12-21,8.72,8.72,8.65,8.65,5500,16.94
2012-12-24,8.56,8.67,8.55,8.67,1900,16.98
2012-12-26,8.65,8.79,8.62,8.62,600,16.88
2012-12-27,8.57,8.67,8.57,8.67,3200,17.15
2012-12-28,8.57,8.59,8.46,8.46,3700,16.74
2012-12-31,8.67,8.67,8.47,8.55,1300,16.92
2013-01-02,8.94,8.94,8.86,8.92,4600,17.65
2013-01-03,8.95,8.95,8.95,8.95,100,17.71
2013-01-04,8.9,8.96,8.9,8.93,400,17.67
2013-01-07,8.96,9,8.96,8.99,4100,17.79
2013-01-08,8.96,8.96,8.91,8.91,1100,17.63
2013-01-09,9,9.11,9,9.06,7400,17.92
2013-01-10,9.09,9.19,9.09,9.15,3100,18.1
2013-01-11,9.13,9.13,9.05,9.09,400,17.98
2013-01-14,9.13,9.18,9.03,9.1,2000,18
2013-01-15,9.11,9.11,9.03,9.03,2500,17.87
2013-01-16,8.99,9.07,8.99,9.03,6800,17.87
2013-01-17,9.08,9.13,9.07,9.13,2400,18.06
2013-01-18,9.06,9.16,9.06,9.16,1100,18.12
2013-01-22,9.2,9.26,9.1,9.26,9200,18.32
2013-01-23,9.21,9.28,9.17,9.24,1200,18.28
2013-01-24,9.21,9.24,9.12,9.15,1600,18.1
2013-01-25,9.16,9.17,9.16,9.17,900,18.14
2013-01-28,9.19,9.19,9.04,9.05,5900,17.9
2013-01-29,9.11,9.21,9.11,9.21,800,18.22
2013-01-30,9.24,9.24,9.1,9.17,5100,18.14
2013-01-31,9.16,9.37,9.16,9.37,9000,18.54
2013-02-01,9.28,9.35,9.23,9.34,13300,18.48
2013-02-04,9.18,9.29,9.12,9.13,9000,18.06
2013-02-05,9.14,9.16,9.14,9.16,400,18.12
2013-02-06,9.04,9.15,9.03,9.15,4400,18.1
2013-02-07,9.14,9.14,9.03,9.05,3000,17.9
2013-02-08,9.08,9.08,8.99,8.99,1700,17.79
2013-02-11,8.96,8.98,8.8,8.87,3100,17.55
2013-02-12,8.79,8.89,8.79,8.85,600,17.51
2013-02-13,8.92,8.95,8.83,8.95,10100,17.71
2013-02-14,8.76,8.89,8.76,8.89,2600,17.59
2013-02-15,8.78,8.85,8.78,8.84,900,17.49
2013-02-19,8.8,8.8,8.8,8.8,0,17.41
2013-02-20,8.8,8.8,8.64,8.64,5300,17.09
2013-02-21,8.63,8.68,8.52,8.58,16800,16.98
2013-02-22,8.59,8.59,8.57,8.57,300,16.96
2013-02-25,8.79,8.84,8.57,8.57,2800,16.96
2013-02-26,8.56,8.56,8.56,8.56,600,16.94
2013-02-27,8.66,8.69,8.66,8.68,6800,17.17
2013-02-28,8.69,8.69,8.44,8.44,2000,16.7
2013-03-01,8.34,8.47,8.32,8.47,4600,16.76
2013-03-04,8.47,8.47,8.39,8.39,1900,16.6
2013-03-05,8.48,8.61,8.48,8.55,19800,16.92
2013-03-06,8.5,8.69,8.5,8.66,1300,17.13
2013-03-07,8.71,8.75,8.71,8.72,1000,17.25
2013-03-08,8.73,8.8,8.73,8.77,800,17.35
2013-03-11,8.81,8.89,8.81,8.89,6300,17.59
2013-03-12,8.95,9.01,8.93,8.94,1600,17.69
2013-03-13,9,9,8.81,8.92,22200,17.65
2013-03-14,8.95,8.97,8.92,8.95,8000,17.71
2013-03-15,8.95,8.98,8.92,8.94,4000,17.69
2013-03-18,8.91,8.91,8.88,8.88,900,17.57
2013-03-19,8.94,8.94,8.8,8.8,6900,17.41
2013-03-20,8.93,8.93,8.83,8.88,2900,17.57
2013-03-21,8.84,8.86,8.83,8.84,2600,17.49
2013-03-22,8.89,8.89,8.89,8.89,300,17.59
2013-03-25,8.93,8.95,8.93,8.94,2500,17.69
2013-03-26,8.95,8.95,8.79,8.8,600,17.41
2013-03-27,8.79,8.8,8.77,8.8,3700,17.41
2013-03-28,8.82,8.91,8.79,8.79,4000,17.39
2013-04-01,8.9,8.9,8.7,8.7,3600,17.21
2013-04-02,8.71,8.77,8.63,8.64,7500,17.09
2013-04-03,8.56,8.56,8.47,8.47,2000,16.76
2013-04-04,8.46,8.49,8.41,8.49,9000,16.8
2013-04-05,8.45,8.5,8.44,8.5,1700,16.82
2013-04-08,8.51,8.52,8.5,8.52,7300,16.86
2013-04-09,8.58,8.74,8.58,8.74,300,17.29
2013-04-10,8.74,8.74,8.72,8.72,400,17.25
2013-04-11,8.71,8.73,8.7,8.73,1300,17.27
2013-04-12,8.72,8.72,8.52,8.53,4100,16.88
2013-04-15,8.5,8.5,8.22,8.22,8900,16.26
2013-04-16,8.27,8.27,8.23,8.23,900,16.28
2013-04-17,8.13,8.13,8.05,8.05,400,15.93
2013-04-18,8.15,8.15,8.02,8.02,6100,15.87
2013-04-19,8.07,8.14,8.07,8.1,400,16.03
2013-04-22,8.22,8.24,8.16,8.24,6600,16.3
2013-04-23,8.31,8.33,8.25,8.33,3000,16.48
2013-04-24,8.4,8.47,8.4,8.47,1600,16.76
2013-04-25,8.55,8.6,8.55,8.6,2300,17.01
2013-04-26,8.58,8.58,8.55,8.55,700,16.92
2013-04-29,8.6,8.66,8.58,8.64,3600,17.09
2013-04-30,8.66,8.68,8.62,8.67,1500,17.15
2013-05-01,8.71,8.71,8.71,8.71,200,17.23
2013-05-02,8.63,8.63,8.61,8.61,1900,17.03
2013-05-03,8.67,8.74,8.67,8.67,600,17.15
2013-05-06,8.74,8.76,8.7,8.7,4600,17.21
2013-05-07,8.93,9.03,8.89,9.01,4400,17.83
2013-05-08,9.03,9.06,9.02,9.02,800,17.85
2013-05-09,9.02,9.09,9,9,2700,17.81
2013-05-10,8.89,8.95,8.89,8.95,2000,17.71
2013-05-13,8.96,8.96,8.88,8.94,2700,17.69
2013-05-14,9,9.01,8.97,8.97,3200,17.75
2013-05-15,8.88,8.94,8.88,8.93,6700,17.67
2013-05-16,17.86,17.86,17.86,17.86,0,17.67
2013-05-17,17.88,17.93,17.88,17.88,300,17.69
2013-05-20,18.07,18.21,18.05,18.2,1500,18
2013-05-21,18.18,18.19,18.09,18.19,3800,17.99
2013-05-22,18.17,18.34,17.87,17.87,10700,17.68
2013-05-23,17.52,17.7,17.52,17.7,1700,17.51
2013-05-24,17.74,17.74,17.74,17.74,100,17.55
2013-05-28,17.81,17.9,17.72,17.8,5300,17.61
2013-05-29,17.74,17.84,17.74,17.74,2100,17.55
2013-05-30,17.78,18.05,17.78,17.96,9300,17.77
2013-05-31,17.96,17.96,17.96,17.96,0,17.77
2013-06-03,17.73,17.76,17.73,17.76,400,17.57
2013-06-04,17.76,17.8,17.68,17.75,1200,17.56
2013-06-05,17.63,17.63,17.63,17.63,900,17.44
2013-06-06,17.66,17.68,17.61,17.61,600,17.42
2013-06-07,17.61,17.61,17.61,17.61,0,17.42
2013-06-10,17.62,17.72,17.62,17.71,5200,17.52
2013-06-11,17.62,17.62,17.31,17.32,1400,17.13
2013-06-12,17.29,17.29,17.29,17.29,1200,17.1
2013-06-13,17.04,17.04,16.95,16.95,6800,16.77
2013-06-14,17.05,17.05,16.96,16.96,600,16.78
2013-06-17,17.03,17.07,16.95,16.95,1700,16.77
2013-06-18,16.94,16.94,16.94,16.94,1300,16.76
2013-06-19,16.85,16.85,16.85,16.85,200,16.67
2013-06-20,16.31,16.31,16.17,16.19,4300,16.02
2013-06-21,16.25,16.25,15.8,15.96,5600,15.79
2013-06-24,15.65,15.65,15.41,15.41,700,15.24
2013-06-25,15.79,15.83,15.59,15.83,1000,15.66
2013-06-26,15.81,15.81,15.81,15.81,500,15.64
2013-06-27,15.85,16.14,15.85,16.14,300,15.97
2013-06-28,16.14,16.14,16.14,16.14,0,15.97
2013-07-01,16.23,16.4,16.23,16.4,400,16.22
2013-07-02,16.32,16.32,16.18,16.18,400,16.01
2013-07-03,16.34,16.34,16.34,16.34,600,16.16
2013-07-05,16.25,16.25,16.25,16.25,100,16.07
2013-07-08,16.25,16.25,16.25,16.25,0,16.07
2013-07-09,16.48,16.5,16.47,16.5,2300,16.32
2013-07-10,16.55,16.55,16.55,16.55,400,16.37
2013-07-11,16.55,16.55,16.55,16.55,0,16.37
2013-07-12,16.61,16.61,16.61,16.61,600,16.43
2013-07-15,16.71,16.79,16.65,16.74,4400,16.56
2013-07-16,16.79,16.79,16.79,16.79,100,16.61
2013-07-17,17.16,17.16,17.06,17.15,4300,16.97
2013-07-18,17.16,17.16,17.11,17.16,1500,16.98
2013-07-19,17.17,17.17,17.07,17.07,1500,16.89
2013-07-22,17.47,17.47,17.38,17.38,2500,17.19
2013-07-23,17.52,17.52,17.52,17.52,100,17.33
2013-07-24,17.51,17.51,17.4,17.4,800,17.21
2013-07-25,17.48,17.48,17.48,17.48,1000,17.29
2013-07-26,17.47,17.51,17.46,17.51,1700,17.32
2013-07-29,17.5,17.5,17.47,17.47,700,17.28
2013-07-30,17.45,17.45,17.45,17.45,3000,17.26
2013-07-31,17.48,17.5,17.48,17.48,1500,17.29
2013-08-01,17.68,17.81,17.68,17.8,3600,17.61
2013-08-02,17.9,18.03,17.89,17.89,1500,17.7
2013-08-05,17.89,17.89,17.89,17.89,0,17.7
2013-08-06,17.6,17.64,17.59,17.64,3400,17.45
2013-08-07,17.64,17.64,17.64,17.64,0,17.45
2013-08-08,18.07,18.15,18.07,18.15,400,17.95
2013-08-09,18.23,18.28,18.23,18.28,9800,18.08
2013-08-12,18.42,18.64,18.39,18.64,1400,18.44
2013-08-13,18.7,19.01,18.7,19,7000,18.8
2013-08-14,19.17,19.25,19.17,19.2,6600,18.99
2013-08-15,19.11,19.27,18.96,19.27,17000,19.06
2013-08-16,19.3,19.33,19.05,19.05,7500,18.84
2013-08-19,19.01,19.01,18.81,18.87,3600,18.67
2013-08-20,18.88,19.09,18.45,19,12200,18.8
2013-08-21,18.77,18.98,18.77,18.8,8300,18.6
2013-08-22,18.85,19.2,18.85,19.2,2400,18.99
2013-08-23,19.16,19.23,19.16,19.23,3600,19.02
2013-08-26,19.11,19.13,19.1,19.13,5500,18.92
2013-08-27,18.6,18.6,18.46,18.46,700,18.26
2013-08-28,18.44,18.69,18.41,18.41,16300,18.21
2013-08-29,18.44,18.69,18.44,18.66,25300,18.46
2013-08-30,18.44,18.46,18.24,18.24,3800,18.04
2013-09-03,18.56,18.59,18.52,18.52,2100,18.32
2013-09-04,18.4,18.68,18.4,18.68,1400,18.48
2013-09-05,18.83,18.83,18.83,18.83,600,18.63
2013-09-06,18.71,18.81,18.71,18.76,2000,18.56
2013-09-09,18.9,19.22,18.88,19.22,600,19.01
2013-09-10,19.44,19.71,19.44,19.71,10400,19.5
2013-09-11,19.71,19.71,19.57,19.57,2500,19.36
2013-09-12,19.58,19.58,19.17,19.17,3300,18.96
2013-09-13,19.14,19.14,18.93,19.1,3300,18.89
2013-09-16,19.37,19.4,19.24,19.35,1600,19.14
2013-09-17,19.44,19.44,19.33,19.33,5600,19.12
2013-09-18,19.45,20.2,19.28,20.2,3100,19.98
2013-09-19,20.2,20.2,20.05,20.05,1600,19.83
2013-09-20,20.06,20.06,19.96,20,800,19.78
2013-09-23,19.89,19.9,19.88,19.9,1600,19.69
2013-09-24,19.9,19.98,19.84,19.84,6400,19.63
2013-09-25,19.83,20.07,19.83,19.97,13000,19.75
2013-09-26,19.94,20.02,19.94,20,1500,19.78
2013-09-27,20,20.03,20,20.03,1000,19.81
2013-09-30,19.73,20,19.73,19.82,1300,19.61
2013-10-01,20,20,20,20,400,19.78
2013-10-02,19.91,20.14,19.91,20.03,1800,19.81
2013-10-03,20.08,20.08,19.66,19.86,15100,19.65
2013-10-04,19.89,19.9,19.78,19.82,8700,19.61
2013-10-07,19.76,19.94,19.72,19.91,3900,19.7
2013-10-08,19.97,19.97,19.53,19.64,3100,19.43
2013-10-09,19.33,19.59,19.14,19.48,3500,19.27
2013-10-10,19.86,19.98,19.86,19.96,6800,19.74
2013-10-11,20.07,20.09,19.94,20.09,17000,19.87
2013-10-14,20.13,20.4,20.04,20.4,4300,20.18
2013-10-15,20.37,20.58,20.37,20.53,11900,20.31
2013-10-16,20.61,20.64,20.38,20.54,10100,20.32
2013-10-17,20.63,20.86,20.63,20.81,24600,20.59
2013-10-18,21.04,21.29,20.99,21.25,12100,21.02
2013-10-21,21.48,21.51,21.2,21.5,18500,21.27
2013-10-22,21.82,21.83,21.56,21.71,7400,21.48
2013-10-23,21.59,21.59,21,21.03,18800,20.8
2013-10-24,21.08,21.48,21.08,21.48,7300,21.25
2013-10-25,21.72,21.72,21.12,21.17,5600,20.94
2013-10-28,21.28,21.28,21.03,21.03,6400,20.8
2013-10-29,21.1,21.1,20.71,20.74,17900,20.52
2013-10-30,20.71,20.71,20.45,20.45,4800,20.23
2013-10-31,20.51,20.51,20.23,20.36,8600,20.14
2013-11-01,20.26,20.26,20.1,20.11,3900,19.89
2013-11-04,20.08,20.37,20.08,20.37,9300,20.15
2013-11-05,20.46,20.78,20.39,20.72,14700,20.5
2013-11-06,20.43,20.5,20.21,20.27,6700,20.05
2013-11-07,20.17,20.17,19.68,19.68,11100,19.47
2013-11-08,19.52,19.61,19.5,19.58,2200,19.37
2013-11-11,19.54,19.77,19.54,19.74,8600,19.53
2013-11-12,19.77,19.77,19.25,19.3,7000,19.09
2013-11-13,19.12,19.34,19.12,19.28,2700,19.07
2013-11-14,19.38,19.84,19.38,19.79,6000,19.58
2013-11-15,19.92,20.11,19.84,20.11,3700,19.89
2013-11-18,20.15,20.15,20,20,8900,19.78
2013-11-19,19.86,19.86,19.59,19.59,7600,19.38
2013-11-20,19.99,19.99,19.56,19.56,3400,19.35
2013-11-21,19.6,19.91,19.6,19.85,3400,19.64
2013-11-22,19.85,20.13,19.85,20.13,5600,19.91
2013-11-25,20.13,20.19,19.96,19.96,2600,19.74
2013-11-26,20.41,20.52,20.29,20.43,5100,20.21
2013-11-27,20.43,20.73,20.43,20.73,5300,20.51
2013-11-29,20.75,21.02,20.75,20.97,3000,20.74
2013-12-02,20.9,20.9,20.31,20.31,33200,20.09
2013-12-03,20.37,20.37,19.73,19.81,3900,19.6
2013-12-04,19.82,19.88,19.63,19.88,3600,19.67
2013-12-05,19.75,19.78,19.72,19.78,14400,19.57
2013-12-06,19.71,19.78,19.68,19.7,1200,19.49
2013-12-09,19.9,20.06,19.83,19.86,4300,19.65
2013-12-10,20.01,20.04,19.95,19.99,10500,19.77
2013-12-11,19.9,19.9,19.71,19.78,3200,19.57
2013-12-12,19.65,19.65,19.35,19.57,23100,19.36
2013-12-13,19.48,19.48,19.39,19.44,3100,19.23
2013-12-16,19.71,19.9,19.63,19.9,6900,19.69
2013-12-17,19.73,20.12,19.66,20.12,1900,19.9
2013-12-18,20,20,19.86,20,4200,19.78
2013-12-19,20.02,20.03,19.93,19.93,1300,19.72
2013-12-20,19.94,19.94,19.61,19.68,4000,19.47
2013-12-23,19.71,19.71,19.65,19.7,3400,19.49
2013-12-24,20.3,20.3,20.02,20.02,5400,19.8
2013-12-26,19.93,19.93,19.66,19.67,2000,19.46
2013-12-27,19.76,19.76,19.66,19.66,1100,19.57
2013-12-30,19.81,19.88,19.51,19.51,3500,19.42
2013-12-31,19.59,19.75,19.56,19.56,2600,19.47
2014-01-02,19.66,19.7,19.24,19.29,5900,19.2
2014-01-03,19.55,19.55,19.29,19.29,7400,19.2
2014-01-06,19.3,19.34,18.97,19.17,11800,19.08
2014-01-07,19.2,19.2,18.81,18.98,4600,18.89
2014-01-08,18.7,18.84,18.65,18.65,7400,18.56
2014-01-09,18.67,18.87,18.62,18.87,4500,18.78
2014-01-10,19,19,18.84,19,4100,18.91
2014-01-13,19.27,19.27,19,19,5000,18.91
2014-01-14,19,19.1,18.83,18.86,1300,18.77
2014-01-15,18.8,19.07,18.8,19.01,2200,18.92
2014-01-16,19.07,19.24,19.07,19.24,900,19.15
2014-01-17,19.28,19.28,19.28,19.28,200,19.19
2014-01-21,19.39,19.99,19.39,19.55,1600,19.46
2014-01-22,19.75,19.75,19.15,19.15,4400,19.06
2014-01-23,19.18,19.18,18.25,18.25,7800,18.17
2014-01-24,18.4,18.4,17.51,17.52,25900,17.44
2014-01-27,17.5,17.76,17,17.67,30900,17.59
2014-01-28,17.54,17.81,17.51,17.6,20300,17.52
2014-01-29,17.6,17.83,17.09,17.26,12700,17.18
2014-01-30,17.35,17.69,17.35,17.64,14500,17.56
2014-01-31,17.25,17.52,17.21,17.39,9600,17.31
2014-02-03,17.14,17.16,16.9,16.9,17000,16.82
2014-02-04,17.07,17.07,16.82,16.9,3100,16.82
2014-02-05,16.97,17.09,16.75,16.94,5500,16.86
2014-02-06,16.95,17.57,16.95,17.43,2000,17.35
2014-02-07,17.33,17.54,17.33,17.53,2500,17.45
2014-02-10,17.5,17.72,17.5,17.7,4300,17.62
2014-02-11,17.65,18.03,17.65,18.02,2700,17.94
2014-02-12,18.21,18.34,18.08,18.19,5200,18.11
2014-02-13,18.25,18.56,18.15,18.56,3200,18.47
2014-02-14,18.69,19.34,18.69,19.34,3000,19.25
2014-02-18,19.48,19.48,19.05,19.09,10300,19
2014-02-19,19,19.14,18.33,18.33,4800,18.25
2014-02-20,18.34,18.57,18.34,18.57,1000,18.48
2014-02-21,18.54,18.72,18.47,18.47,2800,18.38
2014-02-24,18.62,18.97,18.6,18.95,20400,18.86
2014-02-25,18.49,18.79,18.49,18.57,6500,18.48
2014-02-26,18.7,18.7,18.51,18.51,7600,18.42
2014-02-27,18.17,18.93,18.13,18.75,2800,18.66
2014-02-28,18.71,19.07,18.71,18.97,800,18.88
2014-03-03,18.51,19.31,18.5,18.95,6600,18.86
2014-03-04,19.21,19.21,18.8,18.95,2500,18.86
2014-03-05,19.12,19.12,19.07,19.12,9300,19.03
2014-03-06,19.09,19.38,19.09,19.37,2400,19.28
2014-03-07,19.2,19.43,19.2,19.34,4200,19.25
2014-03-10,19.21,19.21,18.8,18.81,4000,18.72
2014-03-11,18.86,19,18.86,18.95,1300,18.86
2014-03-12,18.95,18.95,18.88,18.88,1900,18.79
2014-03-13,18.81,18.84,18.58,18.58,4400,18.49
2014-03-14,18.77,18.95,18.77,18.78,4400,18.69
2014-03-17,18.77,19.15,18.77,19.13,2600,19.04
2014-03-18,19.26,19.26,19.26,19.26,100,19.17
2014-03-19,19.27,19.27,19.1,19.1,1600,19.01
2014-03-20,19.07,19.09,19.05,19.05,4700,18.96
2014-03-21,19.17,19.18,19.1,19.1,1300,19.01
2014-03-24,19.27,19.27,18.88,19,2500,18.91
2014-03-25,19.51,19.51,19.07,19.07,2700,18.98
2014-03-26,19.52,19.53,19.14,19.15,21800,19.06
2014-03-27,19.15,19.33,18.93,19.25,4900,19.16
2014-03-28,19.6,19.62,19.6,19.62,1800,19.53
2014-03-31,19.83,19.88,19.67,19.78,5600,19.69
2014-04-01,19.88,19.98,19.82,19.98,10900,19.89
2014-04-02,19.97,20.09,19.81,19.98,2900,19.89
2014-04-03,20.03,20.16,19.97,20.01,7200,19.92
2014-04-04,20.05,20.05,19.63,19.92,9700,19.83
2014-04-07,20.11,20.11,19.65,19.65,2700,19.56
2014-04-08,20,20.18,20,20,7500,19.91
2014-04-09,20.04,20.43,20.04,20.43,6500,20.34
2014-04-10,20.5,20.71,19.97,19.97,26800,19.88
2014-04-11,19.94,20.03,19.61,19.84,12100,19.75
2014-04-14,19.85,19.85,19.76,19.76,3200,19.67
2014-04-15,19.57,19.59,19.25,19.26,5700,19.17
2014-04-16,19.7,19.74,19.47,19.74,2200,19.65
2014-04-17,19.77,19.77,19.6,19.6,5300,19.51
2014-04-21,19.48,19.77,19.48,19.5,2000,19.41
2014-04-22,19.63,19.7,19.63,19.7,400,19.61
2014-04-23,19.7,19.96,19.7,19.87,2900,19.78
2014-04-24,19.96,20.23,19.95,20.13,5700,20.04
2014-04-25,19.86,19.86,19.86,19.86,500,19.77
2014-04-28,20.03,20.03,19.74,19.74,1500,19.65
2014-04-29,19.75,20.01,19.75,20,700,19.91
2014-04-30,20.17,20.17,19.9,19.91,800,19.82
2014-05-01,20,20.02,19.95,19.97,3100,19.88
2014-05-02,20.12,20.12,20.12,20.12,400,20.03
2014-05-05,20.39,20.39,20.1,20.26,22800,20.17
2014-05-06,20.12,20.17,19.98,20.02,19800,19.93
2014-05-07,20.07,20.11,20.07,20.11,900,20.02
2014-05-08,20.23,20.23,20.1,20.1,1200,20.01
2014-05-09,20.1,20.23,19.86,20.04,4800,19.95
2014-05-12,20,20.12,19.91,19.91,10400,19.82
2014-05-13,19.98,19.99,19.89,19.9,7900,19.81
2014-05-14,19.81,20.02,19.81,19.86,8700,19.77
2014-05-15,19.85,19.85,19.3,19.3,3400,19.21
2014-05-16,19.35,19.35,19.11,19.32,3600,19.23
2014-05-19,19.32,19.4,19.32,19.36,3800,19.27
2014-05-20,19.4,19.4,19.2,19.2,800,19.11
2014-05-21,19.24,19.27,19.24,19.27,700,19.18
2014-05-22,19.25,19.5,19.25,19.5,12100,19.41
2014-05-23,19.41,19.72,19.41,19.63,19300,19.54
2014-05-27,19.51,19.54,19.32,19.44,8600,19.35
2014-05-28,19.51,19.51,19.47,19.47,2800,19.38
2014-05-29,19.92,20,19.9,19.9,2300,19.81
2014-05-30,19.91,19.91,19.85,19.85,1200,19.76
2014-06-02,19.96,20.06,19.88,20.01,33300,19.92
2014-06-03,20.17,20.17,20.03,20.1,3700,20.01
2014-06-04,20.23,20.33,20.23,20.32,4200,20.23
2014-06-05,20.46,20.7,20.46,20.69,4100,20.59
2014-06-06,20.67,20.9,20.67,20.81,11800,20.71
2014-06-09,20.77,21.36,20.77,21.36,22200,21.26
2014-06-10,21.47,21.61,21.32,21.35,28900,21.25
2014-06-11,21.3,21.46,21.1,21.19,4800,21.09
2014-06-12,21,21.29,21,21.29,1100,21.19
2014-06-13,21.19,21.19,20.91,21.1,4600,21
2014-06-16,20.59,20.6,20.13,20.32,9700,20.23
2014-06-17,20.19,20.49,20.14,20.4,18600,20.31
2014-06-18,20.25,21.1,20.21,21.04,8700,20.94
2014-06-19,21.02,21.05,20.9,21.05,4200,20.95
2014-06-20,21,21.77,21,21.69,6900,21.59
2014-06-23,21.97,22.45,21.89,22.45,44400,22.35
2014-06-24,22.57,22.59,21.94,22.06,38600,21.96
2014-06-25,22.1,22.24,21.96,22.23,27200,22.13
2014-06-26,22.26,22.26,22,22.08,22900,21.98
2014-06-27,22.13,22.13,21.92,21.99,2900,21.89
2014-06-30,21.94,22.17,21.89,22.17,9000,22.07
2014-07-01,22.38,22.54,22.31,22.31,11100,22.21
2014-07-02,22.78,22.78,22.37,22.57,28000,22.47
2014-07-03,22.7,22.76,22.61,22.71,10600,22.61
2014-07-07,22.83,22.83,22.49,22.64,12000,22.54
2014-07-08,22.5,22.66,22.4,22.65,4700,22.55
2014-07-09,22.62,23.44,22.62,23.44,33500,23.33
2014-07-10,23.42,23.67,23.06,23.48,63500,23.37
2014-07-11,23.53,23.79,23.3,23.77,15700,23.66
2014-07-14,23.67,23.67,23.2,23.26,40300,23.15
2014-07-15,23.34,23.34,22.54,22.55,31800,22.45
2014-07-16,22.59,22.77,22.4,22.66,471600,22.56
2014-07-17,22.78,22.82,22.39,22.42,407900,22.32
2014-07-18,22.66,23.15,22.56,23.14,36700,23.03
2014-07-21,23.19,23.19,22.43,22.48,58000,22.38
2014-07-22,22.54,22.64,22.14,22.3,16300,22.2
2014-07-23,22.52,22.52,21.97,21.98,77000,21.88
2014-07-24,22.22,22.44,22.2,22.2,44700,22.1
2014-07-25,22.2,22.32,21.89,22.03,44700,21.93
2014-07-28,21.85,21.85,21.55,21.7,32000,21.6
2014-07-29,21.65,22.11,21.44,22.11,35500,22.01
2014-07-30,22.59,23.52,22.59,23.2,64100,23.09
2014-07-31,22.25,22.45,21.54,22.25,82100,22.15
2014-08-01,22.16,22.38,21.5,22.06,49000,21.96
2014-08-04,22.31,22.44,21.84,21.97,23700,21.87
2014-08-05,21.84,21.88,21.13,21.16,26700,21.06
2014-08-06,21.36,21.47,21.1,21.38,11300,21.28
2014-08-07,21.5,21.54,21.16,21.2,24500,21.1
2014-08-08,21.52,21.73,21.52,21.71,28000,21.61
2014-08-11,21.86,21.97,21.5,21.54,11900,21.44
2014-08-12,21.57,21.57,21.23,21.36,21300,21.26
2014-08-13,21.27,21.46,21.27,21.45,13500,21.35
2014-08-14,21.59,21.59,21.02,21.04,20700,20.94
2014-08-15,20.99,21.13,20.86,21.11,16800,21.01
2014-08-18,21.05,21.45,21.05,21.42,18200,21.32
2014-08-19,21.43,21.47,21.3,21.3,6500,21.2
2014-08-20,21.23,21.23,20.87,20.98,20900,20.88
2014-08-21,20.94,20.97,20.85,20.85,20300,20.75
2014-08-22,20.81,20.99,20.79,20.92,18600,20.82
2014-08-25,20.96,21.14,20.92,21.03,14900,20.93
2014-08-26,21.15,21.15,20.86,20.9,21200,20.8
2014-08-27,21.02,21.06,20.87,20.97,10200,20.87
2014-08-28,21,21.01,20.83,20.85,20100,20.75
2014-08-29,21.14,21.14,20.83,20.83,27800,20.73
2014-09-02,20.93,21.19,20.92,21.04,37700,20.94
2014-09-03,21.03,21.73,21.03,21.71,21400,21.61
2014-09-04,21.81,21.81,21.24,21.25,24900,21.15
2014-09-05,21.45,21.57,21.09,21.57,25900,21.47
2014-09-08,21.63,21.63,21.22,21.34,165700,21.24
2014-09-09,21.3,21.3,21.16,21.26,6300,21.16
2014-09-10,21.38,21.46,21.25,21.46,40700,21.36
2014-09-11,21.46,21.7,21.4,21.65,18700,21.55
2014-09-12,21.66,21.89,21.56,21.86,32300,21.76
2014-09-15,21.61,21.88,21.47,21.47,34900,21.37
2014-09-16,21.63,22.06,21.5,22.06,18200,21.96
2014-09-17,22.22,22.22,21.82,21.88,15900,21.78
2014-09-18,21.77,21.9,21.77,21.81,26600,21.71
2014-09-19,21.69,21.8,21.5,21.53,10900,21.43
2014-09-22,21.42,21.51,21.25,21.44,43200,21.34
2014-09-23,21.62,21.62,21.27,21.41,644500,21.31
2014-09-24,21.29,21.44,21.12,21.38,156100,21.28
2014-09-25,21.38,21.38,21.06,21.06,132300,20.96
2014-09-26,21.19,21.48,21.18,21.44,21500,21.34
2014-09-29,21.17,21.19,21.1,21.19,5700,21.09
2014-09-30,21.09,21.19,20.97,21.12,26900,21.02
2014-10-01,21,21.08,20.65,20.68,39800,20.58
2014-10-02,20.79,20.79,19.9,20.19,47300,20.1
2014-10-03,20.33,20.33,20.03,20.1,47600,20.01
2014-10-06,20.26,20.33,20.09,20.2,11000,20.11
2014-10-07,20.12,20.13,19.84,19.84,6600,19.75
2014-10-08,19.76,20,19.55,19.99,29000,19.9
2014-10-09,19.96,19.96,19.5,19.5,8500,19.41
2014-10-10,19.5,19.5,19.03,19.11,78000,19.02
2014-10-13,19.32,19.32,18.98,18.98,10100,18.89
2014-10-14,19,19.27,18.98,19.11,9700,19.02
2014-10-15,18.78,18.97,18.4,18.96,29000,18.87
2014-10-16,18.45,19.04,18.45,19,4100,18.91
2014-10-17,19.09,19.37,19.09,19.16,22100,19.07
2014-10-20,19.2,19.51,19.2,19.4,7000,19.31
2014-10-21,19.55,19.79,19.5,19.79,4300,19.7
2014-10-22,19.71,19.89,19.5,19.5,7500,19.41
2014-10-23,19.66,19.81,19.66,19.76,2600,19.67
2014-10-24,19.83,19.94,19.83,19.94,2200,19.85
2014-10-27,19.84,19.84,19.37,19.75,13100,19.66
2014-10-28,19.95,20.13,19.91,20.11,2900,20.02
2014-10-29,20.16,20.16,19.74,19.74,4100,19.65
2014-10-30,19.73,20.19,19.73,20.14,10500,20.05
2014-10-31,20.59,21.21,20.59,21.12,12700,21.02
2014-11-03,21.11,21.38,21.03,21.27,41100,21.17
2014-11-04,21.04,21.06,20.76,20.84,16800,20.74
2014-11-05,20.78,21,20.78,20.89,23000,20.79
2014-11-06,20.63,20.77,20.42,20.74,7300,20.64
2014-11-07,20.7,21.02,20.62,20.91,3300,20.81
2014-11-10,20.91,20.96,20.71,20.71,9700,20.61
2014-11-11,20.7,20.78,20.7,20.72,10300,20.62
2014-11-12,20.86,20.87,20.7,20.7,8600,20.6
2014-11-13,20.87,20.87,20.6,20.67,19400,20.57
2014-11-14,20.69,20.86,20.69,20.77,1600,20.67
2014-11-17,20.66,20.82,20.66,20.74,5200,20.64
2014-11-18,21,21.05,20.85,21,16600,20.9
2014-11-19,21,21.01,20.71,20.82,4700,20.72
2014-11-20,20.85,20.98,20.82,20.93,2200,20.83
2014-11-21,21.08,21.38,21.08,21.33,7700,21.23
2014-11-24,21.45,21.47,21.21,21.25,13000,21.15
2014-11-25,21.25,21.25,21.25,21.25,1400,21.15
2014-11-26,21.34,21.57,21.34,21.55,27600,21.45
2014-11-28,21.14,21.14,20.67,20.76,33900,20.66
2014-12-01,20.51,20.51,20.28,20.37,7800,20.28
2014-12-02,20.67,20.67,20.21,20.22,13400,20.13
2014-12-03,20.22,20.45,20.22,20.42,1100,20.33
2014-12-04,20.37,20.46,20.37,20.43,4800,20.34
2014-12-05,20.21,20.52,20.21,20.38,6400,20.29
2014-12-08,20.41,20.41,20.08,20.1,18800,20.01
2014-12-09,19.98,19.98,19.76,19.91,16400,19.82
2014-12-10,19.91,19.91,19.13,19.23,4600,19.14
2014-12-11,19.41,19.43,19.24,19.24,35600,19.15
2014-12-12,19.11,19.14,18.78,18.78,18700,18.69
2014-12-15,18.84,18.84,18.1,18.1,18300,18.02
2014-12-16,18.09,18.24,17.82,18.01,13500,17.93
2014-12-17,17.92,18.61,17.92,18.34,26400,18.26
2014-12-18,18.7,18.82,18.47,18.54,6700,18.45
2014-12-19,18.62,18.77,18.57,18.74,7500,18.65
2014-12-22,18.86,18.86,18.64,18.65,1800,18.56
2014-12-23,18.73,18.97,18.73,18.88,7200,18.79
2014-12-24,18.87,18.95,18.86,18.95,7700,18.86
2014-12-26,18.99,19.17,18.99,19.12,3600,19.03
2014-12-29,18.94,18.95,18.89,18.95,12500,18.95
2014-12-30,18.92,18.99,18.77,18.77,2000,18.77
2014-12-31,18.94,18.94,18.47,18.76,19500,18.76
2015-01-02,18.59,18.61,18.51,18.59,21600,18.59
2015-01-05,18.11,18.15,17.96,18.01,4100,18.01
2015-01-06,17.97,18.06,17.92,17.99,5800,17.99
2015-01-07,18.16,18.19,18.09,18.16,13400,18.16
2015-01-08,18.16,18.27,18.12,18.24,6500,18.24
2015-01-09,18.36,18.36,18.1,18.21,7100,18.21
2015-01-12,18.13,18.13,17.92,18,23000,18
2015-01-13,17.99,18.08,17.74,17.97,6300,17.97
2015-01-14,17.85,17.99,17.66,17.99,6900,17.99
2015-01-15,18.07,18.07,17.86,17.86,800,17.86
2015-01-16,18.12,18.2,18.12,18.2,1900,18.2
2015-01-20,18.15,18.27,18.1,18.26,4500,18.26
2015-01-21,18.32,18.57,18.32,18.55,1900,18.55
2015-01-22,18.61,18.7,18.41,18.62,10300,18.62
2015-01-23,18.59,18.59,18.41,18.41,800,18.41
