"Index","EIRL.Open","EIRL.High","EIRL.Low","EIRL.Close","EIRL.Volume","EIRL.Adjusted"
2010-05-11,22.84,24.69,22.84,23.05,3500,20.89
2010-05-12,23.32,25.07,23.31,23.31,1000,21.12
2010-05-13,22.84,22.84,22.82,22.83,600,20.69
2010-05-14,22,22.09,22,22.09,600,20.02
2010-05-17,21.34,21.34,21.34,21.34,200,19.34
2010-05-18,21.61,21.8,21,21,2100,19.03
2010-05-19,21.49,21.49,21.49,21.49,100,19.47
2010-05-20,21.03,21.03,19.89,19.99,9300,18.11
2010-05-21,20.4,20.45,20.4,20.45,800,18.53
2010-05-24,20.45,20.45,20.45,20.45,0,18.53
2010-05-25,19.21,19.21,19.21,19.21,400,17.41
2010-05-26,19.64,19.64,19.5,19.5,300,17.67
2010-05-27,20.02,20.02,20.02,20.02,500,18.14
2010-05-28,20.02,20.02,20.02,20.02,0,18.14
2010-06-01,20,20,20,20,5000,18.12
2010-06-02,19.84,20.33,19.84,20.33,2100,18.42
2010-06-03,20.33,20.33,20.33,20.33,0,18.42
2010-06-04,20.02,20.02,19.4,19.4,12100,17.58
2010-06-07,19.5,19.5,19.19,19.2,1400,17.4
2010-06-08,19.27,19.27,18.85,18.85,1600,17.08
2010-06-09,19.62,19.62,19.17,19.17,500,17.37
2010-06-10,19.17,19.17,19.17,19.17,0,17.37
2010-06-11,19.17,19.17,19.17,19.17,0,17.37
2010-06-14,20.57,20.74,20.52,20.74,1500,18.79
2010-06-15,20.74,20.74,20.74,20.74,0,18.79
2010-06-16,21.03,21.03,21.03,21.03,300,19.06
2010-06-17,20.9,21.05,20.79,21.05,1800,19.07
2010-06-18,20.92,20.92,20.92,20.92,200,18.96
2010-06-21,20.6,20.6,20.6,20.6,200,18.67
2010-06-22,20.2,20.2,20.2,20.2,200,18.3
2010-06-23,20.14,20.14,20.1,20.1,3100,18.24
2010-06-24,20.29,20.29,20.29,20.29,500,18.42
2010-06-25,20.29,20.29,20.29,20.29,0,18.42
2010-06-28,20.2,20.2,20.2,20.2,400,18.33
2010-06-29,19.5,19.56,19.12,19.19,3000,17.42
2010-06-30,19.09,19.09,19.09,19.09,300,17.33
2010-07-01,19.21,19.29,19.21,19.29,900,17.51
2010-07-02,19.29,19.29,19.29,19.29,0,17.51
2010-07-06,20.85,20.85,19.99,20.11,15400,18.25
2010-07-07,19.47,19.97,19.46,19.97,1700,18.13
2010-07-08,23.19,23.19,19.92,19.93,29200,18.09
2010-07-09,19.95,19.95,19.95,19.95,300,18.11
2010-07-12,19.91,19.91,19.9,19.9,300,18.06
2010-07-13,20.42,20.42,20.42,20.42,100,18.53
2010-07-14,20.39,20.39,20.39,20.39,100,18.51
2010-07-15,20.39,20.39,20.39,20.39,0,18.51
2010-07-16,20.1,20.1,20.1,20.1,1000,18.24
2010-07-19,20.13,20.13,20,20,200,18.15
2010-07-20,19.7,19.91,19.7,19.78,6700,17.95
2010-07-21,20.21,20.21,19.91,19.91,400,18.07
2010-07-22,20.42,20.68,20.4,20.68,800,18.77
2010-07-23,20.37,20.5,20.32,20.5,27200,18.61
2010-07-26,20.5,20.5,20.5,20.5,0,18.61
2010-07-27,21.12,21.12,21.12,21.12,100,19.17
2010-07-28,21.12,21.12,21.12,21.12,0,19.17
2010-07-29,21.04,21.04,21.04,21.04,200,19.1
2010-07-30,21.04,21.04,21.04,21.04,0,19.1
2010-08-02,21.42,21.57,21.42,21.57,500,19.58
2010-08-03,21.57,21.57,21.57,21.57,0,19.58
2010-08-04,21.57,21.7,21.57,21.7,500,19.7
2010-08-05,22.01,22.01,22.01,22.01,100,19.98
2010-08-06,21.75,21.75,21.75,21.75,5000,19.74
2010-08-09,21.75,21.75,21.75,21.75,0,19.74
2010-08-10,21.75,21.75,21.75,21.75,0,19.74
2010-08-11,21,21,20.82,20.82,1100,18.9
2010-08-12,20.82,20.82,20.82,20.82,0,18.9
2010-08-13,20.05,20.11,20.05,20.1,2100,18.24
2010-08-16,19.7,19.7,19.7,19.7,300,17.88
2010-08-17,19.7,19.7,19.7,19.7,0,17.88
2010-08-18,20.27,20.27,20.27,20.27,100,18.4
2010-08-19,19.7,19.7,19.69,19.69,500,17.87
2010-08-20,19.69,19.69,19.69,19.69,0,17.87
2010-08-23,19.33,19.33,19.33,19.33,400,17.54
2010-08-24,18.7,18.7,18.5,18.54,1000,16.83
2010-08-25,18.54,18.54,18.54,18.54,0,16.83
2010-08-26,18.52,18.59,18.52,18.59,900,16.87
2010-08-27,18.39,18.49,18.39,18.48,1500,16.77
2010-08-30,18.5,18.5,18.45,18.45,800,16.75
2010-08-31,18.7,18.89,18.7,18.89,500,17.15
2010-09-01,19.39,19.39,19.38,19.38,500,17.59
2010-09-02,19.38,19.38,19.38,19.38,0,17.59
2010-09-03,19.38,19.38,19.38,19.38,0,17.59
2010-09-07,19.51,19.51,19.51,19.51,300,17.71
2010-09-08,19.51,19.51,19.51,19.51,0,17.71
2010-09-09,20.3,20.3,19.74,19.74,1400,17.92
2010-09-10,19.74,19.74,19.74,19.74,0,17.92
2010-09-13,19.87,19.87,19.87,19.87,800,18.04
2010-09-14,19.87,19.87,19.87,19.87,0,18.04
2010-09-15,20,20,20,20,200,18.15
2010-09-16,20.02,20.02,20.02,20.02,200,18.17
2010-09-17,20.02,20.02,20.02,20.02,0,18.17
2010-09-20,19.75,19.75,19.75,19.75,100,17.93
2010-09-21,19.75,19.75,19.75,19.75,0,17.93
2010-09-22,20.29,20.3,20.2,20.28,1700,18.41
2010-09-23,19.85,19.85,19.75,19.76,300,17.94
2010-09-24,19.76,19.76,19.76,19.76,0,17.94
2010-09-27,19.76,19.76,19.76,19.76,0,17.94
2010-09-28,19.85,20,19.8,20,1100,18.15
2010-09-29,20.18,20.18,20.18,20.18,300,18.32
2010-09-30,20.37,20.46,19.99,20.05,3400,18.2
2010-10-01,20.25,20.25,20.09,20.1,2100,18.24
2010-10-04,20.31,20.33,20.31,20.33,1000,18.45
2010-10-05,20.33,20.33,20.33,20.33,0,18.45
2010-10-06,20.33,20.33,20.33,20.33,0,18.45
2010-10-07,21.06,21.06,20.96,21.06,700,19.12
2010-10-08,20.8,20.8,20.8,20.8,300,18.88
2010-10-11,21.65,21.65,20.87,20.87,900,18.94
2010-10-12,20.44,20.69,20.44,20.62,1100,18.72
2010-10-13,20.93,20.93,20.93,20.93,700,19
2010-10-14,20.93,20.93,20.93,20.93,0,19
2010-10-15,21.06,21.06,21.06,21.06,200,19.12
2010-10-18,20.8,20.8,20.8,20.8,200,18.88
2010-10-19,20.8,20.8,20.8,20.8,0,18.88
2010-10-20,20.7,20.7,20.7,20.7,100,18.79
2010-10-21,21.09,21.09,20.88,20.99,1300,19.05
2010-10-22,21.06,21.06,21.06,21.06,400,19.12
2010-10-25,21.05,21.05,21.01,21.01,400,19.07
2010-10-26,20.58,20.58,20.57,20.57,500,18.67
2010-10-27,20.99,20.99,20.53,20.53,1400,18.63
2010-10-28,20.53,20.53,20.53,20.53,0,18.63
2010-10-29,20.66,20.66,20.66,20.66,100,18.75
2010-11-01,20.66,20.66,20.66,20.66,0,18.75
2010-11-02,20.88,20.91,20.88,20.91,300,18.98
2010-11-03,20.91,20.91,20.91,20.91,0,18.98
2010-11-04,20.91,20.91,20.91,20.91,0,18.98
2010-11-05,20.92,20.92,20.92,20.92,100,18.99
2010-11-08,20.82,20.82,20.63,20.63,5700,18.72
2010-11-09,20.93,21.56,20.79,20.79,2500,18.87
2010-11-10,20.36,20.59,20.36,20.4,900,18.52
2010-11-11,20.25,20.25,19.88,19.88,1100,18.04
2010-11-12,20.07,20.07,19.8,19.81,1000,17.98
2010-11-15,19.81,19.81,19.81,19.81,0,17.98
2010-11-16,19.66,19.66,19.3,19.36,1600,17.57
2010-11-17,19.83,20.18,19.62,19.71,4600,17.89
2010-11-18,20.51,20.76,20.51,20.76,2700,18.84
2010-11-19,21.27,21.27,20.95,20.97,2800,19.03
2010-11-22,20.61,20.89,20.17,20.63,21900,18.72
2010-11-23,20.21,20.21,19.45,19.71,14700,17.89
2010-11-24,19.66,19.73,19.55,19.55,5200,17.74
2010-11-26,19.4,19.4,19.03,19.19,3500,17.42
2010-11-29,18.98,19.07,18.7,19.07,7200,17.31
2010-11-30,18.8,19.6,18.29,18.77,4200,17.04
2010-12-01,19.11,19.24,18.98,19.24,5100,17.46
2010-12-02,19.49,19.82,19.48,19.81,2900,17.98
2010-12-03,19.8,20.05,19.8,19.91,3700,18.07
2010-12-06,20.28,20.28,19.86,19.96,800,18.12
2010-12-07,20.56,20.56,20.22,20.35,4100,18.47
2010-12-08,20.35,20.41,20.22,20.38,3200,18.5
2010-12-09,20.54,20.54,20.42,20.42,1200,18.53
2010-12-10,20.59,20.64,20.51,20.51,2700,18.62
2010-12-13,20.71,20.77,20.71,20.77,1000,18.85
2010-12-14,20.9,21,20.83,20.83,2500,18.91
2010-12-15,20.65,20.83,20.31,20.31,2400,18.43
2010-12-16,20.43,20.54,20.32,20.54,2000,18.64
2010-12-17,20.29,20.29,20.29,20.29,400,18.42
2010-12-20,20.37,20.37,20.37,20.37,300,18.49
2010-12-21,20.19,20.34,20.18,20.34,1300,18.84
2010-12-22,20.04,20.15,20,20.15,6200,18.67
2010-12-23,19.97,20.03,19.95,20,13600,18.53
2010-12-27,19.84,19.94,19.7,19.94,14700,18.47
2010-12-28,20.13,20.13,19.74,19.79,2300,18.33
2010-12-29,20,20.42,20,20.42,2600,18.92
2010-12-30,20.38,20.39,20.38,20.39,500,18.89
2010-12-31,20.6,20.6,20.33,20.35,4500,18.85
2011-01-03,20.28,21.31,20.28,21.31,8700,19.74
2011-01-04,20.77,20.77,20.47,20.59,165600,19.07
2011-01-05,20.47,20.47,19.99,20.34,7200,18.84
2011-01-06,20.01,20.11,20.01,20.02,9000,18.55
2011-01-07,19.79,19.84,19.79,19.84,1700,18.38
2011-01-10,19.86,19.99,19.86,19.99,900,18.52
2011-01-11,19.72,20.26,19.72,20.26,3700,18.77
2011-01-12,20.47,20.71,20.47,20.71,600,19.19
2011-01-13,20.9,20.9,20.9,20.9,500,19.36
2011-01-14,20.91,21.11,20.86,20.95,2300,19.41
2011-01-18,20.76,21.08,20.76,21.08,400,19.53
2011-01-19,21.3,21.3,21.03,21.03,2200,19.48
2011-01-20,20.88,20.92,20.74,20.74,2800,19.21
2011-01-21,21.12,21.12,20.7,20.87,17400,19.33
2011-01-24,21.04,21.05,20.97,21.05,500,19.5
2011-01-25,21.13,21.3,20.96,21.3,6400,19.73
2011-01-26,21.18,21.24,21.08,21.14,32800,19.58
2011-01-27,21.39,21.39,21.39,21.39,30200,19.82
2011-01-28,21.02,21.05,20.61,20.61,10000,19.09
2011-01-31,20.89,20.89,20.5,20.5,800,18.99
2011-02-01,20.84,21.39,20.84,21.37,4200,19.8
2011-02-02,21.12,21.24,21.11,21.24,1300,19.68
2011-02-03,21.17,21.37,21.08,21.18,3000,19.62
2011-02-04,21.42,21.54,21.37,21.54,13200,19.95
2011-02-07,22.03,22.03,21.51,21.75,600,20.15
2011-02-08,22,22.01,21.66,21.9,5400,20.29
2011-02-09,21.67,21.67,21.67,21.67,200,20.07
2011-02-10,21.4,21.4,21.12,21.38,1900,19.81
2011-02-11,21.63,21.68,21.63,21.68,1000,20.08
2011-02-14,21.7,21.75,21.55,21.65,9500,20.06
2011-02-15,21.75,21.75,21.56,21.65,5500,20.06
2011-02-16,21.71,22.13,21.71,22.11,6100,20.48
2011-02-17,21.86,21.91,21.86,21.89,6500,20.28
2011-02-18,21.92,22.07,21.91,22.07,1600,20.45
2011-02-22,21.91,21.91,21.38,21.38,5800,19.81
2011-02-23,21.45,21.5,20.89,21.21,20200,19.65
2011-02-24,21.21,21.21,21.21,21.21,0,19.65
2011-02-25,21.56,21.58,21.48,21.48,4800,19.9
2011-02-28,21.98,21.98,21.9,21.9,4200,20.29
2011-03-01,22.4,22.4,21.96,21.96,400,20.34
2011-03-02,21.96,21.97,21.66,21.66,3200,20.07
2011-03-03,22.02,22.17,21.76,21.98,1900,20.36
2011-03-04,22.09,22.29,21.86,21.9,9300,20.29
2011-03-07,21.9,21.9,21.9,21.9,0,20.29
2011-03-08,21.55,21.81,21.55,21.65,3900,20.06
2011-03-09,21.83,21.83,21.61,21.83,700,20.22
2011-03-10,21.29,21.34,21.15,21.34,1200,19.77
2011-03-11,21.21,21.28,21.12,21.28,1300,19.71
2011-03-14,21.27,21.27,21.27,21.27,400,19.7
2011-03-15,20.84,20.84,20.5,20.66,2000,19.14
2011-03-16,20.31,20.31,19.84,20.12,1700,18.64
2011-03-17,20.86,20.92,20.77,20.77,5600,19.24
2011-03-18,21.16,21.19,21.16,21.19,1200,19.63
2011-03-21,21.41,21.68,21.3,21.68,4100,20.08
2011-03-22,21.53,21.53,21.4,21.4,600,19.82
2011-03-23,21.43,21.43,21.4,21.4,500,19.82
2011-03-24,21.05,21.62,21.05,21.62,1300,20.03
2011-03-25,21.65,21.83,21.61,21.7,3300,20.1
2011-03-28,22,22.27,21.94,22.25,4800,20.61
2011-03-29,21.8,21.94,21.63,21.94,2600,20.32
2011-03-30,21.54,21.96,21.07,21.29,202700,19.72
2011-03-31,21.38,21.39,21.1,21.2,27100,19.64
2011-04-01,21.64,21.89,21.61,21.8,6900,20.2
2011-04-04,22,22.02,21.98,21.99,55800,20.37
2011-04-05,21.98,22.12,21.98,22.08,2100,20.45
2011-04-06,22.23,22.55,22.23,22.38,3300,20.73
2011-04-07,22.29,22.4,22.29,22.4,600,20.75
2011-04-08,22.58,22.58,22.32,22.42,2000,20.77
2011-04-11,22.25,22.25,22.05,22.07,1000,20.45
2011-04-12,22.01,22.07,21.96,22.07,1200,20.45
2011-04-13,22.34,22.34,22.28,22.28,1600,20.64
2011-04-14,22.19,22.7,22.15,22.65,5100,20.98
2011-04-15,22.51,22.62,22.41,22.41,1100,20.76
2011-04-18,22.11,22.18,21.9,22.18,15400,20.55
2011-04-19,22.25,22.4,22.24,22.4,4000,20.75
2011-04-20,22.78,22.78,22.61,22.68,2100,21.01
2011-04-21,22.87,22.87,22.76,22.81,1400,21.13
2011-04-25,22.95,22.95,22.95,22.95,100,21.26
2011-04-26,23.23,23.3,22.99,23.25,16500,21.54
2011-04-27,23.18,23.56,23.12,23.45,5100,21.72
2011-04-28,23.44,23.45,23.35,23.45,3300,21.72
2011-04-29,23.49,23.55,23.49,23.55,1700,21.82
2011-05-02,23.8,23.8,23.6,23.6,15200,21.86
2011-05-03,23.46,23.52,23.27,23.27,1400,21.56
2011-05-04,23.22,23.23,23.07,23.17,2700,21.46
2011-05-05,22.95,22.95,22.53,22.63,13300,20.96
2011-05-06,22.54,22.92,22.32,22.35,4500,20.7
2011-05-09,22.63,22.9,22.62,22.78,8400,21.1
2011-05-10,22.93,22.93,22.81,22.92,4600,21.23
2011-05-11,22.93,22.98,22.52,22.59,25100,20.93
2011-05-12,22.59,22.59,22.59,22.59,0,20.93
2011-05-13,22.5,22.52,22.36,22.36,1500,20.71
2011-05-16,22.36,22.36,22.36,22.36,0,20.71
2011-05-17,22.49,22.59,22.49,22.58,1000,20.92
2011-05-18,22.58,22.58,22.56,22.56,500,20.9
2011-05-19,22.73,22.94,22.73,22.74,700,21.07
2011-05-20,22.74,22.74,22.74,22.74,0,21.07
2011-05-23,22.03,22.03,21.82,21.97,1900,20.35
2011-05-24,22.02,22.18,22.02,22.18,800,20.55
2011-05-25,21.83,21.99,21.83,21.99,400,20.37
2011-05-26,21.99,21.99,21.99,21.99,0,20.37
2011-05-27,22.43,22.43,22.43,22.43,200,20.78
2011-05-31,22.9,23.02,22.77,22.87,8800,21.19
2011-06-01,22.95,23.11,22.95,23.11,800,21.41
2011-06-02,22.81,23.16,22.75,23.16,3800,21.46
2011-06-03,23.05,23.05,23.05,23.05,200,21.35
2011-06-06,22.9,22.92,22.61,22.73,4500,21.06
2011-06-07,23.02,23.08,23.02,23.07,1000,21.37
2011-06-08,22.78,22.78,22.49,22.49,800,20.83
2011-06-09,22.71,22.71,22.71,22.71,200,21.04
2011-06-10,22.71,22.71,22.71,22.71,0,21.04
2011-06-13,22.23,22.44,22.08,22.44,2000,20.79
2011-06-14,22.51,22.51,22.41,22.48,10100,20.83
2011-06-15,22.48,22.48,22.48,22.48,0,20.83
2011-06-16,21.65,21.87,21.57,21.58,2900,19.99
2011-06-17,22.03,22.03,22.03,22.03,100,20.41
2011-06-20,22.03,22.03,22.03,22.03,0,20.41
2011-06-21,22.32,22.32,22.32,22.32,400,20.68
2011-06-22,22.32,22.32,22.32,22.32,0,20.96
2011-06-23,21.41,21.97,21.23,21.97,8900,20.63
2011-06-24,21.56,21.56,21.27,21.3,1200,20
2011-06-27,21.67,21.67,21.67,21.67,1300,20.35
2011-06-28,21.82,21.82,21.82,21.82,2200,20.49
2011-06-29,22.21,22.31,22.16,22.3,2200,20.94
2011-06-30,22.46,22.46,22.46,22.46,500,21.09
2011-07-01,22.7,22.95,22.7,22.95,4200,21.55
2011-07-05,22.91,22.97,22.86,22.95,19000,21.55
2011-07-06,22.41,22.5,22.41,22.5,600,21.12
2011-07-07,22.52,22.52,22.52,22.52,100,21.14
2011-07-08,21.78,21.98,21.78,21.98,1100,20.64
2011-07-11,21.15,21.28,21.15,21.28,1100,19.98
2011-07-12,21.12,21.26,20.9,21.06,9800,19.77
2011-07-13,21.42,21.62,21.28,21.31,5300,20.01
2011-07-14,21.4,21.4,21.34,21.34,1900,20.04
2011-07-15,21.06,21.16,21.01,21.11,7300,19.82
2011-07-18,21.01,21.02,20.69,21.02,18200,19.74
2011-07-19,21.14,21.19,21.12,21.13,3600,19.84
2011-07-20,21.13,21.13,21.13,21.13,0,19.84
2011-07-21,21.56,21.85,21.42,21.85,4800,20.51
2011-07-22,21.94,21.98,21.87,21.98,5600,20.64
2011-07-25,21.9,21.94,21.75,21.75,3800,20.42
2011-07-26,21.97,21.97,21.83,21.88,5000,20.54
2011-07-27,21.42,21.44,21.34,21.39,2700,20.08
2011-07-28,21.04,21.16,21,21,3700,19.72
2011-07-29,21.22,21.22,21.22,21.22,500,19.92
2011-08-01,21.16,21.16,19.93,20.43,86000,19.18
2011-08-02,20.24,20.24,19.97,20.16,900,18.93
2011-08-03,20.1,20.1,19.42,19.85,14000,18.64
2011-08-04,19.26,19.26,18.69,18.71,13500,17.57
2011-08-05,18.84,18.95,18.5,18.7,7500,17.56
2011-08-08,18.05,18.05,17.19,17.19,17600,16.14
2011-08-09,18.21,18.32,17.9,18.14,16900,17.03
2011-08-10,18.36,18.37,17.8,18.06,8900,16.96
2011-08-11,17.7,18.5,17.7,18.23,9700,17.12
2011-08-12,18.7,18.79,18.51,18.51,4700,17.38
2011-08-15,19.27,19.37,19.1,19.22,9200,18.05
2011-08-16,19.1,19.22,18.82,19.08,10000,17.91
2011-08-17,19.32,19.33,19.27,19.27,2000,18.09
2011-08-18,18.48,18.74,18.32,18.66,2200,17.52
2011-08-19,18.15,18.19,18,18.19,4300,17.08
2011-08-22,18.7,18.7,18.08,18.44,4000,17.31
2011-08-23,18.22,18.22,18.22,18.22,1800,17.11
2011-08-24,18.57,18.57,18.42,18.42,800,17.29
2011-08-25,18.65,18.65,18.2,18.2,10100,17.09
2011-08-26,18.08,18.38,18.08,18.38,18900,17.26
2011-08-29,18.87,18.87,18.78,18.78,3200,17.63
2011-08-30,18.8,19.1,18.78,19.1,3600,17.93
2011-08-31,19.48,19.51,19.46,19.5,13500,18.31
2011-09-01,19.47,19.68,19.47,19.58,9800,18.38
2011-09-02,18.85,18.91,18.85,18.91,700,17.75
2011-09-06,18.09,18.44,18.03,18.44,7000,17.31
2011-09-07,18.59,19.11,18.59,19.1,800,17.93
2011-09-08,18.66,18.74,18.66,18.74,2000,17.59
2011-09-09,17.87,17.87,17.56,17.69,600,16.61
2011-09-12,17.34,17.34,17.2,17.2,1900,16.15
2011-09-13,17.22,17.5,17.22,17.5,600,16.43
2011-09-14,17.79,18.14,17.75,18.06,2900,16.96
2011-09-15,18.43,18.43,18.24,18.25,700,17.13
2011-09-16,18.31,18.37,18.2,18.37,1200,17.25
2011-09-19,17.56,17.8,17.55,17.8,1800,16.71
2011-09-20,18,18,18,18,1500,16.9
2011-09-21,17.75,17.75,17.5,17.5,1700,16.43
2011-09-22,17.04,17.1,16.78,17.04,3400,16
2011-09-23,17.22,17.22,16.92,16.92,1200,15.89
2011-09-26,17.21,17.34,17.16,17.34,2500,16.28
2011-09-27,18.09,18.09,17.87,17.87,600,16.78
2011-09-28,18.06,18.06,18.06,18.06,100,16.96
2011-09-29,18.23,18.23,17.96,18.03,4700,16.93
2011-09-30,18.03,18.03,18.03,18.03,0,16.93
2011-10-03,17.8,17.8,17.15,17.15,3600,16.1
2011-10-04,17.09,17.29,16.89,17.18,6800,16.13
2011-10-05,17.18,17.18,17.18,17.18,0,16.13
2011-10-06,18.14,19.02,18.14,18.47,12400,17.34
2011-10-07,18.5,18.5,18.37,18.37,4500,17.25
2011-10-10,18.55,18.94,18.55,18.94,4300,17.78
2011-10-11,18.62,18.93,18.28,18.9,85400,17.74
2011-10-12,19.09,19.24,18.97,19.24,8900,18.06
2011-10-13,18.99,19.23,18.72,19.21,10600,18.04
2011-10-14,19.25,19.38,18.93,19.21,6100,18.04
2011-10-17,19.04,19.18,18.98,19.14,17100,17.97
2011-10-18,18.99,19.15,18.74,19.15,9400,17.98
2011-10-19,19.23,19.24,19.14,19.14,1500,17.97
2011-10-20,19.13,19.23,18.72,19.23,7600,18.05
2011-10-21,19.25,19.32,19.25,19.32,400,18.14
2011-10-24,20.07,20.07,19.59,19.59,22300,18.39
2011-10-25,19.67,19.67,19.6,19.6,3400,18.4
2011-10-26,19.55,19.85,19.55,19.83,800,18.62
2011-10-27,20.91,20.91,20.42,20.88,49400,19.6
2011-10-28,20.86,20.86,20.47,20.61,5300,19.35
2011-10-31,20.6,20.6,19.88,20.05,83700,18.82
2011-11-01,18.84,19.16,17.67,18.92,25700,17.76
2011-11-02,18.92,18.92,18.92,18.92,0,17.76
2011-11-03,19.3,19.78,18.89,19.7,34000,18.5
2011-11-04,19.82,19.82,19.38,19.58,2000,18.38
2011-11-07,19.6,21.34,19.46,19.46,1700,18.27
2011-11-08,19.48,19.6,19.48,19.6,1100,18.4
2011-11-09,19.21,19.21,18.62,18.7,1500,17.56
2011-11-10,18.86,19.21,18.85,19.21,1300,18.04
2011-11-11,19.33,19.48,19.21,19.48,1700,18.29
2011-11-14,19.21,19.21,18.99,18.99,4100,17.83
2011-11-15,18.69,18.84,18.62,18.77,2300,17.62
2011-11-16,18.71,18.8,18.58,18.71,5900,17.57
2011-11-17,18.48,18.48,18.06,18.09,4000,16.98
2011-11-18,18.09,18.09,18.09,18.09,0,16.98
2011-11-21,17.97,17.97,17.79,17.89,11000,16.8
2011-11-22,17.88,18,17.72,17.84,30600,16.75
2011-11-23,17.9,17.9,17.1,17.12,67500,16.07
2011-11-25,17.18,17.25,17.18,17.23,1800,16.18
2011-11-28,17.85,17.85,17.67,17.8,7100,16.71
2011-11-29,17.93,18.12,17.89,17.89,27700,16.8
2011-11-30,18.63,19.14,18.63,19.14,16600,17.97
2011-12-01,18.83,18.88,18.61,18.7,20200,17.56
2011-12-02,18.77,18.77,18.75,18.75,4000,17.6
2011-12-05,19.09,19.37,18.97,19.09,46800,17.92
2011-12-06,19.09,19.09,19.09,19.09,0,17.92
2011-12-07,19.21,19.28,18.92,19.25,11700,18.07
2011-12-08,18.81,18.82,18.78,18.78,5600,17.63
2011-12-09,18.84,18.88,18.71,18.8,17700,17.65
2011-12-12,18.8,18.8,18.5,18.5,8700,17.37
2011-12-13,18.45,18.47,17.95,17.95,8700,16.85
2011-12-14,17.71,17.75,17.71,17.75,700,16.67
2011-12-15,18.1,18.1,17.79,17.96,6400,16.86
2011-12-16,18.21,18.24,18.13,18.24,16600,17.13
2011-12-19,18.44,18.44,17.97,18.04,39800,16.94
2011-12-20,18.27,18.33,18.27,18.33,300,17.32
2011-12-21,18.45,18.65,18.45,18.65,4700,17.62
2011-12-22,18.65,18.65,18.65,18.65,0,17.62
2011-12-23,18.71,18.81,18.69,18.69,2800,17.66
2011-12-27,18.98,18.98,18.71,18.81,500,17.77
2011-12-28,18.73,18.73,18.65,18.65,5100,17.62
2011-12-29,18.56,18.75,18.5,18.74,5400,17.71
2011-12-30,18.74,19.02,18.74,18.99,11200,17.94
2012-01-03,19.14,19.81,19.14,19.71,34600,18.62
2012-01-04,19.5,19.5,18.97,18.97,7900,17.92
2012-01-05,18.88,18.96,18.68,18.71,3400,17.68
2012-01-06,18.68,18.7,18.38,18.62,50500,17.59
2012-01-09,18.91,18.99,18.91,18.99,2500,17.94
2012-01-10,19.04,19.23,19.04,19.12,2500,18.07
2012-01-11,19.12,19.12,19.12,19.12,0,18.07
2012-01-12,19.31,19.31,18.93,19.1,2100,18.05
2012-01-13,18.89,18.89,18.86,18.89,3900,17.85
2012-01-17,19.23,19.28,19.08,19.21,13700,18.15
2012-01-18,19.34,19.53,19.34,19.53,8100,18.45
2012-01-19,19.93,19.99,19.86,19.95,3700,18.85
2012-01-20,19.9,20.01,19.86,19.92,2400,18.82
2012-01-23,19.92,19.92,19.92,19.92,0,18.82
2012-01-24,19.99,20.07,19.76,20.07,700,18.96
2012-01-25,20.15,20.15,20.15,20.15,100,19.04
2012-01-26,20.91,20.91,20.47,20.47,7500,19.34
2012-01-27,20.29,20.3,20.06,20.22,5200,19.11
2012-01-30,20.21,20.25,20.05,20.25,3900,19.13
2012-01-31,20.25,20.25,20.07,20.07,3900,18.96
2012-02-01,20.25,20.83,20.25,20.62,8100,19.48
2012-02-02,20.62,20.62,20.62,20.62,0,19.48
2012-02-03,20.62,20.62,20.62,20.62,0,19.48
2012-02-06,21.1,21.1,21,21.09,1900,19.93
2012-02-07,21.16,21.3,21.16,21.3,1100,20.13
2012-02-08,21.33,21.37,21.31,21.31,3900,20.14
2012-02-09,21.66,21.67,21.45,21.45,1200,20.27
2012-02-10,21.3,21.36,21.11,21.36,5700,20.18
2012-02-13,21.32,21.32,21.22,21.31,1100,20.14
2012-02-14,21,21.27,20.95,20.95,4200,19.8
2012-02-15,21.07,21.2,21.02,21.02,1400,19.86
2012-02-16,21.48,21.48,21.48,21.48,400,20.3
2012-02-17,21.42,21.45,21.42,21.45,1000,20.27
2012-02-21,21.66,22.26,21.66,22.14,10000,20.92
2012-02-22,22.12,22.12,21.81,21.81,4200,20.61
2012-02-23,21.9,22.01,21.9,22.01,300,20.8
2012-02-24,22.41,22.58,22.4,22.58,1700,21.34
2012-02-27,22.3,22.52,22.23,22.52,2800,21.28
2012-02-28,22.34,22.34,22.15,22.23,1600,21.01
2012-02-29,22.39,22.54,22.28,22.28,2400,21.05
2012-03-01,22.49,22.71,22.47,22.51,3500,21.27
2012-03-02,22.62,22.62,22.15,22.15,4200,20.93
2012-03-05,23.02,23.02,22.25,22.35,3000,21.12
2012-03-06,21.96,22.3,21.39,21.39,13000,20.21
2012-03-07,21.74,21.84,21.74,21.84,2500,20.64
2012-03-08,22.68,22.69,22.3,22.3,400,21.07
2012-03-09,22.1,22.66,22.1,22.66,3100,21.41
2012-03-12,22.6,22.87,22.43,22.87,3600,21.61
2012-03-13,22.99,23.25,22.6,22.77,1700,21.52
2012-03-14,22.46,23.09,22.4,22.42,3600,21.18
2012-03-15,22.32,22.87,22.32,22.87,2100,21.61
2012-03-16,23.34,23.58,23.34,23.58,2100,22.28
2012-03-19,23.46,23.75,23.18,23.21,4300,21.93
2012-03-20,22.69,23.69,22.69,23.62,18400,22.32
2012-03-21,23.62,23.62,23.59,23.59,1200,22.29
2012-03-22,23.11,23.11,23.11,23.11,800,21.84
2012-03-23,22.68,22.81,22.53,22.78,7600,21.52
2012-03-26,22.74,23.15,22.74,23.15,1900,21.87
2012-03-27,22.85,23.09,22.85,23.04,2700,21.77
2012-03-28,23.04,23.04,23.04,23.04,0,21.77
2012-03-29,22.49,22.85,22.46,22.72,10600,21.47
2012-03-30,23.11,23.11,22.63,23.1,1800,21.83
2012-04-02,22.67,23,22.65,22.85,25100,21.59
2012-04-03,23.04,23.1,22.48,22.48,6500,21.24
2012-04-04,22.25,22.4,22.1,22.13,5400,20.91
2012-04-05,21.76,21.78,21.73,21.73,900,20.53
2012-04-09,21.66,21.87,21.36,21.7,13900,20.5
2012-04-10,21.53,21.76,21.2,21.76,4900,20.56
2012-04-11,21.63,21.64,21.44,21.44,2500,20.26
2012-04-12,21.61,22.61,21.61,22.19,3700,20.97
2012-04-13,21.79,21.81,21.69,21.7,2100,20.5
2012-04-16,21.62,21.87,21.47,21.87,22100,20.67
2012-04-17,22,22.3,22,22.3,4200,21.07
2012-04-18,22.24,22.78,22.15,22.78,5100,21.52
2012-04-19,22.37,22.37,21.94,21.98,800,20.77
2012-04-20,22.1,22.36,22.1,22.22,2700,21
2012-04-23,21.73,21.92,21.73,21.83,1900,20.63
2012-04-24,21.95,22.02,21.84,21.96,3000,20.75
2012-04-25,22.1,22.11,22.06,22.06,1100,20.84
2012-04-26,22.1,22.38,22.1,22.31,3700,21.08
2012-04-27,22.26,22.62,22.26,22.62,2300,21.37
2012-04-30,22.37,23.02,22.37,22.66,20800,21.41
2012-05-01,22.52,22.81,22.44,22.44,5900,21.2
2012-05-02,22.99,23.04,22.42,22.6,2100,21.35
2012-05-03,22.56,22.6,22.45,22.45,4000,21.21
2012-05-04,22.4,22.5,21.84,22.02,6200,20.81
2012-05-07,21.73,21.84,21.72,21.84,4500,20.64
2012-05-08,21.74,22.13,21.37,21.82,18100,20.62
2012-05-09,21.59,21.69,21.59,21.66,3400,20.47
2012-05-10,21.33,21.34,21.32,21.34,3500,20.16
2012-05-11,21.62,21.78,21.5,21.5,8600,20.32
2012-05-14,21.18,21.22,20.8,20.8,4800,19.65
2012-05-15,20.82,21.32,20.7,20.74,5900,19.6
2012-05-16,20.47,20.87,20.47,20.55,12000,19.42
2012-05-17,20.36,20.47,20.35,20.41,3500,19.29
2012-05-18,20.26,20.57,19.96,20.24,7400,19.12
2012-05-21,20.21,20.5,20.21,20.5,4000,19.37
2012-05-22,20.91,20.91,20.84,20.84,1900,19.69
2012-05-23,20.41,20.6,20.41,20.6,3900,19.47
2012-05-24,20.53,20.53,20.39,20.39,2000,19.27
2012-05-25,20.45,20.45,20.45,20.45,300,19.32
2012-05-29,21.09,21.09,20.56,20.74,2600,19.6
2012-05-30,20.14,20.39,19.9,20.26,3600,19.14
2012-05-31,20.22,20.22,20.22,20.22,200,19.11
2012-06-01,19.86,19.86,19.51,19.51,1500,18.44
2012-06-04,19.85,19.85,19.64,19.71,4500,18.62
2012-06-05,19.56,19.57,19.55,19.55,1000,18.47
2012-06-06,19.85,19.92,19.85,19.92,1300,18.82
2012-06-07,20.07,20.48,20.07,20.23,5400,19.12
2012-06-08,19.86,20.01,19.84,20.01,7600,18.91
2012-06-11,20.1,20.1,19.9,19.91,4700,18.81
2012-06-12,19.67,20.1,19.67,20.1,1300,18.99
2012-06-13,19.88,19.88,19.87,19.87,500,18.78
2012-06-14,20.02,20.14,19.91,20.14,1100,19.03
2012-06-15,20.18,20.32,20.14,20.23,13200,19.12
2012-06-18,20.44,20.49,20.04,20.47,19400,19.34
2012-06-19,20.47,20.59,20.3,20.45,21800,19.32
2012-06-20,20.54,20.58,20.16,20.45,11900,19.32
2012-06-21,20.33,20.33,19.55,19.56,11600,18.7
2012-06-22,19.69,19.79,19.42,19.63,7900,18.77
2012-06-25,19.32,19.36,19.25,19.34,5500,18.49
2012-06-26,19.48,19.54,19.01,19.49,5100,18.64
2012-06-27,19.86,19.86,19.86,19.86,300,18.99
2012-06-28,18.87,19.7,18.86,19.7,2000,18.84
2012-06-29,20.37,20.64,20.37,20.64,500,19.74
2012-07-02,20.82,20.95,20.51,20.95,22400,20.03
2012-07-03,20.58,20.71,20.58,20.71,500,19.8
2012-07-05,20.8,20.87,20.51,20.59,14500,19.69
2012-07-06,20.29,20.35,19.99,20.11,15800,19.23
2012-07-09,20.11,20.11,20.11,20.11,0,19.23
2012-07-10,20.27,20.47,20.19,20.38,2200,19.49
2012-07-11,20.14,20.14,20.14,20.14,500,19.26
2012-07-12,19.59,19.9,19.59,19.89,1600,19.02
2012-07-13,20.15,20.15,20.15,20.15,200,19.27
2012-07-16,20.27,20.27,20.27,20.27,100,19.38
2012-07-17,20.27,20.42,20.27,20.35,1200,19.46
2012-07-18,20.46,20.65,20.2,20.22,9200,19.34
2012-07-19,20.29,20.58,20.29,20.58,600,19.68
2012-07-20,20.21,20.21,19.97,20.05,10300,19.17
2012-07-23,19.49,19.69,19.46,19.67,7700,18.81
2012-07-24,19.25,19.48,19.04,19.12,79500,18.28
2012-07-25,19.28,19.4,19.22,19.4,3600,18.55
2012-07-26,19.88,19.9,19.78,19.78,10100,18.91
2012-07-27,20.22,20.39,20.15,20.39,5200,19.5
2012-07-30,20.19,20.54,20.19,20.28,17500,19.39
2012-07-31,20.1,20.17,20.05,20.05,4900,19.17
2012-08-01,20.12,20.12,19.86,19.94,6500,19.07
2012-08-02,20,20.01,19.77,19.98,2400,19.11
2012-08-03,20.57,20.74,20.57,20.58,2200,19.68
2012-08-06,20.42,20.74,20.42,20.63,1800,19.73
2012-08-07,20.5,20.78,20.49,20.78,3400,19.87
2012-08-08,20.74,20.96,20.74,20.95,5300,20.03
2012-08-09,20.7,20.7,20.69,20.7,1500,19.79
2012-08-10,21,21,20.55,20.79,2400,19.88
2012-08-13,20.84,20.84,20.84,20.84,4000,19.93
2012-08-14,20.46,20.49,20.46,20.49,1100,19.59
2012-08-15,20.59,20.59,20.4,20.56,5000,19.66
2012-08-16,20.58,20.67,20.54,20.54,2200,19.64
2012-08-17,20.54,21,20.54,20.85,5000,19.94
2012-08-20,20.84,20.84,20.35,20.53,1000,19.63
2012-08-21,21,21.13,21,21.13,2300,20.21
2012-08-22,21,21.68,20.74,21.01,21600,20.09
2012-08-23,21.21,21.25,21.1,21.13,2900,20.21
2012-08-24,20.86,20.86,20.86,20.86,500,19.95
2012-08-27,20.82,20.86,20.82,20.86,1400,19.95
2012-08-28,21.85,21.85,21.05,21.05,3200,20.13
2012-08-29,21,21,21,21,300,20.08
2012-08-30,20.85,20.91,20.85,20.86,2100,19.95
2012-08-31,21,21,21,21,1400,20.08
2012-09-04,20.85,21.41,20.85,21.02,51000,20.1
2012-09-05,21.34,21.39,21,21.23,7800,20.3
2012-09-06,21.39,21.96,21.39,21.89,7400,20.93
2012-09-07,21.85,22.39,21.85,22.33,19700,21.35
2012-09-10,22.07,22.33,22.07,22.08,3100,21.11
2012-09-11,22.25,22.32,22.25,22.28,1100,21.31
2012-09-12,22.56,22.56,22.11,22.33,6300,21.35
2012-09-13,22.19,22.2,22.19,22.2,1500,21.23
2012-09-14,22.8,23.17,22.8,23.15,2400,22.14
2012-09-17,22.76,23.1,22.76,22.95,12300,21.95
2012-09-18,22.76,22.83,22.72,22.72,2700,21.73
2012-09-19,22.72,23.2,22.68,22.99,12900,21.98
2012-09-20,23.07,23.09,22.8,22.99,1000,21.98
2012-09-21,22.99,22.99,22.99,22.99,0,21.98
2012-09-24,23,23.16,22.69,23.09,3800,22.08
2012-09-25,23.32,23.32,22.76,23.04,4100,22.03
2012-09-26,22.79,22.79,22.54,22.54,1100,21.55
2012-09-27,22.55,22.55,22.51,22.51,600,21.53
2012-09-28,22.51,22.51,22.51,22.51,0,21.53
2012-10-01,23.24,23.24,22.6,22.6,400,21.61
2012-10-02,22.5,22.87,22.5,22.87,400,21.87
2012-10-03,22.92,22.92,22.65,22.69,1900,21.7
2012-10-04,22.94,22.94,22.94,22.94,300,21.94
2012-10-05,23.25,23.39,23.22,23.26,12400,22.24
2012-10-08,22.9,23.29,22.86,23.29,2800,22.27
2012-10-09,22.78,22.78,22.6,22.6,2800,21.61
2012-10-10,22.59,22.65,22.34,22.34,2800,21.36
2012-10-11,22.64,22.64,22.5,22.5,6200,21.52
2012-10-12,22.62,22.62,22.53,22.53,7600,21.54
2012-10-15,22.46,22.46,22.46,22.46,200,21.48
2012-10-16,23.3,23.3,23,23,1000,21.99
2012-10-17,23.08,23.19,22.9,22.97,6400,21.97
2012-10-18,22.94,22.94,22.94,22.94,200,21.94
2012-10-19,22.65,22.65,22.62,22.62,400,21.63
2012-10-22,22.82,23.08,22.82,22.83,4600,21.83
2012-10-23,22.8,22.8,22.3,22.36,5800,21.38
2012-10-24,22.31,22.53,22.3,22.53,125600,21.54
2012-10-25,22.68,22.68,22.56,22.56,1100,21.57
2012-10-26,22.52,22.58,22.49,22.58,1500,21.59
2012-10-31,22.7,22.7,22.41,22.41,1900,21.43
2012-11-01,22.78,23.07,22.5,22.52,6600,21.54
2012-11-02,22.83,22.83,22.68,22.69,1900,21.7
2012-11-05,22.73,23.14,22.73,23,60300,21.99
2012-11-06,23.21,23.21,22.95,23.16,21600,22.15
2012-11-07,22.91,23,22.3,22.88,50800,21.88
2012-11-08,22.88,22.88,22.88,22.88,0,21.88
2012-11-09,22.08,22.08,22.08,22.08,15000,21.11
2012-11-12,23.1,23.45,22.06,22.38,13000,21.4
2012-11-13,22.15,22.37,22.15,22.25,1700,21.28
2012-11-14,22.69,22.69,21.93,22.13,9400,21.16
2012-11-15,21.71,22.15,21.71,22.01,13800,21.05
2012-11-16,22,22,21.58,21.72,6100,20.77
2012-11-19,22.05,22.73,22.05,22.73,1500,21.74
2012-11-20,22.14,22.49,22.14,22.45,1100,21.47
2012-11-21,22.75,22.75,22.41,22.54,2100,21.55
2012-11-23,22.54,22.54,22.54,22.54,0,21.55
2012-11-26,22.78,23.1,22.77,22.9,33800,21.9
2012-11-27,23,23.33,23,23.09,1000,22.08
2012-11-28,23.01,23.28,23,23.25,5900,22.23
2012-11-29,23.51,23.6,23.36,23.6,10300,22.57
2012-11-30,24.33,24.33,23.54,23.6,8500,22.57
2012-12-03,23.98,23.98,23.26,23.47,14700,22.44
2012-12-04,23.28,23.65,23.18,23.65,9100,22.62
2012-12-05,23.61,23.82,23.57,23.82,8900,22.78
2012-12-06,23.69,24.68,23.64,23.97,611100,22.92
2012-12-07,24.04,24.04,23.6,23.83,116500,22.79
2012-12-10,23.83,23.83,23.6,23.8,26200,22.76
2012-12-11,23.98,24.16,23.84,23.98,22700,22.93
2012-12-12,24.06,24.48,23.8,24.04,20700,22.99
2012-12-13,24.1,24.23,23.9,24,124000,22.95
2012-12-14,24.01,24.3,23.94,24.17,26800,23.11
2012-12-17,23.92,24.2,23.92,24.12,26200,23.07
2012-12-18,24.08,24.22,24.02,24.22,4900,23.25
2012-12-19,24.56,24.6,24.37,24.57,7900,23.59
2012-12-20,24.76,25.4,24.76,25.01,11600,24.01
2012-12-21,24.85,24.85,24.73,24.73,900,23.74
2012-12-24,24.51,24.51,24.51,24.51,100,23.53
2012-12-26,24.65,24.75,24.58,24.68,8200,23.69
2012-12-27,25.01,25.02,24.46,24.7,27400,23.71
2012-12-28,24.92,24.92,24.55,24.65,20900,23.66
2012-12-31,24.55,25.3,24.55,25.09,49100,24.08
2013-01-02,25.68,25.68,25.17,25.46,58100,24.44
2013-01-03,25.3,25.34,25.09,25.13,22800,24.12
2013-01-04,25.29,25.29,25.04,25.15,6100,24.14
2013-01-07,25.31,25.45,25.2,25.39,19500,24.37
2013-01-08,25.42,25.45,24.95,25.1,21800,24.09
2013-01-09,25.3,25.3,24.98,25.21,20000,24.2
2013-01-10,25.49,25.65,25.48,25.64,6200,24.61
2013-01-11,25.71,25.71,25.46,25.51,5700,24.49
2013-01-14,25.7,25.7,25.5,25.59,4200,24.56
2013-01-15,25.42,25.42,25.13,25.3,6400,24.29
2013-01-16,25.33,25.33,25.23,25.29,4500,24.28
2013-01-17,25.52,25.6,25.36,25.6,4900,24.57
2013-01-18,25.73,25.73,25.5,25.6,7400,24.57
2013-01-22,25.81,25.81,25.6,25.75,40400,24.72
2013-01-23,25.74,25.74,25.53,25.67,26900,24.64
2013-01-24,25.82,26.01,25.81,25.89,18800,24.85
2013-01-25,26.09,26.48,26.09,26.42,4300,25.36
2013-01-28,26.54,26.54,26.21,26.41,19800,25.35
2013-01-29,26.6,26.6,26.3,26.52,17100,25.46
2013-01-30,26.52,26.63,26.51,26.51,11700,25.45
2013-01-31,26.65,26.65,26.47,26.5,20800,25.44
2013-02-01,26.76,27.04,26.74,26.94,20900,25.86
2013-02-04,26.51,26.83,26.11,26.21,48900,25.16
2013-02-05,26.4,26.62,26.3,26.51,78400,25.45
2013-02-06,26.57,26.57,26.2,26.27,28400,25.22
2013-02-07,26.17,26.33,26.16,26.27,9400,25.22
2013-02-08,26.2,26.65,26.2,26.42,13200,25.36
2013-02-11,26.5,26.56,26.31,26.48,7000,25.42
2013-02-12,26.6,26.95,26.6,26.85,21000,25.77
2013-02-13,27.08,27.35,27.07,27.18,10800,26.09
2013-02-14,26.98,27.07,26.66,27.01,42000,25.93
2013-02-15,27.11,27.11,26.76,26.94,10800,25.86
2013-02-19,27.1,27.23,27.1,27.23,16300,26.14
2013-02-20,27.35,27.35,26.75,26.78,16200,25.71
2013-02-21,26.5,26.5,26.19,26.23,12100,25.18
2013-02-22,26.52,26.91,26.52,26.85,10500,25.77
2013-02-25,27.22,27.31,26,26,50500,24.96
2013-02-26,26.34,26.86,26.34,26.8,25100,25.73
2013-02-27,26.84,27.03,26.74,27.03,19000,25.95
2013-02-28,27.12,27.12,26.62,27,16600,25.92
2013-03-01,26.75,26.97,26.54,26.9,27100,25.82
2013-03-04,27.06,27.4,27.06,27.38,14100,26.28
2013-03-05,27.4,27.9,27.4,27.85,8100,26.73
2013-03-06,27.89,27.89,27.41,27.44,19900,26.34
2013-03-07,27.94,27.94,27.85,27.87,4400,26.75
2013-03-08,27.95,27.95,27.43,27.7,41500,26.59
2013-03-11,27.89,27.89,27.75,27.85,16800,26.73
2013-03-12,28.01,28.12,27.79,27.83,11400,26.71
2013-03-13,27.81,27.93,27.73,27.93,3100,26.81
2013-03-14,27.93,28.27,27.92,28.14,14500,27.01
2013-03-15,28.41,28.5,27.93,27.93,18900,26.81
2013-03-18,27.91,28.24,27.54,28.09,16900,26.96
2013-03-19,28.24,28.32,28.06,28.09,5000,26.96
2013-03-20,28.5,28.71,28.18,28.35,13100,27.21
2013-03-21,28.3,28.3,28.09,28.11,14000,26.98
2013-03-22,28.34,28.48,28.18,28.48,13400,27.34
2013-03-25,28.69,28.74,28.05,28.14,41500,27.01
2013-03-26,28.26,28.31,28.09,28.22,7900,27.09
2013-03-27,28.02,28.02,27.67,27.76,40800,26.65
2013-03-28,27.86,28.44,27.86,28.43,25800,27.29
2013-04-01,28.46,28.58,28.27,28.33,33900,27.19
2013-04-02,28.4,28.6,28.23,28.38,20200,27.24
2013-04-03,28.7,28.7,27.98,27.98,54500,26.86
2013-04-04,28.03,28.26,27.9,28,84600,26.88
2013-04-05,27.49,27.72,27.19,27.65,38200,26.54
2013-04-08,27.46,27.87,27.38,27.87,8800,26.75
2013-04-09,28.14,28.14,27.82,28.08,7500,26.95
2013-04-10,28.1,28.3,28.08,28.3,4000,27.17
2013-04-11,28.6,28.71,28.5,28.55,22600,27.41
2013-04-12,28.56,28.67,28.35,28.57,15500,27.43
2013-04-15,28.32,28.32,27.79,27.8,15300,26.69
2013-04-16,28.27,28.53,28.15,28.42,72300,27.28
2013-04-17,28.23,28.23,27.58,27.61,25800,26.5
2013-04-18,27.9,27.97,27.73,27.8,4300,26.69
2013-04-19,27.71,28.04,27.71,28,2400,26.88
2013-04-22,27.9,28.12,27.88,28.1,9700,26.97
2013-04-23,28.12,28.64,28.04,28.6,10800,27.45
2013-04-24,28.72,28.72,28.34,28.65,8600,27.5
2013-04-25,28.84,28.84,28.18,28.35,15500,27.21
2013-04-26,28.06,28.38,28.06,28.12,5300,26.99
2013-04-29,28.44,28.71,28.34,28.7,11700,27.55
2013-04-30,28.73,28.73,28.52,28.61,9300,27.46
2013-05-01,28.73,28.79,28.6,28.62,4500,27.47
2013-05-02,28.55,28.65,28.31,28.56,36700,27.42
2013-05-03,28.82,29.01,28.75,28.98,23100,27.82
2013-05-06,28.92,29.07,28.8,28.96,34300,27.8
2013-05-07,29.21,29.39,29,29.33,27500,28.15
2013-05-08,29.33,29.33,29.09,29.1,21900,27.93
2013-05-09,28.88,29.15,28.88,28.98,6500,27.82
2013-05-10,28.88,29.28,28.8,29.28,32800,28.11
2013-05-13,29.2,29.2,28.86,29.09,45600,27.92
2013-05-14,28.97,29.14,28.97,28.99,7200,27.83
2013-05-15,29.04,29.2,28.99,29.13,41200,27.96
2013-05-16,29.16,29.18,28.85,28.95,8400,27.79
2013-05-17,28.87,29.12,28.84,29.09,48700,27.92
2013-05-20,29.18,29.68,29.18,29.54,26400,28.36
2013-05-21,29.45,29.64,29.27,29.58,59300,28.39
2013-05-22,29.61,29.66,29.02,29.03,32600,27.87
2013-05-23,28.85,29.34,28.8,29.27,20400,28.1
2013-05-24,29.34,29.46,29.14,29.46,12800,28.28
2013-05-28,30.03,30.03,29.56,29.7,14900,28.51
2013-05-29,29.64,29.64,29.05,29.53,33700,28.35
2013-05-30,29.7,29.78,29.49,29.75,6400,28.56
2013-05-31,29.3,29.48,29.18,29.3,51400,28.13
2013-06-03,29.52,29.52,29.11,29.4,39100,28.22
2013-06-04,29.58,29.66,29.27,29.56,27900,28.38
2013-06-05,29.44,29.48,29.19,29.3,51100,28.13
2013-06-06,29.48,29.48,29.16,29.48,12500,28.3
2013-06-07,29.9,29.9,29.56,29.81,10000,28.62
2013-06-10,29.95,29.95,29.54,29.69,36600,28.5
2013-06-11,29.5,29.5,29.16,29.16,15200,27.99
2013-06-12,29.19,29.4,29.04,29.1,70000,27.93
2013-06-13,29.01,29.48,29.01,29.4,126100,28.22
2013-06-14,29.55,29.56,29.35,29.35,11700,28.17
2013-06-17,29.52,29.72,29.52,29.55,9500,28.37
2013-06-18,29.62,29.93,29.62,29.88,35500,28.68
2013-06-19,29.92,30.01,29.51,29.51,38500,28.33
2013-06-20,29.31,29.31,28.65,28.65,40600,27.5
2013-06-21,28.93,28.98,28.35,28.72,50800,27.57
2013-06-24,28.02,28.13,27.52,27.85,57000,26.73
2013-06-25,28.35,28.46,28.15,28.45,34000,27.31
2013-06-26,28.6,28.71,28.43,28.67,22700,27.52
2013-06-27,28.61,28.82,28.61,28.68,9800,27.79
2013-06-28,28.65,28.75,28.54,28.71,20800,27.82
2013-07-01,28.88,29.24,28.88,29.12,16100,28.21
2013-07-02,28.92,29.05,28.64,28.79,46400,27.89
2013-07-03,28.59,28.71,28.44,28.71,14700,27.82
2013-07-05,28.7,28.81,28.58,28.81,26900,27.91
2013-07-08,28.9,28.94,28.84,28.89,11000,27.99
2013-07-09,28.99,29.16,28.9,29.09,30500,28.18
2013-07-10,29.06,29.51,28.99,29.43,37700,28.51
2013-07-11,29.72,29.86,29.64,29.78,18300,28.85
2013-07-12,29.67,29.91,29.59,29.85,15600,28.92
2013-07-15,30,30.01,29.83,29.95,47200,29.02
2013-07-16,29.78,29.78,29.56,29.71,7200,28.79
2013-07-17,29.67,29.73,29.54,29.67,9900,28.75
2013-07-18,29.6,30.08,29.6,30.02,51000,29.09
2013-07-19,30.17,30.23,30.03,30.03,6500,29.1
2013-07-22,30.25,30.25,30.03,30.15,5700,29.21
2013-07-23,30.15,30.21,29.94,30.21,37000,29.27
2013-07-24,30.25,30.45,30.25,30.38,49100,29.43
2013-07-25,30.52,30.98,30.52,30.92,10900,29.96
2013-07-26,30.72,30.81,30.59,30.81,13300,29.85
2013-07-29,30.77,30.77,30.57,30.73,49700,29.77
2013-07-30,30.73,30.89,30.55,30.74,46500,29.78
2013-07-31,30.79,31.08,30.79,30.9,29400,29.94
2013-08-01,31.18,31.27,31.01,31.22,58500,30.25
2013-08-02,31.22,31.55,31.22,31.48,35600,30.5
2013-08-05,31.55,31.55,31.35,31.45,24700,30.47
2013-08-06,31.49,31.57,31.47,31.51,43200,30.53
2013-08-07,31.52,31.65,31.47,31.57,14100,30.59
2013-08-08,31.87,32.16,31.83,31.99,58300,30.99
2013-08-09,32.13,32.3,32.09,32.22,36200,31.22
2013-08-12,32.21,32.22,31.83,32.02,84600,31.02
2013-08-13,32.15,32.15,31.82,32.06,103500,31.06
2013-08-14,32.04,32.09,31.91,32.07,88700,31.07
2013-08-15,31.76,31.76,31.21,31.58,37900,30.6
2013-08-16,31.67,31.73,31.61,31.69,11700,30.7
2013-08-19,31.79,31.97,31.79,31.84,21800,30.85
2013-08-20,31.8,32.01,31.62,31.8,34800,30.81
2013-08-21,31.81,32,31.64,31.83,76600,30.84
2013-08-22,32.02,32.28,31.99,32.24,23500,31.24
2013-08-23,32.18,32.22,31.94,32.22,29200,31.22
2013-08-26,32.06,32.35,32.06,32.15,52000,31.15
2013-08-27,31.67,31.67,31.22,31.36,61800,30.38
2013-08-28,31.36,31.39,31.17,31.37,9700,30.39
2013-08-29,31.49,31.79,31.49,31.73,8400,30.74
2013-08-30,31.59,31.59,31.48,31.52,9200,30.54
2013-09-03,31.9,31.9,31.62,31.77,26700,30.78
2013-09-04,31.34,31.67,31.13,31.64,52700,30.66
2013-09-05,31.71,31.86,31.64,31.8,20700,30.81
2013-09-06,31.8,31.94,31.69,31.87,9700,30.88
2013-09-09,31.95,32.16,31.93,32.12,9100,31.12
2013-09-10,32.36,32.38,32.14,32.24,94200,31.24
2013-09-11,32.23,32.46,32.2,32.46,18200,31.45
2013-09-12,32.23,32.3,32.13,32.21,24400,31.21
2013-09-13,32.01,32.13,31.98,32.12,51800,31.12
2013-09-16,32.48,32.57,32.4,32.5,15300,31.49
2013-09-17,32.54,32.66,32.5,32.66,12200,31.64
2013-09-18,32.79,33.45,32.62,33.37,27900,32.33
2013-09-19,33.55,33.56,33.38,33.48,25100,32.44
2013-09-20,33.48,33.48,33.09,33.15,12700,32.12
2013-09-23,33.22,33.22,33.01,33.12,14100,32.09
2013-09-24,33.1,33.26,33.09,33.14,12700,32.11
2013-09-25,33.18,33.29,33.09,33.22,12600,32.19
2013-09-26,33.16,33.29,32.93,33.21,18000,32.18
2013-09-27,32.92,33.29,32.92,33.29,7000,32.25
2013-09-30,34.2,34.2,32.75,33.17,11100,32.14
2013-10-01,33.29,33.35,32.98,33.35,34400,32.31
2013-10-02,33.49,33.55,33.18,33.33,29400,32.29
2013-10-03,33.49,33.49,32.98,33.15,31500,32.12
2013-10-04,33.27,33.28,33.05,33.14,30400,32.11
2013-10-07,32.81,33.44,32.81,33.29,16700,32.25
2013-10-08,33.09,33.09,32.67,32.77,29900,31.75
2013-10-09,32.65,32.82,32.27,32.62,26200,31.6
2013-10-10,33.17,33.34,32.94,33.3,21100,32.26
2013-10-11,33.39,33.39,32.94,33.11,33700,32.08
2013-10-14,32.92,33.5,32.9,33.32,7000,32.28
2013-10-15,33.43,33.71,33.2,33.47,17000,32.43
2013-10-16,33.99,34.11,33.7,34.09,47200,33.03
2013-10-17,34.51,34.51,34.21,34.39,29500,33.32
2013-10-18,34.61,34.63,34.46,34.58,38600,33.5
2013-10-21,34.59,34.91,34.41,34.63,39200,33.55
2013-10-22,34.94,34.94,34.73,34.83,35500,33.75
2013-10-23,34.57,34.69,34.5,34.66,13800,33.58
2013-10-24,34.87,34.87,34.37,34.6,41400,33.52
2013-10-25,34.39,34.57,34.22,34.56,9700,33.48
2013-10-28,34.5,34.5,34.19,34.22,12300,33.16
2013-10-29,34.12,34.67,34.12,34.42,33700,33.35
2013-10-30,34.42,34.61,34.35,34.41,26600,33.34
2013-10-31,34.55,34.68,34.31,34.5,34100,33.43
2013-11-01,34.51,34.51,34.04,34.27,26600,33.2
2013-11-04,34.89,34.89,34.36,34.62,75800,33.54
2013-11-05,34.65,34.66,34.32,34.57,83500,33.49
2013-11-06,34.88,35.04,34.79,34.91,68600,33.82
2013-11-07,34.85,34.92,34.14,34.37,35600,33.3
2013-11-08,34.29,34.64,34.13,34.62,28000,33.54
2013-11-11,34.85,35.06,34.84,35.01,34200,33.92
2013-11-12,35.11,35.42,35.11,35.34,38400,34.24
2013-11-13,35.19,35.5,34.97,35.37,46800,34.27
2013-11-14,35.51,35.53,35.06,35.5,28500,34.4
2013-11-15,35.58,35.58,35.34,35.52,15700,34.41
2013-11-18,35.64,35.64,35.15,35.18,78600,34.09
2013-11-19,35.14,35.29,34.84,34.97,33200,33.88
2013-11-20,34.85,35.11,34.61,34.68,13600,33.6
2013-11-21,35.06,35.06,34.83,35.03,17100,33.94
2013-11-22,35.18,35.27,35.01,35.24,19500,34.14
2013-11-25,35.39,35.39,34.98,35.05,38100,33.96
2013-11-26,35.33,35.33,35,35.03,32100,33.94
2013-11-27,35.27,35.4,35.12,35.21,58500,34.11
2013-11-29,35.39,35.61,35.39,35.48,10000,34.38
2013-12-02,35.4,35.48,35.14,35.14,48600,34.05
2013-12-03,35.09,35.09,34.62,34.86,15000,33.78
2013-12-04,34.51,34.53,34.1,34.36,29400,33.29
2013-12-05,34.59,34.6,34.32,34.52,21000,33.45
2013-12-06,34.52,34.94,34.52,34.94,11200,33.85
2013-12-09,35.14,35.14,34.85,34.95,52800,33.86
2013-12-10,34.86,35.14,34.86,35.1,26200,34.01
2013-12-11,35.31,35.31,34.79,34.79,10800,33.71
2013-12-12,34.99,34.99,34.4,34.55,39500,33.47
2013-12-13,34.42,34.76,34.42,34.67,10900,33.59
2013-12-16,34.8,35.05,34.8,35.02,20200,33.93
2013-12-17,35.17,35.18,34.89,35.05,31000,33.96
2013-12-18,35.13,35.13,34.6,35.03,53400,34.26
2013-12-19,35.03,35.03,34.56,34.8,51000,34.03
2013-12-20,35.01,35.09,34.91,35.06,17900,34.29
2013-12-23,34.88,35.25,34.88,35.24,31400,34.46
2013-12-24,35.35,35.35,35,35.27,20000,34.49
2013-12-26,34.85,35.45,34.85,35.4,11800,34.62
2013-12-27,35.35,35.81,35.27,35.61,26200,34.83
2013-12-30,35.85,35.85,35.62,35.7,10500,34.91
2013-12-31,35.73,35.99,35.53,35.85,31600,35.06
2014-01-02,35.52,35.59,35.22,35.36,72500,34.58
2014-01-03,35.3,35.62,35.3,35.46,38200,34.68
2014-01-06,35.81,36.01,35.59,35.74,43600,34.95
2014-01-07,36.01,36.25,35.86,36.15,68200,35.35
2014-01-08,36.36,36.5,36.16,36.33,28000,35.53
2014-01-09,36.77,37.01,36.61,36.94,33100,36.13
2014-01-10,37.1,37.17,36.76,37.15,56500,36.33
2014-01-13,37.35,37.35,36.84,36.98,48200,36.17
2014-01-14,37.24,37.59,37.04,37.57,30100,36.74
2014-01-15,37.59,37.59,37.09,37.51,83500,36.68
2014-01-16,37.73,37.73,37.24,37.48,117600,36.65
2014-01-17,37.57,37.57,36.79,36.85,57100,36.04
2014-01-21,37.27,37.39,37,37.38,51200,36.56
2014-01-22,37.54,37.54,37.12,37.38,52800,36.56
2014-01-23,37.45,37.67,37.21,37.36,129400,36.54
2014-01-24,37,37.18,36.32,36.44,166000,35.64
2014-01-27,36.09,36.45,35.51,35.69,147900,34.9
2014-01-28,36.17,36.82,36.16,36.7,70700,35.89
2014-01-29,36.02,36.78,36,36.39,58000,35.59
2014-01-30,36.45,36.67,36.05,36.5,23300,35.7
2014-01-31,35.82,35.96,35.2,35.79,73800,35
2014-02-03,35.93,36.05,35.52,35.73,54300,34.94
2014-02-04,35.98,36.24,35.61,35.65,54900,34.86
2014-02-05,35.67,36.05,35.5,36,39900,35.21
2014-02-06,36.06,37.06,36.06,36.83,46700,36.02
2014-02-07,37.21,37.58,37.02,37.41,29900,36.59
2014-02-10,37.49,37.49,37.16,37.31,39500,36.49
2014-02-11,37.4,37.77,37.29,37.71,82600,36.88
2014-02-12,37.73,38,37.55,37.89,70400,37.06
2014-02-13,37.68,38.22,37.63,38.22,21700,37.38
2014-02-14,38.22,38.47,38.17,38.37,23900,37.53
2014-02-18,38.99,39.07,38.56,38.86,79400,38
2014-02-19,38.84,38.96,38.6,38.65,57800,37.8
2014-02-20,38.81,38.82,38.76,38.81,24500,37.96
2014-02-21,39.04,39.1,38.97,39.09,29400,38.23
2014-02-24,39.25,39.71,39.23,39.48,31100,38.61
2014-02-25,40.42,40.42,39.84,40.28,58200,39.39
2014-02-26,40.03,40.03,39.73,39.91,53200,39.03
2014-02-27,39.94,40.33,39.61,40.25,106100,39.36
2014-02-28,40.71,41.12,40.59,40.95,51500,40.05
2014-03-03,40.3,40.78,39.56,39.96,85400,39.08
2014-03-04,40.33,40.41,39.87,40.02,97500,39.14
2014-03-05,40.26,40.52,40.05,40.17,49100,39.29
2014-03-06,40.59,40.8,40.51,40.65,54700,39.75
2014-03-07,40.65,40.78,40.19,40.44,24800,39.55
2014-03-10,40.49,40.49,40,40.32,29800,39.43
2014-03-11,40.38,40.62,40.23,40.23,13100,39.34
2014-03-12,40.13,40.27,39.83,40.27,33800,39.38
2014-03-13,40.34,40.43,39.08,39.44,44200,38.57
2014-03-14,39.01,39.37,39.01,39.06,30100,38.2
2014-03-17,39.6,39.77,39.42,39.77,66800,38.89
2014-03-18,39.77,39.95,39.51,39.95,29100,39.07
2014-03-19,39.81,39.87,38.72,39.07,77400,38.21
2014-03-20,38.69,39.68,38.51,38.96,111600,38.1
2014-03-21,38.6,38.99,38.37,38.37,59400,37.53
2014-03-24,38.25,38.7,38,38.51,54600,37.66
2014-03-25,38.62,38.92,38.53,38.91,40900,38.05
2014-03-26,39.1,39.17,38.71,38.83,30400,37.97
2014-03-27,38.98,38.98,38.34,38.92,12900,38.06
2014-03-28,38.86,39.1,38.86,38.94,34300,38.08
2014-03-31,39.14,39.4,38.9,39.29,31100,38.42
2014-04-01,39.81,40.02,39.53,39.97,153900,39.09
2014-04-02,40.08,40.18,39.85,39.91,73800,39.03
2014-04-03,39.96,39.99,39.72,39.93,23000,39.05
2014-04-04,39.98,40.05,39.54,39.7,102700,38.83
2014-04-07,39.78,39.78,39.25,39.49,20800,38.62
2014-04-08,38.9,39.31,38.87,39.1,31400,38.24
2014-04-09,39.11,39.8,39.11,39.69,17600,38.82
2014-04-10,39.79,39.79,39,39.1,114800,38.24
2014-04-11,38.75,38.88,38.23,38.57,43900,37.72
2014-04-14,38.19,38.48,38,38.25,27000,37.41
2014-04-15,38.03,38.31,37.64,38.1,74100,37.26
2014-04-16,38.51,38.64,38.2,38.63,66200,37.78
2014-04-17,38.26,38.68,38.26,38.37,37400,37.53
2014-04-21,38.11,38.74,38.11,38.74,52800,37.89
2014-04-22,38.74,39.01,38.74,38.95,19100,38.09
2014-04-23,38.6,38.8,38.6,38.76,6700,37.91
2014-04-24,39.04,39.04,38.18,38.49,31500,37.64
2014-04-25,38.24,38.38,38.01,38.3,22700,37.46
2014-04-28,38.15,38.2,37.59,38.06,56000,37.22
2014-04-29,38.31,38.4,37.94,38.25,21800,37.41
2014-04-30,38,38.59,38,38.59,20700,37.74
2014-05-01,38.84,38.84,38.37,38.57,33000,37.72
2014-05-02,38.37,38.79,38.28,38.58,21900,37.73
2014-05-05,38.41,38.6,38.39,38.52,30700,37.67
2014-05-06,38.74,38.81,38.54,38.66,23300,37.81
2014-05-07,38.39,38.43,38.09,38.39,94400,37.54
2014-05-08,38.14,38.29,37.69,37.97,51200,37.13
2014-05-09,37.81,37.99,37.68,37.99,11000,37.15
2014-05-12,38.2,38.2,37.85,38.08,73300,37.24
2014-05-13,38,38,37.69,37.83,60400,37
2014-05-14,37.63,37.63,37,37.14,55400,36.32
2014-05-15,36.53,36.92,35.77,35.81,316100,35.02
2014-05-16,35.5,35.73,35.41,35.63,184700,34.85
2014-05-19,35.87,36.31,35.66,35.94,109300,35.15
2014-05-20,36.1,36.19,35.76,35.81,72500,35.02
2014-05-21,36.09,36.61,36.09,36.53,113400,35.73
2014-05-22,36.31,36.65,36.31,36.54,21400,35.74
2014-05-23,36.54,36.67,36.48,36.5,61500,35.7
2014-05-27,36.9,37.19,36.78,37,48600,36.19
2014-05-28,37.11,37.22,37.01,37.12,21200,36.3
2014-05-29,37.06,37.14,37.03,37.07,31200,36.25
2014-05-30,37.1,37.21,37,37.12,31000,36.3
2014-06-02,37.03,37.08,36.85,36.97,27500,36.16
2014-06-03,37,37.16,36.94,36.94,34100,36.13
2014-06-04,37.23,37.31,37.11,37.14,23700,36.32
2014-06-05,37.24,37.7,37.21,37.57,87200,36.74
2014-06-06,37.52,38.11,37.52,38.04,37700,37.2
2014-06-09,37.93,37.97,37.62,37.82,23000,36.99
2014-06-10,37.54,37.74,37.53,37.6,27400,36.77
2014-06-11,37.42,37.57,37.03,37.17,46900,36.35
2014-06-12,37.28,37.53,37.2,37.21,26200,36.39
2014-06-13,37.01,37.12,36.79,36.86,30100,36.05
2014-06-16,36.67,37.11,36.43,37.1,142700,36.28
2014-06-17,36.77,36.99,36.67,36.85,16100,36.04
2014-06-18,36.52,36.63,36.4,36.6,86800,35.79
2014-06-19,36.91,37.16,36.91,37,27500,36.19
2014-06-20,36.98,37.22,36.48,36.66,29600,35.85
2014-06-23,36.41,36.42,36.27,36.36,13200,35.56
2014-06-24,36.32,36.37,35.92,36.29,538600,35.49
2014-06-25,35.54,35.9,35.46,35.9,137300,35.46
2014-06-26,35.73,35.97,35.61,35.9,23200,35.46
2014-06-27,35.62,36.16,35.6,36.16,139300,35.71
2014-06-30,35.79,36,35.65,35.81,167900,35.37
2014-07-01,35.82,36.33,35.63,36.12,98600,35.67
2014-07-02,36.25,36.37,36.15,36.18,40900,35.73
2014-07-03,36.49,36.8,36.38,36.56,18400,36.11
2014-07-07,36.36,36.36,36.03,36.36,163900,35.91
2014-07-08,35.8,35.8,35.48,35.57,93200,35.13
2014-07-09,35.62,35.88,35.54,35.75,52000,35.31
2014-07-10,35.35,35.72,35.2,35.53,60100,35.09
2014-07-11,35.49,35.8,35.46,35.61,34100,35.17
2014-07-14,35.85,35.94,35.69,35.7,48700,35.26
2014-07-15,35.75,35.92,35.49,35.58,54800,35.14
2014-07-16,35.66,36,35.66,35.74,10400,35.3
2014-07-17,35.49,35.93,35.25,35.26,38200,34.82
2014-07-18,35.29,35.58,35.17,35.37,133400,34.93
2014-07-21,34.98,35.38,34.72,35.13,40300,34.69
2014-07-22,34.96,35.32,34.96,35.19,61600,34.75
2014-07-23,35.13,35.38,35.11,35.18,66000,34.74
2014-07-24,35.05,35.3,34.99,35.13,48600,34.69
2014-07-25,35.22,35.31,35.08,35.19,32400,34.75
2014-07-28,35.15,35.23,34.95,35.08,23500,34.65
2014-07-29,35.16,35.49,35.12,35.3,49100,34.86
2014-07-30,35.25,35.49,35.14,35.42,18800,34.98
2014-07-31,34.94,34.94,34.64,34.65,45300,34.22
2014-08-01,34.67,34.81,34.51,34.66,66800,34.23
2014-08-04,34.77,34.77,34.51,34.72,32500,34.29
2014-08-05,34.58,34.58,33.92,34.02,52600,33.6
2014-08-06,33.69,34.04,33.64,33.84,330100,33.42
2014-08-07,34,34.3,33.64,33.7,153400,33.28
2014-08-08,33.79,34.21,33.76,34.11,25500,33.69
2014-08-11,34.25,34.27,34.11,34.22,93600,33.8
2014-08-12,34.2,34.24,34.05,34.23,33800,33.81
2014-08-13,34.25,34.5,34.21,34.41,148400,33.98
2014-08-14,34.58,34.9,34.58,34.89,43100,34.46
2014-08-15,35.07,35.35,34.99,35.25,79700,34.81
2014-08-18,35.28,35.51,35.22,35.24,923200,34.8
2014-08-19,35.02,35.13,34.89,35.03,30100,34.6
2014-08-20,34.74,34.81,34.6,34.77,7300,34.34
2014-08-21,34.76,35.03,34.73,34.75,139400,34.32
2014-08-22,34.95,34.95,34.74,34.75,19700,34.32
2014-08-25,35,35.08,34.88,35,33200,34.57
2014-08-26,34.97,35.19,34.92,35.02,29500,34.59
2014-08-27,35.37,35.49,35.26,35.33,10000,34.89
2014-08-28,35.16,35.52,35.16,35.5,19100,35.06
2014-08-29,35.26,35.3,35.2,35.27,13900,34.83
2014-09-02,35.22,35.3,35.15,35.27,34300,34.83
2014-09-03,35.62,35.95,35.61,35.76,18700,35.32
2014-09-04,35.63,35.96,35.63,35.68,13100,35.24
2014-09-05,35.68,35.97,35.66,35.79,57700,35.35
2014-09-08,35.53,35.53,35.19,35.32,10200,34.88
2014-09-09,35.19,35.44,35.14,35.39,14900,34.95
2014-09-10,35.18,35.44,35.13,35.44,7000,35
2014-09-11,35.21,35.39,35.21,35.3,26900,34.86
2014-09-12,35.29,35.64,35.29,35.42,33700,34.98
2014-09-15,35.23,35.34,35.17,35.18,11100,34.74
2014-09-16,35.07,35.2,34.89,35.16,8000,34.72
2014-09-17,35.12,35.24,34.9,34.93,15300,34.5
2014-09-18,35.21,35.6,35.19,35.56,73800,35.12
2014-09-19,35.41,35.41,34.99,34.99,8300,34.56
2014-09-22,35.25,35.45,35,35.15,40400,34.71
2014-09-23,34.94,34.95,34.7,34.76,33100,34.33
2014-09-24,34.34,34.62,34.34,34.57,14800,34.14
2014-09-25,34.62,34.62,34.24,34.41,11800,33.98
2014-09-26,34.17,34.41,34.14,34.35,15400,33.92
2014-09-29,34.24,34.54,34,34.54,307800,34.11
2014-09-30,34.36,34.46,34.27,34.45,3400,34.02
2014-10-01,34.25,34.25,33.92,34.03,20400,33.61
2014-10-02,33.88,33.93,33.58,33.73,138500,33.31
2014-10-03,33.61,33.91,33.6,33.85,31500,33.43
2014-10-06,33.83,34.11,33.74,33.94,35200,33.52
2014-10-07,33.61,33.67,33.15,33.16,84100,32.75
2014-10-08,33.15,33.66,33.01,33.54,34800,33.12
2014-10-09,33.09,33.22,32.56,32.56,71600,32.16
2014-10-10,32.42,32.43,31.96,32.06,36200,31.66
2014-10-13,32.13,32.19,31.72,31.72,141200,31.33
2014-10-14,31.86,32.24,31.84,32.01,15600,31.61
2014-10-15,31.8,31.96,31.21,31.96,30900,31.56
2014-10-16,30.97,31.66,30.86,31.34,42800,30.95
2014-10-17,32.02,32.33,32.02,32.14,8700,31.74
2014-10-20,32.02,32.69,32.02,32.69,32900,32.29
2014-10-21,32.92,33.29,32.92,33.24,19500,32.83
2014-10-22,33.28,33.4,32.94,32.94,32000,32.53
2014-10-23,33.28,33.49,33.25,33.33,11700,32.92
2014-10-24,33.28,33.28,33.03,33.18,46300,32.77
2014-10-27,33.15,33.4,33.08,33.2,18900,32.79
2014-10-28,33.37,33.58,33.33,33.56,29500,33.14
2014-10-29,33.31,33.31,32.75,32.82,30500,32.41
2014-10-30,32.6,32.84,32.58,32.82,34800,32.41
2014-10-31,33.14,33.38,33.11,33.32,11500,32.91
2014-11-03,33.29,33.46,33.2,33.36,25400,32.95
2014-11-04,33.35,33.65,33.35,33.62,67800,33.2
2014-11-05,33.96,34.06,33.75,33.84,16200,33.42
2014-11-06,33.87,33.87,33.62,33.66,30000,33.24
2014-11-07,33.66,33.66,33.4,33.53,36300,33.11
2014-11-10,33.57,33.65,33.49,33.53,28800,33.11
2014-11-11,33.35,33.64,33.35,33.54,28600,33.12
2014-11-12,33.13,33.41,33.11,33.29,8200,32.88
2014-11-13,33.1,33.23,32.87,33.09,33000,32.68
2014-11-14,32.86,33.04,32.82,32.91,11200,32.5
2014-11-17,32.8,33.04,32.8,32.9,380400,32.49
2014-11-18,33.08,33.4,33.08,33.31,304900,32.9
2014-11-19,33.6,33.88,33.58,33.74,17600,33.32
2014-11-20,33.89,34,33.79,33.87,37900,33.45
2014-11-21,34.23,34.47,34.01,34.16,26600,33.74
2014-11-24,34.35,34.47,34.35,34.46,8900,34.03
2014-11-25,34.55,34.94,34.55,34.89,35200,34.46
2014-11-26,34.68,34.87,34.68,34.8,26100,34.37
2014-11-28,35.41,35.42,35.3,35.31,6700,34.87
2014-12-01,35.37,35.51,35.33,35.42,31200,34.98
2014-12-02,35.3,35.37,35.21,35.3,20700,34.86
2014-12-03,35.31,35.56,35.31,35.55,12800,35.11
2014-12-04,35.75,36.08,35.67,35.91,49900,35.47
2014-12-05,35.9,36.2,35.81,36.1,50900,35.65
2014-12-08,35.85,36.07,35.85,35.88,23000,35.44
2014-12-09,35.48,35.61,35.39,35.59,9100,35.15
2014-12-10,35.5,35.6,35.19,35.25,77800,34.81
2014-12-11,35.1,35.34,35.1,35.14,31500,34.7
2014-12-12,35.09,35.25,34.66,34.75,27200,34.32
2014-12-15,34.75,34.75,34.1,34.23,20400,33.81
2014-12-16,34.27,34.65,34.13,34.15,107200,33.73
2014-12-17,33.95,34.48,33.92,34.14,24100,34.14
2014-12-18,34.36,34.93,34.36,34.93,42000,34.93
2014-12-19,34.75,35.02,34.45,34.69,11500,34.69
2014-12-22,34.78,34.91,34.77,34.81,15400,34.81
2014-12-23,34.84,35.06,34.83,35.02,3900,35.02
2014-12-24,35.05,35.05,34.93,35.05,800,35.05
2014-12-26,34.98,35.35,34.98,35.04,6800,35.04
2014-12-29,34.9,35.07,34.84,34.93,32100,34.93
2014-12-30,34.88,34.88,34.7,34.7,21100,34.7
2014-12-31,34.78,34.78,34.43,34.43,3300,34.43
2015-01-02,34.51,34.65,34.41,34.61,16000,34.61
2015-01-05,34.3,34.3,33.79,33.89,34700,33.89
2015-01-06,33.66,33.69,33.21,33.33,10100,33.33
2015-01-07,33.37,33.6,33.26,33.52,26100,33.52
2015-01-08,33.54,33.92,33.54,33.65,18500,33.65
2015-01-09,33.9,33.94,33.57,33.8,33100,33.8
2015-01-12,33.78,33.78,33.44,33.45,29500,33.45
2015-01-13,33.7,34.1,33.59,33.84,23500,33.84
2015-01-14,33.75,33.96,33.42,33.82,36400,33.82
2015-01-15,33.62,33.74,33.45,33.58,16100,33.58
2015-01-16,33.55,34.1,33.46,34.06,38100,34.06
2015-01-20,34.15,34.19,33.99,34.13,10700,34.13
2015-01-21,34.3,34.38,34.25,34.29,6500,34.29
2015-01-22,34.29,34.55,34.06,34.29,121600,34.29
2015-01-23,34.56,34.65,34.44,34.44,99500,34.44
