"Index","EIS.Open","EIS.High","EIS.Low","EIS.Close","EIS.Volume","EIS.Adjusted"
2008-03-28,49.92,50.04,49.77,49.78,25300,41.9
2008-03-31,48.88,49.37,48.88,49.07,27000,41.3
2008-04-01,50.99,50.99,49.58,50.29,228500,42.33
2008-04-02,50.67,50.67,50.31,50.35,175300,42.38
2008-04-03,50.14,50.41,49.83,50.27,22400,42.31
2008-04-04,52.99,52.99,49.7,50.31,109600,42.35
2008-04-07,50.69,50.69,49.84,49.94,163700,42.03
2008-04-08,50.12,50.41,50.09,50.38,21700,42.4
2008-04-09,50.78,50.82,50.25,50.35,81900,42.38
2008-04-10,50.59,51.18,50.42,51.02,108800,42.94
2008-04-11,50.7,51.18,50.25,50.57,94000,42.56
2008-04-14,51.16,51.56,51.1,51.27,110200,43.15
2008-04-15,51.96,52.07,51.64,52.07,34400,43.83
2008-04-16,53.11,53.73,52.96,53.53,171800,45.06
2008-04-17,53.42,54.23,53.4,54.05,186200,45.49
2008-04-18,54.6,54.82,54.28,54.65,44000,46
2008-04-21,54.23,54.28,53.93,54.22,36900,45.64
2008-04-22,54.14,54.22,53.8,54.08,43200,45.52
2008-04-23,54.27,54.85,54.27,54.79,50000,46.12
2008-04-24,54.62,54.81,54.2,54.49,55900,45.86
2008-04-25,54.42,54.44,54.01,54.44,25900,45.82
2008-04-28,53.77,53.88,53.47,53.47,27400,45.01
2008-04-29,53.23,53.23,52.86,52.98,53000,44.59
2008-04-30,53.18,54.16,53.14,54.16,38400,45.59
2008-05-01,53.42,53.69,53.32,53.69,24900,45.19
2008-05-02,53.42,53.72,53.18,53.5,67200,45.03
2008-05-05,54.4,54.4,53.9,54.2,16600,45.62
2008-05-06,54.05,55,53.9,54.82,46000,46.14
2008-05-07,54.1,54.58,53.43,53.47,65800,45.01
2008-05-08,53.31,61.32,53.3,53.77,57700,45.26
2008-05-09,53.77,53.77,53.27,53.34,79800,44.9
2008-05-12,53.8,54.33,53.7,54.23,64200,45.65
2008-05-13,54.22,54.22,53.88,54.1,76500,45.54
2008-05-14,54.61,55.15,54.61,54.81,86100,46.13
2008-05-15,54.79,55.62,54.79,55.62,149400,46.82
2008-05-16,56.01,56.43,55.85,56.42,109000,47.49
2008-05-19,56.02,59.97,55.79,55.91,61200,47.06
2008-05-20,55.45,55.49,54.72,54.81,81500,46.13
2008-05-21,55.94,56.54,55.64,55.65,94400,46.84
2008-05-22,56,56.17,55.93,55.98,17200,47.12
2008-05-23,55.95,55.95,55.53,55.55,68600,46.76
2008-05-27,56.1,56.94,56.04,56.94,62000,47.93
2008-05-28,57.2,57.2,56.77,57.07,174100,48.04
2008-05-29,57.59,59.01,57.55,58.18,45100,48.97
2008-05-30,58.2,59.97,58.03,58.61,40900,49.33
2008-06-02,57.54,57.54,56.8,57.31,47800,48.24
2008-06-03,57.54,57.54,56.5,56.91,21600,47.9
2008-06-04,56.27,57.08,56.17,56.79,47900,47.8
2008-06-05,56,56.91,55.97,56.89,59800,47.88
2008-06-06,56.45,56.6,55.82,55.82,95100,46.98
2008-06-09,55.56,56,55,55.64,46400,46.83
2008-06-10,55,55.17,54.7,54.81,71200,46.13
2008-06-11,55.28,55.34,54.5,54.54,1669600,45.91
2008-06-12,54.36,55.08,54.13,54.45,39400,45.83
2008-06-13,54.71,55,54.55,54.99,19200,46.29
2008-06-16,55.73,56.46,55.36,56.35,61600,47.43
2008-06-17,56.63,57.42,56.63,57.04,183600,48.01
2008-06-18,57,57.04,56.29,56.53,124400,47.58
2008-06-19,56.71,58.51,56.35,56.88,1011600,47.88
2008-06-20,57.3,57.3,55.94,56.2,567300,47.3
2008-06-23,56.59,56.72,56,56.44,136200,47.51
2008-06-24,56.26,56.28,55.57,55.74,136900,46.92
2008-06-25,56.06,56.54,55.7,56.12,101800,47.24
2008-06-26,55.27,55.52,54.85,54.88,105800,46.19
2008-06-27,54.81,54.9,54.45,54.83,75300,46.15
2008-06-30,55.13,57.76,54.46,54.95,66400,46.25
2008-07-01,55.48,56.41,55.15,56.07,84900,47.19
2008-07-02,55.74,55.74,54.06,54.06,116600,45.5
2008-07-03,54.42,54.47,52.17,53.82,57900,45.3
2008-07-07,52.7,52.99,51.05,52.32,88500,44.04
2008-07-08,52.33,53.15,52.08,53.11,67700,44.7
2008-07-09,53.76,54.27,52.51,52.61,102800,44.28
2008-07-10,51.95,52.35,51.18,52.05,82900,43.81
2008-07-11,51.4,51.4,49.73,50.22,177300,42.27
2008-07-14,50.73,50.87,50.27,50.56,53700,42.56
2008-07-15,50.45,50.73,50.03,50.4,112400,42.42
2008-07-16,49.64,50.26,49.1,50.23,208700,42.28
2008-07-17,50.16,50.41,49.94,50.16,233000,42.22
2008-07-18,49.76,51.08,49.76,50.63,31700,42.62
2008-07-21,50.19,50.4,49.25,50.18,43700,42.24
2008-07-22,49.87,50.93,49.87,50.77,202800,42.73
2008-07-23,50.34,51.55,50.18,51.34,86300,43.21
2008-07-24,50.64,50.64,49.52,49.65,73200,41.79
2008-07-25,50.2,50.74,50.09,50.73,55600,42.7
2008-07-28,50.6,50.6,49.84,50.01,84300,42.09
2008-07-29,50.22,50.62,50.12,50.44,96600,42.46
2008-07-30,50.56,50.65,49.71,50.28,172000,42.32
2008-07-31,49.91,50.5,49.9,49.96,55700,42.05
2008-08-01,50.54,50.84,50.01,50.44,47000,42.46
2008-08-04,49.38,49.38,48.55,48.58,18200,40.89
2008-08-05,48.75,49.52,48.75,49.52,44100,41.68
2008-08-06,48.92,49.28,48.64,49.22,101500,41.43
2008-08-07,48.74,49.14,48.37,48.62,44000,40.92
2008-08-08,48.27,49.24,48.25,48.94,73100,41.19
2008-08-11,48.84,48.98,48.44,48.81,45600,41.08
2008-08-12,48.21,48.21,47.73,47.96,52300,40.37
2008-08-13,47.68,48.23,46.28,47.65,55200,40.11
2008-08-14,48.04,48.95,48,48.7,211100,40.99
2008-08-15,49.2,49.8,49.06,49.79,24000,41.91
2008-08-18,49.43,49.78,48.69,48.93,46000,41.18
2008-08-19,49.04,49.14,48.75,49.14,78500,41.36
2008-08-20,49.2,49.55,49.02,49.29,16500,41.49
2008-08-21,49.47,49.77,49.3,49.57,38800,41.72
2008-08-22,49.67,50.1,49.64,49.77,176400,41.89
2008-08-25,49.56,49.56,49.02,49.34,71400,41.53
2008-08-26,48.82,49.09,48.69,48.89,29200,41.15
2008-08-27,48.48,49.13,48.48,49.09,26000,41.32
2008-08-28,48.2,48.47,48.15,48.47,28400,40.8
2008-08-29,48.48,48.48,47.92,47.94,44300,40.35
2008-09-02,47.62,47.75,47.18,47.33,13000,39.84
2008-09-03,47.22,47.34,46.87,47.33,19900,39.84
2008-09-04,47.56,47.59,46.39,46.72,99900,39.32
2008-09-05,46.42,46.46,45.45,46.3,155700,38.97
2008-09-08,47.86,47.86,46.72,46.93,41900,39.5
2008-09-09,46.97,46.97,45.41,45.41,67300,38.22
2008-09-10,46.02,46.17,45.62,45.62,42300,38.4
2008-09-11,44.83,45.31,44.31,45.31,107600,38.14
2008-09-12,44.54,45.31,44.54,45.16,120300,38.01
2008-09-15,43.55,44.82,43.2,43.95,100400,36.99
2008-09-16,42.72,43.6,42.72,43.36,49600,36.5
2008-09-17,41.67,42.2,40.66,40.66,59700,34.22
2008-09-18,40.98,42.07,39.8,41.92,103000,35.28
2008-09-19,43.36,45.99,42.94,44.05,68700,37.08
2008-09-22,42.85,44.74,42.85,43.79,108700,36.86
2008-09-23,44.39,44.39,41.83,43.56,36300,36.66
2008-09-24,44.29,44.69,44.07,44.18,48100,37.19
2008-09-25,44.39,45.22,44.39,44.96,16500,37.84
2008-09-26,44.85,44.85,44.26,44.64,10900,37.57
2008-09-29,43.53,43.53,41.5,41.61,33000,35.02
2008-09-30,41.68,43.54,41.68,43.54,59800,36.65
2008-10-01,42.75,43.5,42.49,43.34,88400,36.48
2008-10-02,42.45,42.45,41.12,41.12,58400,34.61
2008-10-03,41.79,42.32,41.13,41.22,18700,34.69
2008-10-06,39.54,42.8,36.14,37.88,96600,31.88
2008-10-07,38.58,38.97,36.79,36.79,31400,30.97
2008-10-08,35.86,37.72,35.54,36.78,77900,30.96
2008-10-09,36.13,36.77,33.98,34.36,130200,28.92
2008-10-10,32.94,35.34,30.6,31.75,134700,26.72
2008-10-13,35.79,37.29,35.68,37.29,60100,31.39
2008-10-14,38.75,39.17,37.25,37.81,57200,31.82
2008-10-15,36.26,37.33,34,34,47500,28.62
2008-10-16,34.32,35.89,33.86,35.89,81400,30.21
2008-10-17,35.65,36.51,34.74,35.34,42900,29.75
2008-10-20,36.44,37.65,35.49,37.33,77900,31.42
2008-10-21,35.82,36.86,35.82,35.96,72100,30.27
2008-10-22,34.88,34.88,33.22,33.53,13900,28.22
2008-10-23,34.15,35.32,33.61,34.42,39700,28.97
2008-10-24,32.59,33.52,32.49,33.27,43100,28
2008-10-27,32.69,32.92,31.61,31.85,48600,26.81
2008-10-28,33.33,33.88,32.04,33.88,33800,28.52
2008-10-29,33.42,33.85,32.71,33.83,22900,28.47
2008-10-30,34.09,34.62,33.76,34.4,23800,28.95
2008-10-31,34.6,35.95,34.36,35.45,47000,29.84
2008-11-03,34.77,35.49,34.77,35.12,15800,29.56
2008-11-04,35.42,36.57,35.42,36.28,22800,30.54
2008-11-05,35.36,35.48,33.92,33.92,61600,28.55
2008-11-06,33.9,33.9,33.05,33.35,11300,28.07
2008-11-07,33.51,34.55,33.51,34.44,16300,28.99
2008-11-10,35.92,35.92,34.41,34.84,13700,29.32
2008-11-11,34.28,34.29,33.43,33.69,27100,28.36
2008-11-12,33,33.1,32.14,32.14,44800,27.05
2008-11-13,31.61,32.59,30.02,32.59,111200,27.43
2008-11-14,32.45,32.72,31.81,32.04,21700,26.97
2008-11-17,30.91,31.28,30.57,30.59,20200,25.75
2008-11-18,30.49,31.05,29.87,30.58,101600,25.74
2008-11-19,30.47,30.78,29.01,29.21,82700,24.59
2008-11-20,28.59,29.71,27.7,28.17,111400,23.71
2008-11-21,28.84,29.61,27.89,29.45,48800,24.79
2008-11-24,28.69,30.35,28.69,29.94,85900,25.2
2008-11-25,30.8,30.81,30.44,30.7,22800,25.84
2008-11-26,30.15,31.24,30.15,31.24,6300,26.29
2008-11-28,30.97,31.45,30.97,31.18,2200,26.24
2008-12-01,30.06,30.06,29.29,29.29,11700,24.65
2008-12-02,30.33,30.33,29.81,30.22,8500,25.44
2008-12-03,29.48,30.32,29.48,30.27,9900,25.48
2008-12-04,29.87,30.74,29.87,30.18,26600,25.4
2008-12-05,29.62,30.61,29.24,30.42,43000,25.6
2008-12-08,32.21,32.92,32.21,32.55,86600,27.4
2008-12-09,32.3,32.99,31.86,31.93,24900,26.88
2008-12-10,32.81,33.26,31.7,32.19,10700,27.09
2008-12-11,32.64,32.94,31.75,31.75,74900,26.72
2008-12-12,31.46,32.11,30.87,31.95,38000,26.89
2008-12-15,31.76,31.76,30.68,31.09,22800,26.17
2008-12-16,31.93,32.86,31.93,32.79,8800,27.6
2008-12-17,32.95,33.8,31.91,33.58,20900,28.26
2008-12-18,34.01,34.01,32.14,32.95,398200,27.73
2008-12-19,33.06,33.5,31.56,32.93,109700,27.72
2008-12-22,32.12,32.12,30.5,30.73,63600,25.87
2008-12-23,30.14,30.16,29.05,29.31,145400,25.27
2008-12-24,28.84,29.21,28.66,28.8,16100,24.83
2008-12-26,29.27,29.57,28.75,29.25,16400,25.22
2008-12-29,29.16,29.32,28.12,28.68,143200,24.72
2008-12-30,29.63,30.22,29.4,30.22,61700,26.05
2008-12-31,30.31,30.7,30.11,30.5,32400,26.29
2009-01-02,31.02,32.19,30.48,32.19,116500,27.75
2009-01-05,31.35,31.78,31.22,31.33,31600,27.01
2009-01-06,32.4,32.66,31.89,32.35,22800,27.89
2009-01-07,32.1,32.14,30.77,31.97,47600,27.56
2009-01-08,31.54,32.06,31.48,32.06,23700,27.64
2009-01-09,32.01,32.12,31.4,31.7,64100,27.33
2009-01-12,32.02,32.1,31.44,31.68,14200,27.31
2009-01-13,31.84,31.87,31.35,31.85,25600,27.46
2009-01-14,31.12,31.12,30.57,30.62,24600,26.4
2009-01-15,31.27,31.59,30.1,31.31,46600,26.99
2009-01-16,32.17,32.19,31.01,31.7,24600,27.33
2009-01-20,31.41,31.72,30.62,30.62,60500,26.4
2009-01-21,30.64,31.45,30.37,31.45,48400,27.11
2009-01-22,30.27,30.51,30.06,30.18,14700,26.02
2009-01-23,29.94,30.15,29.41,29.99,21400,25.85
2009-01-26,30.54,30.96,30.39,30.55,40800,26.34
2009-01-27,30.29,30.93,30.29,30.78,6100,26.53
2009-01-28,31.35,31.61,31.17,31.3,6200,26.98
2009-01-29,31.03,31.48,30.46,30.53,38100,26.32
2009-01-30,30.46,30.61,30.05,30.13,27000,25.97
2009-02-02,30.11,30.74,30.11,30.44,15800,26.24
2009-02-03,31.17,31.39,30.88,31.29,16800,26.97
2009-02-04,31.71,32.42,31.36,31.51,25800,27.16
2009-02-05,31.85,32.47,31.85,32.31,12700,27.85
2009-02-06,31.92,32.85,31.92,32.71,34000,28.2
2009-02-09,32.91,33.55,32.91,33.29,20600,28.7
2009-02-10,33.32,33.5,32.33,32.37,14000,27.91
2009-02-11,32.35,32.85,32.32,32.83,15000,28.3
2009-02-12,32.4,32.66,32.09,32.23,7200,27.78
2009-02-13,32.61,32.86,32.26,32.67,13000,28.16
2009-02-17,31.77,32.18,31.67,31.95,38400,27.54
2009-02-18,32.24,32.53,32.07,32.07,22200,27.65
2009-02-19,32.34,32.46,31.73,31.94,86700,27.53
2009-02-20,31.4,31.86,31.28,31.62,18700,27.26
2009-02-23,31.31,31.31,30,30.44,41000,26.24
2009-02-24,30.5,31.24,29.22,31.13,42500,26.84
2009-02-25,30.86,31.32,30.54,31,25000,26.72
2009-02-26,31.27,31.27,30.31,30.31,25300,26.13
2009-02-27,30.24,30.78,30,30.52,17400,26.31
2009-03-02,29.8,30.85,29,29.09,27800,25.08
2009-03-03,29.49,29.99,29.1,29.35,19300,25.3
2009-03-04,30.42,30.94,30.27,30.9,9400,26.64
2009-03-05,29.81,29.81,29.1,29.5,52300,25.43
2009-03-06,29.4,29.64,29.09,29.36,33800,25.31
2009-03-09,29.15,29.65,28.89,28.89,20900,24.91
2009-03-10,28.93,30,28.93,29.82,61100,25.71
2009-03-11,29.99,30.19,29.51,29.95,29600,25.82
2009-03-12,29.98,30.7,29.71,30.7,31300,26.47
2009-03-13,30.7,31.12,30.6,31,27200,26.72
2009-03-16,31.15,31.52,30.88,30.95,10700,26.68
2009-03-17,31.15,31.59,31.04,31.59,5200,27.23
2009-03-18,31.55,31.97,31.07,31.85,17600,27.46
2009-03-19,31.83,31.92,31.2,31.4,12500,27.07
2009-03-20,31.46,31.82,31.27,31.45,23200,27.11
2009-03-23,32.17,33.11,32.17,33.08,9700,28.52
2009-03-24,32.93,33.13,32.42,32.9,5600,28.36
2009-03-25,33.41,33.62,32.7,33.03,40500,28.47
2009-03-26,33.59,34.24,33.59,34.24,28100,29.52
2009-03-27,33.53,33.83,33.46,33.49,25200,28.87
2009-03-30,33,33,32,32.23,21600,27.78
2009-03-31,33.15,33.59,32.93,33.16,18900,28.59
2009-04-01,32.04,33.88,32.04,33.69,13200,29.04
2009-04-02,34.62,35.15,34.43,34.43,19000,29.68
2009-04-03,34.74,34.75,32.86,34.49,14500,29.73
2009-04-06,34.61,34.99,34.44,34.99,13500,30.16
2009-04-07,34.5,34.93,34.41,34.41,11500,29.66
2009-04-08,33.77,35.15,33.77,35,33800,30.17
2009-04-09,35.05,36.05,35.05,36.01,29800,31.04
2009-04-13,37.29,37.29,35.67,35.94,11400,30.98
2009-04-14,35.54,35.67,35.01,35.36,43900,30.48
2009-04-15,35.07,35.59,35.05,35.39,23800,30.51
2009-04-16,36.34,36.6,35.85,36.52,29900,31.48
2009-04-17,36.21,36.74,36.13,36.63,6600,31.58
2009-04-20,35.63,35.63,34.3,34.38,26700,29.64
2009-04-21,33.9,35.06,33.9,34.98,63400,30.16
2009-04-22,34.45,34.86,34.45,34.48,14300,29.72
2009-04-23,34.9,35.13,34.57,35.03,16100,30.2
2009-04-24,35.31,35.93,34.84,35.73,29200,30.8
2009-04-27,35.65,35.71,35.26,35.46,22600,30.57
2009-04-28,35.28,35.69,35.28,35.56,11100,30.66
2009-04-29,35.46,36.13,35.02,35.85,17900,30.91
2009-04-30,36.34,36.64,35.98,35.98,18400,31.02
2009-05-01,36.47,36.54,36.2,36.5,13500,31.47
2009-05-04,37.06,37.57,36.97,37.55,36400,32.37
2009-05-05,37.52,37.72,37.33,37.55,16500,32.37
2009-05-06,38,38.21,37.65,37.85,16600,32.63
2009-05-07,38.02,38.02,37.33,37.34,5800,32.19
2009-05-08,38.18,38.41,37.76,38.12,18000,32.86
2009-05-11,37.97,38.56,37.64,38.42,13600,33.12
2009-05-12,38.18,38.45,37.97,38.28,5000,33
2009-05-13,37.48,37.62,37.03,37.16,41800,32.03
2009-05-14,37.51,37.92,37.39,37.68,8200,32.48
2009-05-15,37.45,37.87,37,37.36,18100,32.21
2009-05-18,37.66,38.16,37.58,38.16,19600,32.9
2009-05-19,38.93,39.24,38.9,39.04,15900,33.66
2009-05-20,40.04,40.42,39.96,39.99,10000,34.47
2009-05-21,39.9,40.07,39.49,39.86,5400,34.36
2009-05-22,40.5,40.81,40.19,40.63,21400,35.03
2009-05-26,39.75,41.04,39.6,40.96,44700,35.31
2009-05-27,40.51,40.59,40.34,40.34,11600,34.78
2009-05-28,40.48,40.48,39.97,40.32,13800,34.76
2009-05-29,40.59,41.16,40.49,40.97,44500,35.32
2009-06-01,42.18,42.77,42.18,42.74,29500,36.84
2009-06-02,42.41,42.79,42.32,42.69,13600,36.8
2009-06-03,41.69,42.04,41.49,41.49,70900,35.77
2009-06-04,41.51,42.34,41.45,42.34,13200,36.5
2009-06-05,41.95,42.36,41.88,41.96,55000,36.17
2009-06-08,41.68,41.68,41.27,41.6,14400,35.86
2009-06-09,42.28,42.78,42.25,42.64,15000,36.76
2009-06-10,42.45,42.45,41.82,42.18,14700,36.36
2009-06-11,42.03,42.87,42.03,42.65,11000,36.77
2009-06-12,42.16,42.78,41.99,42.41,26700,36.56
2009-06-15,41.41,41.41,40.35,40.72,42500,35.1
2009-06-16,41.29,41.38,40.74,40.74,83200,35.12
2009-06-17,40.4,40.4,39.86,39.97,39000,34.46
2009-06-18,39.79,40.27,39.79,39.97,10700,34.46
2009-06-19,40.21,40.43,39.99,40.05,7600,34.53
2009-06-22,40.05,40.19,39.46,39.46,3300,34.02
2009-06-23,39.62,39.94,39.5,39.64,19900,34.4
2009-06-24,40.46,41.1,40.46,40.75,25200,35.36
2009-06-25,40.02,40.54,39.92,40.48,6100,35.12
2009-06-26,40.41,40.8,40.35,40.8,5100,35.4
2009-06-29,40.76,41.83,40.76,41.83,15100,36.3
2009-06-30,41.64,41.65,40.73,41.31,19500,35.84
2009-07-01,42.29,42.67,42.02,42.65,147000,37.01
2009-07-02,41.92,41.92,41.16,41.36,8700,35.89
2009-07-06,40.21,40.7,40.21,40.65,18800,35.27
2009-07-07,40.76,40.87,40.3,40.3,12600,34.97
2009-07-08,40.05,40.39,39.4,40.18,93300,34.86
2009-07-09,39.95,40.42,39.78,40.05,11500,34.75
2009-07-10,39.94,40,39.5,39.7,14200,34.45
2009-07-13,40,40.53,39.57,40.4,17700,35.05
2009-07-14,40.66,40.72,40.44,40.66,17000,35.28
2009-07-15,42.08,42.37,41.68,42.35,16400,36.75
2009-07-16,42.37,42.6,42.3,42.57,32000,36.94
2009-07-17,42.35,42.35,41.89,42.21,25500,36.63
2009-07-20,42.66,43,42.46,42.93,13800,37.25
2009-07-21,43.35,43.5,43.17,43.36,5000,37.62
2009-07-22,43.47,43.61,43.31,43.31,13800,37.58
2009-07-23,43.74,44.89,43.74,44.67,58900,38.76
2009-07-24,44.46,44.56,44.13,44.56,25800,38.66
2009-07-27,45.41,45.77,45.3,45.77,16300,39.71
2009-07-28,46.3,46.9,46.24,46.9,25600,40.69
2009-07-29,46.79,47.25,46.39,46.95,39400,40.74
2009-07-30,47.16,47.66,47.14,47.27,41900,41.02
2009-07-31,46.97,47.55,46.83,47.3,23900,41.04
2009-08-03,48.75,48.75,47.8,48.59,80600,42.16
2009-08-04,47.26,47.66,46.9,47.13,39100,40.89
2009-08-05,47.34,47.34,46.5,47.08,35300,40.85
2009-08-06,47.01,47.18,46.55,46.67,23100,40.5
2009-08-07,47.17,47.53,47.02,47.53,18300,41.24
2009-08-10,46.65,47.05,46.26,46.49,24800,40.34
2009-08-11,46.22,46.22,45.6,46.21,40500,40.1
2009-08-12,45.99,46.94,45.99,46.82,12000,40.63
2009-08-13,47.41,47.74,47.31,47.59,13100,41.29
2009-08-14,47.79,47.79,47.06,47.31,4600,41.05
2009-08-17,46.31,46.31,45.45,45.67,16200,39.63
2009-08-18,46.03,46.36,45.9,46.33,6600,40.2
2009-08-19,46.05,46.87,46.03,46.62,15000,40.45
2009-08-20,46.59,47.32,46.59,47.29,11300,41.03
2009-08-21,47.48,47.76,47.37,47.68,10600,41.37
2009-08-24,48.16,48.59,48,48.38,18900,41.98
2009-08-25,48.94,49.36,48.89,49.07,22900,42.58
2009-08-26,48.84,48.89,48.29,48.56,19300,42.14
2009-08-27,48.21,48.44,47.17,47.82,16900,41.49
2009-08-28,47.7,47.75,47.5,47.66,23600,41.35
2009-08-31,46.91,47.04,46.43,46.81,82600,40.62
2009-09-01,47.09,47.69,46.77,46.94,144700,40.73
2009-09-02,46.75,46.97,46.52,46.84,6300,40.64
2009-09-03,47.49,47.54,47.25,47.51,12100,41.22
2009-09-04,47.8,48.55,47.8,48.49,5600,42.07
2009-09-08,47.71,48.2,47.24,47.58,33400,41.29
2009-09-09,47.55,48.32,47.55,48.14,12400,41.77
2009-09-10,47.58,47.99,47.16,47.74,18500,41.42
2009-09-11,47.76,48.16,47.76,47.77,10500,41.45
2009-09-14,46.54,47.07,46.26,46.61,15900,40.44
2009-09-15,46.8,47.09,46.63,46.89,26700,40.69
2009-09-16,47.82,48.38,47.36,48.16,17800,41.79
2009-09-17,47.98,48.24,47.64,47.7,20800,41.39
2009-09-18,48.23,48.38,48.06,48.36,12500,41.96
2009-09-21,48.01,48.3,47.65,48.18,10200,41.81
2009-09-22,48.49,48.71,48.29,48.31,40700,41.92
2009-09-23,48.75,49,47.86,47.86,35000,41.53
2009-09-24,48.56,48.72,48.01,48.25,18600,41.87
2009-09-25,48.14,48.26,48,48,10300,41.65
2009-09-28,47.9,49.03,47.78,48.75,20300,42.3
2009-09-29,49.51,49.51,48.82,49.19,18000,42.68
2009-09-30,49.16,49.3,48.25,48.91,58200,42.44
2009-10-01,49.2,49.2,48,48.13,238500,41.76
2009-10-02,47.68,48.37,47.49,48.14,42700,41.77
2009-10-05,48.91,49.14,48.8,49.08,12800,42.59
2009-10-06,49.55,50.96,49.5,50.11,41100,43.48
2009-10-07,49.98,50.02,49.54,49.79,60400,43.2
2009-10-08,50.25,50.4,50.1,50.25,40600,43.6
2009-10-09,50.31,50.42,49.88,50.15,7400,43.51
2009-10-12,50.39,50.84,50.14,50.44,13800,43.77
2009-10-13,50.22,50.47,50.11,50.37,8600,43.71
2009-10-14,50.93,51.45,50.91,51.41,7900,44.61
2009-10-15,51.08,51.12,50.71,50.92,52300,44.18
2009-10-16,50.49,50.9,50.37,50.82,6700,44.1
2009-10-19,51.07,51.39,50.76,51.39,9300,44.59
2009-10-20,51.38,51.38,50.86,51.33,7200,44.54
2009-10-21,50.88,51.59,50.79,50.79,7200,44.07
2009-10-22,51.22,52.03,51.02,52.03,86300,45.15
2009-10-23,52,52,51.32,51.32,18400,44.53
2009-10-26,52.01,52.25,50.85,51.27,14100,44.49
2009-10-27,51.67,51.7,50.96,51.38,27800,44.58
2009-10-28,50.66,50.66,49.21,49.5,22900,42.95
2009-10-29,50.05,50.42,49.76,50.42,11900,43.75
2009-10-30,50.34,50.34,49.26,49.32,41300,42.79
2009-11-02,48.97,49.45,48.53,49.37,193800,42.84
2009-11-03,48.37,48.6,47.65,48.6,36800,42.17
2009-11-04,49.16,49.49,49.05,49.21,68200,42.7
2009-11-05,49.56,50.33,49.56,50.31,54700,43.65
2009-11-06,50.54,50.76,50.39,50.6,18800,43.91
2009-11-09,52.26,52.26,51.43,52.13,30700,45.23
2009-11-10,51.56,51.73,51.35,51.46,13700,44.65
2009-11-11,52.3,52.3,51.76,51.9,26000,45.03
2009-11-12,51.87,51.97,51.09,51.09,33200,44.33
2009-11-13,51.36,52.39,51.33,51.56,7400,44.74
2009-11-16,52.48,52.71,52.12,52.58,31200,45.62
2009-11-17,52.63,52.64,52.36,52.59,18600,45.63
2009-11-18,52.5,52.56,52.16,52.56,8500,45.61
2009-11-19,51.88,51.98,51.51,51.98,10800,45.1
2009-11-20,51.56,51.62,51.36,51.58,8900,44.76
2009-11-23,52.3,52.95,52.3,52.86,25100,45.87
2009-11-24,53.23,53.23,52.43,52.96,144500,45.95
2009-11-25,53.35,53.36,53.1,53.31,19000,46.26
2009-11-27,52.31,52.42,51.12,51.75,30000,44.9
2009-11-30,51.86,52.17,51.55,52.16,30800,45.26
2009-12-01,52.78,53.44,52.78,53.26,35500,46.21
2009-12-02,53.47,53.81,53.25,53.52,49200,46.44
2009-12-03,54,54.2,53.54,53.59,51900,46.5
2009-12-04,54.17,54.21,53.49,53.49,35900,46.41
2009-12-07,53.54,54.13,53.54,53.86,32300,46.73
2009-12-08,53.46,53.46,52.86,53.09,129400,46.07
2009-12-09,53.45,53.46,52.94,53.46,32500,46.39
2009-12-10,54.25,54.31,53.9,54.18,13600,47.01
2009-12-11,54.34,54.34,53.71,54.09,30400,46.93
2009-12-14,54.22,54.44,53.94,54.37,26100,47.18
2009-12-15,53.83,54.03,53.61,53.71,12000,46.6
2009-12-16,54.21,54.21,53.96,54.05,42200,46.9
2009-12-17,53.12,53.45,52.65,52.81,31600,45.82
2009-12-18,52.87,53.29,52.8,53.21,23100,46.17
2009-12-21,53.32,54,53.32,53.88,5300,46.75
2009-12-22,53.69,54.22,53.63,54.22,188000,47.51
2009-12-23,54.2,54.24,53.88,54.05,10900,47.36
2009-12-24,54.26,55.02,54.26,54.65,9700,47.88
2009-12-28,54.94,55.85,54.57,54.86,83600,48.07
2009-12-29,54.79,54.79,54.25,54.25,52000,47.53
2009-12-30,54.52,54.61,54.23,54.5,179000,47.75
2009-12-31,54.96,54.96,54.27,54.4,22500,47.66
2010-01-04,56.17,56.85,55.86,56.56,101800,49.56
2010-01-05,57.04,57.08,56.49,56.82,162100,49.78
2010-01-06,57.21,57.25,56.87,57.18,95400,50.1
2010-01-07,57.26,57.26,56.88,57,53900,49.94
2010-01-08,57.19,57.9,56.9,57.88,115400,50.71
2010-01-11,57.81,57.81,57.31,57.63,25200,50.49
2010-01-12,56.64,56.64,56.1,56.19,106700,49.23
2010-01-13,56.87,57.39,56.54,56.89,50400,49.85
2010-01-14,56.82,56.92,56.56,56.7,35900,49.68
2010-01-15,56.55,57.08,56.2,56.51,19000,49.51
2010-01-19,57.38,57.62,57.17,57.47,71500,50.35
2010-01-20,56.76,56.76,55.7,56.29,45100,49.32
2010-01-21,56.5,56.56,55.25,55.26,46000,48.42
2010-01-22,55.17,55.44,54.52,54.9,33800,48.1
2010-01-25,55.22,55.44,54.83,55.35,66200,48.5
2010-01-26,54.56,55.35,54.49,54.87,24100,48.08
2010-01-27,54.97,55.06,54.43,54.78,23700,48
2010-01-28,55.29,55.41,54.4,54.85,54100,48.06
2010-01-29,54.64,55,53.87,54,50000,47.31
2010-02-01,54.06,54.91,54.02,54.57,33500,47.81
2010-02-02,55.18,55.92,55.1,55.88,96500,48.96
2010-02-03,55.11,55.92,55.11,55.67,76600,48.78
2010-02-04,55.08,55.08,54,54.18,41100,47.47
2010-02-05,53.72,54.15,53,53.75,92300,47.09
2010-02-08,54.04,54.39,53.76,53.99,44100,47.3
2010-02-09,54.52,54.55,53.72,54.11,176100,47.41
2010-02-10,54.46,54.57,53.82,54,85700,47.31
2010-02-11,54.68,55.46,54.36,55.37,42900,48.51
2010-02-12,55.02,55.29,54.67,55.02,47300,48.21
2010-02-16,55.56,56.22,55.56,56.22,83000,49.26
2010-02-17,56.2,56.2,55.45,55.94,120800,49.01
2010-02-18,55.72,56,55.45,55.88,118600,48.96
2010-02-19,55.75,56.25,55.42,56.12,35300,49.17
2010-02-22,56.07,56.46,55.8,56.24,86800,49.28
2010-02-23,55.98,56,55.4,55.6,32100,48.71
2010-02-24,56.3,56.3,55.75,55.99,39700,49.06
2010-02-25,55,55.72,54.66,55.69,40100,48.79
2010-02-26,55.84,56.16,55.36,55.91,284500,48.99
2010-03-01,56.16,56.42,55.91,56.39,96900,49.41
2010-03-02,56.58,57.09,56.47,56.8,133200,49.77
2010-03-03,57.09,57.09,56.57,56.57,102500,49.56
2010-03-04,57.17,57.33,56.83,57.24,54900,50.15
2010-03-05,57.74,57.97,57.47,57.95,68900,50.77
2010-03-08,57.94,57.94,57.18,57.43,71500,50.32
2010-03-09,57.23,57.59,57.02,57.32,272800,50.22
2010-03-10,57.58,57.95,57.53,57.82,45300,50.66
2010-03-11,57.97,58.43,57.7,58.43,42900,51.19
2010-03-12,58.77,58.78,58.37,58.47,34100,51.23
2010-03-15,58.28,58.28,57.83,58.07,58600,50.88
2010-03-16,58.15,58.37,57.8,58.37,32100,51.14
2010-03-17,58.53,58.79,58.4,58.59,61600,51.33
2010-03-18,58.83,58.83,58.24,58.49,39800,51.25
2010-03-19,58.15,58.89,58.01,58.15,34900,50.95
2010-03-22,57.95,58.42,57.8,58.24,23200,51.03
2010-03-23,58.85,59.04,58.55,58.85,35900,51.56
2010-03-24,58.92,59.1,58.61,58.63,221400,51.37
2010-03-25,58.97,59.2,58.63,58.63,51500,51.37
2010-03-26,58.97,60.68,58.64,58.84,53200,51.55
2010-03-29,59.12,59.69,59.12,59.6,152800,52.22
2010-03-30,59.62,59.68,58.63,59.16,151000,51.83
2010-03-31,59.14,59.31,58.78,58.86,112900,51.57
2010-04-01,59.22,59.54,59.12,59.13,120100,51.81
2010-04-05,59.75,60,59.29,59.95,73300,52.53
2010-04-06,59.69,59.9,59.42,59.9,32200,52.48
2010-04-07,59.47,59.47,58.64,58.8,74700,51.52
2010-04-08,58.57,58.61,57.97,58.29,134300,51.07
2010-04-09,58.56,58.77,58.45,58.7,22100,51.43
2010-04-12,58.91,59.06,58.74,59.01,30100,51.7
2010-04-13,58.85,58.9,58.5,58.88,34500,51.59
2010-04-14,58.9,59.01,58.78,59,40200,51.69
2010-04-15,58.48,58.57,58.11,58.54,73600,51.29
2010-04-16,58.55,58.55,57.26,57.72,168800,50.57
2010-04-19,57.34,57.67,56.78,57.38,127400,50.27
2010-04-20,57.97,57.97,57.49,57.83,50300,50.67
2010-04-21,57.9,57.9,57.08,57.26,207700,50.17
2010-04-22,57.09,57.51,56.76,57.42,38700,50.31
2010-04-23,57.39,58.06,57.39,57.98,38900,50.8
2010-04-26,57.86,57.99,57.25,57.52,56000,50.4
2010-04-27,57.32,57.45,56.19,56.39,78000,49.41
2010-04-28,56.5,56.6,55.67,55.88,106000,48.96
2010-04-29,55.86,55.86,55.2,55.5,122900,48.63
2010-04-30,55.5,55.81,55.01,55.01,55500,48.2
2010-05-03,55.55,56.33,54.77,56.03,172600,49.09
2010-05-04,55.03,55.05,53.63,53.97,214300,47.29
2010-05-05,53.15,53.81,52.72,53.39,315800,46.78
2010-05-06,53.18,53.56,45,51.03,148300,44.71
2010-05-07,52.01,52.2,49.32,50.49,102400,44.24
2010-05-10,54.52,55.25,54.05,54.46,119200,47.72
2010-05-11,53.57,55.21,53.28,54,30200,47.31
2010-05-12,54.58,54.58,54.01,54.3,57300,47.58
2010-05-13,54,54.06,53.06,53.07,86400,46.5
2010-05-14,52.74,52.74,51.61,51.97,53500,45.53
2010-05-17,52.92,52.92,51.36,52.25,62400,45.78
2010-05-18,52.83,52.83,51.19,51.44,40300,45.07
2010-05-19,51.11,51.2,50.38,50.84,79100,44.54
2010-05-20,50.24,50.75,49.47,49.74,59100,43.58
2010-05-21,48.68,50.12,48.6,49.73,142200,43.57
2010-05-24,50.47,50.93,50.32,50.34,68200,44.11
2010-05-25,49.34,50.5,49.1,50.33,105400,44.1
2010-05-26,50.05,50.2,49.03,49.27,259300,43.17
2010-05-27,49.93,50.94,49.72,50.88,81200,44.58
2010-05-28,50.48,50.84,49.73,50.45,203500,44.2
2010-06-01,48.63,49.26,48.07,48.27,166700,42.29
2010-06-02,46.63,49.63,46.63,49.46,273000,43.34
2010-06-03,49.4,49.83,49.24,49.63,49900,43.48
2010-06-04,48.86,49.2,47.87,48.13,73600,42.17
2010-06-07,48.15,48.42,47.31,47.31,29200,41.45
2010-06-08,47.73,47.89,47.25,47.88,76800,41.95
2010-06-09,47.97,48.76,47.8,47.92,24100,41.99
2010-06-10,48.24,49.09,48.24,49.09,14500,43.01
2010-06-11,48.93,49.24,48.79,49.18,4800,43.09
2010-06-14,49.9,50.23,49.56,49.56,38800,43.42
2010-06-15,49.86,50.54,49.86,50.49,58200,44.24
2010-06-16,49.75,50.36,49.53,49.9,103700,43.72
2010-06-17,49.91,50.15,49.63,50,60400,43.81
2010-06-18,49.98,50.15,49.78,49.96,16100,43.77
2010-06-21,50.87,51.16,50.24,50.5,96700,44.25
2010-06-22,50.39,50.39,49.6,49.73,21600,43.57
2010-06-23,48.74,48.74,48.04,48.34,20400,43.2
2010-06-24,47.91,47.91,47.35,47.35,63100,42.31
2010-06-25,47.6,47.82,47.4,47.75,13600,42.67
2010-06-28,47.44,47.7,47.29,47.45,21000,42.4
2010-06-29,46.4,46.68,45.62,45.77,180000,40.9
2010-06-30,46.08,46.51,45.4,45.57,129500,40.72
2010-07-01,45.97,46.3,45.29,45.71,176500,40.85
2010-07-02,46,46.22,45.49,45.59,33500,40.74
2010-07-06,47.6,48.1,47.03,47.26,166700,42.23
2010-07-07,47.07,48.35,47.03,48.34,344900,43.2
2010-07-08,47.97,47.97,47.54,47.92,33600,42.82
2010-07-09,47.73,48.4,47.73,48.23,29900,43.1
2010-07-12,48.87,48.99,48.52,48.69,26100,43.51
2010-07-13,49.13,49.5,49.12,49.46,19400,44.2
2010-07-14,48.8,49.22,48.67,49.22,17600,43.98
2010-07-15,49.15,49.25,48.77,49.25,75700,44.01
2010-07-16,48.98,49.09,47.87,48.09,83000,42.97
2010-07-19,48.5,48.51,48.03,48.24,32500,43.11
2010-07-20,47.6,48.53,47.51,48.45,124400,43.3
2010-07-21,48.86,48.86,47.9,48.17,13900,43.05
2010-07-22,48.8,49.42,48.79,49.26,29200,44.02
2010-07-23,49.08,49.28,48.38,48.58,191000,43.41
2010-07-26,48.43,48.93,48.14,48.93,19300,43.72
2010-07-27,49.1,49.15,48.53,48.62,27700,43.45
2010-07-28,48.76,48.91,48.2,48.2,27700,43.07
2010-07-29,48.96,48.96,48.15,48.36,15300,43.22
2010-07-30,48.1,48.93,47.9,48.41,277700,43.26
2010-08-02,50.43,50.63,49.98,50.63,118700,45.24
2010-08-03,50.09,50.37,50,50.05,9100,44.73
2010-08-04,50.24,50.5,50.19,50.32,36300,44.97
2010-08-05,50.42,50.63,50.41,50.49,31200,45.12
2010-08-06,50.41,50.46,49.81,50.35,32700,44.99
2010-08-09,50.97,51.21,50.85,51.12,30800,45.68
2010-08-10,50.49,50.97,50.21,50.69,36800,45.3
2010-08-11,49.79,49.79,49.37,49.4,25200,44.14
2010-08-12,49.18,49.95,49.18,49.9,38200,44.59
2010-08-13,49.46,49.79,49.46,49.63,43300,44.35
2010-08-16,49.63,50.39,49.63,49.98,53900,44.66
2010-08-17,50.83,50.95,50.6,50.65,650500,45.26
2010-08-18,50.56,50.82,50.31,50.63,465400,45.24
2010-08-19,50.46,50.56,49.75,49.88,34500,44.57
2010-08-20,49.64,49.81,49.42,49.79,65700,44.49
2010-08-23,50.25,50.54,49.76,49.79,55300,44.49
2010-08-24,49.31,49.54,48.92,49.25,77600,44.01
2010-08-25,48.64,49.32,48.56,49.23,21100,43.99
2010-08-26,49.05,49.36,48.66,49.01,30400,43.8
2010-08-27,49.04,49.41,48.5,49.39,31600,44.14
2010-08-30,49.65,49.65,49.13,49.16,14400,43.93
2010-08-31,49.19,49.59,49.18,49.46,34500,44.2
2010-09-01,49.99,50.72,49.99,50.6,23700,45.22
2010-09-02,50.35,50.67,50.35,50.67,8300,45.28
2010-09-03,51.08,51.34,50.91,51.13,26000,45.69
2010-09-07,51.26,51.49,50.97,51.49,12700,46.01
2010-09-08,51.33,52.18,51.33,51.91,22600,46.39
2010-09-09,52.58,52.58,52.04,52.06,13000,46.52
2010-09-10,52.4,52.5,52.04,52.12,10800,46.58
2010-09-13,52.43,52.54,52.12,52.3,39200,46.74
2010-09-14,52.04,52.59,52,52.45,17100,46.87
2010-09-15,52.37,52.4,52,52.4,24000,46.83
2010-09-16,52.47,52.47,51.71,52.05,22700,46.51
2010-09-17,51.98,52.13,51.76,52.13,55900,46.58
2010-09-20,53.29,54.04,52.98,53.89,210500,48.16
2010-09-21,54.4,54.75,54.31,54.7,16900,48.88
2010-09-22,54.66,54.87,54.37,54.6,129400,48.79
2010-09-23,54.32,54.49,53.84,54.08,34000,48.33
2010-09-24,54.79,55.19,54.76,55.02,38800,49.17
2010-09-27,54.74,54.78,54.4,54.4,175100,48.61
2010-09-28,54.46,54.97,54.2,54.93,214800,49.09
2010-09-29,54.88,54.97,54.61,54.87,111000,49.03
2010-09-30,55.11,55.6,54.7,54.91,51700,49.07
2010-10-01,55.33,55.39,54.85,55.27,21000,49.39
2010-10-04,55.03,55.36,54.91,55.26,109300,49.38
2010-10-05,56.29,56.68,56.09,56.61,142100,50.59
2010-10-06,56.3,56.3,55.95,56.13,39200,50.16
2010-10-07,56.11,56.11,55.11,55.25,62000,49.37
2010-10-08,55.38,55.42,55.14,55.27,39200,49.39
2010-10-11,56.35,56.59,56.34,56.35,25000,50.36
2010-10-12,56.21,56.88,55.79,56.75,342700,50.71
2010-10-13,57.48,57.82,57.17,57.59,74800,51.46
2010-10-14,57.95,57.95,57.29,57.8,184300,51.65
2010-10-15,57.95,58.07,57.59,58.04,62900,51.87
2010-10-18,57.87,58.05,57.69,57.72,108800,51.58
2010-10-19,57.25,57.26,56.57,56.84,15200,50.79
2010-10-20,57.24,57.81,57.16,57.4,5600,51.29
2010-10-21,57.67,57.95,56.99,57.42,34800,51.31
2010-10-22,57.14,57.56,57.14,57.3,9300,51.2
2010-10-25,57.9,57.9,57.56,57.58,8400,51.45
2010-10-26,56.97,57.08,56.54,56.74,375700,50.7
2010-10-27,56.51,56.65,56.3,56.62,20700,50.6
2010-10-28,57.09,57.18,56.78,57.02,51400,50.95
2010-10-29,57.06,57.26,56.9,56.97,29400,50.91
2010-11-01,57.51,57.65,56.86,57,49200,50.94
2010-11-02,57.41,57.78,57.15,57.57,64000,51.45
2010-11-03,57.19,57.4,56.8,57.2,61700,51.11
2010-11-04,57.73,57.95,57.69,57.88,45300,51.72
2010-11-05,57.95,57.96,57.51,57.83,98600,51.68
2010-11-08,57.1,57.2,56.7,56.84,61600,50.79
2010-11-09,57.2,57.29,56.35,56.68,256200,50.65
2010-11-10,56.81,57.02,56.41,56.95,19200,50.89
2010-11-11,55.93,56.12,55.62,55.98,114800,50.02
2010-11-12,55.74,55.88,55.06,55.39,38000,49.5
2010-11-15,55.97,56.17,55.85,55.85,58500,49.91
2010-11-16,55.86,55.99,55.01,55.17,26100,49.3
2010-11-17,55.58,55.99,55.58,55.76,12800,49.83
2010-11-18,56.78,57.23,56.78,56.87,23100,50.82
2010-11-19,57.17,57.29,56.8,57.22,8700,51.13
2010-11-22,57.46,57.48,56.67,56.99,17500,50.93
2010-11-23,56.03,56.04,55.6,55.76,27800,49.83
2010-11-24,56.33,56.85,56.33,56.55,7100,50.53
2010-11-26,56.01,56.14,55.59,56.14,36000,50.17
2010-11-29,56.11,56.4,55.81,56.27,28300,50.28
2010-11-30,55.43,55.76,55.15,55.59,22500,49.68
2010-12-01,55.99,56.38,55.97,56.11,11700,50.14
2010-12-02,56.66,57.03,56.58,56.92,17600,50.86
2010-12-03,56.92,57.05,56.72,57.03,11900,50.96
2010-12-06,57.12,57.45,57.12,57.42,17000,51.31
2010-12-07,57.77,57.88,57.45,57.5,17300,51.38
2010-12-08,57.54,57.83,57.36,57.83,7600,51.68
2010-12-09,58.51,58.54,58.26,58.43,9000,52.21
2010-12-10,58.74,59.11,58.54,58.97,13100,52.7
2010-12-13,59.2,59.4,59.1,59.2,7600,52.9
2010-12-14,59.73,59.77,59.26,59.39,200200,53.07
2010-12-15,59.41,59.66,59,59.26,166700,52.96
2010-12-16,59.42,59.84,59.33,59.74,90500,53.38
2010-12-17,59.9,59.91,59.52,59.81,28500,53.45
2010-12-20,59.55,59.57,59.15,59.16,24100,52.87
2010-12-21,58.53,58.82,58.39,58.82,29500,53.42
2010-12-22,58.77,58.89,58.56,58.7,42600,53.31
2010-12-23,58.6,58.96,58.28,58.85,15400,53.44
2010-12-27,59,59,58.48,58.79,20300,53.39
2010-12-28,58.99,59.02,58.7,58.78,363000,53.38
2010-12-29,59.55,59.77,59.52,59.69,30000,54.21
2010-12-30,60,60.26,59.92,60.13,38200,54.61
2010-12-31,60.08,60.6,59.81,60.52,8800,54.96
2011-01-03,61.16,61.57,61.1,61.29,186900,55.66
2011-01-04,61.34,61.34,60.64,60.96,113900,55.36
2011-01-05,60.84,61.17,60.67,60.97,33200,55.37
2011-01-06,60.81,60.97,60.52,60.85,17600,55.26
2011-01-07,60.93,61.09,60.3,60.85,29800,55.26
2011-01-10,59.91,60.55,59.91,60.55,13800,54.99
2011-01-11,61.35,61.35,60.56,60.75,178100,55.17
2011-01-12,61.18,61.62,60.93,61.44,292200,55.8
2011-01-13,61.02,61.24,60.76,61.05,23100,55.44
2011-01-14,60.94,61.28,60.88,61.19,25000,55.57
2011-01-18,61.52,61.7,61.11,61.5,39600,55.85
2011-01-19,61.79,61.79,60.69,60.93,22900,55.33
2011-01-20,60.14,60.14,59.49,59.89,40200,54.39
2011-01-21,60.08,60.08,59.6,59.85,28100,54.35
2011-01-24,59.14,59.71,59.14,59.71,46500,54.22
2011-01-25,59.32,59.8,59.03,59.8,9100,54.31
2011-01-26,59.86,60.36,59.52,59.99,22600,54.48
2011-01-27,59.67,59.92,59.54,59.73,11900,54.24
2011-01-28,59.31,59.45,57.63,58,132300,52.67
2011-01-31,56.44,56.91,56.27,56.91,67500,51.68
2011-02-01,57.01,57.42,56.66,57.28,574500,52.02
2011-02-02,57.44,57.48,57.09,57.29,59400,52.03
2011-02-03,57.21,57.21,56.57,56.81,27800,51.59
2011-02-04,56.44,56.9,56.25,56.83,38900,51.61
2011-02-07,57.72,58.43,57.72,58.15,40100,52.81
2011-02-08,57.73,57.98,57.54,57.86,35500,52.54
2011-02-09,57.34,57.5,56.97,57.07,17800,51.83
2011-02-10,56.59,57.22,56.42,57.21,48400,51.95
2011-02-11,56.99,57.27,56.55,57.1,27200,51.85
2011-02-14,57.21,57.71,57.16,57.49,14700,52.21
2011-02-15,57.61,57.96,57.44,57.47,59500,52.19
2011-02-16,58.58,58.95,58.19,58.86,114900,53.45
2011-02-17,58.72,59.15,58.52,58.9,15300,53.49
2011-02-18,59.18,59.18,58.71,58.95,45400,53.53
2011-02-22,57.81,57.81,56.64,56.67,41000,51.46
2011-02-23,56.43,56.85,55.96,56.85,114700,51.63
2011-02-24,55.78,55.88,54.99,55.6,26200,50.49
2011-02-25,55.98,56.47,55.98,56.45,167800,51.26
2011-02-28,56.53,56.99,56.53,56.72,18100,51.51
2011-03-01,55.84,55.86,55.07,55.12,25000,50.06
2011-03-02,55.14,55.75,55.14,55.74,49600,50.62
2011-03-03,56.12,56.64,56.12,56.54,9800,51.35
2011-03-04,56.4,56.4,55.69,56,26100,50.85
2011-03-07,55.86,56.29,55.44,55.73,20700,50.61
2011-03-08,55.82,56.53,55.82,56.28,12800,51.11
2011-03-09,55.76,55.95,55.65,55.73,13800,50.61
2011-03-10,55.98,55.98,55.54,55.62,14700,50.51
2011-03-11,55.35,56.05,55.35,55.82,13100,50.69
2011-03-14,55.34,55.58,55.33,55.58,15800,50.47
2011-03-15,54.13,55.36,54,55.31,31400,50.23
2011-03-16,55.04,55.24,53.93,54.27,20600,49.28
2011-03-17,55.55,55.92,55.46,55.67,14100,50.56
2011-03-18,56.36,56.55,56.01,56.12,15200,50.96
2011-03-21,57.16,57.39,57.07,57.19,14400,51.94
2011-03-22,57.52,57.54,57.26,57.39,8500,52.12
2011-03-23,57.43,57.49,57.03,57.47,9700,52.19
2011-03-24,57.15,57.43,56.81,57.27,17500,52.01
2011-03-25,57.43,57.74,57.18,57.18,82100,51.93
2011-03-28,58,58.24,57.9,58.08,22300,52.74
2011-03-29,58.41,58.61,58.13,58.61,16500,53.23
2011-03-30,58.8,59,58.55,58.91,61000,53.5
2011-03-31,59,59.39,59,59.07,13100,53.64
2011-04-01,59.25,59.98,59.25,59.69,33700,54.21
2011-04-04,59.94,60.02,59.71,59.72,12400,54.23
2011-04-05,59.5,59.82,59.4,59.73,9800,54.24
2011-04-06,60.28,60.28,60,60.07,4000,54.55
2011-04-07,59.64,59.73,59.4,59.67,6900,54.19
2011-04-08,59.94,60.09,59.35,59.58,32100,54.11
2011-04-11,60.15,60.15,59.52,59.53,13000,54.06
2011-04-12,59.51,59.69,59.13,59.68,17800,54.2
2011-04-13,60.29,60.29,59.69,59.7,20600,54.21
2011-04-14,59.51,60.05,59.46,59.98,4600,54.47
2011-04-15,59.89,60.21,59.67,60.12,12100,54.6
2011-04-18,59.09,59.63,58.76,59.34,60600,53.89
2011-04-19,59.5,59.5,58.94,59.31,18100,53.86
2011-04-20,60.17,60.2,59.98,60.04,12200,54.52
2011-04-21,60.52,60.52,59.66,59.66,51300,54.18
2011-04-25,60.09,60.09,59.45,59.83,6300,54.33
2011-04-26,59.44,59.54,59.32,59.46,19600,54
2011-04-27,59.2,59.48,58.77,59.48,13300,54.02
2011-04-28,58.8,59.04,58.4,58.86,13000,53.45
2011-04-29,59.07,59.56,59,59.25,16000,53.81
2011-05-02,58.9,58.9,58.43,58.68,6000,53.29
2011-05-03,58.25,58.25,57.67,58.06,13000,52.73
2011-05-04,58.17,58.35,57.91,58.24,7300,52.89
2011-05-05,57.65,57.86,57.06,57.08,27600,51.84
2011-05-06,57.39,57.83,56.74,56.8,86900,51.58
2011-05-09,56.82,57.04,56.62,57.04,18000,51.8
2011-05-10,57.05,57.31,56.83,57.14,18200,51.89
2011-05-11,57.21,57.54,57.01,57.1,20300,51.85
2011-05-12,56.66,57.37,56.51,57.37,8800,52.1
2011-05-13,57.11,57.37,56.57,56.83,38100,51.61
2011-05-16,56.33,56.76,56.12,56.12,16100,50.96
2011-05-17,56.01,56.34,55.76,56.2,11700,51.04
2011-05-18,56.31,56.99,56.31,56.7,88200,51.49
2011-05-19,57.18,57.32,56.85,57.15,7200,51.9
2011-05-20,56.89,57.4,56.73,57.1,25800,51.85
2011-05-23,55.59,55.77,55.17,55.59,100800,50.48
2011-05-24,55.53,55.76,55.38,55.47,10500,50.37
2011-05-25,54.37,55.06,54.23,54.96,63300,49.91
2011-05-26,55.42,55.5,54.95,55.46,102800,50.36
2011-05-27,55.74,56.02,55.64,55.84,17900,50.71
2011-05-31,57.38,57.38,56.98,57.21,21000,51.95
2011-06-01,56.49,56.49,55.37,55.38,13300,50.29
2011-06-02,55.79,56.04,55.77,55.85,12600,50.72
2011-06-03,55.76,56.45,55.73,56.04,79000,50.89
2011-06-06,56.22,56.42,55.89,55.89,5400,50.75
2011-06-07,56.29,56.48,56.21,56.21,52300,51.05
2011-06-08,56.05,56.14,55.75,55.75,3000,50.63
2011-06-09,55.57,55.96,55.49,55.96,7400,50.82
2011-06-10,55.36,55.57,54.98,55.09,21100,50.03
2011-06-13,54.75,54.99,54.49,54.6,18900,49.58
2011-06-14,55.22,55.89,55.22,55.7,40900,50.58
2011-06-15,54.08,54.31,53.51,53.72,43200,48.78
2011-06-16,53.41,53.78,53.25,53.5,338900,48.58
2011-06-17,54.06,54.06,53.8,53.86,59800,48.91
2011-06-20,53.32,53.67,53.3,53.45,179900,48.54
2011-06-21,54.39,54.96,54.17,54.84,36600,49.8
2011-06-22,53.83,54.38,53.83,54,9700,49.75
2011-06-23,52.82,53.34,52.41,53.25,81300,49.06
2011-06-24,53.46,53.46,52.73,52.99,18600,48.82
2011-06-27,52.57,53.22,52.45,53.06,12200,48.88
2011-06-28,53.33,53.99,53.3,53.83,7200,49.59
2011-06-29,54.2,54.66,54.02,54.5,27100,50.21
2011-06-30,54.32,54.81,54.32,54.77,30900,50.46
2011-07-01,54.92,55.54,54.78,55.38,122900,51.02
2011-07-05,55.39,55.43,55.03,55.22,49100,50.87
2011-07-06,54.86,54.97,54.54,54.87,17200,50.55
2011-07-07,55.49,55.83,55.49,55.62,9400,51.24
2011-07-08,55.17,55.61,55.1,55.61,10800,51.23
2011-07-11,54.65,54.65,54.35,54.49,9500,50.2
2011-07-12,54.41,54.69,54.27,54.36,19800,50.08
2011-07-13,54.58,55.14,54.39,54.6,5500,50.3
2011-07-14,55.04,55.1,54.21,54.21,12000,49.94
2011-07-15,54.36,54.36,53.77,54.14,15000,49.88
2011-07-18,53.72,53.74,53.08,53.45,56300,49.24
2011-07-19,53.91,54.55,53.91,54.51,6000,50.22
2011-07-20,54.57,54.73,54.47,54.56,3700,50.26
2011-07-21,55.07,55.74,54.93,55.48,3200,51.11
2011-07-22,55.6,55.6,55.2,55.43,5700,51.06
2011-07-25,54.97,55.21,54.87,54.94,15900,50.61
2011-07-26,55.08,55.18,54.93,55.01,6900,50.68
2011-07-27,54.71,54.71,53.7,53.81,23000,49.57
2011-07-28,53.48,54.16,53.48,53.89,35600,49.64
2011-07-29,53.48,53.97,53.27,53.45,121000,49.24
2011-08-01,52.55,52.55,51.25,51.79,66100,47.71
2011-08-02,51.11,51.46,49.83,49.99,265400,46.05
2011-08-03,50.18,50.37,49.46,50.32,66800,46.36
2011-08-04,48.82,49.38,48.1,48.1,378800,44.31
2011-08-05,48.34,48.45,46.58,47.6,91500,43.85
2011-08-08,45.44,45.86,43.42,43.46,306000,40.04
2011-08-09,43.85,45.1,43.43,45.1,19000,41.55
2011-08-10,44.07,44.14,42.88,42.88,36000,39.5
2011-08-11,43.45,45.05,43.45,44.77,76500,41.24
2011-08-12,45.31,45.43,44.68,44.87,112100,41.34
2011-08-15,45.24,45.7,45.19,45.54,149800,41.95
2011-08-16,44.54,45.14,44.42,44.85,58000,41.32
2011-08-17,45.48,45.69,44.92,45.2,34300,41.64
2011-08-18,43.58,43.6,42.82,43.12,20300,39.72
2011-08-19,42.68,43.31,42.49,42.49,14800,39.14
2011-08-22,44.93,44.93,43.7,43.76,56200,40.31
2011-08-23,44.36,45.33,44.17,45.26,76100,41.69
2011-08-24,44.63,45.1,44.42,45.08,14300,41.53
2011-08-25,43.81,43.81,42.63,42.68,61200,39.32
2011-08-26,42.52,43.56,42.1,43.36,25400,39.94
2011-08-29,44.78,45.73,44.78,45.73,13600,42.13
2011-08-30,45.27,45.4,45.11,45.32,356600,41.75
2011-08-31,45.74,46.13,45.44,45.84,53000,42.23
2011-09-01,45.95,46.42,45.46,45.47,5700,41.89
2011-09-02,44.66,44.71,44.03,44.19,20100,40.71
2011-09-06,41.18,41.76,40.83,41.76,145500,38.47
2011-09-07,41.92,42.6,41.88,42.6,19400,39.24
2011-09-08,41.58,41.98,41.36,41.36,10100,38.1
2011-09-09,40.92,41.25,40.15,40.33,18000,37.15
2011-09-12,38.84,39.45,38.6,39.38,17500,36.28
2011-09-13,39.51,40.13,39.51,40.05,26500,36.9
2011-09-14,40.2,41.19,39.71,40.79,132800,37.58
2011-09-15,41.37,41.71,41.05,41.66,18200,38.38
2011-09-16,41.9,41.95,41.63,41.68,28800,38.4
2011-09-19,40.44,40.69,40.23,40.69,34500,37.48
2011-09-20,41.05,41.5,40.99,40.99,24900,37.76
2011-09-21,41.52,41.75,40.65,40.65,37500,37.45
2011-09-22,39.67,39.73,38.8,39.21,40300,36.12
2011-09-23,39.23,39.76,39.18,39.59,18800,36.47
2011-09-26,40.44,41.06,39.37,41.02,539000,37.79
2011-09-27,41.19,41.5,40.65,40.65,11600,37.45
2011-09-28,41.2,41.49,40.26,40.26,26400,37.09
2011-09-29,41.26,41.26,40.15,40.59,16100,37.39
2011-09-30,41.12,41.12,40.12,40.14,40300,36.98
2011-10-03,40.25,40.58,39.35,39.37,12600,36.27
2011-10-04,39.01,39.61,38.57,39.61,52300,36.49
2011-10-05,39.48,40.35,39.27,40.33,1e+05,37.15
2011-10-06,40.26,40.74,40.1,40.55,104000,37.36
2011-10-07,40.87,40.87,40.2,40.2,2800,37.03
2011-10-10,41.13,41.53,41.11,41.47,27700,38.2
2011-10-11,41.51,41.99,41.51,41.81,2000,38.52
2011-10-12,42.2,42.79,42.2,42.47,41100,39.12
2011-10-13,42.04,42.43,41.93,42.4,11200,39.06
2011-10-14,42.7,42.86,42.58,42.86,3400,39.48
2011-10-17,44.42,44.42,43.53,43.61,32100,40.17
2011-10-18,44.09,44.77,43.64,44.73,14300,41.21
2011-10-19,44.64,44.73,44.02,44.03,9500,40.56
2011-10-20,44.31,44.31,43.58,44.07,7600,40.6
2011-10-21,44.8,44.82,44.46,44.79,9500,41.26
2011-10-24,44.01,44.96,43.81,44.92,47300,41.38
2011-10-25,44.67,44.67,43.88,43.98,36300,40.52
2011-10-26,44.26,44.65,44.19,44.61,5800,41.1
2011-10-27,46.2,47.3,46.2,47.1,29800,43.39
2011-10-28,47.07,47.27,46.98,47.27,7100,43.55
2011-10-31,45.41,45.43,44.82,44.82,11000,41.29
2011-11-01,43.12,43.24,42.55,42.95,27600,39.57
2011-11-02,43.4,43.51,42.88,43.23,37600,39.82
2011-11-03,43.73,44.21,43.44,44.15,7300,40.67
2011-11-04,43.98,43.98,43.2,43.47,34300,40.05
2011-11-07,43.4,43.76,43.28,43.68,10400,40.24
2011-11-08,44.01,44.29,43.84,44.29,2300,40.8
2011-11-09,42.29,42.55,41.89,41.94,50600,38.64
2011-11-10,42.84,42.84,42.42,42.6,11200,39.24
2011-11-11,43.01,43.4,43.01,43.29,24200,39.88
2011-11-14,43.07,43.23,42.8,43.06,3700,39.67
2011-11-15,42.71,42.96,42.7,42.83,7700,39.46
2011-11-16,42.51,43.02,42.33,42.33,7700,39
2011-11-17,42.03,42.34,41.51,41.56,6400,38.29
2011-11-18,41.73,42,41.72,41.92,11400,38.62
2011-11-21,40.31,40.31,39.85,40.11,26300,36.95
2011-11-22,39.8,39.86,39.46,39.66,7200,36.54
2011-11-23,39.24,39.29,38.77,38.77,8700,35.72
2011-11-25,38.2,38.71,38,38.28,5800,35.26
2011-11-28,40.18,40.22,39.84,39.93,14700,36.78
2011-11-29,39.37,39.63,39.22,39.45,2700,36.34
2011-11-30,40.91,41.3,40.65,41.3,10500,38.05
2011-12-01,41.51,41.59,41.21,41.39,12000,38.13
2011-12-02,41.76,41.84,41.13,41.24,14000,37.99
2011-12-05,41.97,42.26,41.59,41.77,7400,38.48
2011-12-06,41.31,41.39,41.12,41.24,2800,37.99
2011-12-07,40.31,40.8,40.17,40.8,12700,37.59
2011-12-08,40.61,40.61,40.01,40.01,9300,36.86
2011-12-09,40.2,40.68,40.2,40.61,35400,37.41
2011-12-12,39.93,40.06,39.58,39.92,15600,36.78
2011-12-13,40.49,40.49,39.59,39.62,12200,36.5
2011-12-14,40.1,40.1,39.84,39.85,3800,36.71
2011-12-15,40.96,40.96,40.46,40.81,25100,37.6
2011-12-16,41.13,41.36,40.79,41.12,26000,37.88
2011-12-19,41,41.11,40.31,40.31,18300,37.13
2011-12-20,40.61,41.02,40.61,40.96,21700,38.3
2011-12-21,40.28,40.28,39.85,40.07,10500,37.47
2011-12-22,40.16,40.16,39.93,40.04,8400,37.44
2011-12-23,40.01,40.33,39.72,40.2,5300,37.59
2011-12-27,41,41.21,40.77,40.99,8300,38.33
2011-12-28,40.7,40.7,39.84,39.91,7500,37.32
2011-12-29,39.77,39.92,39.7,39.81,13100,37.23
2011-12-30,39.8,39.8,39.43,39.56,17200,36.99
2012-01-03,40.8,41.02,40.73,40.82,2900,38.17
2012-01-04,40.57,40.7,40.57,40.67,14400,38.03
2012-01-05,40.92,41.15,40.7,41.1,8800,38.43
2012-01-06,41.15,41.26,40.83,40.92,12500,38.27
2012-01-09,41.08,41.16,40.9,41.05,4800,38.39
2012-01-10,41.99,41.99,41.66,41.8,6100,39.09
2012-01-11,41.29,41.36,41.1,41.28,12900,38.6
2012-01-12,41.41,41.6,41.2,41.6,3300,38.9
2012-01-13,40.97,41.44,40.97,41.36,8700,38.68
2012-01-17,41.72,41.97,41.62,41.62,31100,38.92
2012-01-18,42.06,42.46,42.06,42.43,5300,39.68
2012-01-19,42.58,42.58,42.2,42.57,6400,39.81
2012-01-20,42.6,42.69,42.48,42.59,17900,39.83
2012-01-23,42.59,42.59,42.16,42.16,11100,39.42
2012-01-24,42,42.11,41.96,42.04,7800,39.31
2012-01-25,41.76,42.46,41.74,42.25,14400,39.51
2012-01-26,42.65,42.66,42.05,42.05,1600,39.32
2012-01-27,41.98,42.07,41.85,42.06,3000,39.33
2012-01-30,41.79,42,41.62,41.94,5700,39.22
2012-01-31,42.54,42.54,42.05,42.19,10400,39.45
2012-02-01,42.54,43.09,42.54,42.92,3900,40.14
2012-02-02,42.76,42.91,42.67,42.67,2600,39.9
2012-02-03,43.15,43.43,43.15,43.35,16800,40.54
2012-02-06,42.44,42.84,42.43,42.69,31500,39.92
2012-02-07,42.39,42.52,42.24,42.29,24000,39.55
2012-02-08,42.28,42.58,42.18,42.36,17400,39.61
2012-02-09,42.67,42.67,42.25,42.35,20400,39.6
2012-02-10,42.04,42.19,41.78,42.14,13200,39.41
2012-02-13,42.52,42.52,42.21,42.41,7800,39.66
2012-02-14,41.93,42.16,41.76,41.96,13300,39.24
2012-02-15,42.12,42.35,41.85,41.89,17400,39.17
2012-02-16,41.78,42.15,41.72,41.75,16000,39.04
2012-02-17,41.98,42.24,41.85,42.2,18600,39.46
2012-02-21,42.45,42.67,42.28,42.48,541100,39.72
2012-02-22,42.05,42.25,42.04,42.11,14700,39.38
2012-02-23,41.49,41.61,41.12,41.58,64100,38.88
2012-02-24,41.6,41.72,41.43,41.46,121600,38.77
2012-02-27,40.35,40.75,40.21,40.63,17500,37.99
2012-02-28,39.93,40.24,39.93,40.24,17500,37.63
2012-02-29,40.48,40.72,40.29,40.6,658500,37.97
2012-03-01,40.61,41.04,40.61,41.03,76000,38.37
2012-03-02,40.85,40.93,40.61,40.8,28900,38.15
2012-03-05,40.66,40.66,40.48,40.59,10600,37.96
2012-03-06,39.93,40.24,39.8,40.05,163700,37.45
2012-03-07,40.1,40.52,40.1,40.42,54400,37.8
2012-03-08,40.67,40.9,40.57,40.73,32800,38.09
2012-03-09,40.65,40.97,40.65,40.85,6500,38.2
2012-03-12,40.39,40.42,39.95,39.98,127000,37.39
2012-03-13,40.31,40.86,40.31,40.84,10400,38.19
2012-03-14,41.2,41.2,40.91,41.02,9900,38.36
2012-03-15,41.21,41.37,41.14,41.37,7500,38.69
2012-03-16,41.54,41.65,41.38,41.48,4400,38.79
2012-03-19,41.56,41.86,41.45,41.74,14500,39.03
2012-03-20,41.73,41.83,41.59,41.72,9400,39.01
2012-03-21,41.93,42.05,41.79,42,6900,39.28
2012-03-22,41.79,42.03,41.61,41.97,21100,39.25
2012-03-23,41.94,42.03,41.66,42.03,9000,39.3
2012-03-26,43.17,43.52,43.08,43.52,15300,40.7
2012-03-27,43.9,44,43.53,43.64,31800,40.81
2012-03-28,43.47,43.47,42.8,43.01,12800,40.22
2012-03-29,42.73,42.81,42.5,42.63,5000,39.86
2012-03-30,42.75,43.23,42.73,43.07,4700,40.28
2012-04-02,43.22,43.84,43.22,43.76,91700,40.92
2012-04-03,43.54,43.73,43.2,43.73,46400,40.89
2012-04-04,43.3,43.5,43.12,43.3,49000,40.49
2012-04-05,43.69,43.78,43.46,43.68,14400,40.85
2012-04-09,43.21,43.33,42.84,43.11,19500,40.31
2012-04-10,43.13,43.22,42.42,42.43,16600,39.68
2012-04-11,42.83,42.83,42.7,42.74,2900,39.97
2012-04-12,43.01,43.16,42.72,43.08,23600,40.29
2012-04-13,42.98,42.98,42.56,42.58,15900,39.82
2012-04-16,42.54,42.6,42.12,42.42,11700,39.67
2012-04-17,43.19,43.51,43.19,43.51,15200,40.69
2012-04-18,43.12,43.24,42.92,42.98,16300,40.19
2012-04-19,43.47,43.75,43.14,43.42,37000,40.6
2012-04-20,43.75,43.75,43.4,43.57,20100,40.74
2012-04-23,43.06,43.51,43.03,43.31,9000,40.5
2012-04-24,43.69,43.83,43.55,43.6,23800,40.77
2012-04-25,43.78,44,43.6,43.9,12600,41.05
2012-04-26,43.99,44.57,43.79,44,13900,41.15
2012-04-27,44.08,44.29,43.83,44.11,18300,41.25
2012-04-30,43.72,43.85,43.1,43.66,80000,40.83
2012-05-01,43.66,44.18,43.56,43.82,12300,40.98
2012-05-02,43.39,43.39,43.05,43.35,19000,40.54
2012-05-03,43.41,43.41,43.03,43.06,5000,40.27
2012-05-04,42.88,42.88,42.25,42.4,18300,39.65
2012-05-07,42.27,42.61,42.27,42.51,4300,39.75
2012-05-08,42.45,42.45,41.95,42.34,6000,39.59
2012-05-09,41.69,41.88,41.26,41.67,14200,38.97
2012-05-10,41.47,41.6,41.26,41.27,7700,38.59
2012-05-11,41.09,41.46,41.02,41.12,11000,38.45
2012-05-14,40.57,40.58,40.17,40.17,7600,37.56
2012-05-15,39.81,39.81,39.01,39.17,150000,36.63
2012-05-16,39.7,39.98,39.31,39.35,23100,36.8
2012-05-17,39.11,39.11,38.31,38.31,21500,35.82
2012-05-18,38.53,38.55,38.12,38.13,19600,35.66
2012-05-21,38.6,39.18,38.6,39.15,14700,36.61
2012-05-22,38.86,39.08,38.49,38.64,26500,36.13
2012-05-23,38.04,38.22,37.65,38.18,27000,35.7
2012-05-24,38.15,38.16,37.66,37.89,14000,35.43
2012-05-25,37.86,38.1,37.77,37.77,10300,35.32
2012-05-29,37.83,38.08,37.61,37.89,14000,35.43
2012-05-30,37.34,37.79,37.33,37.62,9800,35.18
2012-05-31,38.14,38.14,37.55,37.83,29300,35.38
2012-06-01,37.64,37.64,36.94,37.01,23800,34.61
2012-06-04,37.42,37.62,37.21,37.43,18000,35
2012-06-05,37.59,37.77,37.46,37.76,14200,35.31
2012-06-06,38,38.62,38,38.55,6900,36.05
2012-06-07,39.05,39.05,38.46,38.49,7500,35.99
2012-06-08,38.12,38.8,38.11,38.56,1600,36.06
2012-06-11,38.68,38.68,37.92,37.92,6100,35.46
2012-06-12,38.19,38.34,38.11,38.25,6900,35.77
2012-06-13,37.75,37.99,37.44,37.48,3100,35.05
2012-06-14,37.35,37.55,37.35,37.53,7100,35.1
2012-06-15,37.51,37.73,37.3,37.38,45100,34.95
2012-06-18,37.67,37.88,37.63,37.79,17100,35.34
2012-06-19,38.07,38.28,38.07,38.15,900,35.67
2012-06-20,37.69,37.88,37.58,37.69,8900,35.24
2012-06-21,36.94,36.94,36.29,36.38,31900,34.48
2012-06-22,36.58,36.74,36.32,36.74,23600,34.82
2012-06-25,36.81,36.81,36.42,36.56,14900,34.65
2012-06-26,36.63,36.63,36.25,36.54,4600,34.63
2012-06-27,36.64,36.66,36.47,36.47,3600,34.57
2012-06-28,35.87,36.18,35.69,36.14,7500,34.25
2012-06-29,36.68,36.8,36.59,36.8,39300,34.88
2012-07-02,36.85,36.85,36.64,36.81,5700,34.89
2012-07-03,36.86,37.17,36.84,37.12,9300,35.18
2012-07-05,37.14,37.32,37.06,37.32,7100,35.37
2012-07-06,36.8,37.04,36.48,36.63,39700,34.72
2012-07-09,36.41,36.65,36.39,36.49,3200,34.59
2012-07-10,36.63,36.63,36.16,36.35,7900,34.45
2012-07-11,36.6,36.6,36.37,36.49,9700,34.59
2012-07-12,36.22,36.59,36.22,36.43,4000,34.53
2012-07-13,36.6,36.93,36.6,36.92,27000,34.99
2012-07-16,36.27,36.46,36.09,36.35,7000,34.45
2012-07-17,36.36,36.7,36.35,36.54,9800,34.63
2012-07-18,36.18,36.53,36.18,36.44,3500,34.54
2012-07-19,36.58,36.82,36.58,36.82,11700,34.9
2012-07-20,36.52,36.6,36.36,36.37,24000,34.47
2012-07-23,35.61,35.72,35.47,35.68,3300,33.82
2012-07-24,35.63,35.64,35.11,35.2,27500,33.36
2012-07-25,35.78,35.94,35.75,35.88,1800,34.01
2012-07-26,36.08,36.17,35.95,36.16,4500,34.27
2012-07-27,36.51,37.16,36.4,36.96,40000,35.03
2012-07-30,36.85,36.85,36.77,36.8,1300,34.88
2012-07-31,37.01,37.14,37,37.04,8600,35.11
2012-08-01,37.35,37.49,37.01,37.26,4900,35.31
2012-08-02,36.72,36.84,36.34,36.53,34500,34.62
2012-08-03,37.09,37.52,37.09,37.44,7900,35.49
2012-08-06,36.85,37.25,36.74,37.13,28100,35.19
2012-08-07,37.22,37.65,37.22,37.43,27200,35.48
2012-08-08,37.13,37.77,37.13,37.62,35700,35.66
2012-08-09,37.46,37.83,37.39,37.82,35400,35.85
2012-08-10,37.73,37.99,37.73,37.94,94600,35.96
2012-08-13,36.23,36.4,35.93,36.06,31900,34.18
2012-08-14,36.45,36.71,36.3,36.55,39100,34.64
2012-08-15,36.41,36.69,36.3,36.48,11000,34.58
2012-08-16,36.77,37.14,36.65,37.11,33300,35.17
2012-08-17,36.99,37.16,36.88,36.97,2600,35.04
2012-08-20,36.92,37.11,36.88,37.11,5700,35.17
2012-08-21,37.45,37.74,37.26,37.42,13900,35.47
2012-08-22,37.19,37.33,37.03,37.15,25600,35.21
2012-08-23,37.15,37.2,37.02,37.13,29300,35.19
2012-08-24,36.93,37.26,36.79,37.2,4300,35.26
2012-08-27,37.07,37.24,37.04,37.12,8500,35.18
2012-08-28,37.09,37.09,36.88,36.88,3600,34.95
2012-08-29,37.05,37.17,36.98,37.08,21500,35.14
2012-08-30,37.06,37.2,36.93,36.94,8600,35.01
2012-08-31,37.01,37.2,36.87,36.98,19100,35.05
2012-09-04,36.7,36.93,36.7,36.87,5800,34.95
2012-09-05,36.82,36.84,36.6,36.6,7400,34.69
2012-09-06,36.88,37.31,36.81,37.28,10200,35.33
2012-09-07,37.18,37.43,37.11,37.29,38800,35.34
2012-09-10,37.49,37.88,37.36,37.65,14400,35.68
2012-09-11,37.65,37.98,37.63,37.95,3400,35.97
2012-09-12,38.37,38.41,38.09,38.23,22700,36.23
2012-09-13,38.34,38.99,38.26,38.77,28100,36.75
2012-09-14,38.94,39.19,38.72,38.72,33800,36.7
2012-09-17,38.86,38.86,38.45,38.64,19200,36.62
2012-09-18,38.47,38.72,38.35,38.69,9300,36.67
2012-09-19,38.83,39.11,38.83,39.05,78600,37.01
2012-09-20,38.78,39.04,38.74,39.02,9600,36.98
2012-09-21,39.3,39.37,39,39.08,17700,37.04
2012-09-24,39.63,39.86,39.56,39.81,15200,37.73
2012-09-25,39.98,40.2,39.52,39.52,5000,37.46
2012-09-26,39.27,39.37,39.08,39.2,6700,37.15
2012-09-27,40.29,40.76,40.29,40.76,12100,38.63
2012-09-28,40.2,40.58,40.2,40.48,9000,38.37
2012-10-01,40.55,40.9,40.41,40.47,5600,38.36
2012-10-02,41.76,41.83,41.39,41.53,6900,39.36
2012-10-03,42.05,42.2,41.94,42.01,31700,39.82
2012-10-04,42.04,42.12,41.81,41.96,25000,39.77
2012-10-05,42.08,42.08,41.46,41.49,40500,39.32
2012-10-08,41.27,41.59,41.07,41.55,6300,39.38
2012-10-09,41.33,41.42,40.72,40.96,103800,38.82
2012-10-10,41.24,41.34,40.99,41.03,3200,38.89
2012-10-11,41.78,41.82,41.43,41.44,5700,39.28
2012-10-12,41.71,41.72,41.26,41.44,25600,39.28
2012-10-15,42.65,42.84,42.47,42.78,32200,40.55
2012-10-16,43.26,43.28,42.95,43.28,10100,41.02
2012-10-17,43.44,43.49,43.01,43.13,14400,40.88
2012-10-18,42.63,42.63,42.4,42.51,13300,40.29
2012-10-19,42.45,42.45,41.55,41.74,25100,39.56
2012-10-22,42.28,42.46,41.81,41.99,26500,39.8
2012-10-23,41.37,41.37,40.91,41.04,7300,38.9
2012-10-24,41.36,41.42,41.16,41.21,8200,39.06
2012-10-25,42.01,42.01,41.41,41.43,10400,39.27
2012-10-26,41.46,41.46,41.26,41.42,2800,39.26
2012-10-31,41.88,41.88,41.45,41.59,43700,39.42
2012-11-01,42.15,42.28,41.98,42.25,12600,40.04
2012-11-02,42.47,42.47,42.1,42.25,2700,40.04
2012-11-05,42.08,42.17,41.76,41.96,45000,39.77
2012-11-06,42.13,42.47,42.13,42.38,7100,40.17
2012-11-07,41.79,41.86,41.38,41.58,16600,39.41
2012-11-08,41.64,41.64,41.41,41.41,13000,39.25
2012-11-09,41.23,41.53,41.23,41.35,9800,39.19
2012-11-12,41.09,41.09,40.61,40.76,22900,38.63
2012-11-13,40.84,41.08,40.73,40.89,11500,38.76
2012-11-14,40.68,40.77,39.82,39.86,49000,37.78
2012-11-15,40.18,40.22,39.66,39.7,40000,37.63
2012-11-16,39.89,39.89,39.45,39.63,49900,37.56
2012-11-19,40.79,41.22,40.73,41.04,19300,38.9
2012-11-20,40.85,41.25,40.85,41.01,30600,38.87
2012-11-21,41.04,41.34,41.03,41.13,2700,38.98
2012-11-23,41.44,42,41.44,41.89,1800,39.7
2012-11-26,42.43,42.65,42.37,42.64,14300,40.41
2012-11-27,42.86,42.94,42.78,42.81,5200,40.58
2012-11-28,42.82,42.82,42.49,42.71,13400,40.48
2012-11-29,43.02,43.19,42.89,43.03,11000,40.78
2012-11-30,42.76,43.27,42.63,43.01,28700,40.76
2012-12-03,43.14,43.28,42.65,42.9,36400,40.66
2012-12-04,42.93,43.3,42.93,43.29,13800,41.03
2012-12-05,43.5,43.5,43.21,43.21,9200,40.95
2012-12-06,43.06,43.43,43.02,43.43,38500,41.16
2012-12-07,43.39,43.56,43.19,43.49,28800,41.22
2012-12-10,43.4,43.74,43.4,43.66,11800,41.38
2012-12-11,43.99,44.1,43.75,43.9,29300,41.61
2012-12-12,43.92,43.92,43.54,43.62,17900,41.34
2012-12-13,43.15,43.25,42.8,42.86,12300,40.62
2012-12-14,42.87,42.87,42.47,42.52,9700,40.3
2012-12-17,42.41,42.52,42.29,42.33,79400,40.12
2012-12-18,42.42,42.51,42.32,42.33,5500,40.63
2012-12-19,42.95,42.95,42.67,42.71,16000,41
2012-12-20,42.78,42.81,42.49,42.66,4900,40.95
2012-12-21,42.23,42.65,42.17,42.65,10200,40.94
2012-12-24,41.84,42,41.58,41.71,11800,40.04
2012-12-26,41.57,41.6,41.33,41.43,21500,39.77
2012-12-27,41.79,41.79,41.4,41.49,49800,39.83
2012-12-28,41.38,41.74,41.38,41.58,8800,39.91
2012-12-31,41.76,42.01,41.58,41.9,4500,40.22
2013-01-02,42.95,43.2,42.8,43.02,17200,41.3
2013-01-03,42.23,42.45,42.07,42.12,16800,40.43
2013-01-04,42.24,42.6,42.12,42.46,27200,40.76
2013-01-07,41.89,41.98,41.7,41.76,32800,40.09
2013-01-08,41.88,42.06,41.8,41.99,5900,40.31
2013-01-09,42,42.3,41.98,42.11,14200,40.42
2013-01-10,42.63,42.91,42.62,42.84,7200,41.12
2013-01-11,42.89,42.94,42.67,42.69,8900,40.98
2013-01-14,42.99,42.99,42.81,42.85,8500,41.13
2013-01-15,42.85,42.85,42.6,42.74,3600,41.03
2013-01-16,42.66,42.72,42.53,42.53,9600,40.82
2013-01-17,42.67,42.85,42.56,42.71,11400,41
2013-01-18,42.71,42.72,42.6,42.72,10200,41.01
2013-01-22,42.24,42.34,41.88,42.26,22500,40.57
2013-01-23,42.62,43.14,42.62,42.91,74700,41.19
2013-01-24,42.8,43.38,42.54,43,12100,41.28
2013-01-25,43.05,43.14,42.85,43.07,10800,41.34
2013-01-28,42.89,42.89,42.62,42.75,12000,41.04
2013-01-29,42.51,42.63,42.4,42.58,8300,40.87
2013-01-30,42.18,42.5,42.18,42.23,16400,40.54
2013-01-31,42.21,42.78,42.21,42.54,6300,40.83
2013-02-01,42.81,42.94,42.68,42.94,26200,41.22
2013-02-04,42.99,43.18,42.88,42.98,12400,41.26
2013-02-05,43.26,43.6,43.26,43.51,23200,41.77
2013-02-06,43.38,43.74,43.38,43.74,17000,41.99
2013-02-07,43.59,43.83,43.51,43.82,18700,42.06
2013-02-08,43.75,44.08,43.75,44.03,9600,42.26
2013-02-11,43.97,44.09,43.86,44.04,23300,42.27
2013-02-12,44.28,44.44,44.15,44.39,30700,42.61
2013-02-13,44.03,44.48,44,44.38,22900,42.6
2013-02-14,44.09,44.33,44.09,44.33,4600,42.55
2013-02-15,44.2,44.23,44,44.12,4900,42.35
2013-02-19,44.02,44.47,44.02,44.47,24400,42.69
2013-02-20,44.95,45.08,44.5,44.51,17600,42.73
2013-02-21,44.25,44.25,43.68,43.87,33300,42.11
2013-02-22,44.14,44.14,43.81,44.08,37800,42.31
2013-02-25,43.78,43.78,42.89,42.9,45700,41.18
2013-02-26,43.1,43.31,42.91,43.07,34900,41.34
2013-02-27,43.21,43.58,43.19,43.42,29700,41.68
2013-02-28,43.45,43.72,43.45,43.72,16900,41.97
2013-03-01,43.26,43.53,43.18,43.38,24900,41.64
2013-03-04,43.13,43.37,42.98,43.35,5500,41.61
2013-03-05,43.54,43.88,43.54,43.87,10300,42.11
2013-03-06,43.78,44.11,43.78,44.03,46600,42.26
2013-03-07,43.93,44.13,43.93,44.1,13500,42.33
2013-03-08,44.28,44.66,44.14,44.45,28500,42.67
2013-03-11,44.44,44.89,44.44,44.89,7100,43.09
2013-03-12,44.9,45.03,44.74,45.01,13500,43.21
2013-03-13,44.73,44.81,44.62,44.72,48600,42.93
2013-03-14,44.89,45.06,44.89,44.97,7600,43.17
2013-03-15,44.82,45.06,44.79,44.9,15800,43.1
2013-03-18,44.32,45.04,44.25,44.82,22200,43.02
2013-03-19,45.09,45.12,44.71,44.79,8000,42.99
2013-03-20,44.98,45.19,44.92,44.97,17300,43.17
2013-03-21,44.91,45.06,44.85,44.91,5500,43.11
2013-03-22,44.99,45.13,44.78,44.78,16400,42.98
2013-03-25,45.32,45.75,45.09,45.12,31000,43.31
2013-03-26,45.21,45.48,45.21,45.37,6500,43.55
2013-03-27,45.16,45.49,45.11,45.23,19500,43.42
2013-03-28,45.04,45.22,44.81,45.19,12500,43.38
2013-04-01,44.99,45.24,44.73,44.95,19800,43.15
2013-04-02,45.27,45.73,45.27,45.55,13700,43.72
2013-04-03,45.48,45.48,45.05,45.2,4500,43.39
2013-04-04,44.6,45.02,44.6,45.02,6700,43.21
2013-04-05,44.72,44.88,44.59,44.87,22400,43.07
2013-04-08,44.87,45.1,44.83,45.09,4800,43.28
2013-04-09,44.95,44.95,44.71,44.71,26700,42.92
2013-04-10,44.81,44.93,44.74,44.86,26500,43.06
2013-04-11,44.67,44.99,44.67,44.91,12500,43.11
2013-04-12,44.62,44.76,44.46,44.75,23200,42.96
2013-04-15,44.83,44.83,44.07,44.15,42200,42.38
2013-04-16,44.36,44.58,44.29,44.5,12300,42.72
2013-04-17,44.38,44.66,43.88,44.18,4800,42.41
2013-04-18,43.99,43.99,43.47,43.71,16400,41.96
2013-04-19,43.6,43.74,43.51,43.67,22600,41.92
2013-04-22,43.51,43.7,43.39,43.55,27100,41.8
2013-04-23,43.83,44.08,43.78,44.07,6400,42.3
2013-04-24,44.44,44.8,44.22,44.44,21500,42.66
2013-04-25,44.17,44.35,44.04,44.06,12800,42.29
2013-04-26,44.09,44.16,43.99,44.06,3700,42.29
2013-04-29,44.06,44.48,44.06,44.25,13200,42.48
2013-04-30,44.45,44.58,44.29,44.58,21900,42.79
2013-05-01,44.25,44.35,44,44.2,20600,42.43
2013-05-02,44.38,44.65,44.38,44.58,8300,42.79
2013-05-03,44.86,45.44,44.86,45.2,24000,43.39
2013-05-06,45.01,45.13,44.9,45.03,6800,43.22
2013-05-07,45.25,45.27,45.02,45.14,14400,43.33
2013-05-08,45.26,45.49,45.26,45.36,4900,43.54
2013-05-09,44.9,45.12,44.87,44.95,20200,43.15
2013-05-10,44.76,45.1,44.7,45.08,34700,43.27
2013-05-13,44.37,44.53,44.12,44.34,23700,42.56
2013-05-14,44.28,44.69,44.22,44.58,69500,42.79
2013-05-15,44.53,44.82,44.42,44.71,41500,42.92
2013-05-16,44.53,44.72,44.36,44.51,26600,42.73
2013-05-17,44.39,44.67,44.37,44.67,13900,42.88
2013-05-20,44.96,45.25,44.96,45.07,21600,43.26
2013-05-21,45.1,45.11,44.86,45.03,10700,43.22
2013-05-22,44.64,45.1,43.85,44.02,22000,42.26
2013-05-23,43.63,44.11,43.58,44.11,7900,42.34
2013-05-24,44.03,44.03,43.71,44.03,6500,42.26
2013-05-28,44.92,44.92,44.43,44.52,10800,42.73
2013-05-29,44.53,44.63,44.31,44.54,9100,42.75
2013-05-30,44.55,44.78,44.5,44.75,13600,42.96
2013-05-31,44.43,44.53,44.2,44.2,28100,42.43
2013-06-03,44.54,44.69,44.34,44.67,13200,42.88
2013-06-04,45.01,45.01,44.42,44.75,7500,42.96
2013-06-05,44.59,44.59,44.29,44.36,6700,42.58
2013-06-06,44.86,45.41,44.86,45.36,10400,43.54
2013-06-07,45.44,45.91,45.33,45.91,35400,44.07
2013-06-10,45.63,45.7,45.51,45.62,29800,43.79
2013-06-11,45.12,45.3,44.96,45.06,30000,43.25
2013-06-12,45.13,45.15,44.9,44.94,17000,43.14
2013-06-13,44.85,45.47,44.81,45.47,14500,43.65
2013-06-14,45.53,45.55,45.29,45.36,5000,43.54
2013-06-17,45.36,45.76,45.34,45.56,11700,43.73
2013-06-18,45.47,45.91,45.47,45.89,13300,44.05
2013-06-19,45.2,45.3,44.88,44.88,3700,43.08
2013-06-20,44.06,44.29,43.6,43.8,21700,42.04
2013-06-21,44,44.04,43.4,43.53,81400,41.78
2013-06-24,43.31,43.58,43.14,43.21,23400,41.48
2013-06-25,43.81,44,43.6,43.93,23100,42.17
2013-06-26,43.87,43.87,43.44,43.53,13400,41.78
2013-06-27,43.06,43.1,42.9,42.98,15600,41.73
2013-06-28,42.79,43.2,42.78,42.97,32100,41.72
2013-07-01,43.22,43.35,43.09,43.11,7700,41.86
2013-07-02,43.43,43.54,43.13,43.27,7800,42.01
2013-07-03,43,43.1,42.9,43.1,17600,41.85
2013-07-05,42.97,43.19,42.83,43.16,15300,41.91
2013-07-08,43.23,43.39,43.23,43.3,9200,42.04
2013-07-09,43.1,43.51,43.1,43.5,16500,42.24
2013-07-10,43.49,43.58,43.39,43.51,19000,42.25
2013-07-11,44,44.49,43.87,44.23,17500,42.95
2013-07-12,44.35,44.46,44.16,44.45,38700,43.16
2013-07-15,44.63,44.91,44.55,44.88,7700,43.58
2013-07-16,44.89,44.97,44.71,44.8,18700,43.5
2013-07-17,44.84,44.93,44.63,44.92,7800,43.62
2013-07-18,44.89,45.12,44.89,45.02,3700,43.71
2013-07-19,45.09,45.18,44.84,45.16,3000,43.85
2013-07-22,45.32,45.43,45.24,45.37,7600,44.05
2013-07-23,45.32,45.38,45.27,45.3,6400,43.99
2013-07-24,45.26,45.49,45.26,45.3,6900,43.99
2013-07-25,45.05,45.07,44.81,45.05,3200,43.74
2013-07-26,44.99,45.06,44.7,44.82,11600,43.52
2013-07-29,44.57,44.79,44.57,44.74,1300,43.44
2013-07-30,44.02,44.02,43.79,43.91,5100,42.64
2013-07-31,43.9,44.2,43.9,44.2,17400,42.92
2013-08-01,44.17,44.58,44.17,44.35,8600,43.06
2013-08-02,44.21,44.32,44.21,44.27,6900,42.99
2013-08-05,44.03,44.18,43.94,44.16,2800,42.88
2013-08-06,44.24,44.24,43.91,44.05,4300,42.77
2013-08-07,43.94,44.34,43.94,44.17,5100,42.89
2013-08-08,44.37,44.61,44.31,44.53,5300,43.24
2013-08-09,44.64,44.94,44.46,44.88,55800,43.58
2013-08-12,44.48,44.62,44.43,44.53,7400,43.24
2013-08-13,44.8,44.93,44.5,44.86,11200,43.56
2013-08-14,44.29,44.48,44.24,44.47,12700,43.18
2013-08-15,44.15,44.4,44.07,44.31,58800,43.02
2013-08-16,44.15,44.46,44.1,44.13,9200,42.85
2013-08-19,44.52,44.57,44.21,44.21,88800,42.93
2013-08-20,44.36,44.55,44.23,44.24,24500,42.96
2013-08-21,43.9,44.08,43.58,43.64,35200,42.37
2013-08-22,43.54,43.7,43.5,43.63,9800,42.36
2013-08-23,43.78,43.93,43.63,43.78,6200,42.51
2013-08-26,43.12,43.13,42.93,43.1,3500,41.85
2013-08-27,41.89,41.89,41.35,41.35,34600,40.15
2013-08-28,41.19,41.83,41.19,41.59,18600,40.38
2013-08-29,42.25,42.59,42.24,42.24,12500,41.01
2013-08-30,42.66,42.66,42.22,42.22,5400,41
2013-09-03,42.29,42.44,42.03,42.04,10900,40.82
2013-09-04,42.1,42.51,42.1,42.26,12400,41.03
2013-09-05,42.49,42.49,42.31,42.31,15400,41.08
2013-09-06,42.3,42.5,42.15,42.33,15900,41.1
2013-09-09,42.44,42.84,42.44,42.64,15800,41.4
2013-09-10,43.48,43.64,43.48,43.62,4100,42.35
2013-09-11,43.99,44.24,43.91,44.16,10000,42.88
2013-09-12,43.93,44.34,43.93,44.16,7400,42.88
2013-09-13,44.29,44.29,44.1,44.1,10100,42.82
2013-09-16,44.98,45.14,44.9,44.92,5300,43.62
2013-09-17,45.3,45.3,45.02,45.15,7700,43.84
2013-09-18,45.13,45.75,44.98,45.32,22700,44.01
2013-09-19,45.64,45.82,45.55,45.63,13300,44.31
2013-09-20,45.57,45.71,45.07,45.48,10800,44.16
2013-09-23,45.8,45.96,45.62,45.89,10300,44.56
2013-09-24,45.84,46.01,45.84,46.01,1300,44.68
2013-09-25,46,46,45.55,45.57,1800,44.25
2013-09-26,45.71,46.11,45.68,45.92,17700,44.59
2013-09-27,45.46,46.13,45.46,45.67,10000,44.35
2013-09-30,46.24,46.95,46.1,46.32,15100,44.98
2013-10-01,46.61,46.75,46.44,46.53,6600,45.18
2013-10-02,46.47,46.47,46.27,46.34,4600,45
2013-10-03,46.27,46.27,45.74,45.76,11000,44.43
2013-10-04,45.44,46.19,45.44,46.18,10900,44.84
2013-10-07,46.08,46.41,46.08,46.16,6100,44.82
2013-10-08,46.62,46.62,46.02,46.15,18500,44.81
2013-10-09,46.55,46.74,46.45,46.49,5000,45.14
2013-10-10,47.01,47.43,46.91,47.25,15300,45.88
2013-10-11,47.47,47.96,47.37,47.94,8300,46.55
2013-10-14,47.14,47.73,47.14,47.62,7300,46.24
2013-10-15,47.02,47.05,46.64,46.76,11900,45.4
2013-10-16,46.98,47.25,46.98,47.22,4500,45.85
2013-10-17,47.03,47.43,47.03,47.43,5900,46.05
2013-10-18,47.32,47.56,47.32,47.56,14200,46.18
2013-10-21,47.49,47.62,47.48,47.62,217000,46.24
2013-10-22,47.91,48,47.73,47.88,5800,46.49
2013-10-23,47.25,47.36,47.14,47.23,18800,45.86
2013-10-24,46.73,47.09,46.62,47.03,9600,45.67
2013-10-25,47.03,47.59,47.03,47.34,13500,45.97
2013-10-28,47.12,47.24,47.01,47.01,39600,45.65
2013-10-29,47.16,47.5,47.16,47.34,6600,45.97
2013-10-30,46.72,46.83,46.29,46.42,23500,45.07
2013-10-31,46.25,46.51,46.03,46.39,12300,45.04
2013-11-01,46.5,46.5,46.03,46.31,9600,44.97
2013-11-04,46.48,46.52,46.25,46.51,8100,45.16
2013-11-05,46.12,46.32,46.04,46.32,2600,44.98
2013-11-06,46.58,46.76,46.35,46.62,7500,45.27
2013-11-07,46.5,46.8,46.32,46.43,353900,45.08
2013-11-08,46.55,46.93,46.3,46.9,15800,45.54
2013-11-11,46.86,46.87,46.72,46.77,4900,45.41
2013-11-12,46.91,47,46.73,46.78,4600,45.42
2013-11-13,46.63,47.34,46.5,47.26,6500,45.89
2013-11-14,47,47.49,47,47.4,9700,46.02
2013-11-15,47.33,47.63,47.28,47.48,10500,46.1
2013-11-18,47.75,47.75,47.27,47.39,246700,46.02
2013-11-19,47.37,47.87,47.37,47.54,27400,46.16
2013-11-20,47.58,47.83,47.33,47.4,334300,46.02
2013-11-21,47.4,47.53,47.25,47.32,47700,45.95
2013-11-22,47.15,47.69,46.94,47.53,37000,46.15
2013-11-25,47.85,47.87,47.67,47.77,31700,46.38
2013-11-26,47.46,47.82,47.46,47.79,4900,46.4
2013-11-27,47.75,47.84,47.56,47.73,13900,46.35
2013-11-29,47.99,48.25,47.99,48.22,8500,46.82
2013-12-02,48.52,48.76,48.5,48.58,22200,47.17
2013-12-03,48.51,48.51,48.09,48.3,37600,46.9
2013-12-04,48.08,48.26,47.58,47.99,20400,46.6
2013-12-05,48.03,48.39,48.03,48.17,18600,46.77
2013-12-06,48.91,48.94,48.39,48.85,13500,47.43
2013-12-09,48.85,48.91,48.65,48.8,57600,47.38
2013-12-10,48.46,48.66,48.32,48.55,39700,47.14
2013-12-11,48.28,48.63,47.67,47.92,39100,46.53
2013-12-12,47.85,47.85,47.32,47.41,7500,46.03
2013-12-13,47.61,47.65,47.4,47.48,5000,46.1
2013-12-16,47.78,48.2,47.64,47.92,91200,46.53
2013-12-17,47.77,48.09,47.68,48.09,5900,46.69
2013-12-18,47.38,48.09,46.88,47.76,13400,46.93
2013-12-19,47.62,47.62,47.16,47.47,37200,46.64
2013-12-20,47.2,47.8,47.2,47.7,24300,46.87
2013-12-23,48.22,48.49,48.12,48.27,20200,47.43
2013-12-24,48.42,48.57,48.13,48.4,10000,47.56
2013-12-26,48,48.24,47.99,48.19,9000,47.35
2013-12-27,48.06,48.13,48,48.03,3900,47.2
2013-12-30,48.22,48.26,48.04,48.05,4500,47.21
2013-12-31,48.79,48.79,48.13,48.42,20100,47.58
2014-01-02,48.04,48.05,47.75,47.89,15600,47.06
2014-01-03,48.1,48.1,47.58,47.74,35700,46.91
2014-01-06,47.62,47.88,47.62,47.83,301200,47
2014-01-07,48.11,48.38,47.91,48.24,40700,47.4
2014-01-08,48.17,48.39,48.17,48.29,51800,47.45
2014-01-09,48,48.37,47.95,48.19,11400,47.35
2014-01-10,48.32,48.55,48.14,48.53,34700,47.69
2014-01-13,48.77,49,48.46,48.46,26500,47.62
2014-01-14,48.53,49.83,48.53,49.69,89800,48.83
2014-01-15,49.75,49.91,49.53,49.86,38300,48.99
2014-01-16,49.4,49.55,49.34,49.48,157400,48.62
2014-01-17,49.54,49.74,49.38,49.61,8300,48.75
2014-01-21,49.13,49.2,48.61,49.02,47300,48.17
2014-01-22,49,49.2,48.73,49.01,82100,48.16
2014-01-23,48.85,49.02,48.6,48.93,26600,48.08
2014-01-24,48.39,48.39,47.65,47.73,28900,46.9
2014-01-27,48.24,48.53,47.76,47.98,68300,47.15
2014-01-28,48.13,48.33,48.13,48.15,32400,47.31
2014-01-29,48.44,48.56,47.91,47.98,39600,47.15
2014-01-30,47.92,48.42,47.92,48.3,25000,47.46
2014-01-31,47.66,47.93,47.47,47.58,25700,46.75
2014-02-03,47.58,48.37,46.57,46.71,115100,45.9
2014-02-04,47.36,47.62,47.11,47.47,34000,46.64
2014-02-05,47.53,47.96,47.31,47.9,527200,47.07
2014-02-06,47.9,48.12,47.67,48.03,190400,47.2
2014-02-07,48.18,48.57,47.97,48.49,38000,47.65
2014-02-10,48.06,48.11,47.88,47.91,9500,47.08
2014-02-11,48.01,48.56,48.01,48.44,7900,47.6
2014-02-12,48.22,48.49,48.07,48.15,11200,47.31
2014-02-13,48.02,48.58,47.93,48.41,12600,47.57
2014-02-14,48.19,48.65,48.19,48.3,280100,47.46
2014-02-18,48.72,48.76,48.43,48.68,16900,47.83
2014-02-19,48.48,48.94,48.18,48.5,11100,47.66
2014-02-20,48.6,49.43,48.6,49.4,23700,48.54
2014-02-21,49.44,49.6,49.35,49.35,6100,48.49
2014-02-24,49.19,49.55,49.19,49.3,8500,48.44
2014-02-25,49.23,49.7,49.23,49.52,377300,48.66
2014-02-26,49.69,49.78,49.58,49.74,11100,48.88
2014-02-27,49.9,50.41,49.62,50.34,33900,49.46
2014-02-28,50.44,51.24,50.44,50.88,14000,50
2014-03-03,49.94,50.22,49.5,49.95,111700,49.08
2014-03-04,50.52,50.74,50.23,50.61,665300,49.73
2014-03-05,50.61,50.94,50.61,50.62,184100,49.74
2014-03-06,51.02,51.54,51.02,51.2,16000,50.31
2014-03-07,51.53,51.53,51,51,5700,50.11
2014-03-10,51.31,51.54,51.12,51.54,20200,50.64
2014-03-11,51.35,51.53,51.04,51.04,7400,50.15
2014-03-12,51.14,51.14,50.8,50.9,15700,50.02
2014-03-13,51.17,51.23,50.36,50.77,242700,49.89
2014-03-14,50.78,50.96,50.78,50.94,4100,50.05
2014-03-17,51.37,51.75,51.18,51.72,220000,50.82
2014-03-18,51.46,51.85,51.46,51.83,6100,50.93
2014-03-19,52.23,52.34,51.64,51.8,16000,50.9
2014-03-20,51.61,52.06,51.61,51.9,36200,51
2014-03-21,52.17,52.17,51.37,51.4,36600,50.51
2014-03-24,52,52.12,51.21,51.58,199000,50.68
2014-03-25,52.05,52.3,51.85,52.29,58500,51.38
2014-03-26,52.27,52.32,51.62,51.62,7800,50.72
2014-03-27,51.54,51.84,51.53,51.84,2600,50.94
2014-03-28,51.76,52.25,51.76,51.91,74700,51.01
2014-03-31,52.07,52.82,52.07,52.8,17800,51.88
2014-04-01,53.24,53.59,53.05,53.58,120700,52.65
2014-04-02,53.41,53.92,53.31,53.72,268600,52.79
2014-04-03,53.52,53.81,53.5,53.78,20800,52.85
2014-04-04,53.93,53.99,52.92,53.09,32700,52.17
2014-04-07,53.29,53.58,52.58,52.84,107100,51.92
2014-04-08,53.13,53.16,52.66,53.09,45100,52.17
2014-04-09,53.25,53.66,52.7,53.59,57600,52.66
2014-04-10,53.48,53.65,52.39,52.45,50900,51.54
2014-04-11,52.25,52.3,51.62,52.01,54800,51.11
2014-04-14,52.1,52.59,52,52.59,48300,51.68
2014-04-15,52.6,52.6,51.86,52.18,176700,51.27
2014-04-16,52.74,52.74,52.39,52.45,7800,51.54
2014-04-17,52.5,52.75,52.5,52.67,17400,51.75
2014-04-21,52.56,52.84,52.38,52.43,35300,51.52
2014-04-22,52.63,52.82,52.5,52.69,7300,51.77
2014-04-23,52.47,52.47,52.02,52.16,8400,51.25
2014-04-24,52.06,52.1,51.84,51.85,16300,50.95
2014-04-25,52,52,51.4,51.43,51600,50.54
2014-04-28,51.47,51.88,51.18,51.66,118400,50.76
2014-04-29,51.72,52,51.67,51.98,6300,51.08
2014-04-30,51.79,51.9,51.48,51.59,30500,50.69
2014-05-01,51.64,52.35,51.55,52.15,100400,51.24
2014-05-02,52.01,52.15,51.59,51.89,110700,50.99
2014-05-05,51.6,51.89,51.48,51.89,9900,50.99
2014-05-06,52.15,52.24,51.36,51.36,8600,50.47
2014-05-07,51.69,52.07,51.64,52.07,14700,51.16
2014-05-08,51.83,51.93,51.59,51.65,30900,50.75
2014-05-09,51.29,51.55,51.22,51.35,3100,50.46
2014-05-12,51.67,51.9,51.61,51.85,107400,50.95
2014-05-13,52.3,52.75,51.85,52.75,27300,51.83
2014-05-14,52.51,52.73,52.35,52.35,4400,51.44
2014-05-15,52.49,52.62,51.96,52.51,18100,51.6
2014-05-16,52.36,52.51,52.17,52.51,8200,51.6
2014-05-19,52.42,52.51,52.4,52.51,7400,51.6
2014-05-20,52.32,52.32,51.65,51.7,23100,50.8
2014-05-21,51.83,52.06,51.83,52.05,3700,51.15
2014-05-22,51.93,52.26,51.92,52.08,13600,51.17
2014-05-23,52.11,52.45,52.09,52.37,43500,51.46
2014-05-27,52.54,52.69,52.48,52.61,24000,51.7
2014-05-28,52.5,52.53,52.08,52.28,11900,51.37
2014-05-29,52.15,52.39,52.08,52.25,3600,51.34
2014-05-30,52.19,52.39,52.14,52.23,9300,51.32
2014-06-02,52.38,52.8,52.27,52.8,31600,51.88
2014-06-03,52.43,52.65,52.41,52.62,81800,51.71
2014-06-04,52.44,52.5,52.26,52.42,4100,51.51
2014-06-05,52.56,52.82,52.32,52.76,22100,51.84
2014-06-06,52.68,53.09,52.68,53.06,30900,52.14
2014-06-09,52.92,53.2,52.92,52.96,17700,52.04
2014-06-10,52.76,52.91,52.64,52.83,10400,51.91
2014-06-11,52.78,52.81,52.78,52.81,600,51.89
2014-06-12,52.41,52.52,52.26,52.32,12100,51.41
2014-06-13,52.42,52.54,52.33,52.43,13700,51.52
2014-06-16,52.42,52.49,52.24,52.45,11100,51.54
2014-06-17,52.41,52.44,52.29,52.42,2700,51.51
2014-06-18,52.61,53.08,52.53,53.08,5000,52.16
2014-06-19,53.16,53.46,53.16,53.26,12100,52.33
2014-06-20,53.28,53.3,53.02,53.15,6700,52.23
2014-06-23,53.15,53.24,53.01,53.12,201200,52.2
2014-06-24,53.11,53.14,52.78,52.86,126200,51.94
2014-06-25,52.24,52.51,52.1,52.49,73800,51.99
2014-06-26,52.35,52.37,52.03,52.34,12800,51.84
2014-06-27,52.11,52.57,52.11,52.53,48500,52.03
2014-06-30,52.42,52.42,52.07,52.22,5500,51.72
2014-07-01,52.15,52.61,52.13,52.48,17600,51.98
2014-07-02,54.97,55.51,52.12,52.47,58500,51.97
2014-07-03,52.6,52.95,52.6,52.85,33700,52.34
2014-07-07,51.9,52.12,51.8,51.98,245300,51.48
2014-07-08,51.7,51.7,51.26,51.36,67900,50.87
2014-07-09,51.9,52.11,51.86,52.05,19600,51.55
2014-07-10,51.62,52.05,51.62,52.05,10600,51.55
2014-07-11,52.14,52.17,51.84,52.17,25100,51.67
2014-07-14,52.9,53.1,52.81,53,4600,52.49
2014-07-15,53.12,53.12,52.67,52.83,21500,52.32
2014-07-16,52.71,52.92,52.7,52.77,10100,52.26
2014-07-17,52.71,52.79,52.14,52.14,54800,51.64
2014-07-18,52.31,52.79,52.26,52.77,15600,52.26
2014-07-21,52.53,52.59,52.27,52.58,12800,52.07
2014-07-22,52.84,52.94,52.8,52.8,14100,52.29
2014-07-23,52.79,52.79,52.6,52.76,7800,52.25
2014-07-24,53,53,52.53,52.53,49500,52.03
2014-07-25,52.44,52.46,52.24,52.43,25000,51.93
2014-07-28,52.52,52.55,52.17,52.52,8600,52.02
2014-07-29,52.52,52.58,52.21,52.27,24000,51.77
2014-07-30,52.54,52.54,52.27,52.43,6700,51.93
2014-07-31,52.39,52.39,51.62,51.78,20100,51.28
2014-08-01,51.91,52.22,51.7,51.97,129500,51.47
2014-08-04,52.47,52.54,52.19,52.36,34400,51.86
2014-08-05,52.26,52.28,52,52.02,242500,51.52
2014-08-06,51.86,51.99,51.62,51.71,22600,51.21
2014-08-07,51.54,51.63,50.69,50.84,31200,50.35
2014-08-08,50.68,51.14,50.68,51.02,47600,50.53
2014-08-11,51.03,51.31,51.01,51.23,17400,50.74
2014-08-12,50.96,51.04,50.67,50.72,15400,50.23
2014-08-13,50.8,51.13,50.73,50.94,67900,50.45
2014-08-14,51.22,51.49,51.15,51.49,15500,51
2014-08-15,51.51,51.55,50.99,51.2,57900,50.71
2014-08-18,50.54,50.54,50.3,50.37,11600,49.89
2014-08-19,50.48,50.48,50.15,50.46,12800,49.98
2014-08-20,50.11,50.39,50.03,50.32,43500,49.84
2014-08-21,50.43,50.81,50.26,50.62,23500,50.13
2014-08-22,50.75,50.87,50.65,50.66,16400,50.17
2014-08-25,50.07,50.09,49.66,49.71,31500,49.23
2014-08-26,49.81,50.15,49.62,50.07,35000,49.59
2014-08-27,50.65,50.93,50.56,50.7,30200,50.21
2014-08-28,50.55,50.77,50.55,50.63,15900,50.14
2014-08-29,50.7,50.87,50.63,50.8,19400,50.31
2014-09-02,51.19,51.72,50.93,51.07,49500,50.58
2014-09-03,51.54,51.54,51.09,51.32,16100,50.83
2014-09-04,51.32,51.32,50.5,50.56,13600,50.07
2014-09-05,50.91,50.91,50.61,50.71,14500,50.22
2014-09-08,51.13,51.23,51.01,51.23,24700,50.74
2014-09-09,51.11,51.11,50.55,50.59,4600,50.1
2014-09-10,50.66,50.91,50.29,50.7,19400,50.21
2014-09-11,50.48,50.71,50.19,50.7,15600,50.21
2014-09-12,50.86,50.86,50.46,50.66,9400,50.17
2014-09-15,50.83,50.83,50.25,50.57,16500,50.08
2014-09-16,50.64,50.92,50.22,50.81,6500,50.32
2014-09-17,50.93,51.08,50.81,51.06,10200,50.57
2014-09-18,51.06,51.28,50.95,51.16,9500,50.67
2014-09-19,51.12,51.16,50.92,50.93,10400,50.44
2014-09-22,50.93,51.02,50.61,50.7,22700,50.21
2014-09-23,51.19,51.19,50.81,50.94,33700,50.45
2014-09-24,50.89,51.46,50.52,51.43,54100,50.94
2014-09-25,51.02,51.23,50.67,50.87,8700,50.38
2014-09-26,50.57,50.97,50.56,50.97,4700,50.48
2014-09-29,50.7,51.11,50.56,50.96,160200,50.47
2014-09-30,50.36,51.13,50.36,50.93,41800,50.44
2014-10-01,51.1,51.21,50.66,50.77,112100,50.28
2014-10-02,50.49,50.99,50.45,50.91,253600,50.42
2014-10-03,51.12,51.22,51,51.1,32200,50.61
2014-10-06,51.12,51.12,50.71,50.84,28700,50.35
2014-10-07,50.56,50.64,50,50,37300,49.52
2014-10-08,50,50.98,49.94,50.88,58800,50.39
2014-10-09,50.58,51,49.98,49.98,46400,49.5
2014-10-10,49.75,49.92,49.1,49.3,13700,48.83
2014-10-13,49.64,49.64,48.4,48.45,35300,47.98
2014-10-14,48.45,49.11,48.45,48.67,25600,48.2
2014-10-15,48.49,48.68,47.58,48.65,58000,48.18
2014-10-16,47.95,49.3,47.95,48.87,34600,48.4
2014-10-17,49.2,49.64,48.95,49.12,8200,48.65
2014-10-20,48.83,49.13,48.4,49.07,10700,48.6
2014-10-21,49.44,49.89,49.07,49.86,26400,49.38
2014-10-22,49.26,49.58,49.08,49.09,22000,48.62
2014-10-23,49.07,49.3,48.89,48.89,8300,48.42
2014-10-24,48.77,49.26,48.77,49.06,5100,48.59
2014-10-27,48.66,49.06,48.66,49,7100,48.53
2014-10-28,49.25,49.52,49.19,49.48,5500,49
2014-10-29,49.36,49.36,48.67,48.9,43900,48.43
2014-10-30,48.32,49.14,48.01,48.74,16800,48.27
2014-10-31,49.16,49.16,48.76,48.89,9500,48.42
2014-11-03,48.64,49.14,48.54,48.85,64300,48.38
2014-11-04,48.85,49.1,48.74,49.02,77500,48.55
2014-11-05,48.98,49.33,48.97,49.27,23500,48.8
2014-11-06,49.31,49.8,49.31,49.79,9400,49.31
2014-11-07,49.36,49.62,49.15,49.37,21700,48.9
2014-11-10,49.36,49.42,49.17,49.22,105200,48.75
2014-11-11,48.72,48.92,48.61,48.85,11000,48.38
2014-11-12,48.71,48.85,48.61,48.82,33500,48.35
2014-11-13,48.74,48.91,48.37,48.38,14200,47.92
2014-11-14,48.54,48.63,48.32,48.56,12800,48.09
2014-11-17,48.59,48.77,48.49,48.5,25900,48.03
2014-11-18,48.66,48.68,48.22,48.63,11300,48.16
2014-11-19,48.57,48.72,48.47,48.53,57300,48.06
2014-11-20,48.84,48.84,48.39,48.42,6600,47.95
2014-11-21,48.86,48.86,48.5,48.5,28400,48.03
2014-11-24,48.11,48.11,47.76,47.85,26000,47.39
2014-11-25,47.89,47.89,47.69,47.74,28200,47.28
2014-11-26,48.28,48.48,48.26,48.47,125300,48
2014-11-28,48.25,48.59,48.25,48.48,9200,48.01
2014-12-01,48.11,48.13,47.85,48.04,84400,47.58
2014-12-02,47.6,47.72,47.34,47.39,180300,46.93
2014-12-03,47.42,47.73,47.34,47.65,26900,47.19
2014-12-04,47.5,48.02,47.5,47.99,10700,47.53
2014-12-05,47.75,48.16,47.75,47.85,50100,47.39
2014-12-08,47.75,48.1,47.74,47.86,38900,47.4
2014-12-09,47.9,48.35,47.9,48.27,34200,47.81
2014-12-10,48.16,48.16,47.75,47.79,48600,47.33
2014-12-11,48.23,48.53,47.97,48.06,46200,47.6
2014-12-12,48.11,48.14,47.64,47.68,70900,47.22
2014-12-15,47.95,48.04,47.5,47.71,19200,47.25
2014-12-16,47.55,48.21,47.55,47.57,47200,47.11
2014-12-17,47.18,47.52,46.87,47.45,22000,47.45
2014-12-18,47.12,47.56,47.03,47.56,26600,47.56
2014-12-19,47.3,48.13,47.3,47.95,33000,47.95
2014-12-22,47.66,47.92,47.44,47.78,67100,47.78
2014-12-23,47.63,47.63,47.07,47.11,8500,47.11
2014-12-24,47.23,47.23,46.92,46.92,2300,46.92
2014-12-26,47.39,47.4,46.9,46.98,6600,46.98
2014-12-29,46.58,46.69,46.15,46.53,8000,46.53
2014-12-30,46.44,46.69,46.4,46.44,14200,46.44
2014-12-31,46.99,47.18,46.77,46.78,31000,46.78
2015-01-02,46.73,46.88,46.25,46.58,11100,46.58
2015-01-05,46.12,46.12,45.46,45.72,56300,45.72
2015-01-06,45.94,45.95,45.21,45.51,107500,45.51
2015-01-07,45.85,46.17,45.78,46.14,52400,46.14
2015-01-08,46.54,46.69,46.52,46.67,22900,46.67
2015-01-09,46.71,46.71,46.09,46.45,40400,46.45
2015-01-12,46.45,46.53,46.23,46.38,52500,46.38
2015-01-13,46.67,46.84,45.92,46.43,51900,46.43
2015-01-14,46.84,47.16,46.72,46.82,47800,46.82
2015-01-15,47.08,47.08,46.36,46.59,46800,46.59
2015-01-16,46.64,46.83,46.31,46.77,46100,46.77
2015-01-20,46.49,46.78,46.47,46.74,37700,46.74
2015-01-21,46.33,46.87,46.33,46.64,30500,46.64
2015-01-22,46.62,46.73,46.42,46.73,22000,46.73
2015-01-23,46.37,46.59,46.17,46.59,67300,46.59
