"Index","EPU.Open","EPU.High","EPU.Low","EPU.Close","EPU.Volume","EPU.Adjusted"
2009-06-22,24.44,24.44,24.44,24.44,500,21.64
2009-06-23,24.07,24.56,24.07,24.49,11600,21.68
2009-06-24,24.6,25.43,24.59,25.02,67800,22.15
2009-06-25,25.1,25.8,25.09,25.76,62400,22.81
2009-06-26,25.79,27.2,25.5,25.71,101600,22.76
2009-06-29,25.81,26.05,25.55,25.85,45400,22.89
2009-06-30,25.65,25.76,25.25,25.33,38900,22.43
2009-07-01,25.43,25.94,25.43,25.88,27200,22.91
2009-07-02,25.97,25.97,25.2,25.47,69400,22.55
2009-07-06,25.07,25.1,24.61,24.87,25900,22.02
2009-07-07,24.79,24.8,24.57,24.59,21100,21.77
2009-07-08,24.25,24.51,23.79,24.02,22000,21.27
2009-07-09,24.29,24.64,24.29,24.39,14600,21.6
2009-07-10,24.55,24.55,24.11,24.24,6200,21.46
2009-07-13,24.25,24.67,24.01,24.64,40400,21.82
2009-07-14,29.48,29.48,24.8,25.01,51500,22.14
2009-07-15,25.08,25.7,25.08,25.68,42200,22.74
2009-07-16,25.66,25.75,25.45,25.62,50000,22.68
2009-07-17,25.5,25.86,25.5,25.77,80300,22.82
2009-07-20,25.96,26.58,25.96,26.57,110100,23.53
2009-07-21,26.72,27.74,26.17,26.61,26000,23.56
2009-07-22,26.6,26.83,26.51,26.74,30100,23.68
2009-07-23,26.86,27.59,26.86,27.59,54400,24.43
2009-07-24,27.66,27.66,27.31,27.42,36500,24.28
2009-07-27,27.92,27.96,27.28,27.84,65400,24.65
2009-07-28,27.54,27.93,26.85,27.55,65900,24.39
2009-07-29,27.1,27.1,26.55,26.83,30500,23.76
2009-07-30,27.2,27.4,27.19,27.25,44000,24.13
2009-07-31,27.37,27.79,27.37,27.78,30200,24.6
2009-08-03,29.02,29.02,28.31,28.65,19400,25.37
2009-08-04,28.5,29.14,28.34,29.12,21800,25.78
2009-08-05,29.06,29.06,28.66,28.88,16400,25.57
2009-08-06,28.97,28.97,28.18,28.31,44000,25.07
2009-08-07,28.26,28.51,28.19,28.35,87500,25.1
2009-08-10,28.42,28.68,27.86,28.02,26300,24.81
2009-08-11,27.95,27.95,27.61,27.87,46100,24.68
2009-08-12,27.81,28.28,27.76,28.23,853500,25
2009-08-13,28.36,28.95,28.36,28.95,20000,25.63
2009-08-14,29.34,29.34,28.49,28.59,28600,25.31
2009-08-17,27.71,28,27.55,27.74,30500,24.56
2009-08-18,28.1,28.79,27.91,28.02,13100,24.81
2009-08-19,28,28.34,27.87,28.25,2900,25.01
2009-08-20,28.25,28.6,28.25,28.58,63100,25.31
2009-08-21,28.68,29,28.63,28.88,55100,25.57
2009-08-24,28.91,29.11,28.84,28.91,85500,25.6
2009-08-25,28.83,29,28.63,28.8,45600,25.5
2009-08-26,28.89,28.89,28.55,28.69,15300,25.4
2009-08-27,28.5,28.82,28.3,28.73,22700,25.44
2009-08-28,29.6,29.6,28.82,28.83,17700,25.53
2009-08-31,28.62,28.69,28.27,28.27,6600,25.03
2009-09-01,28.5,28.56,27.72,27.76,21100,24.58
2009-09-02,27.72,28.14,27.72,28.14,12900,24.92
2009-09-03,28.43,28.83,28.43,28.78,27700,25.48
2009-09-04,28.71,28.96,28.49,28.95,20000,25.63
2009-09-08,29.26,29.57,29.26,29.57,28700,26.18
2009-09-09,29.26,29.58,29.26,29.38,8200,26.01
2009-09-10,29.37,29.67,29.31,29.67,8800,26.27
2009-09-11,29.6,29.92,29.58,29.73,13000,26.32
2009-09-14,30.62,30.62,29.49,29.89,4300,26.46
2009-09-15,29.94,30.44,29.94,30.41,43300,26.93
2009-09-16,30.64,31.37,30.62,31.35,15900,27.76
2009-09-17,31.75,31.75,31.03,31.43,24300,27.83
2009-09-18,31.57,31.66,30.99,31.66,14200,28.03
2009-09-21,31.4,32.95,31,31.55,40400,27.93
2009-09-22,32.42,32.55,31.77,32.55,19400,28.82
2009-09-23,32.59,32.68,32.24,32.25,20000,28.55
2009-09-24,33.43,33.43,31.66,31.79,18800,28.15
2009-09-25,31.79,31.81,31.42,31.73,23400,28.09
2009-09-28,31.58,32.12,31.58,31.86,17700,28.21
2009-09-29,32.15,32.17,31.9,32.04,32900,28.37
2009-09-30,32.58,32.58,31.77,32.3,7600,28.6
2009-10-01,32.56,32.56,31.26,31.47,23500,27.86
2009-10-02,31.24,31.5,30.5,31.3,19000,27.71
2009-10-05,31.37,31.94,31.37,31.92,28500,28.26
2009-10-06,32.1,33.15,32.1,32.86,39800,29.09
2009-10-07,32.76,33,32.56,33,31500,29.22
2009-10-08,33.32,34.08,33.22,33.75,86500,29.88
2009-10-09,34,34.87,33.25,33.84,29700,29.96
2009-10-12,34.46,34.46,33.56,33.97,20300,30.08
2009-10-13,34,34.04,33.64,33.69,60700,29.83
2009-10-14,34.55,34.82,33.92,34.16,35200,30.25
2009-10-15,34.03,34.45,33.71,34.24,38300,30.32
2009-10-16,34,34.48,33.8,34.18,27800,30.26
2009-10-19,34.1,34.11,33.79,33.9,25500,30.02
2009-10-20,33.96,34,33.54,33.67,15400,29.81
2009-10-21,33.78,34.41,33.78,34.03,22200,30.13
2009-10-22,34.01,34.96,33.75,34.35,42000,30.41
2009-10-23,34.79,34.79,33.92,33.94,14300,30.05
2009-10-26,34.1,34.49,33.51,33.6,17300,29.75
2009-10-27,33.63,33.63,32.65,32.65,14200,28.91
2009-10-28,32.71,32.71,31.16,31.27,59100,27.69
2009-10-29,31.5,32.68,31.5,32.32,24500,28.62
2009-10-30,32.41,32.52,30.5,31,44700,27.45
2009-11-02,31.43,31.88,31.06,31.4,24800,27.8
2009-11-03,31.43,31.8,31.11,31.72,11100,28.09
2009-11-04,32.35,32.68,32.01,32.06,14000,28.39
2009-11-05,32.29,32.34,32.1,32.17,16200,28.48
2009-11-06,32.34,32.45,30.78,32.21,6200,28.52
2009-11-09,32.79,33.08,32.79,32.99,37900,29.21
2009-11-10,32.83,32.84,32.58,32.84,12000,29.08
2009-11-11,33.18,33.2,32.83,32.89,21500,29.12
2009-11-12,32.87,32.88,32.25,32.31,23900,28.61
2009-11-13,32.34,32.7,32.32,32.67,37300,28.93
2009-11-16,32.62,33.62,32.62,33.49,22900,29.65
2009-11-17,33.36,33.58,33.08,33.55,34200,29.71
2009-11-18,33.62,33.66,33.33,33.42,31900,29.59
2009-11-19,33.42,33.58,33,33.58,15100,29.73
2009-11-20,33.07,33.28,32.99,33.19,157900,29.39
2009-11-23,34.01,34.07,33.53,33.65,51300,29.79
2009-11-24,33.66,33.66,33.18,33.35,66100,29.53
2009-11-25,33.63,33.92,33.53,33.75,19500,29.88
2009-11-27,33.41,33.41,31.95,32.75,24000,29
2009-11-30,33.23,33.29,32.59,33.1,43300,29.31
2009-12-01,33.95,33.95,33.36,33.61,31500,29.76
2009-12-02,33.73,34.03,33.5,33.93,50900,30.08
2009-12-03,34,34,33.28,33.28,29700,29.51
2009-12-04,33.38,33.52,32.7,32.98,34700,29.24
2009-12-07,32.98,32.98,32.5,32.51,39000,28.83
2009-12-08,32.57,33,31.8,31.88,65000,28.27
2009-12-09,32.2,32.52,31.92,32.49,14400,28.81
2009-12-10,33.34,33.34,32.4,32.54,12000,28.85
2009-12-11,32.9,32.9,32.35,32.43,13500,28.75
2009-12-14,32.78,32.79,32.62,32.71,4700,29
2009-12-15,32.44,32.89,32.36,32.5,29100,28.82
2009-12-16,32.78,33.02,32.51,32.56,9600,28.87
2009-12-17,32.7,32.7,31.8,32,14800,28.37
2009-12-18,31.87,32.34,31.85,32.03,9700,28.4
2009-12-21,32.35,32.35,31.59,31.61,8600,28.03
2009-12-22,31.59,31.81,31.42,31.77,9200,28.17
2009-12-23,32.02,32.59,32.02,32.53,4300,28.84
2009-12-24,32.71,32.75,32.6,32.64,6400,28.94
2009-12-28,32.75,32.75,32.49,32.49,8700,28.81
2009-12-29,32.49,32.64,31.42,32.53,10100,28.92
2009-12-30,32.5,32.5,32.18,32.43,10500,28.83
2009-12-31,32.65,32.7,32.26,32.7,33400,29.07
2010-01-04,32.7,33.75,32.67,33.38,87800,29.67
2010-01-05,33.38,33.97,33.38,33.91,77100,30.14
2010-01-06,34.17,34.86,34.09,34.82,87600,30.95
2010-01-07,34.98,34.98,34.5,34.85,25000,30.98
2010-01-08,35.1,35.36,34.76,35.35,54100,31.42
2010-01-11,35.85,35.95,35.46,35.55,97700,31.6
2010-01-12,35.53,35.74,34.6,34.71,62400,30.86
2010-01-13,34.71,35.17,33.7,34.37,774600,30.55
2010-01-14,34.58,34.93,34.05,34.05,96500,30.27
2010-01-15,34.4,34.4,33.4,33.57,48000,29.84
2010-01-19,33.8,34.02,33.57,33.85,81800,30.09
2010-01-20,33.8,33.8,32.86,33.13,62000,29.45
2010-01-21,33.29,33.29,32.2,32.24,885200,28.66
2010-01-22,31.92,32.28,31.74,31.9,52800,28.36
2010-01-25,31.97,32.29,31.9,32.08,48400,28.52
2010-01-26,32,32,31.65,31.7,28000,28.18
2010-01-27,31.36,31.75,31.16,31.44,55800,27.95
2010-01-28,31.84,31.84,30.67,30.8,86700,27.38
2010-01-29,31.15,31.35,30.27,30.27,116900,26.91
2010-02-01,30.58,31.24,30.46,31.2,35500,27.74
2010-02-02,31.51,31.78,30.33,31.62,13600,28.11
2010-02-03,31.89,31.89,31.08,31.2,15800,27.74
2010-02-04,31.2,31.2,29.9,29.97,30900,26.64
2010-02-05,29.87,30.07,29.37,30.02,38700,26.69
2010-02-08,29.61,30.02,29.38,29.4,28700,26.14
2010-02-09,29.71,30.25,29.71,30.25,58600,26.89
2010-02-10,30.43,30.43,29.98,30.09,27400,26.75
2010-02-11,30.12,31.1,30.03,31.07,72800,27.62
2010-02-12,30.8,31.2,30.51,31.18,12700,27.72
2010-02-16,31.67,32,31.49,31.92,65600,28.38
2010-02-17,32.25,32.27,31.68,31.79,8900,28.26
2010-02-18,31.76,31.8,31.5,31.65,37000,28.14
2010-02-19,31.51,31.75,31.49,31.6,23800,28.09
2010-02-22,31.89,31.89,31.35,31.5,10100,28
2010-02-23,31.01,31.16,30.8,30.8,143900,27.38
2010-02-24,31.02,31.13,30.51,30.91,140800,27.48
2010-02-25,30.82,30.85,30.23,30.49,200600,27.1
2010-02-26,30.5,31.29,30.38,31.25,339700,27.78
2010-03-01,31.3,31.33,30.88,31.19,25700,27.73
2010-03-02,31.48,31.76,31.23,31.52,24100,28.02
2010-03-03,31.7,31.93,31.57,31.57,10000,28.06
2010-03-04,31.8,31.8,31.32,31.46,18600,27.97
2010-03-05,31.92,32.06,31.51,32.02,37500,28.46
2010-03-08,32.07,32.23,32.07,32.19,21400,28.62
2010-03-09,32.2,32.2,31.85,32.17,46800,28.6
2010-03-10,31.85,32.16,31.77,31.97,20000,28.42
2010-03-11,31.77,32,31.59,31.93,19100,28.38
2010-03-12,32.06,32.23,32,32.14,7700,28.57
2010-03-15,31.63,31.84,31.63,31.83,6200,28.3
2010-03-16,31.95,32.69,31.95,32.67,34400,29.04
2010-03-17,32.65,33.25,32.65,33.18,823500,29.5
2010-03-18,33.27,33.35,32.16,32.9,11600,29.25
2010-03-19,32.59,32.9,32.58,32.59,18400,28.97
2010-03-22,32.28,32.68,32.11,32.67,11300,29.04
2010-03-23,32.59,32.93,32.59,32.85,8100,29.2
2010-03-24,32.81,32.81,32.38,32.45,15900,28.85
2010-03-25,32.86,32.86,32.64,32.64,8000,29.02
2010-03-26,32.84,33.17,32.63,32.87,123000,29.22
2010-03-29,33.2,33.61,33.04,33.59,358600,29.86
2010-03-30,33.76,33.76,33.28,33.31,38600,29.61
2010-03-31,33.43,33.61,33.43,33.55,9900,29.82
2010-04-01,33.85,34.26,33.85,34.24,135500,30.44
2010-04-05,34.46,34.64,34.05,34.58,44600,30.79
2010-04-06,34.6,34.99,34.6,34.78,358100,30.97
2010-04-07,34.81,34.98,34.65,34.73,177700,30.92
2010-04-08,34.66,34.95,34.66,34.92,376100,31.09
2010-04-09,34.86,35.18,34.86,35.08,37000,31.24
2010-04-12,35.28,35.28,34.95,35,47200,31.16
2010-04-13,34.95,35,34.59,34.76,95400,30.95
2010-04-14,35.21,35.39,34.81,35.13,84800,31.28
2010-04-15,34.96,35.23,34.96,35.04,465000,31.2
2010-04-16,34.8,35,34.06,34.38,59000,30.61
2010-04-19,33.96,34.53,33.52,34.24,83300,30.49
2010-04-20,34.46,34.61,34.16,34.24,26400,30.49
2010-04-21,34.48,34.48,33.97,34.21,8300,30.46
2010-04-22,34.28,34.65,33.84,34.65,663200,30.85
2010-04-23,34.76,34.98,34.6,34.96,97100,31.13
2010-04-26,35.5,35.5,34.73,34.87,69300,31.05
2010-04-27,34.52,34.69,34.09,34.25,74100,30.5
2010-04-28,34.74,35,34.34,34.51,146400,30.73
2010-04-29,34.69,34.83,34.55,34.55,115400,30.76
2010-04-30,34.74,34.99,34.25,34.32,184200,30.56
2010-05-03,34.46,34.49,33.99,34.01,127700,30.28
2010-05-04,33.74,33.74,32.63,32.82,119500,29.42
2010-05-05,32.3,32.85,32,32.62,34600,29.24
2010-05-06,32.77,33.01,29.79,32.07,58300,28.75
2010-05-07,32.21,32.65,31.56,31.95,80000,28.64
2010-05-10,32.94,33.65,32.31,33.48,203100,30.01
2010-05-11,33.16,33.98,33.16,33.86,71500,30.35
2010-05-12,34.08,34.3,34.08,34.3,53300,30.75
2010-05-13,34.3,34.55,34.1,34.29,122800,30.74
2010-05-14,34.07,34.23,33.46,33.85,51400,30.35
2010-05-17,33.76,33.97,32.89,33.2,21000,29.76
2010-05-18,33.36,33.36,32.94,33,26500,29.58
2010-05-19,32.73,32.86,31.94,32.3,37700,28.96
2010-05-20,31.1,31.71,30.53,31.19,87300,27.96
2010-05-21,30.67,32.49,30.67,32.32,44000,28.97
2010-05-24,32.23,32.64,32.19,32.19,6300,28.86
2010-05-25,31.2,32.27,30.9,32.13,69400,28.8
2010-05-26,32.74,32.76,32.18,32.24,34500,28.9
2010-05-27,32.87,33.69,32.54,33.69,118300,30.2
2010-05-28,33.68,34.11,33.3,33.32,77900,29.87
2010-06-01,32.88,34.26,32.66,32.66,95700,29.28
2010-06-02,32.73,33.43,32.73,33.43,227500,30.2
2010-06-03,33.78,33.78,32.9,33.18,58400,29.98
2010-06-04,32.5,33.07,32.08,32.09,25700,28.99
2010-06-07,32,32.43,31.69,31.7,11200,28.64
2010-06-08,31.6,32.34,31,32.31,10900,29.19
2010-06-09,32.45,33.12,32.37,32.53,79800,29.39
2010-06-10,33.25,33.7,33.25,33.7,79000,30.45
2010-06-11,33.45,33.77,33.42,33.61,68900,30.37
2010-06-14,34.01,34.01,33.6,33.6,24800,30.36
2010-06-15,33.99,34.7,33.99,34.69,201900,31.34
2010-06-16,34.47,34.7,34.37,34.55,38100,31.22
2010-06-17,34.4,34.72,34.21,34.47,36600,31.14
2010-06-18,34.72,34.72,34.33,34.43,36500,31.11
2010-06-21,34.98,35.15,34.73,34.81,152900,31.45
2010-06-22,34.57,34.8,34.21,34.21,29400,30.91
2010-06-23,34.03,34.31,33.95,34.28,16200,30.97
2010-06-24,34.23,34.23,33.74,34,22300,30.72
2010-06-25,33.77,34.31,33.77,34.02,127000,30.74
2010-06-28,34.28,34.28,33.97,33.99,12900,30.71
2010-06-29,33.39,33.39,32.52,32.88,79100,29.71
2010-06-30,32.99,33.84,32.91,32.91,52300,29.73
2010-07-01,32.67,32.93,32.35,32.6,65700,29.45
2010-07-02,32.74,33.22,32.57,32.81,69500,29.7
2010-07-06,33.77,33.77,32.8,32.81,117500,29.7
2010-07-07,33.14,33.42,32.84,33.38,158900,30.22
2010-07-08,33.92,33.92,33.4,33.7,102200,30.51
2010-07-09,33.85,34.01,33.72,33.9,83400,30.69
2010-07-12,33.72,34.07,33.6,33.81,67700,30.61
2010-07-13,34.46,34.46,34.01,34.33,173100,31.08
2010-07-14,34.19,34.38,33.99,34.26,7000,31.02
2010-07-15,34.13,34.31,33.91,34.31,69000,31.06
2010-07-16,34.27,34.27,33.56,33.72,102800,30.53
2010-07-19,33.56,33.58,33.32,33.32,11300,30.16
2010-07-20,33.18,33.65,33.18,33.63,57500,30.45
2010-07-21,33.92,33.98,33.61,33.69,35100,30.5
2010-07-22,33.91,34.44,33.91,34.05,587200,30.83
2010-07-23,34.34,34.71,34.12,34.58,150500,31.31
2010-07-26,34.92,34.92,34.43,34.62,56300,31.34
2010-07-27,34.84,34.84,33.85,34.08,448500,30.85
2010-07-28,34.21,34.21,33.96,33.96,7500,30.74
2010-07-29,34.18,34.64,33.99,34.29,334300,31.04
2010-07-30,34.02,34.73,34.02,34.69,187800,31.4
2010-08-02,34.91,35.24,34.68,35.17,289000,31.84
2010-08-03,34.92,35.02,34.73,34.88,127300,31.61
2010-08-04,34.84,35.24,34.84,35.24,60300,31.93
2010-08-05,34.96,35.39,34.88,35.06,231500,31.77
2010-08-06,34.75,35.16,34.75,34.85,14500,31.58
2010-08-09,35.18,35.22,34.84,35.19,49600,31.89
2010-08-10,34.74,35.13,34.62,35.04,85500,31.75
2010-08-11,34.54,34.74,34.2,34.2,140400,30.99
2010-08-12,33.88,34.84,33.88,34.83,42400,31.56
2010-08-13,34.99,34.99,34.74,34.97,24300,31.69
2010-08-16,35.12,35.12,35,35.1,9900,31.8
2010-08-17,35.21,35.47,35.21,35.44,122500,32.11
2010-08-18,35.54,35.54,35.22,35.38,31300,32.06
2010-08-19,35.19,35.59,34.9,34.97,49500,31.69
2010-08-20,35.26,35.26,34.72,35.07,58100,31.78
2010-08-23,35.45,35.45,35.06,35.11,235500,31.81
2010-08-24,34.82,35.03,34.58,34.74,89700,31.48
2010-08-25,34.92,35.15,34.8,35.03,181400,31.74
2010-08-26,35.24,35.41,35.11,35.23,52300,31.92
2010-08-27,35.49,35.85,35.24,35.83,19400,32.47
2010-08-30,36.16,36.16,35.48,35.48,285400,32.15
2010-08-31,35.74,36.36,35.74,36.16,283900,32.77
2010-09-01,36.64,36.98,36.5,36.73,443000,33.28
2010-09-02,36.91,37.09,36.63,37.02,100400,33.6
2010-09-03,37.38,37.66,37,37.64,282900,34.16
2010-09-07,37.74,37.84,37.46,37.8,185000,34.3
2010-09-08,37.92,38.05,37.79,37.81,251800,34.31
2010-09-09,38.24,38.24,37.79,37.96,321600,34.45
2010-09-10,38.04,38.5,37.91,38.5,138400,34.94
2010-09-13,38.62,39.31,38.62,39.29,286100,35.66
2010-09-14,39.43,39.76,39.29,39.42,187900,35.77
2010-09-15,39.37,39.54,38.97,39.42,86000,35.77
2010-09-16,39.4,39.61,39.3,39.59,237700,35.93
2010-09-17,39.74,39.83,39.43,39.78,63200,36.1
2010-09-20,39.95,40.34,39.62,40.28,157200,36.56
2010-09-21,40.39,40.7,39.9,40.53,668000,36.78
2010-09-22,40.71,41.09,40.59,40.86,425900,37.08
2010-09-23,40.74,41.11,40.5,40.74,237200,36.97
2010-09-24,41.41,41.6,40.77,40.95,198000,37.16
2010-09-27,41.28,41.28,40.79,41.01,130800,37.22
2010-09-28,41.01,41.67,40.8,41.62,61800,37.77
2010-09-29,41.6,42.09,41.53,41.97,447500,38.09
2010-09-30,42.12,42.45,41.52,42.45,494600,38.52
2010-10-01,42.48,43.29,42.44,43.27,529700,39.27
2010-10-04,43.04,43.31,42.77,43.11,160500,39.12
2010-10-05,43.36,44.73,43.25,44.64,241000,40.51
2010-10-06,44.73,45.23,44.68,45.09,327600,40.92
2010-10-07,45.24,45.45,44.65,44.87,246400,40.72
2010-10-08,44.87,45.37,44.48,45.33,599200,41.14
2010-10-11,45.4,45.61,44.91,45.33,341400,41.14
2010-10-12,45.32,45.66,44.99,45.59,242600,41.37
2010-10-13,45.97,47.12,45.71,46.9,534200,42.56
2010-10-14,46.9,47.61,46.81,47.38,252000,43
2010-10-15,47.48,47.75,46.9,47.16,187300,42.8
2010-10-18,47.01,47.15,46.56,46.84,191300,42.51
2010-10-19,45.87,46.08,44.75,45.07,574200,40.9
2010-10-20,45.18,46.24,45.12,46,285100,41.75
2010-10-21,46.26,46.5,45.58,45.87,420100,41.63
2010-10-22,45.65,45.91,45.43,45.77,158100,41.54
2010-10-25,46.18,46.85,46.18,46.43,289100,42.14
2010-10-26,46.32,47.02,46.21,46.95,169900,42.61
2010-10-27,46.61,46.62,46,46.56,221300,42.25
2010-10-28,46.95,46.99,46.46,46.51,454500,42.21
2010-10-29,46.41,46.87,46.31,46.71,153400,42.39
2010-11-01,47.12,47.49,46.85,46.88,534200,42.55
2010-11-02,47.33,47.58,47.14,47.55,220100,43.15
2010-11-03,47.68,47.71,46.84,47.38,430100,43
2010-11-04,48.05,48.61,47.47,48.55,525900,44.06
2010-11-05,48.61,49.19,48.55,48.84,265600,44.32
2010-11-08,48.89,49.36,48.75,49.35,175900,44.79
2010-11-09,49.44,49.97,48.63,48.9,432400,44.38
2010-11-10,49.05,49.05,48.25,48.91,274100,44.39
2010-11-11,49.01,49.46,48.9,49.18,346200,44.63
2010-11-12,48.87,49.1,48,48.35,336600,43.88
2010-11-15,48.34,48.63,48.25,48.26,142300,43.8
2010-11-16,47.83,47.83,46.12,46.41,468400,42.12
2010-11-17,46.39,47.2,46.36,46.85,748200,42.52
2010-11-18,47.85,48.18,47.5,48.01,259400,43.57
2010-11-19,48.03,48.32,47.5,48.26,111700,43.8
2010-11-22,48.3,48.71,48,48.68,296700,44.18
2010-11-23,47.95,48.29,47.72,47.9,761400,43.47
2010-11-24,48.38,48.53,47.96,48.53,158300,44.04
2010-11-26,47.77,48.36,47.72,48.3,58300,43.83
2010-11-29,48.31,48.51,47.6,48.51,315800,44.02
2010-11-30,47.89,48.03,47.26,47.6,769500,43.2
2010-12-01,48.16,48.78,47.84,48.78,403800,44.27
2010-12-02,48.56,49.72,48.56,49.54,406700,45.03
2010-12-03,49.5,50.23,49.5,50,531300,45.44
2010-12-06,50.01,50.5,50,50.41,408300,45.82
2010-12-07,50.93,51.35,50.73,50.9,668900,46.26
2010-12-08,50.99,51.23,50.35,50.69,175100,46.07
2010-12-09,50.77,50.93,50.15,50.23,225400,45.65
2010-12-10,50.43,50.49,49.89,50.16,127600,45.59
2010-12-13,50.61,50.77,50.3,50.38,222600,45.79
2010-12-14,50.62,50.63,50.05,50.15,490300,45.58
2010-12-15,49.94,50.43,49.66,49.72,93600,45.19
2010-12-16,49.7,50,49.08,49.22,422900,44.73
2010-12-17,49.22,49.56,49.11,49.14,193200,44.66
2010-12-20,49.28,49.68,49.23,49.5,201200,44.99
2010-12-21,49.81,49.81,49.53,49.54,194400,45.03
2010-12-22,49.99,50.17,49.64,50.02,110600,45.46
2010-12-23,50.18,50.19,49.87,50.15,97600,45.58
2010-12-27,49.82,50.27,49.82,49.95,360300,45.4
2010-12-28,50.29,50.47,50.14,50.21,132900,45.63
2010-12-29,50.32,50.5,50.26,50.41,91000,45.89
2010-12-30,50.42,50.61,50.3,50.32,396900,45.81
2010-12-31,50.31,50.76,50.16,50.36,356900,45.85
2011-01-03,51.23,51.33,50.59,50.74,346000,46.19
2011-01-04,50.83,51.27,50.17,50.34,419700,45.83
2011-01-05,50.01,50.27,49.91,50.05,150000,45.57
2011-01-06,49.97,50.32,49.09,49.15,349100,44.75
2011-01-07,49.3,49.34,48.23,48.42,324300,44.08
2011-01-10,48.23,48.29,46.85,47.06,633700,42.84
2011-01-11,47.53,48.09,47.3,47.78,342500,43.5
2011-01-12,48.13,48.51,47.48,47.62,881700,43.35
2011-01-13,47.56,47.75,46.68,46.89,213800,42.69
2011-01-14,46.73,46.89,45.92,46.14,695500,42.01
2011-01-18,46.22,47.14,46.19,47.1,332000,42.88
2011-01-19,47.5,47.5,46.81,47.1,198200,42.88
2011-01-20,46.92,46.92,46.04,46.52,382000,42.35
2011-01-21,46.58,46.6,45.87,45.92,85600,41.81
2011-01-24,45.76,46.23,45.69,46.15,307500,42.02
2011-01-25,46,46,45.37,45.84,338900,41.73
2011-01-26,45.92,46.89,45.72,46.69,357300,42.51
2011-01-27,47.06,48.42,46.89,48.39,3119800,44.05
2011-01-28,48.21,48.62,47.63,48.17,1408000,43.85
2011-01-31,47.61,48.49,47.57,48.45,701000,44.11
2011-02-01,48.83,49.79,48.59,49.77,610100,45.31
2011-02-02,49.59,50.05,49.49,49.82,553300,45.36
2011-02-03,49.82,50.55,49.7,50.47,691600,45.95
2011-02-04,50.29,50.51,49.55,49.88,576900,45.41
2011-02-07,50.18,50.4,49.81,50,320400,45.52
2011-02-08,50.29,50.29,49.4,49.5,310600,45.07
2011-02-09,49.19,49.65,47.81,47.83,585000,43.55
2011-02-10,47.8,48.25,47.11,47.49,399500,43.24
2011-02-11,47.3,47.88,47.15,47.88,148500,43.59
2011-02-14,47.8,48.27,47.54,47.81,278700,43.53
2011-02-15,47.85,48.35,47.35,48.06,249400,43.75
2011-02-16,48.03,48.27,47.58,47.95,297200,43.65
2011-02-17,47.75,48.27,46.96,48.11,216200,43.8
2011-02-18,47.94,48.78,47.6,48.65,187800,44.29
2011-02-22,48.87,48.87,47.37,47.58,238100,43.32
2011-02-23,47.4,47.69,47,47.31,110800,43.07
2011-02-24,47.37,48,47.24,47.63,144100,43.36
2011-02-25,48.18,48.26,47.58,47.58,233400,43.32
2011-02-28,48.04,48.47,47.57,47.57,445000,43.31
2011-03-01,48,48.25,47.12,47.52,377500,43.26
2011-03-02,47.82,48,47.47,47.63,281700,43.42
2011-03-03,48.01,48.12,47.7,47.87,284100,43.63
2011-03-04,48.14,48.18,47.78,48.07,143800,43.82
2011-03-07,48.14,48.37,47.41,47.66,115600,43.44
2011-03-08,47.5,47.7,47.09,47.44,286200,43.24
2011-03-09,47.37,47.44,46.63,46.81,256300,42.67
2011-03-10,46.59,46.59,45.24,45.33,419300,41.32
2011-03-11,45,46.08,44.64,46.04,212700,41.97
2011-03-14,45.79,45.99,45.3,45.49,277500,41.47
2011-03-15,43.97,45.25,43.6,45,343400,41.02
2011-03-16,45.4,45.67,44.46,44.72,168700,40.76
2011-03-17,45.08,45.66,43.5,43.65,1629300,39.79
2011-03-18,44.27,44.86,43.68,43.88,764500,40
2011-03-21,44.65,45.03,43.9,44.86,459500,40.89
2011-03-22,44.54,45.38,44.21,45.25,404900,41.25
2011-03-23,45.46,46.27,45.26,46.27,257000,42.18
2011-03-24,46.77,47.3,46.75,47.19,340400,43.01
2011-03-25,47.33,47.33,45.93,46.02,421100,41.95
2011-03-28,45.65,45.86,43.75,43.85,1477300,39.97
2011-03-29,43.83,44.82,43.5,44.7,281600,40.75
2011-03-30,44.75,45,44.32,44.72,226600,40.76
2011-03-31,45,45.75,44.72,45.65,134400,41.61
2011-04-01,45.58,45.65,44.84,45.41,329900,41.39
2011-04-04,45.48,45.64,44.5,44.54,175300,40.63
2011-04-05,44.55,44.81,44.34,44.79,204700,40.85
2011-04-06,45.07,45.61,44.8,44.82,278400,40.88
2011-04-07,44.9,45.07,43.21,43.46,2028900,39.64
2011-04-08,43.96,44.2,43.51,44.14,1137700,40.26
2011-04-11,43.9,43.9,42.62,42.85,913600,39.08
2011-04-12,42.7,42.7,41.06,41.21,687500,37.59
2011-04-13,41.32,41.53,39.32,40.08,1078000,36.56
2011-04-14,39.64,39.93,38.1,39.6,1266800,36.12
2011-04-15,39.75,41.69,39.71,40.86,1424100,37.27
2011-04-18,40.18,40.42,39.48,39.67,167700,36.18
2011-04-19,39.63,40.18,39.27,40.11,320500,36.59
2011-04-20,40.5,41.34,39.46,39.53,2218800,36.06
2011-04-21,39.95,40.16,39.56,39.82,321600,36.32
2011-04-25,40.21,40.42,38.62,39.13,530500,35.69
2011-04-26,39.11,39.28,37.95,38.15,341800,34.8
2011-04-27,38.06,39.1,37.5,39.04,851600,35.61
2011-04-28,38.85,40.95,38.85,40.72,449600,37.14
2011-04-29,41.29,42.4,41.08,41.84,966000,38.16
2011-05-02,41.27,42.19,41.26,41.93,344200,38.25
2011-05-03,41.4,41.7,40.65,41.05,300800,37.7
2011-05-04,41.3,42.8,41.29,42.8,1827200,39.3
2011-05-05,41.91,42.65,41.84,41.95,596600,38.52
2011-05-06,42.52,44.72,42.09,44.69,1289800,41.04
2011-05-09,44.82,45.14,43.59,43.93,759000,40.34
2011-05-10,44.06,44.17,43.06,43.19,761400,39.66
2011-05-11,43.26,43.26,41.58,42.12,737800,38.68
2011-05-12,42.2,43.83,42.13,43.69,465000,40.12
2011-05-13,43.09,44.25,42.91,44.23,807100,40.62
2011-05-16,44.02,44.87,43.93,43.94,213900,40.35
2011-05-17,43.92,44.5,43.38,44.5,689900,40.87
2011-05-18,44.4,45,43.96,44.02,561300,40.42
2011-05-19,44.38,44.76,43.99,44.36,306100,40.74
2011-05-20,44.51,44.63,43.37,43.69,376100,40.12
2011-05-23,43.35,43.38,42.72,42.8,366400,39.3
2011-05-24,43.3,43.69,43,43.4,259800,39.86
2011-05-25,43.49,44.5,43.2,44.46,427900,40.83
2011-05-26,44.38,45.32,43.91,45.31,326400,41.61
2011-05-27,45.41,45.61,44.71,45.24,805100,41.55
2011-05-31,44.58,44.8,42.95,43.67,695300,40.1
2011-06-01,43.72,43.72,41.31,41.44,2232000,38.06
2011-06-02,41.27,44.01,41.22,43.8,1944000,40.55
2011-06-03,43.16,43.6,42.81,43.53,1379500,40.3
2011-06-06,39.9,40,37.43,37.53,2291900,34.75
2011-06-07,38.12,39.17,37.7,39.07,1525600,36.17
2011-06-08,39.63,40.5,39.32,40.31,1461300,37.32
2011-06-09,40.44,41.76,40.35,41.3,1127500,38.24
2011-06-10,41.01,41.1,40.27,40.75,714300,37.73
2011-06-13,40.59,41.09,40.4,40.47,355900,37.47
2011-06-14,40.82,41.52,40.11,40.11,339100,37.14
2011-06-15,40.04,40.22,38.87,39.22,437600,36.31
2011-06-16,39.36,39.36,38.12,38.3,452800,35.46
2011-06-17,38.63,39.08,37.97,38.36,562500,35.52
2011-06-20,37.9,39.22,37.61,37.97,421200,35.16
2011-06-21,38.48,38.66,37.5,38.37,685400,35.53
2011-06-22,37.95,38.31,37.25,37.65,395700,34.86
2011-06-23,37.65,37.99,36.78,37.81,419300,35.01
2011-06-24,38.18,38.18,37.04,37.74,195900,34.94
2011-06-27,37.37,37.55,36.94,37,137900,34.26
2011-06-28,37.99,37.99,36.92,37.13,537300,34.38
2011-06-29,37.5,37.7,37.18,37.19,177100,34.43
2011-06-30,37.68,38.08,37.44,37.62,204500,34.83
2011-07-01,37.47,37.79,37.06,37.66,237600,34.87
2011-07-05,38,38.67,37.84,38.58,396000,35.74
2011-07-06,38.26,38.4,37.63,37.98,107200,35.18
2011-07-07,38.98,39.06,38.38,38.73,147300,35.87
2011-07-08,38.6,39.82,38.21,39.4,304600,36.5
2011-07-11,39.01,39.06,38.16,38.27,135500,35.45
2011-07-12,38.77,39.09,38.2,38.66,272200,35.81
2011-07-13,39.25,39.44,38.43,39.2,416500,36.31
2011-07-14,39.49,40.08,38.9,39.25,632700,36.36
2011-07-15,39.31,40.44,38.78,40.35,517500,37.38
2011-07-18,39.8,41.89,39.47,41.46,619000,38.4
2011-07-19,41.75,42.98,41.7,42.88,677000,39.72
2011-07-20,42.76,43.31,42.55,42.81,456200,39.65
2011-07-21,43.5,44.25,42.88,43.13,861700,39.95
2011-07-22,43.14,44.25,42.48,42.63,540900,39.49
2011-07-25,42.84,43.16,42.63,42.87,533600,39.71
2011-07-26,43.13,43.13,42.29,43,206100,39.83
2011-07-27,42.79,42.88,42.04,42.04,436900,38.94
2011-07-28,42.65,42.65,41.69,42.44,727100,39.31
2011-07-29,42.06,42.96,41.51,42.9,645200,39.74
2011-08-01,42.99,43.86,42.11,43.12,366300,39.94
2011-08-02,42.5,42.78,41.58,41.94,206900,38.85
2011-08-03,42.1,42.5,41.27,41.41,225700,38.36
2011-08-04,40.97,41.04,39,39.14,298000,36.25
2011-08-05,39.31,39.7,37.4,38.95,322200,36.08
2011-08-08,37.54,37.87,35.58,36.34,754200,33.66
2011-08-09,36.62,37.74,36,37.57,555200,34.8
2011-08-10,36.88,37.57,35.99,36.49,379300,33.8
2011-08-11,37.53,38.55,36.65,38.13,474800,35.32
2011-08-12,38.49,39.3,38.49,38.74,494500,35.88
2011-08-15,39.21,39.5,38.71,39.29,421500,36.39
2011-08-16,38.94,39.27,38.51,38.52,224500,35.68
2011-08-17,39.09,39.99,39.09,39.15,310200,36.26
2011-08-18,38.29,38.78,38.02,38.58,319200,35.74
2011-08-19,38.18,39.33,38.18,38.33,188600,35.5
2011-08-22,39.36,39.96,38.37,38.47,81500,35.63
2011-08-23,38.29,39.13,38.17,39.13,51000,36.24
2011-08-24,39.08,39.58,38.94,39.55,174200,36.63
2011-08-25,39.66,40.18,38.84,39.3,150700,36.4
2011-08-26,38.97,40.35,38.81,40.32,158600,37.35
2011-08-29,40.22,41.28,39.94,40.35,167700,37.38
2011-08-30,40.17,41.64,40.17,41.17,282200,38.13
2011-08-31,41.6,42.23,41.43,41.79,340100,38.71
2011-09-01,42.08,42.69,41.73,41.98,289600,38.88
2011-09-02,41.36,42.87,40.99,41.06,292900,38.11
2011-09-06,41.3,42.85,39.91,40.33,208300,37.43
2011-09-07,41.05,41.52,40.6,41.52,284400,38.54
2011-09-08,40.91,41.64,40.91,41.48,343900,38.5
2011-09-09,41.19,41.38,40.56,40.97,102900,38.03
2011-09-12,40.3,41.05,40.24,41.03,127700,38.08
2011-09-13,40.75,41.65,40.34,41.64,126100,38.65
2011-09-14,41.52,41.53,41.01,41.04,290100,38.09
2011-09-15,41.47,41.84,40.73,41.01,427500,38.07
2011-09-16,40.84,41.3,40.59,40.96,173100,38.02
2011-09-19,40.38,41.5,40.2,40.58,75000,37.67
2011-09-20,40.38,41,40.25,40.32,186400,37.43
2011-09-21,40.65,40.8,39.47,39.47,624000,36.64
2011-09-22,38.83,39,37.38,37.61,818600,34.91
2011-09-23,37.52,37.52,36.23,36.28,281600,33.68
2011-09-26,37.23,37.23,35.89,36.83,202100,34.19
2011-09-27,37.59,38.53,37.1,37.5,268200,34.81
2011-09-28,37.88,37.88,35.77,35.87,311500,33.3
2011-09-29,36.61,37.45,35.61,36.02,146700,33.43
2011-09-30,36.35,36.7,35.06,35.07,192200,32.55
2011-10-03,35.11,35.71,34.55,34.67,128900,32.18
2011-10-04,34.17,34.43,33.29,33.91,344700,31.49
2011-10-05,34.27,35.03,33.76,34.86,527800,32.37
2011-10-06,35.21,36.02,35.21,35.89,261000,33.33
2011-10-07,35.73,35.85,34.84,35.47,75700,32.94
2011-10-10,36.36,36.59,36.11,36.57,210000,33.96
2011-10-11,36.55,37.25,36.26,36.99,90800,34.35
2011-10-12,37.65,38.29,37.42,37.91,159500,35.2
2011-10-13,37.97,38.04,36.99,37.94,167700,35.23
2011-10-14,38.64,38.91,38.23,38.82,100400,36.05
2011-10-17,39.16,39.16,38.16,38.4,80000,35.66
2011-10-18,38.23,38.91,37.6,38.71,105100,35.95
2011-10-19,38.55,38.93,38.04,38.24,100500,35.51
2011-10-20,38.01,38.29,37.52,38.04,139500,35.32
2011-10-21,38.19,38.88,38.02,38.8,174600,36.03
2011-10-24,38.8,39.82,38.8,39.62,149600,36.79
2011-10-25,39.89,39.9,38.92,39.17,189300,36.37
2011-10-26,39.89,40.15,38.87,39.92,164100,37.07
2011-10-27,41.39,42.2,40.91,41.07,292800,38.14
2011-10-28,40.9,42.04,40.7,40.71,259200,37.8
2011-10-31,40.5,40.52,39.34,39.38,463800,36.57
2011-11-01,38.53,39.48,37.84,38.03,381000,35.31
2011-11-02,39.52,39.84,38.57,39.39,148300,36.6
2011-11-03,40.02,40.34,39.12,40.22,99100,37.37
2011-11-04,40.29,40.7,39.39,40.52,330700,37.65
2011-11-07,40.26,40.78,39.92,40.36,105500,37.5
2011-11-08,40.42,40.65,40.15,40.44,52700,37.58
2011-11-09,40.6,40.6,39.05,39.25,45700,36.47
2011-11-10,39.34,40.06,39.2,39.78,177100,36.96
2011-11-11,40.32,40.89,40.14,40.49,45100,37.62
2011-11-14,40.45,40.77,40.21,40.49,123800,37.62
2011-11-15,39.31,40.39,39.3,40.22,76900,37.37
2011-11-16,39.89,40.73,39.75,40.1,101900,37.26
2011-11-17,40.25,40.92,39.14,39.38,69300,36.59
2011-11-18,39.52,39.52,38.53,38.62,75600,35.88
2011-11-21,37.93,38.53,37.51,38.49,88800,35.76
2011-11-22,38.4,38.74,37.96,38.4,55900,35.68
2011-11-23,38.01,38.16,37.55,37.63,92100,34.96
2011-11-25,37.43,38.25,37.43,37.5,28700,34.84
2011-11-28,38.28,38.86,36.96,38.18,127000,35.48
2011-11-29,38.29,39.25,38.29,38.97,173900,36.21
2011-11-30,40.02,40.89,39.11,40.86,425500,37.97
2011-12-01,41.06,41.06,39.96,40.66,412700,37.78
2011-12-02,40.98,40.98,39.8,40.32,149100,37.55
2011-12-05,40.77,40.91,40.35,40.48,130700,37.7
2011-12-06,40.3,40.83,39.92,40.01,104200,37.27
2011-12-07,39.98,40.63,39.61,40.19,111400,37.43
2011-12-08,39.8,40.13,39.15,39.51,104800,36.8
2011-12-09,39.5,40.37,39.5,40.15,81100,37.4
2011-12-12,39.44,40.58,39.22,39.62,64600,36.9
2011-12-13,39.45,39.61,38.09,38.73,137100,36.07
2011-12-14,38.52,38.75,37.84,38.14,89300,35.52
2011-12-15,38.61,38.61,37.47,38.43,51800,35.79
2011-12-16,38.86,38.94,38.42,38.68,23500,36.03
2011-12-19,38.33,38.72,37.99,38.22,53500,35.6
2011-12-20,38.64,38.94,38.51,38.73,130200,36.07
2011-12-21,38.94,38.94,38.27,38.53,72300,35.89
2011-12-22,38.8,38.92,37.94,38.72,122200,36.06
2011-12-23,38.75,39,38.7,38.89,23300,36.22
2011-12-27,38.85,38.85,38.29,38.6,69700,35.95
2011-12-28,38.36,38.74,37.8,37.99,135200,35.51
2011-12-29,38,38.53,37.97,38.12,203700,35.63
2011-12-30,38.45,38.85,38.2,38.37,434100,35.87
2012-01-03,39.64,39.64,39.06,39.38,282100,36.81
2012-01-04,39.37,39.64,39.32,39.42,84800,36.85
2012-01-05,39.33,39.6,39.14,39.48,51100,36.9
2012-01-06,39.55,39.64,39.21,39.27,58600,36.71
2012-01-09,39.08,39.61,38.96,39.54,124800,36.96
2012-01-10,40.19,40.25,39.88,40.01,239300,37.4
2012-01-11,40.11,40.4,39.5,40.25,80700,37.62
2012-01-12,40.37,40.85,40.22,40.63,99200,37.98
2012-01-13,40.46,40.61,39.87,40.58,140200,37.93
2012-01-17,41.34,41.42,40.9,41.1,172800,38.42
2012-01-18,41.1,42.06,41.08,41.99,731000,39.25
2012-01-19,42.23,42.43,41.68,42.01,169700,39.27
2012-01-20,42.02,42.02,41.5,41.68,61500,38.96
2012-01-23,41.76,42.1,41.65,41.96,115100,39.22
2012-01-24,41.9,41.9,41,41.62,51300,38.9
2012-01-25,41.78,42.57,41.3,42.54,127900,39.76
2012-01-26,42.73,43.98,42.5,43.22,156100,40.4
2012-01-27,43.32,43.54,42.84,43.31,86600,40.48
2012-01-30,43.78,43.78,42.68,43.02,50800,40.21
2012-01-31,43.34,43.66,42.98,43.24,223900,40.42
2012-02-01,43.58,44.39,43.35,44.15,347500,41.27
2012-02-02,44.37,44.56,44.15,44.51,259500,41.6
2012-02-03,44.71,45.09,44.45,45.07,357900,42.13
2012-02-06,44.17,44.95,44.17,44.73,154700,41.81
2012-02-07,44.63,45,44.45,44.65,87900,41.74
2012-02-08,44.62,45.02,44.52,44.69,283400,41.77
2012-02-09,44.54,44.84,44.11,44.51,165600,41.6
2012-02-10,43.81,44.21,43.65,44.21,104400,41.32
2012-02-13,44.9,44.9,44.04,44.06,89700,41.18
2012-02-14,44.16,44.24,43.07,43.55,268400,40.71
2012-02-15,43.48,43.77,43.12,43.39,218400,40.56
2012-02-16,42.96,44.19,42.95,43.98,187800,41.11
2012-02-17,44.11,44.26,44.01,44.25,97300,41.36
2012-02-21,44.07,44.75,43.99,44.24,201400,41.35
2012-02-22,44.31,44.9,44.08,44.85,235700,41.92
2012-02-23,44.59,44.95,44.46,44.88,131600,41.95
2012-02-24,44.83,45.25,44.71,45.25,70700,42.3
2012-02-27,44.56,44.89,44.23,44.77,62700,41.85
2012-02-28,44.68,45.14,44.36,44.45,610800,41.55
2012-02-29,44.78,45,43.83,43.85,271200,40.99
2012-03-01,43.81,44.7,43.62,44.66,210000,41.74
2012-03-02,44.89,44.9,44.48,44.82,164600,41.89
2012-03-05,44.59,44.59,43.99,44.46,102200,41.56
2012-03-06,44.07,44.19,43.4,43.82,55200,40.96
2012-03-07,43.82,44.12,43.74,43.87,123800,41.01
2012-03-08,44.3,44.9,44.24,44.64,86100,41.73
2012-03-09,44.73,44.98,44.45,44.74,50000,41.82
2012-03-12,44.75,44.75,44.53,44.66,33300,41.74
2012-03-13,44.73,44.99,44.15,44.96,57000,42.02
2012-03-14,45.1,45.24,44.54,44.64,35300,41.73
2012-03-15,44.85,45,43.97,44.35,222400,41.45
2012-03-16,44.01,44.65,44.01,44.58,43800,41.67
2012-03-19,44.79,44.88,44.21,44.82,98000,41.89
2012-03-20,44.76,44.76,44.04,44.56,90500,41.65
2012-03-21,44.42,44.89,44.42,44.81,29800,41.88
2012-03-22,44.62,44.7,44,44.31,76000,41.42
2012-03-23,44.2,45.23,44.2,44.61,121100,41.7
2012-03-26,44.92,45.46,44.86,45.46,153300,42.49
2012-03-27,45.47,45.99,45.47,45.99,90800,42.99
2012-03-28,45.88,45.88,45.3,45.4,44900,42.44
2012-03-29,44.77,45.88,43.72,45.64,299300,42.66
2012-03-30,46,46.7,45.62,46.7,423700,43.65
2012-04-02,46.4,47.53,46.4,47.46,726700,44.36
2012-04-03,47.47,47.49,47.13,47.28,265000,44.19
2012-04-04,46.78,47.13,45.69,45.73,524900,42.74
2012-04-05,45.88,45.95,45.64,45.78,94000,42.79
2012-04-09,45.53,45.83,45.35,45.48,112600,42.51
2012-04-10,45.8,45.85,45.25,45.33,1259400,42.37
2012-04-11,46.07,46.07,45.29,45.5,787400,42.53
2012-04-12,45.46,46.19,45.46,46.09,422500,43.08
2012-04-13,45.9,46.02,45.55,45.79,125600,42.8
2012-04-16,45.83,45.93,45.59,45.83,121500,42.84
2012-04-17,46.04,46.5,46,46.15,129100,43.14
2012-04-18,46,46.28,45.95,46.02,65500,43.02
2012-04-19,46.06,46.5,45.72,45.83,617300,42.84
2012-04-20,46.12,46.45,46.09,46.33,147500,43.31
2012-04-23,45.59,45.82,45.19,45.55,82600,42.58
2012-04-24,45.78,46.04,45.54,45.67,662400,42.69
2012-04-25,46.08,46.08,45.46,45.67,631000,42.69
2012-04-26,45.54,46,45.5,45.99,101600,42.99
2012-04-27,45.8,46.5,45.8,46.25,463000,43.23
2012-04-30,46.39,46.75,45.96,45.96,354200,42.96
2012-05-01,45.74,46.25,45.7,46.04,326500,43.03
2012-05-02,45.8,46.1,45.42,45.42,367300,42.59
2012-05-03,45.61,45.61,44.8,44.87,260000,42.07
2012-05-04,44.85,45.02,44.62,44.77,387300,41.98
2012-05-07,44.88,44.93,44.26,44.26,711000,41.5
2012-05-08,44.29,44.35,43.17,43.62,967900,40.9
2012-05-09,43.1,43.6,43.01,43.46,149800,40.75
2012-05-10,44.31,44.31,43.37,43.64,70500,40.92
2012-05-11,43.14,43.59,43.14,43.36,70000,40.66
2012-05-14,43.01,43.09,42.35,42.36,197100,39.72
2012-05-15,42.31,42.64,41.76,42.03,471300,39.41
2012-05-16,42.09,42.29,41.77,41.92,674800,39.31
2012-05-17,41.83,41.83,41.04,41.25,1237800,38.68
2012-05-18,41.3,41.46,41,41.14,510200,38.58
2012-05-21,41.05,41.41,41,41.36,225700,38.78
2012-05-22,41.46,42.03,41.43,41.64,374100,39.05
2012-05-23,41.19,41.79,40.79,41.7,409000,39.1
2012-05-24,41.59,41.7,41.44,41.67,30400,39.07
2012-05-25,41.43,41.86,41.36,41.51,33800,38.92
2012-05-29,41.82,42.24,41.73,41.84,171300,39.23
2012-05-30,41.62,41.81,41.39,41.63,401100,39.04
2012-05-31,41.67,42.27,41.22,42.27,338200,39.64
2012-06-01,41.08,42.25,40.53,41.46,376900,38.88
2012-06-04,40.91,41.01,40.51,40.73,243300,38.73
2012-06-05,40.67,40.94,40.55,40.88,57600,38.87
2012-06-06,41.3,41.97,41.14,41.89,133600,39.83
2012-06-07,42.46,42.56,42,42.03,157100,39.97
2012-06-08,41.88,42.18,41.81,42.04,111400,39.98
2012-06-11,42.62,42.69,41.59,41.59,101000,39.55
2012-06-12,41.84,42.45,41.75,42.4,484100,40.32
2012-06-13,42.15,42.65,41.92,41.95,44900,39.89
2012-06-14,41.96,42.08,41.52,41.74,345500,39.69
2012-06-15,41.8,41.97,41.58,41.87,422700,39.81
2012-06-18,41.71,42.83,41.71,42.7,440800,40.6
2012-06-19,42.56,43.39,42.56,43.34,129000,41.21
2012-06-20,43.23,43.56,42.97,43.21,49900,41.09
2012-06-21,42.78,43.38,42.19,42.26,292000,40.19
2012-06-22,42.4,42.8,42.16,42.26,55000,40.19
2012-06-25,41.8,42.25,41.67,41.67,129800,39.62
2012-06-26,42.03,42.21,41.37,41.84,431300,39.79
2012-06-27,41.85,42.17,41.55,41.64,112300,39.6
2012-06-28,41.33,41.64,41.15,41.63,94300,39.59
2012-06-29,42.14,42.75,42.06,42.47,237800,40.38
2012-07-02,42.5,42.88,41.98,42.32,311100,40.24
2012-07-03,42.4,42.94,42.4,42.87,55300,40.82
2012-07-05,42.49,42.85,42.38,42.48,159300,40.45
2012-07-06,42.2,42.24,41.73,42.16,104700,40.14
2012-07-09,41.95,42.01,41.8,41.81,173400,39.81
2012-07-10,41.99,42.1,41.03,41.16,1037700,39.19
2012-07-11,41.39,41.75,41.29,41.45,168300,39.47
2012-07-12,41.05,41.31,40.86,41.21,76100,39.24
2012-07-13,41.45,41.71,41.23,41.7,28800,39.7
2012-07-16,41.41,41.75,41.41,41.63,53000,39.64
2012-07-17,41.57,41.59,41.29,41.51,47900,39.52
2012-07-18,41.23,41.71,41.23,41.68,78600,39.68
2012-07-19,41.65,41.91,41.65,41.91,97800,39.9
2012-07-20,41.43,41.56,40.82,41.19,243500,39.22
2012-07-23,40.62,40.84,40.34,40.66,249800,38.71
2012-07-24,40.9,40.9,40.05,40.21,208000,38.28
2012-07-25,40.27,40.31,40,40.08,96600,38.16
2012-07-26,40.4,40.65,40.1,40.51,64200,38.57
2012-07-27,40.62,41.15,40.52,41.1,77600,39.13
2012-07-30,41.14,41.39,40.81,40.81,77400,38.86
2012-07-31,40.8,41.07,40.32,40.47,448900,38.53
2012-08-01,40.59,40.61,39.79,39.8,308500,37.89
2012-08-02,39.75,40.09,39.75,39.81,167700,37.9
2012-08-03,40.08,40.28,39.82,40.26,110000,38.33
2012-08-06,40.51,40.62,40.18,40.22,82100,38.29
2012-08-07,40.54,40.59,40.33,40.35,214600,38.42
2012-08-08,40.53,40.63,40.26,40.44,266200,38.5
2012-08-09,40.37,40.5,40.17,40.22,213500,38.29
2012-08-10,40.1,40.47,40.1,40.38,173900,38.45
2012-08-13,38.69,40.62,38.69,40.16,116800,38.24
2012-08-14,40.1,40.61,40,40.1,55800,38.18
2012-08-15,39.86,40.16,39.29,39.97,24800,38.06
2012-08-16,39.89,40.46,39.89,40.44,62000,38.5
2012-08-17,40.36,40.79,40.36,40.62,41600,38.67
2012-08-20,40.7,41.09,40.52,40.77,634700,38.82
2012-08-21,40.98,41.56,40.81,40.93,104700,38.97
2012-08-22,40.92,40.97,40.59,40.65,263400,38.7
2012-08-23,40.56,40.88,40.53,40.72,354400,38.77
2012-08-24,40.49,40.95,40.49,40.81,50900,38.86
2012-08-27,40.95,40.98,40.69,40.86,76700,38.9
2012-08-28,40.73,41.2,40.41,40.92,111300,38.96
2012-08-29,41.1,41.1,40.69,40.75,143000,38.8
2012-08-30,40.82,41.08,40.46,40.82,140400,38.87
2012-08-31,41.03,41.03,40.77,40.85,449200,38.89
2012-09-04,40.98,40.98,40.68,40.72,287800,38.77
2012-09-05,40.51,40.9,40.42,40.5,248500,38.59
2012-09-06,40.61,41.08,40.46,41.02,361200,39.08
2012-09-07,41.53,42.13,41.46,42.08,163200,40.09
2012-09-10,42.05,42.28,42,42.11,119400,40.12
2012-09-11,41.94,42.21,41.94,42.01,216100,40.03
2012-09-12,42.17,43.04,42.17,42.98,110200,40.95
2012-09-13,43.02,44.41,42.71,44.41,304100,42.31
2012-09-14,44.58,45.59,44.58,45.56,298200,43.41
2012-09-17,45.41,45.44,44.92,45.06,87000,42.93
2012-09-18,44.91,44.96,44.5,44.71,52200,42.6
2012-09-19,44.89,45.18,44.89,45.06,68200,42.93
2012-09-20,44.84,44.84,44.47,44.52,51800,42.42
2012-09-21,44.63,44.98,44.49,44.49,60000,42.39
2012-09-24,44.44,44.55,44.29,44.51,32300,42.41
2012-09-25,44.5,44.68,44.25,44.28,33000,42.19
2012-09-26,44.33,44.33,43.85,43.96,38300,41.88
2012-09-27,44.36,44.63,44.13,44.47,66000,42.37
2012-09-28,44.58,44.58,44.21,44.31,20800,42.22
2012-10-01,44.6,44.91,44.41,44.63,50900,42.52
2012-10-02,44.67,44.8,44.39,44.55,35000,42.47
2012-10-03,44.62,44.71,44.39,44.39,28400,42.32
2012-10-04,44.46,44.85,44.46,44.73,77900,42.64
2012-10-05,45.23,45.27,44.6,44.67,95300,42.58
2012-10-08,44.61,44.67,44.38,44.64,26800,42.55
2012-10-09,44.83,44.83,44.16,44.17,78700,42.11
2012-10-10,44.26,44.44,44.1,44.23,56400,42.16
2012-10-11,44.58,44.58,44.23,44.26,59900,42.19
2012-10-12,44.51,44.52,44.13,44.15,48000,42.09
2012-10-15,44.04,44.19,43.94,44.12,47000,42.06
2012-10-16,44.4,44.53,44.08,44.46,72100,42.38
2012-10-17,44.57,44.63,44.35,44.56,79700,42.48
2012-10-18,44.71,44.71,44.33,44.38,53300,42.31
2012-10-19,44.47,44.67,44.33,44.41,65300,42.33
2012-10-22,44.46,44.78,44.45,44.68,66600,42.59
2012-10-23,44.45,44.58,43.97,43.97,140100,41.91
2012-10-24,44.2,44.2,43.79,43.88,16300,41.83
2012-10-25,44.14,44.55,44.12,44.3,46300,42.23
2012-10-26,43.96,44.48,43.96,44.15,40500,42.09
2012-10-31,43.97,44.44,43.87,44.31,326800,42.24
2012-11-01,44.44,45.17,44.43,45.04,229500,42.93
2012-11-02,44.93,45.06,44.37,44.63,151900,42.54
2012-11-05,44.31,44.53,44.16,44.34,101800,42.27
2012-11-06,44.54,44.72,44.24,44.64,117500,42.55
2012-11-07,44.5,44.92,44.03,44.41,110300,42.33
2012-11-08,44.48,44.83,44.34,44.77,144400,42.68
2012-11-09,44.54,44.75,44.51,44.7,126600,42.61
2012-11-12,44.55,44.91,44.55,44.62,38200,42.53
2012-11-13,44.51,44.78,44.3,44.71,341600,42.62
2012-11-14,44.78,44.78,43.66,43.8,44900,41.75
2012-11-15,43.72,43.72,43.19,43.49,120100,41.46
2012-11-16,43.45,43.75,43.32,43.66,48200,41.62
2012-11-19,43.72,44.35,43.72,44.35,135500,42.28
2012-11-20,44.45,44.45,44,44.25,96200,42.18
2012-11-21,44.29,44.47,44.07,44.46,31100,42.38
2012-11-23,44.55,44.74,44.43,44.74,41800,42.65
2012-11-26,44.47,44.64,44.34,44.48,134000,42.4
2012-11-27,44.66,44.68,44.11,44.12,17100,42.06
2012-11-28,44.2,44.2,43.86,44.18,97100,42.12
2012-11-29,44.28,44.67,44.14,44.66,199400,42.57
2012-11-30,44.67,44.67,43.99,44.47,237400,42.39
2012-12-03,44.6,45.2,44.19,44.27,107700,42.2
2012-12-04,43.93,43.93,43.57,43.81,90900,42.3
2012-12-05,44.02,44.02,43.56,43.69,417100,42.19
2012-12-06,43.76,44.02,43.7,44.02,84200,42.51
2012-12-07,43.85,44.09,43.54,43.63,880500,42.13
2012-12-10,43.77,43.87,43.61,43.87,160300,42.36
2012-12-11,43.8,44.11,43.8,44.01,356000,42.5
2012-12-12,44.45,44.58,44.21,44.43,872600,42.9
2012-12-13,44.75,44.77,44.03,44.39,321500,42.86
2012-12-14,44.35,44.7,44.35,44.55,82300,43.02
2012-12-17,44.5,44.94,44.2,44.77,819000,43.23
2012-12-18,44.25,45.27,44.25,45.24,661100,43.68
2012-12-19,45.13,45.38,44.78,45.04,99700,43.49
2012-12-20,44.85,45.27,44.85,45.26,101900,43.7
2012-12-21,45.27,45.39,44.97,45.34,87200,43.78
2012-12-24,45.5,45.5,44.95,45.14,74800,43.59
2012-12-26,45.22,45.26,45,45,64800,43.45
2012-12-27,45.22,45.35,45.01,45.3,59600,43.87
2012-12-28,44.9,45.51,44.9,45.36,36200,43.93
2012-12-31,45.36,46,45.2,45.88,74700,44.43
2013-01-02,46.13,46.75,46,46.75,189600,45.28
2013-01-03,46.5,46.73,46.27,46.31,153400,44.85
2013-01-04,46.39,46.91,46.29,46.88,79800,45.4
2013-01-07,46.7,46.94,46.59,46.76,112100,45.29
2013-01-08,46.62,46.74,46.45,46.61,97700,45.14
2013-01-09,46.81,47.02,46.65,46.73,129300,45.26
2013-01-10,47.13,47.7,46.95,47.63,191800,46.13
2013-01-11,47.65,47.66,47.33,47.51,138300,46.01
2013-01-14,47.71,47.98,47.63,47.83,276400,46.32
2013-01-15,47.61,47.88,47.45,47.88,139000,46.37
2013-01-16,47.58,47.95,47.58,47.89,164900,46.38
2013-01-17,47.91,48,47.81,47.95,78400,46.44
2013-01-18,48,48,47.5,47.87,800600,46.36
2013-01-22,47.86,47.9,47.48,47.65,85700,46.15
2013-01-23,47.7,47.7,47.23,47.28,641900,45.79
2013-01-24,47.55,47.55,46.6,46.64,438600,45.17
2013-01-25,46.8,46.95,46.3,46.32,1160100,44.86
2013-01-28,46.41,46.41,45.3,45.3,353400,43.87
2013-01-29,45.46,45.99,45.32,45.62,607500,44.18
2013-01-30,45.89,46.43,45.73,46.01,599800,44.56
2013-01-31,46.39,46.39,46.06,46.34,449500,44.88
2013-02-01,46.77,47.01,46.28,46.94,204800,45.46
2013-02-04,46.92,46.92,46,46.29,191100,44.83
2013-02-05,46.41,46.44,45.85,45.89,157500,44.44
2013-02-06,45.95,46.33,45.86,46.33,223400,44.87
2013-02-07,46.34,46.43,46.1,46.29,75000,44.83
2013-02-08,46.71,46.71,46.25,46.46,90500,45
2013-02-11,46.44,46.5,45.86,45.89,140700,44.44
2013-02-12,46.12,46.38,45.92,46.15,111000,44.69
2013-02-13,45.98,46.27,45.89,46.18,156300,44.72
2013-02-14,46.18,46.3,46.04,46.09,55300,44.64
2013-02-15,46.27,46.44,45.51,45.53,162400,44.09
2013-02-19,45.52,45.52,45.06,45.14,165400,43.72
2013-02-20,45.19,45.19,44.5,44.65,190200,43.24
2013-02-21,44.43,44.65,44.22,44.45,174000,43.05
2013-02-22,44.79,44.79,44.22,44.41,92900,43.01
2013-02-25,44.93,44.93,44.04,44.06,89600,42.67
2013-02-26,44.5,44.82,44.38,44.66,120100,43.25
2013-02-27,45,45,44.5,44.75,171300,43.34
2013-02-28,44.85,44.98,44.56,44.94,188300,43.52
2013-03-01,44.51,44.73,44.44,44.63,180200,43.22
2013-03-04,44.43,44.69,44.37,44.63,234000,43.22
2013-03-05,44.84,45.03,44.68,44.89,118400,43.47
2013-03-06,44.88,45.13,44.81,45.06,129400,43.64
2013-03-07,45.1,45.28,44.4,44.59,1316600,43.18
2013-03-08,44.5,44.67,44.3,44.55,300600,43.15
2013-03-11,44.33,44.5,44.33,44.38,294100,42.98
2013-03-12,44.42,44.79,44.17,44.23,861700,42.84
2013-03-13,44.74,44.74,43.51,43.56,842400,42.19
2013-03-14,43.6,43.65,43.2,43.58,720700,42.21
2013-03-15,43.45,43.92,43.45,43.92,147100,42.54
2013-03-18,43.5,43.98,43.45,43.64,651300,42.26
2013-03-19,43.72,43.87,43.26,43.6,353200,42.23
2013-03-20,43.6,43.91,43.36,43.8,372200,42.42
2013-03-21,43.59,44.09,43.59,44.05,153400,42.66
2013-03-22,43.91,44.19,43.75,44.05,84200,42.66
2013-03-25,44.2,44.2,43.63,43.65,121900,42.27
2013-03-26,43.68,43.99,43.63,43.84,960600,42.46
2013-03-27,43.67,44.18,43.62,44.05,240900,42.66
2013-03-28,44,44.53,43.96,44.45,89900,43.05
2013-04-01,44.33,44.37,44.1,44.24,331400,42.85
2013-04-02,44.12,44.38,43.82,43.93,340800,42.54
2013-04-03,43.95,44.06,43.24,43.4,125100,42.03
2013-04-04,43.45,43.58,43.33,43.42,345100,42.05
2013-04-05,43.25,43.52,43.03,43.33,427000,41.96
2013-04-08,43.31,43.53,43.02,43.06,208200,41.7
2013-04-09,43.26,43.56,43.24,43.45,343500,42.08
2013-04-10,43.58,43.61,43.33,43.41,155900,42.04
2013-04-11,43.3,43.46,43.01,43.29,322600,41.93
2013-04-12,43.04,43.06,42.6,42.82,66400,41.47
2013-04-15,42.49,42.49,41.24,41.29,164000,39.99
2013-04-16,41.57,41.75,41.38,41.43,152200,40.12
2013-04-17,41,41,40.3,40.31,154400,39.04
2013-04-18,40.29,40.46,39.99,40.03,131600,38.77
2013-04-19,40.3,40.36,40.05,40.3,69000,39.03
2013-04-22,40.32,40.37,40.15,40.3,89600,39.03
2013-04-23,40.38,40.38,39.92,40,194600,38.74
2013-04-24,40.1,40.44,40.1,40.35,225200,39.08
2013-04-25,40.59,41.07,40.42,40.89,277400,39.6
2013-04-26,40.88,41.06,40.16,40.24,175800,38.97
2013-04-29,40.51,40.73,40.07,40.14,549600,38.87
2013-04-30,40.24,40.25,39.7,39.81,537800,38.55
2013-05-01,39.63,39.86,39.29,39.59,132200,38.34
2013-05-02,39.55,39.95,39.52,39.72,45100,38.47
2013-05-03,40.27,40.5,40.09,40.41,321100,39.14
2013-05-06,40.4,40.71,40.3,40.6,110000,39.33
2013-05-07,40.46,40.99,40.46,40.83,125900,39.55
2013-05-08,40.81,41.22,40.8,41.2,48200,39.91
2013-05-09,41.2,41.26,40.9,40.94,71900,39.66
2013-05-10,41,41.23,40.82,40.94,51500,39.66
2013-05-13,40.84,40.87,40.66,40.87,51700,39.59
2013-05-14,40.65,41,40.34,40.42,107200,39.15
2013-05-15,40.34,40.34,39.37,39.38,1009200,38.14
2013-05-16,39.38,39.38,38.08,38.12,690300,36.92
2013-05-17,38.03,38.75,37.54,38.66,538500,37.45
2013-05-20,38.63,39.28,38.43,39.09,386800,37.86
2013-05-21,39.24,39.28,38.85,39.08,372600,37.85
2013-05-22,39.13,39.75,38.82,38.9,89800,37.68
2013-05-23,38.6,38.81,38.5,38.55,44500,37.34
2013-05-24,38.5,38.51,37.69,37.78,471800,36.59
2013-05-28,38.18,38.31,37.53,37.61,88800,36.43
2013-05-29,37.5,37.68,37.14,37.16,71600,35.99
2013-05-30,37.38,37.49,36.84,36.89,403700,35.73
2013-05-31,36.89,37,36.11,36.11,70300,34.98
2013-06-03,36.06,36.34,35.9,36.24,100800,35.1
2013-06-04,35.84,36.03,35.59,35.99,18100,35.27
2013-06-05,35.85,35.97,35.65,35.67,78400,34.96
2013-06-06,35.74,35.82,35.55,35.78,87900,35.07
2013-06-07,35.66,35.86,35.38,35.79,83300,35.08
2013-06-10,35.57,35.86,35.5,35.81,99200,35.1
2013-06-11,35.33,35.61,34.61,34.66,110000,33.97
2013-06-12,34.94,35.5,34.65,35.4,992900,34.69
2013-06-13,35.45,36.24,35.45,36.02,643500,35.3
2013-06-14,36.3,36.47,36.14,36.4,452400,35.67
2013-06-17,36.4,36.75,36.4,36.71,360000,35.98
2013-06-18,36.5,36.96,36.5,36.84,348600,36.11
2013-06-19,36.62,36.95,36.29,36.31,729200,35.59
2013-06-20,35.51,35.78,34.24,34.34,113900,33.66
2013-06-21,34.47,34.57,33.9,34.05,64100,33.37
2013-06-24,33.86,33.86,33.17,33.35,95700,32.69
2013-06-25,33.67,33.98,33.52,33.74,210200,33.07
2013-06-26,33.98,34.37,33.32,33.44,86000,32.77
2013-06-27,33.48,33.95,33.31,33.83,73000,33.16
2013-06-28,33.79,34.24,33.49,34.13,69400,33.45
2013-07-01,34.2,34.62,34.2,34.39,45400,33.71
2013-07-02,34.04,34.37,33.58,33.92,74600,33.26
2013-07-03,33.58,33.99,33.18,33.4,52800,32.75
2013-07-05,33.68,33.8,32.7,32.75,181900,32.11
2013-07-08,33.22,33.22,32.38,32.39,219600,31.76
2013-07-09,32.7,33,32.02,32.16,178900,31.54
2013-07-10,32.3,32.34,31.17,31.28,3e+05,30.67
2013-07-11,32.05,32.31,31.87,32.31,174700,31.68
2013-07-12,32.29,32.31,32.04,32.2,82000,31.57
2013-07-15,32.39,32.52,32.22,32.47,115600,31.84
2013-07-16,32.42,32.79,32.42,32.76,181700,32.12
2013-07-17,33.08,33.08,32.45,32.73,75200,32.09
2013-07-18,32.82,32.96,32.47,32.78,83100,32.14
2013-07-19,32.81,32.81,31.87,31.96,211500,31.34
2013-07-22,32.44,32.98,32.33,32.9,220400,32.26
2013-07-23,33.2,33.42,32.9,33.41,61100,32.76
2013-07-24,33.58,33.58,32.67,32.71,52500,32.07
2013-07-25,32.6,32.89,32.36,32.44,36800,31.81
2013-07-26,32.47,32.91,32.34,32.91,20300,32.27
2013-07-29,32.91,33.37,32.32,32.71,46800,32.07
2013-07-30,32.64,32.87,32.42,32.51,20500,31.88
2013-07-31,32.36,32.49,32.06,32.1,57500,31.48
2013-08-01,32.19,32.48,32.15,32.43,74400,31.8
2013-08-02,32.63,32.7,32.25,32.25,59800,31.62
2013-08-05,32.1,32.59,32.1,32.39,62200,31.76
2013-08-06,32.32,32.4,32.05,32.12,50600,31.5
2013-08-07,31.95,32.12,31.75,31.91,38300,31.29
2013-08-08,32.21,32.86,32.19,32.8,27200,32.16
2013-08-09,32.9,33.98,32.9,33.88,491400,33.22
2013-08-12,33.83,35.01,33.83,35.01,241000,34.33
2013-08-13,35.32,35.85,34.8,35.07,253300,34.39
2013-08-14,35.01,35.42,34.84,35.21,60100,34.53
2013-08-15,34.92,35.28,34.84,35.26,40100,34.57
2013-08-16,35.45,35.45,34.81,34.94,168200,34.26
2013-08-19,34.85,34.85,34.38,34.6,249200,33.93
2013-08-20,34.38,34.82,34.26,34.69,116300,34.02
2013-08-21,34.46,34.46,34.07,34.1,103700,33.44
2013-08-22,34.62,34.67,34.29,34.55,35600,33.88
2013-08-23,35,35.38,34.44,34.72,61400,34.05
2013-08-26,34.63,34.9,34.55,34.61,34200,33.94
2013-08-27,34.31,34.5,33.73,33.75,66800,33.09
2013-08-28,33.82,33.95,33.54,33.63,103700,32.98
2013-08-29,33.81,34.18,33.7,34.01,52900,33.35
2013-08-30,33.96,34.19,33.83,34.1,36700,33.44
2013-09-03,34.48,34.68,34,34.15,104000,33.49
2013-09-04,34.51,34.51,34.15,34.41,324300,33.76
2013-09-05,34.72,34.73,34.06,34.3,292200,33.65
2013-09-06,34.8,34.91,34.27,34.47,321700,33.82
2013-09-09,34.74,34.93,34.53,34.78,380900,34.12
2013-09-10,35.1,35.21,34.92,34.93,89200,34.27
2013-09-11,34.99,35.09,34.81,35.03,15200,34.37
2013-09-12,34.84,34.84,34.26,34.26,75600,33.61
2013-09-13,34.2,34.28,34.03,34.09,70300,33.45
2013-09-16,34.22,34.57,34.03,34.14,120500,33.49
2013-09-17,34.17,34.35,33.33,33.46,881600,32.83
2013-09-18,33.41,34.68,32.82,34.04,709500,33.4
2013-09-19,34.07,34.5,34.07,34.43,264400,33.78
2013-09-20,34.33,34.45,33.91,34.08,26900,33.44
2013-09-23,33.62,34.15,33.01,33.91,51600,33.27
2013-09-24,33.7,33.77,33.26,33.5,83000,32.87
2013-09-25,33.41,33.62,33.11,33.51,89800,32.88
2013-09-26,33.72,33.84,33.08,33.11,86000,32.48
2013-09-27,32.93,33.07,32.76,32.85,58900,32.23
2013-09-30,32.5,32.7,32.47,32.62,96400,32
2013-10-01,32.49,32.75,32.49,32.72,72400,32.1
2013-10-02,32.24,32.81,32.24,32.62,134600,32
2013-10-03,32.42,32.88,32.34,32.52,82300,31.9
2013-10-04,32.4,32.73,32.29,32.44,117800,31.83
2013-10-07,32.24,32.49,32.16,32.42,53300,31.81
2013-10-08,32.35,32.61,32.27,32.33,152900,31.72
2013-10-09,32.53,32.96,32.33,32.54,52000,31.92
2013-10-10,32.96,33.16,32.78,33.04,40700,32.42
2013-10-11,32.96,33.49,32.96,33.34,45500,32.71
2013-10-14,33.36,33.48,33.28,33.42,33600,32.79
2013-10-15,33.42,33.47,33.29,33.42,39400,32.79
2013-10-16,33.38,33.57,33.32,33.53,34200,32.9
2013-10-17,33.76,34.38,33.61,34.34,49700,33.69
2013-10-18,34.62,34.62,34.1,34.44,73300,33.79
2013-10-21,34.6,34.86,34.27,34.6,89400,33.95
2013-10-22,34.81,35.37,34.62,34.69,267700,34.03
2013-10-23,34.69,35.07,34.42,34.8,111000,34.14
2013-10-24,34.71,35.2,33.71,35.18,99900,34.51
2013-10-25,35.06,35.33,34.97,35.23,401700,34.56
2013-10-28,35.24,35.36,34.94,35.19,126200,34.52
2013-10-29,35.4,35.4,34.46,35.14,57600,34.48
2013-10-30,35.41,35.41,35.02,35.2,194100,34.53
2013-10-31,35.2,35.37,34.85,35.03,181100,34.37
2013-11-01,35.29,35.29,34.73,35.12,139200,34.46
2013-11-04,35.13,36.39,35,35.07,198900,34.41
2013-11-05,34.87,35.03,34.22,34.32,307400,33.67
2013-11-06,34.48,34.96,34.4,34.58,60800,33.93
2013-11-07,34.57,34.89,34.15,34.25,37100,33.6
2013-11-08,34,34.29,33.61,33.73,49200,33.09
2013-11-11,33.52,33.7,33.44,33.55,40300,32.92
2013-11-12,33.56,33.56,33.12,33.16,42800,32.53
2013-11-13,32.94,33.34,32.74,32.81,347500,32.19
2013-11-14,33.01,33.11,32.91,32.97,39300,32.35
2013-11-15,33.25,33.25,32.77,32.78,57700,32.16
2013-11-18,33.06,33.06,32.34,32.4,82100,31.79
2013-11-19,32.3,32.4,31.99,32.17,52000,31.56
2013-11-20,31.98,32.03,31.48,31.78,81400,31.18
2013-11-21,31.53,31.95,31.4,31.55,41200,30.95
2013-11-22,31.69,31.69,31.3,31.33,35000,30.74
2013-11-25,31.53,31.53,31.25,31.3,60000,30.71
2013-11-26,31.26,31.62,31.01,31.54,109700,30.94
2013-11-27,31.65,31.79,31.44,31.69,35600,31.09
2013-11-29,31.65,31.9,31.56,31.71,13800,31.11
2013-12-02,31.75,31.96,31.39,31.45,261400,30.86
2013-12-03,31.36,31.43,30.64,30.7,312000,30.14
2013-12-04,30.5,30.76,30.5,30.75,55900,30.19
2013-12-05,30.93,30.93,30.61,30.66,20400,30.1
2013-12-06,31.22,31.45,30.91,31.05,42100,30.48
2013-12-09,30.9,31.39,30.67,31.32,35900,30.75
2013-12-10,31.35,32.41,31.31,32.29,407800,31.7
2013-12-11,32.46,32.51,32,32.29,92200,31.7
2013-12-12,31.82,32.25,31.82,32.14,35600,31.55
2013-12-13,32.32,32.7,32.18,32.45,86600,31.86
2013-12-16,32.79,32.94,32.5,32.83,332200,32.23
2013-12-17,32.53,33.1,32.53,33,69700,32.4
2013-12-18,33.1,33.64,33.1,33.6,222200,32.98
2013-12-19,33.01,33.38,32.88,32.96,92700,32.36
2013-12-20,33.24,33.33,32.84,33.02,44100,32.41
2013-12-23,33,33,32.38,32.49,118100,31.89
2013-12-24,32.49,32.69,32.41,32.58,98000,31.98
2013-12-26,32.75,33,32.45,32.47,117000,31.88
2013-12-27,32.66,32.98,32.51,32.89,146800,32.38
2013-12-30,32.69,33.3,32.56,33.12,50900,32.61
2013-12-31,33.17,33.86,33.13,33.66,51100,33.14
2014-01-02,33.4,34.09,33.34,33.8,138100,33.28
2014-01-03,33.75,33.9,33.55,33.58,121100,33.06
2014-01-06,33.3,33.53,33.2,33.31,62000,32.79
2014-01-07,33.58,33.69,33.25,33.46,173600,32.94
2014-01-08,33.23,33.64,32.91,32.99,201800,32.48
2014-01-09,32.99,32.99,32.67,32.79,70200,32.28
2014-01-10,32.78,33.29,32.68,33.13,231900,32.62
2014-01-13,33.11,33.46,33.11,33.2,104200,32.69
2014-01-14,33.34,33.63,33.13,33.25,170800,32.74
2014-01-15,33.21,33.41,33.2,33.26,68900,32.75
2014-01-16,33.23,33.6,33.15,33.59,106200,33.07
2014-01-17,33.67,34.06,33.26,34.04,189400,33.51
2014-01-21,33.83,34.65,33.83,34.52,254500,33.99
2014-01-22,34.46,34.79,34.26,34.55,102800,34.02
2014-01-23,34.57,34.74,34.31,34.59,109600,34.05
2014-01-24,34.34,34.34,33.18,33.18,158600,32.67
2014-01-27,33.56,33.67,32.72,32.83,203000,32.32
2014-01-28,32.8,33,32.57,32.58,146500,32.08
2014-01-29,32.51,32.67,32.11,32.17,109300,31.67
2014-01-30,32.3,32.52,32.06,32.36,40000,31.86
2014-01-31,32.06,32.64,32.06,32.46,92000,31.96
2014-02-03,32.45,32.58,31.55,31.73,140000,31.24
2014-02-04,31.52,31.95,31.48,31.8,176700,31.31
2014-02-05,31.57,31.8,31.57,31.67,19900,31.18
2014-02-06,31.66,32.06,31.55,31.79,30000,31.3
2014-02-07,31.92,32.54,31.84,32.52,527700,32.02
2014-02-10,32.61,32.61,32.21,32.56,240700,32.06
2014-02-11,32.45,33.99,32.45,33.35,53300,32.83
2014-02-12,33.5,33.87,33.35,33.5,43800,32.98
2014-02-13,33,33.6,32.5,33.6,31200,33.08
2014-02-14,33.57,33.93,33.53,33.86,161600,33.34
2014-02-18,34.13,34.18,33.86,33.98,91500,33.45
2014-02-19,34.04,34.04,33.47,33.47,46400,32.95
2014-02-20,33.42,33.8,33.41,33.75,21000,33.23
2014-02-21,33.64,34.03,33.41,33.81,29600,33.29
2014-02-24,33.84,34.02,33.77,33.97,60100,33.44
2014-02-25,33.8,33.8,33.25,33.46,49700,32.94
2014-02-26,33.59,33.6,33.05,33.21,28700,32.7
2014-02-27,33.43,33.58,33.08,33.24,29300,32.73
2014-02-28,33.11,33.49,33.11,33.42,45800,32.9
2014-03-03,33.35,33.55,33.12,33.25,55200,32.74
2014-03-04,33.53,33.53,32.78,32.94,508900,32.43
2014-03-05,33.08,33.17,32.51,32.92,36900,32.41
2014-03-06,33.12,33.67,32.7,33.16,116000,32.65
2014-03-07,33.15,33.15,32.59,32.63,83300,32.13
2014-03-10,32.5,32.62,32.24,32.31,67800,31.81
2014-03-11,32.65,32.65,32.15,32.21,29800,31.71
2014-03-12,32,32.26,31.99,32.09,192300,31.59
2014-03-13,32.25,32.39,31.78,31.8,85600,31.31
2014-03-14,31.94,32.11,31.92,31.97,47500,31.48
2014-03-17,32,32.32,31.9,32.14,55300,31.64
2014-03-18,32.02,32.1,31.61,31.61,247000,31.12
2014-03-19,31.77,31.89,31.13,31.15,165100,30.67
2014-03-20,31.05,31.39,31.03,31.39,141500,30.9
2014-03-21,31.64,31.69,31.26,31.29,110800,30.81
2014-03-24,31.51,31.51,31.01,31.15,54000,30.67
2014-03-25,31.2,31.4,31.07,31.2,1050800,30.72
2014-03-26,31.31,31.55,31.03,31.12,228200,30.64
2014-03-27,31.13,31.47,31.13,31.47,160100,30.98
2014-03-28,31.55,32.07,31,32.05,406400,31.55
2014-03-31,31.98,32.3,31.98,32.3,195600,31.8
2014-04-01,32.56,32.8,32.13,32.21,135400,31.71
2014-04-02,32.37,32.5,32.25,32.42,254300,31.92
2014-04-03,32.5,32.5,32.23,32.47,78200,31.97
2014-04-04,32.75,33.06,32.66,32.8,226400,32.29
2014-04-07,32.83,32.96,32.53,32.96,81100,32.45
2014-04-08,33.01,33.31,32.86,32.97,148200,32.46
2014-04-09,33.2,33.2,32.78,33.09,64300,32.58
2014-04-10,33.2,33.68,33.2,33.47,174400,32.95
2014-04-11,33.32,33.83,33.08,33.09,80500,32.58
2014-04-14,33.42,33.49,33.27,33.43,60600,32.91
2014-04-15,33.31,33.31,32.64,32.77,88900,32.26
2014-04-16,33.1,33.1,32.71,33.03,73300,32.52
2014-04-17,32.74,33.36,32.74,33.33,20500,32.81
2014-04-21,33.39,33.39,33.05,33.35,32900,32.83
2014-04-22,33.45,33.45,33.22,33.27,12900,32.76
2014-04-23,33.4,33.63,33.31,33.52,76500,33
2014-04-24,33.87,34.18,33.61,33.68,86500,33.16
2014-04-25,33.72,33.97,33.46,33.65,74400,33.13
2014-04-28,33.65,33.94,33.45,33.91,118800,33.39
2014-04-29,33.71,34.13,33.65,33.99,38500,33.46
2014-04-30,34.08,34.58,34.03,34.57,56900,34.04
2014-05-01,34.55,34.68,34.08,34.67,26200,34.13
2014-05-02,34.38,34.51,34.31,34.4,43200,33.92
2014-05-05,34.46,34.49,34.22,34.22,24000,33.74
2014-05-06,34.22,34.3,34.1,34.13,20600,33.65
2014-05-07,34.06,34.28,34.06,34.18,35600,33.7
2014-05-08,34.09,34.44,33.9,34.39,32300,33.91
2014-05-09,34.57,35,34.41,34.61,112900,34.13
2014-05-12,34.96,35.45,34.77,35.32,427300,34.83
2014-05-13,35.39,35.39,34.43,34.57,2638700,34.09
2014-05-14,34.72,34.92,34.72,34.88,73700,34.39
2014-05-15,34.91,35,34.62,34.67,54300,34.19
2014-05-16,34.64,34.89,34.64,34.73,47900,34.24
2014-05-19,34.72,34.77,34.61,34.67,36100,34.19
2014-05-20,34.63,34.81,34.38,34.5,36200,34.02
2014-05-21,34.52,34.68,34.47,34.58,19600,34.1
2014-05-22,34.68,34.94,34.68,34.86,31800,34.37
2014-05-23,34.9,35.13,34.81,35.09,49700,34.6
2014-05-27,35.01,35.2,34.66,34.85,40400,34.36
2014-05-28,34.65,35.16,34.59,34.77,55400,34.28
2014-05-29,34.72,34.82,34.58,34.73,35300,34.24
2014-05-30,34.5,34.96,34.45,34.95,125900,34.46
2014-06-02,34.93,35.04,34.38,34.9,143400,34.41
2014-06-03,34.21,34.5,34.21,34.48,43300,34.27
2014-06-04,34.19,34.42,34,34.02,41800,33.82
2014-06-05,34.11,34.47,34.08,34.3,142900,34.09
2014-06-06,34.5,34.5,34.23,34.41,104900,34.2
2014-06-09,34.47,34.61,34.33,34.58,77600,34.37
2014-06-10,34.65,34.72,34.54,34.54,43700,34.33
2014-06-11,34.5,34.57,34.26,34.4,40900,34.19
2014-06-12,34.31,34.56,34.31,34.43,48800,34.22
2014-06-13,34.55,34.55,34.39,34.5,10300,34.29
2014-06-16,34.56,34.67,34.46,34.54,28200,34.33
2014-06-17,34.57,34.72,34.44,34.48,13000,34.27
2014-06-18,34.58,34.93,34.46,34.79,24600,34.58
2014-06-19,34.91,35.38,34.91,35.34,120700,35.13
2014-06-20,35.31,35.41,35.21,35.3,115300,35.09
2014-06-23,35.35,35.63,35.35,35.5,37000,35.29
2014-06-24,35.46,35.64,35.15,35.19,48800,34.98
2014-06-25,34.96,35.28,34.89,35.12,20400,34.91
2014-06-26,35.15,35.45,35.11,35.45,13000,35.24
2014-06-27,35.3,35.44,35.3,35.41,28000,35.2
2014-06-30,35.34,35.57,35.2,35.57,13200,35.36
2014-07-01,35.52,36.02,35.33,35.94,81400,35.72
2014-07-02,35.72,36.2,35.72,36.19,67700,35.99
2014-07-03,36.05,36.7,36.05,36.67,72900,36.47
2014-07-07,36.69,37.07,36.69,37,54600,36.8
2014-07-08,37,37.1,36.82,36.99,86300,36.79
2014-07-09,37,37.27,37,37.2,141500,37
2014-07-10,36.95,37.08,36.7,36.88,113200,36.68
2014-07-11,36.75,36.75,36.53,36.63,111100,36.43
2014-07-14,36.85,36.85,36.56,36.66,62700,36.46
2014-07-15,36.63,36.7,36.1,36.26,123800,36.06
2014-07-16,36.19,36.47,36.18,36.26,23700,36.06
2014-07-17,36.05,36.3,36.05,36.23,50800,36.03
2014-07-18,36.7,36.7,36.08,36.15,42400,35.95
2014-07-21,36.25,36.36,36.08,36.19,31000,35.99
2014-07-22,36.44,36.49,36.18,36.3,81600,36.1
2014-07-23,36.25,36.55,36.25,36.4,12800,36.2
2014-07-24,36.59,36.86,36.35,36.42,62300,36.22
2014-07-25,36.22,36.63,36.22,36.63,47700,36.43
2014-07-28,36.42,36.69,36.2,36.59,79300,36.39
2014-07-29,36.76,36.76,36.14,36.27,273100,36.07
2014-07-30,36.47,36.49,35.93,36.26,96800,36.06
2014-07-31,35.54,36.29,35.31,36.06,61600,35.86
2014-08-01,36.02,36.85,36.02,36.26,213100,36.06
2014-08-04,36.39,36.39,36.13,36.24,43700,36.04
2014-08-05,36.2,36.29,35.79,35.9,83000,35.7
2014-08-06,35.63,36.06,35.51,35.9,32300,35.7
2014-08-07,35.97,36.12,35.61,35.79,49600,35.6
2014-08-08,35.84,36.38,35.84,36.13,27600,35.93
2014-08-11,36.14,36.56,36.03,36.45,60400,36.25
2014-08-12,36.47,36.66,36.34,36.62,17200,36.42
2014-08-13,36.63,36.68,36.45,36.59,31900,36.39
2014-08-14,36.49,36.66,36.4,36.64,82300,36.44
2014-08-15,36.53,36.84,36.25,36.52,61000,36.32
2014-08-18,36.66,36.85,36.55,36.82,27100,36.62
2014-08-19,36.59,36.7,36.42,36.55,31200,36.35
2014-08-20,36.5,36.72,36.36,36.46,148300,36.26
2014-08-21,36.55,36.55,36.31,36.36,138100,36.16
2014-08-22,36.34,36.49,36.21,36.45,95100,36.25
2014-08-25,36.45,36.45,36.3,36.31,32000,36.11
2014-08-26,36.32,36.49,36.12,36.41,23800,36.21
2014-08-27,36.31,36.33,36.16,36.29,147100,36.09
2014-08-28,36.29,36.37,36.03,36.36,205400,36.16
2014-08-29,36.34,36.5,36.22,36.33,80800,36.13
2014-09-02,36.35,36.55,36.18,36.26,174600,36.06
2014-09-03,36.42,36.66,36.4,36.52,129000,36.35
2014-09-04,36.44,36.68,36.02,36.08,51200,35.91
2014-09-05,36.38,36.5,36.16,36.5,58800,36.33
2014-09-08,36.48,36.7,36.37,36.47,385300,36.3
2014-09-09,36.31,36.39,36,36.15,85200,35.98
2014-09-10,36.22,36.26,35.73,35.76,62500,35.59
2014-09-11,35.92,36,35.74,35.99,59700,35.82
2014-09-12,35.9,36.4,35.81,35.81,21700,35.64
2014-09-15,35.94,36.34,35.78,36.07,55400,35.9
2014-09-16,36.02,36.69,36.02,36.69,107500,36.52
2014-09-17,36.47,36.47,36.11,36.14,47800,35.97
2014-09-18,36.39,36.39,36.18,36.25,41700,36.08
2014-09-19,36.21,36.24,35.96,35.98,7800,35.81
2014-09-22,35.95,35.95,35.09,35.13,69700,34.97
2014-09-23,35.19,35.23,35.01,35.01,155500,34.85
2014-09-24,35.27,35.28,34.96,35.16,97600,35
2014-09-25,35.11,35.11,34.66,34.85,83500,34.69
2014-09-26,34.82,34.82,34.48,34.77,30600,34.61
2014-09-29,34.2,34.56,34.06,34.43,60700,34.27
2014-09-30,34.4,34.4,34.14,34.25,20100,34.09
2014-10-01,34.24,34.45,33.7,34.07,390300,33.91
2014-10-02,33.79,34.06,33.43,33.47,61000,33.31
2014-10-03,33.44,33.48,33.03,33.25,100900,33.09
2014-10-06,33.32,33.46,33.16,33.22,74700,33.06
2014-10-07,33.2,33.2,32.82,32.82,52600,32.67
2014-10-08,32.82,33.39,32.54,33.29,89100,33.13
2014-10-09,33.37,33.37,32.89,33.15,51000,33
2014-10-10,32.91,33.26,32.62,33.05,64200,32.9
2014-10-13,33.18,33.4,32.68,33.07,39700,32.92
2014-10-14,32.83,33.39,32.83,33.36,75300,33.2
2014-10-15,33,33.4,32.83,33.37,29400,33.21
2014-10-16,33,33.39,32.6,33.19,28300,33.04
2014-10-17,33.44,33.52,33.28,33.44,87400,33.28
2014-10-20,33.45,33.51,33.3,33.35,23700,33.19
2014-10-21,33.27,33.62,33.27,33.52,253400,33.36
2014-10-22,33.49,33.49,33.14,33.28,42800,33.12
2014-10-23,33.44,33.63,33.05,33.24,98700,33.08
2014-10-24,33.23,33.39,33.11,33.29,73100,33.13
2014-10-27,33.24,33.24,33.03,33.17,48800,33.02
2014-10-28,33.19,33.44,33.19,33.44,27400,33.28
2014-10-29,33.47,33.5,33.2,33.25,34900,33.09
2014-10-30,32.99,33.19,32.99,33.02,18400,32.87
2014-10-31,32.86,33.25,32.69,33.11,60100,32.96
2014-11-03,33.19,33.42,33.05,33.24,63300,33.08
2014-11-04,33.18,33.18,32.95,32.97,34400,32.82
2014-11-05,32.93,32.93,32.5,32.55,32000,32.4
2014-11-06,32.6,32.84,32.56,32.69,13800,32.54
2014-11-07,32.8,33.4,32.8,33.36,25400,33.2
2014-11-10,33.38,33.38,32.85,32.88,6900,32.73
2014-11-11,32.93,33.3,32.93,33.21,10200,33.05
2014-11-12,33.25,33.44,32.99,33.06,7300,32.91
2014-11-13,33.06,33.08,32.74,32.75,35600,32.6
2014-11-14,32.6,33.02,32.56,32.98,10900,32.83
2014-11-17,32.96,33.17,32.94,33,144800,32.85
2014-11-18,33.28,33.36,33.17,33.29,16700,33.13
2014-11-19,33.12,33.28,32.74,32.87,18200,32.72
2014-11-20,32.84,33.15,32.84,33.06,24300,32.91
2014-11-21,33.51,34.16,33.4,34.04,63400,33.88
2014-11-24,34.16,34.33,33.93,34.01,25300,33.85
2014-11-25,34.04,34.16,33.89,34.14,21600,33.98
2014-11-26,33.98,34.27,33.98,34.2,28600,34.04
2014-11-28,33.81,33.81,33.27,33.38,29400,33.22
2014-12-01,33.28,33.52,33.26,33.43,38100,33.27
2014-12-02,33.23,33.48,33.13,33.17,14900,33.06
2014-12-03,33.34,33.61,33.29,33.46,41200,33.35
2014-12-04,33.37,33.41,33.18,33.24,70400,33.13
2014-12-05,33.08,33.25,33.02,33.06,141600,32.95
2014-12-08,32.94,33.03,32.69,32.9,9700,32.79
2014-12-09,32.75,33.25,32.75,33.25,92900,33.14
2014-12-10,33.23,33.34,32.87,32.9,40600,32.79
2014-12-11,32.76,32.76,32.4,32.54,264500,32.43
2014-12-12,32.34,32.47,31.88,32.01,83200,31.9
2014-12-15,31.93,31.97,31.22,31.31,189500,31.2
2014-12-16,31.08,31.37,30.37,30.37,305800,30.27
2014-12-17,30.34,31.38,30.34,31.18,320400,31.08
2014-12-18,31.25,31.99,31.25,31.96,161000,31.85
2014-12-19,31.91,32.13,31.8,31.83,45300,31.72
2014-12-22,31.97,31.97,31.55,31.64,39100,31.53
2014-12-23,31.62,31.96,31.62,31.67,56000,31.56
2014-12-24,31.75,31.75,31.58,31.58,3700,31.47
2014-12-26,31.75,32.08,31.65,32.01,136800,32.01
2014-12-29,32.12,32.2,31.75,31.91,120100,31.91
2014-12-30,31.93,32.13,31.92,31.95,8700,31.95
2014-12-31,32.06,32.19,31.83,31.96,30700,31.96
2015-01-02,31.97,32.14,31.73,31.93,105200,31.93
2015-01-05,31.93,31.93,31.36,31.45,83100,31.45
2015-01-06,31.44,31.74,31.44,31.72,92600,31.72
2015-01-07,31.82,31.89,31.51,31.64,48900,31.64
2015-01-08,31.86,32.09,31.86,32,8600,32
2015-01-09,31.88,31.9,31.75,31.86,23100,31.86
2015-01-12,31.63,31.81,31.49,31.76,16100,31.76
2015-01-13,31.86,31.86,30.88,30.97,126100,30.97
2015-01-14,30.57,30.57,29.76,29.9,40800,29.9
2015-01-15,30.15,30.26,29.89,30.08,80800,30.08
2015-01-16,30.01,30.3,30.01,30.28,8700,30.28
2015-01-20,30.28,30.49,30.26,30.37,17600,30.37
2015-01-21,30.41,30.42,30.24,30.3,6900,30.3
2015-01-22,30.32,30.66,30.32,30.64,53600,30.64
2015-01-23,30.41,30.46,30.19,30.26,33000,30.26
