"Index","GXC.Open","GXC.High","GXC.Low","GXC.Close","GXC.Volume","GXC.Adjusted"
2007-03-23,53.45,53.62,53.45,53.55,10600,46.57
2007-03-26,54.1,54.1,53.8,54,2500,46.96
2007-03-27,53.8,53.81,53.3,53.58,11600,46.6
2007-03-28,53.09,53.15,52.6,52.85,14900,45.96
2007-03-29,54,54.05,53.5,54.05,7000,47.01
2007-03-30,54.25,54.25,53.6,53.6,11900,46.62
2007-04-02,54.15,54.64,54,54.59,16800,47.48
2007-04-03,54.65,55.2,54.65,55.1,21700,47.92
2007-04-04,55.38,55.5,55.3,55.36,900,48.15
2007-04-05,55.5,55.62,55.47,55.62,4700,48.37
2007-04-09,55.84,56.1,55.84,55.98,8300,48.68
2007-04-10,56.18,56.41,56.13,56.25,7800,48.92
2007-04-11,56.49,56.5,55.65,55.83,27000,48.55
2007-04-12,56.14,57.01,55.99,57,40000,49.57
2007-04-13,56.6,56.8,56.35,56.8,5100,49.4
2007-04-16,57.25,57.98,57.25,57.9,22200,50.35
2007-04-17,57.89,58,57.41,57.58,28200,50.08
2007-04-18,57.44,57.68,57.27,57.31,40400,49.84
2007-04-19,55.45,56.65,55.45,56.36,24200,49.02
2007-04-20,57.07,57.4,57.06,57.31,20200,49.84
2007-04-23,57,57,56.13,56.72,5300,49.33
2007-04-24,56.75,56.75,56.3,56.72,8300,49.33
2007-04-25,56.75,57.1,56.57,57.1,8400,49.66
2007-04-26,57.06,57.06,56.68,56.9,6000,49.48
2007-04-27,56.4,56.6,56.07,56.24,4700,48.91
2007-04-30,56.05,56.2,54.8,55.09,27500,47.91
2007-05-01,55.4,55.49,54.95,55.49,5600,48.26
2007-05-02,55.9,56.48,55.9,56.36,13500,49.02
2007-05-03,56.9,57.45,56.9,57.32,27500,49.85
2007-05-04,57.95,58.08,57.7,57.7,16000,50.18
2007-05-07,58.3,58.3,57.75,58.1,14400,50.53
2007-05-08,57.59,57.65,57.17,57.45,10400,49.96
2007-05-09,57.98,58.63,57.98,58.56,27300,50.93
2007-05-10,58.4,58.4,57.13,57.13,49100,49.69
2007-05-11,59.06,60.75,58.74,60.2,77300,52.35
2007-05-14,60.7,60.75,59.9,60.11,17500,52.28
2007-05-15,60.11,60.68,59.9,59.9,5600,52.09
2007-05-16,60.42,60.9,60.28,60.9,6500,52.96
2007-05-17,60.75,60.82,60.47,60.7,6500,52.79
2007-05-18,60.45,60.55,60.29,60.37,5800,52.5
2007-05-21,60.7,66.4,60.55,60.75,22000,52.83
2007-05-22,60.7,60.7,60.36,60.44,84300,52.56
2007-05-23,60.83,61.1,59.95,59.95,15400,52.14
2007-05-24,59.79,60.3,58,58.07,31500,50.5
2007-05-25,59.27,59.58,59.14,59.52,12000,51.76
2007-05-29,59.5,60,58.52,59.15,35100,51.44
2007-05-30,58.1,59.36,57.9,59.36,36400,51.62
2007-05-31,60.3,60.35,59.59,59.92,25900,52.11
2007-06-01,60.78,60.95,60.56,60.81,24700,52.89
2007-06-04,60.26,60.7,60.18,60.7,17000,52.79
2007-06-05,61.5,61.5,60.58,61.08,25600,53.12
2007-06-06,60.8,60.8,60.07,60.25,8400,52.4
2007-06-07,60.88,61.76,59.43,59.43,20400,51.69
2007-06-08,60.3,61.2,60.12,61.2,40200,53.22
2007-06-11,61.15,62,60.95,61.82,32300,53.76
2007-06-12,60.19,61.44,60.19,60.48,12600,52.6
2007-06-13,61.3,61.79,61.14,61.79,12400,53.74
2007-06-14,62.35,63.06,62.35,62.88,34200,54.69
2007-06-15,64,64.5,64,64.4,44400,56.01
2007-06-18,65.48,65.94,65.15,65.75,36500,57.18
2007-06-19,65.69,66.54,65.5,66.25,28300,57.62
2007-06-20,66.84,67.19,65.9,65.9,44100,57.31
2007-06-21,67.3,68.26,67.01,68,37800,59.14
2007-06-22,67.9,68.24,67.05,67.3,27100,58.53
2007-06-25,67.01,67.45,66.39,66.47,30400,57.81
2007-06-26,66.87,66.87,65.86,65.95,19300,57.36
2007-06-27,66,66.93,65.87,66.93,13200,58.21
2007-06-28,67.25,67.8,67.25,67.6,19000,58.79
2007-06-29,67.11,67.98,66.93,67.3,25500,58.53
2007-07-02,67.83,68.88,67.74,68.72,30700,59.76
2007-07-03,69.5,70.2,69.3,70.08,27200,60.95
2007-07-05,69.82,70.38,69.7,70.1,42000,60.96
2007-07-06,70.65,71.66,70.3,71.42,54400,62.11
2007-07-09,72.21,72.85,72.21,72.65,87200,63.18
2007-07-10,71.82,72.5,71.54,71.68,66300,62.34
2007-07-11,71.68,72.08,71.31,71.98,58500,62.6
2007-07-12,72.5,73.36,72.5,73.33,40600,63.77
2007-07-13,73.58,73.97,73.45,73.82,27200,64.2
2007-07-16,73,73.49,72.63,72.77,52200,63.29
2007-07-17,72.93,73.75,72.17,72.86,76100,63.37
2007-07-18,71.75,72.25,70.85,71.7,72200,62.36
2007-07-19,72.5,72.96,72.44,72.9,63200,63.4
2007-07-20,73.59,73.59,72.41,72.79,50500,63.3
2007-07-23,74.54,75.23,74.46,75.02,66300,65.24
2007-07-24,74.65,75.19,73.59,73.61,53600,64.02
2007-07-25,75.1,75.49,73.86,74.8,46800,65.05
2007-07-26,72.9,73.56,69.7,71.45,150800,62.14
2007-07-27,71.1,72.36,70.2,71.09,74400,61.83
2007-07-30,72.4,73.6,72.01,73.43,61400,63.86
2007-07-31,75.2,75.31,73.34,73.76,116200,64.15
2007-08-01,73.69,73.69,70.23,71.9,109900,62.53
2007-08-02,71.47,71.86,71,71.62,36900,62.29
2007-08-03,71.6,71.6,68.23,68.31,101600,59.41
2007-08-06,68.8,69.4,66.76,69.3,96600,60.27
2007-08-07,67.99,69.11,67.5,68.48,40600,59.56
2007-08-08,70.38,71.98,70.33,71.2,74600,61.92
2007-08-09,69.85,70.7,68.71,68.84,81800,59.87
2007-08-10,67.59,68.86,66.75,68.74,171000,59.78
2007-08-13,69.27,69.5,68.48,68.48,37800,59.56
2007-08-14,68.78,68.85,66.7,66.79,36300,58.09
2007-08-15,65.76,66.89,63.86,64.05,102700,55.7
2007-08-16,61.5,62.4,58,62.4,236500,54.27
2007-08-17,68.63,68.63,62.8,64.95,68500,56.49
2007-08-20,66.23,66.61,65.1,66.29,75800,57.65
2007-08-21,67.17,67.69,66.73,66.87,60500,58.16
2007-08-22,70.01,72.2,69.83,72.2,92000,62.79
2007-08-23,72.33,72.6,70.83,72.3,82800,62.88
2007-08-24,72.8,75,72.68,74.88,129900,65.12
2007-08-27,76.78,81.02,76.72,80.5,141500,70.01
2007-08-28,76.7,76.79,73.8,74.19,146600,64.52
2007-08-29,75.75,78,75.56,77.69,134800,67.57
2007-08-30,76.59,77.9,76.17,76.91,60700,66.89
2007-08-31,79.8,80.72,79.08,79.25,129600,68.92
2007-09-04,79.2,81,79.2,80.72,79300,70.2
2007-09-05,79.1,79.37,78.07,78.54,92600,68.3
2007-09-06,79.7,79.96,78.65,79.45,102900,69.1
2007-09-07,77.47,78.31,76.85,77.39,172000,67.3
2007-09-10,79.31,79.31,77.13,78.6,109100,68.36
2007-09-11,79.22,79.99,78.85,79.98,85800,69.56
2007-09-12,79.25,80.46,79,80.13,59500,69.69
2007-09-13,80.56,81.61,80.39,81,51500,70.44
2007-09-14,81.09,82.7,81,82.27,49900,71.55
2007-09-17,81.96,82.18,81.08,81.7,48200,71.05
2007-09-18,82.59,86.24,82.24,86,116100,74.79
2007-09-19,86.81,88.17,85.93,86.31,176500,75.06
2007-09-20,86.45,87.01,85.45,85.92,101700,74.72
2007-09-21,87.5,88.55,87.34,88.55,80800,77.01
2007-09-24,90.7,91.68,90,90.9,115100,79.05
2007-09-25,90,91.4,89.55,91.2,96900,79.32
2007-09-26,91.7,92.66,91.2,92.29,159300,80.26
2007-09-27,93.77,95.22,93.36,95.12,188200,82.72
2007-09-28,95.4,95.92,93.36,93.86,267100,81.63
2007-10-01,94.74,97.43,94.74,96.41,150700,83.85
2007-10-02,99.85,100,97.82,98.61,235400,85.76
2007-10-03,95,95.74,92.62,92.94,264600,80.83
2007-10-04,92.89,94.44,91.21,94.15,307600,81.88
2007-10-05,97.88,98.87,96.88,98.67,261700,85.81
2007-10-08,97.1,97.17,95.98,96.8,146000,84.19
2007-10-09,98.3,99.31,97.34,99.05,160800,86.14
2007-10-10,99.62,99.93,98.18,99.8,126000,86.79
2007-10-11,103.49,104.56,97.28,99.65,396200,86.66
2007-10-12,101.75,104,101.75,104,237800,90.45
2007-10-15,106.49,106.58,102,104.15,208100,90.58
2007-10-16,103.67,104.09,101.51,102.6,178800,89.23
2007-10-17,107.81,113,107.81,113,371200,98.27
2007-10-18,106.6,110.4,106.24,109.9,356500,95.58
2007-10-19,107.95,108,102.5,103.1,380600,89.66
2007-10-22,101.57,104.5,91.01,104.33,590600,90.73
2007-10-23,107.35,108.7,105.68,108.3,279500,94.19
2007-10-24,106.23,107.5,103.94,106.85,268600,92.93
2007-10-25,106.25,107.1,104.85,107.1,241900,93.14
2007-10-26,108.91,108.91,107.47,108.36,242300,94.24
2007-10-29,111.08,111.32,110.09,111.18,176900,96.69
2007-10-30,111.16,111.32,108.66,109.16,178500,94.93
2007-10-31,111.12,113.55,109.9,113.2,380800,98.45
2007-11-01,109.61,110.27,107.04,107.92,288000,93.86
2007-11-02,109.3,109.33,105.25,108.02,315300,93.94
2007-11-05,101.37,101.73,97.31,99.2,373100,86.27
2007-11-06,102.5,103.6,100.24,103.05,224700,89.62
2007-11-07,101.63,102.2,98.68,99.2,317800,86.27
2007-11-08,98.3,99.56,92.34,97.11,427400,84.45
2007-11-09,96.47,97.75,93.43,94.91,389300,82.54
2007-11-12,93.33,93.33,87.69,88,369800,76.53
2007-11-13,91.45,95.97,91.45,95.24,331700,82.83
2007-11-14,97.96,101,96.25,96.75,332000,84.14
2007-11-15,96,96.32,93.25,94.33,185800,82.04
2007-11-16,96.46,96.46,90.96,93.45,209500,81.27
2007-11-19,91.94,91.94,87.8,88.47,216400,76.94
2007-11-20,92.79,93.25,85.5,91.9,304600,79.92
2007-11-21,88.11,89.03,85.5,86.95,374600,75.62
2007-11-23,86.82,89.22,86.82,88.6,75600,77.05
2007-11-26,90.5,91.88,87,87,231800,75.66
2007-11-27,88.6,91.22,87.6,90.91,351500,79.06
2007-11-28,92.6,96.93,92.27,96,349000,83.49
2007-11-29,96.48,97.49,95.28,96.36,257300,83.8
2007-11-30,97.94,99.8,96.41,97.43,122600,84.73
2007-12-03,97.5,97.5,95.56,96.06,88900,83.54
2007-12-04,95.75,96.7,94.93,96.24,154000,83.7
2007-12-05,98.2,100.95,98.2,100.95,198300,87.79
2007-12-06,100.54,102.3,99.44,101.85,164600,88.58
2007-12-07,100.15,100.15,98.42,98.5,194800,85.66
2007-12-10,98,98.5,97.28,97.95,106300,85.19
2007-12-11,98.4,98.4,93.41,93.8,180700,81.58
2007-12-12,97.66,97.66,93.27,95.14,130500,82.74
2007-12-13,93.04,93.04,90.51,92.17,162100,80.16
2007-12-14,89.25,90.86,89.25,89.81,93800,78.11
2007-12-17,87.24,87.71,84.04,84.04,159300,73.09
2007-12-18,86.98,88.25,85.41,88.1,256900,76.62
2007-12-19,88.6,90.43,88.15,88.6,194400,77.05
2007-12-20,90.35,90.35,87.97,89.58,146300,77.91
2007-12-21,92.05,92.05,90.5,91.56,164700,80.19
2007-12-24,93.15,93.6,92.85,93.25,43500,81.67
2007-12-26,93.26,93.87,92.98,93.63,71700,82
2007-12-27,92.5,92.5,90.44,90.75,141600,79.48
2007-12-28,91,91.33,89.75,90.15,57900,78.95
2007-12-31,90.6,90.9,89.48,89.85,101600,78.69
2008-01-02,90.58,91,88.24,88.9,126700,77.86
2008-01-03,88,89.7,88,88.56,76300,77.56
2008-01-04,88.69,88.69,86.52,87,179100,76.19
2008-01-07,88.61,88.8,86.76,88.36,255700,77.39
2008-01-08,89.13,90.12,86.63,86.63,120000,75.87
2008-01-09,90.49,91.44,88.18,91.2,204500,79.87
2008-01-10,89.96,93,89.2,92.1,189400,80.66
2008-01-11,89.62,90.2,88.17,88.5,120800,77.51
2008-01-14,88.5,88.67,87.37,88.39,110200,77.41
2008-01-15,86.48,86.48,81.62,81.81,185600,71.65
2008-01-16,79.95,80.6,76.45,78.78,348300,69
2008-01-17,79.25,80.83,76.35,76.8,273600,67.26
2008-01-18,78.22,80.25,77.15,79.29,213000,69.44
2008-01-22,70,77.5,69.28,75.4,454800,66.04
2008-01-23,74.39,77.6,69.77,77.6,319200,67.96
2008-01-24,76.66,76.85,74.7,76.28,174200,66.81
2008-01-25,78.01,80.64,75.44,75.92,195100,66.49
2008-01-28,75.01,76.85,74,76.85,95900,67.31
2008-01-29,75.99,76.4,75.25,76.15,46300,66.69
2008-01-30,72.72,76.3,72.42,73.05,240300,63.98
2008-01-31,70.89,75,70.3,74.2,194400,64.98
2008-02-01,75.96,77.35,75.02,77.35,153800,67.74
2008-02-04,78.5,79.85,78.4,79.4,105600,69.54
2008-02-05,78.58,78.58,74.59,74.63,139500,65.36
2008-02-06,74.93,75.91,72.15,72.15,100300,63.19
2008-02-07,71.87,74.66,70.7,74.1,140500,64.9
2008-02-08,73.48,74.09,72.16,73.2,74600,64.11
2008-02-11,72.04,73.33,71,73.25,87800,64.15
2008-02-12,73.76,75.85,73.76,74.88,119400,65.58
2008-02-13,75.63,76.56,74.38,76.06,87500,66.61
2008-02-14,77.45,77.45,74.94,75.15,58100,65.82
2008-02-15,76.59,78,76.28,77.8,123900,68.14
2008-02-19,79.33,79.48,77.7,78,97800,68.31
2008-02-20,77.81,78.65,75.74,77.83,105500,68.16
2008-02-21,77.48,77.64,74.93,75.4,118200,66.04
2008-02-22,75.52,77.34,74.88,77.25,85800,67.66
2008-02-25,75.51,77.53,74.93,77.5,88500,67.87
2008-02-26,76.11,77.81,75.62,77.67,47400,68.02
2008-02-27,78,80.07,77.97,79.63,140700,69.74
2008-02-28,79.78,79.78,78.12,78.26,88800,68.54
2008-02-29,78.48,78.48,75.56,76.01,50500,66.57
2008-03-03,75.38,76.81,75.15,76.34,83400,66.86
2008-03-04,74.4,74.4,72.2,73.34,115000,64.23
2008-03-05,73.67,74.77,73.1,74.13,71800,64.92
2008-03-06,73.93,73.93,70.79,70.92,49200,62.11
2008-03-07,70.3,72.26,69.6,70.26,74000,61.53
2008-03-10,71.44,71.44,68.5,68.5,76600,59.99
2008-03-11,72.16,74.69,71.5,74.58,84000,65.32
2008-03-12,73.01,74.04,71.4,71.75,72300,62.84
2008-03-13,70.01,71.05,67.18,70.13,143000,61.42
2008-03-14,69.13,69.46,65.84,66.02,63900,57.82
2008-03-17,63.31,65,62.8,64.3,125100,56.31
2008-03-18,64.32,66.86,64.32,66.8,142700,58.5
2008-03-19,67.44,67.44,62.37,62.82,81400,55.02
2008-03-20,64.23,64.23,60.26,63.59,80200,55.69
2008-03-24,65.14,66.2,64.45,64.8,152100,56.75
2008-03-25,66.27,67.78,65.92,67.62,46800,59.22
2008-03-26,67.55,67.55,66.25,66.41,78000,58.16
2008-03-27,67.77,68.65,67.05,67.07,55200,58.74
2008-03-28,68.91,70.13,68.91,69.32,28600,60.71
2008-03-31,68.34,69.5,68.34,69,44800,60.43
2008-04-01,70.97,73.33,70.63,73.33,93100,64.22
2008-04-02,73.52,73.52,72,72.06,88600,63.11
2008-04-03,72.56,75.3,72.56,74.95,59900,65.64
2008-04-04,75.96,76.09,73.99,74.88,84400,65.58
2008-04-07,77.16,77.17,75.61,75.8,86200,66.39
2008-04-08,74.64,75.3,74.27,74.4,46300,65.16
2008-04-09,74.26,74.26,71.88,72.04,71000,63.09
2008-04-10,72.55,74.4,72.55,74.25,79900,65.03
2008-04-11,73.9,74.31,72.38,72.69,84300,63.66
2008-04-14,72.19,72.19,71.34,71.64,35900,62.74
2008-04-15,72.02,72.6,71.87,72.58,30500,63.57
2008-04-16,73.19,74.9,72.86,74.75,61500,65.47
2008-04-17,74,74.09,73.35,73.56,35000,64.42
2008-04-18,74.36,75.16,74.28,74.91,54200,65.61
2008-04-21,75.86,76.22,74.45,75.94,53100,66.51
2008-04-22,77.22,77.22,75.15,76,70100,66.56
2008-04-23,78.26,81.78,78.26,81.78,151900,71.62
2008-04-24,82.29,82.83,79.71,82,118400,71.82
2008-04-25,81.79,81.79,79.93,80.88,42700,70.83
2008-04-28,80.95,81.48,80.4,80.47,50700,70.48
2008-04-29,81.74,81.74,80,80.3,34100,70.33
2008-04-30,82.13,82.2,80.93,81.4,76500,71.29
2008-05-01,82.69,83,80.84,82.84,76300,72.55
2008-05-02,84.52,84.52,83,83.75,101300,73.35
2008-05-05,84.65,84.65,82.46,82.46,53500,72.22
2008-05-06,81.54,84.25,81.54,84.09,34300,73.65
2008-05-07,83.31,83.31,79,79.01,97800,69.2
2008-05-08,80.42,80.44,79.24,79.71,80900,69.81
2008-05-09,78.95,78.95,78,78.6,78400,68.84
2008-05-12,78.65,78.93,77.55,78.74,42200,68.96
2008-05-13,80.72,80.72,79.2,80.12,22700,70.17
2008-05-14,80.99,81.65,80.42,80.63,30800,70.62
2008-05-15,81.56,81.89,80.6,81.65,21300,71.51
2008-05-16,82.36,82.36,81.4,81.84,32200,71.68
2008-05-19,82.95,83.29,81.98,82.24,45100,72.03
2008-05-20,81.04,81.04,78.2,78.8,88200,69.01
2008-05-21,81,81.02,78.5,78.5,25700,68.75
2008-05-22,79.84,79.84,78.59,79.16,20200,69.33
2008-05-23,77.54,77.66,76.37,76.75,82800,67.22
2008-05-27,76.5,76.89,74.87,76.8,63100,67.26
2008-05-28,76.99,77,75.45,76.35,40700,66.87
2008-05-29,75.99,77.92,75.93,77.52,33800,67.89
2008-05-30,77.7,77.93,77.36,77.52,42600,67.89
2008-06-02,78.77,78.86,77.15,77.75,59400,68.09
2008-06-03,78,78,75.53,75.94,38800,66.51
2008-06-04,77.3,77.3,74.86,75.11,33500,65.78
2008-06-05,77.12,77.12,75.48,77.12,25500,67.54
2008-06-06,76.47,76.47,73.02,73.02,68100,63.95
2008-06-09,74.75,74.75,72.31,73.13,42500,64.05
2008-06-10,70.92,72.03,70.92,71.48,75900,62.6
2008-06-11,70.55,71.03,69.2,69.2,56900,60.61
2008-06-12,70.42,71.72,70.4,70.89,22500,62.09
2008-06-13,70.38,70.67,69.46,70.67,19800,61.89
2008-06-16,69.81,71.47,69.81,71.33,35200,62.47
2008-06-17,71.89,72.24,70.62,70.81,44000,62.02
2008-06-18,71.92,72.07,70.91,71.73,70900,62.82
2008-06-19,71.35,72.23,70.59,71.68,39100,62.78
2008-06-20,70.93,70.93,67.4,68.08,43100,59.62
2008-06-23,69.11,69.26,68.46,68.93,27300,60.37
2008-06-24,67.68,69.4,67.51,68.25,33300,59.77
2008-06-25,69.4,70.34,69.15,69.66,54100,61.01
2008-06-26,69.98,69.98,66.73,66.73,43200,58.44
2008-06-27,67.67,67.67,66.3,66.76,30100,58.47
2008-06-30,67.99,68.1,67.2,67.66,60100,59.26
2008-07-01,67.84,67.84,65.55,67,32900,58.68
2008-07-02,67.01,67.01,64.42,64.53,113500,56.52
2008-07-03,66.38,66.38,63.66,64.79,68200,56.74
2008-07-07,64.92,67.64,64.92,66.99,157200,58.67
2008-07-08,65.58,67.57,65.34,67.57,84600,59.18
2008-07-09,69.2,69.2,66.16,66.16,40300,57.94
2008-07-10,66.26,68.26,66.26,68.26,25900,59.78
2008-07-11,68.23,69,67.07,68.17,32500,59.7
2008-07-14,67.58,69.5,67.13,67.31,25900,58.95
2008-07-15,65.96,66.4,64,65.33,31600,57.22
2008-07-16,64.63,68.6,64.63,68.6,20100,60.08
2008-07-17,69.58,69.58,68.17,68.5,30500,59.99
2008-07-18,68.9,69.7,68.6,69.18,30300,60.59
2008-07-21,70.9,70.9,69.62,69.73,24600,61.07
2008-07-22,69.01,70.87,68.74,70.86,36600,62.06
2008-07-23,72.75,72.75,71.29,71.77,40900,62.86
2008-07-24,72.74,72.74,68.1,68.7,58800,60.17
2008-07-25,69.35,69.89,68.58,69.4,62500,60.78
2008-07-28,69.99,69.99,67.65,67.65,33000,59.25
2008-07-29,67.35,69.61,67.35,69.61,32000,60.96
2008-07-30,71.7,71.7,69.59,70.8,38400,62.01
2008-07-31,68.68,69.95,68.01,68.23,36600,59.76
2008-08-01,67.76,69.79,67.76,68.96,9900,60.4
2008-08-04,69.62,69.62,66.51,66.51,16100,58.25
2008-08-05,66.18,68.08,66.18,67.94,32900,59.5
2008-08-06,66.52,68.65,66.52,68.48,6900,59.98
2008-08-07,68.5,68.5,64.57,64.92,49700,56.86
2008-08-08,65.47,66.1,63.73,66.02,41600,57.82
2008-08-11,65.4,65.4,63.42,64.32,27900,56.33
2008-08-12,64.01,64.01,62.03,62.4,51400,54.65
2008-08-13,62.4,62.4,61.03,61.71,42600,54.05
2008-08-14,62.65,63.57,61.68,63.26,41800,55.4
2008-08-15,62.38,62.67,62.05,62.26,25600,54.53
2008-08-18,61.67,62.06,60.71,60.83,17200,53.28
2008-08-19,59.19,60.2,59.19,60.05,35900,52.59
2008-08-20,61.76,63.19,61.76,63.15,46500,55.31
2008-08-21,63,63,61.34,62.34,57600,54.6
2008-08-22,62.8,63.35,62.66,63.22,30100,55.37
2008-08-25,64.63,64.63,62.51,62.51,70000,54.75
2008-08-26,63.82,63.82,63.3,63.43,36900,55.55
2008-08-27,64.84,65.85,64.84,65.66,31100,57.51
2008-08-28,65,65.4,64.69,65,37600,56.93
2008-08-29,65.08,65.1,64.47,64.76,9000,56.72
2008-09-02,64.96,64.96,62.97,63.18,187700,55.33
2008-09-03,62,62.34,61.12,61.2,37700,53.6
2008-09-04,61.2,61.2,58.53,58.67,82800,51.38
2008-09-05,57.8,59.8,57.57,59.8,52300,52.37
2008-09-08,61.51,61.58,59.09,60.15,48600,52.68
2008-09-09,59.74,59.74,57,57,34900,49.92
2008-09-10,57.54,57.95,56.51,57.33,24400,50.21
2008-09-11,55.13,56.41,54.34,56.11,54100,49.14
2008-09-12,55.47,56.45,54.65,56.32,27200,49.33
2008-09-15,53.26,55.12,52.75,52.75,123700,46.2
2008-09-16,51,53.8,50.29,53.26,173500,46.65
2008-09-17,49.14,51.42,47.81,47.81,98200,41.87
2008-09-18,48.76,53.49,48.21,53.49,85800,46.85
2008-09-19,58.44,59.95,56.69,59.27,106800,51.91
2008-09-22,59.88,59.88,53.05,55.72,40500,48.8
2008-09-23,56.3,56.3,53.41,53.64,79000,46.98
2008-09-24,53.29,54.96,53.29,54.43,32200,47.67
2008-09-25,55.8,56.75,54.61,55.71,45100,48.79
2008-09-26,55.25,55.25,53.54,54.6,32000,47.82
2008-09-29,54.01,54.01,46.88,47.14,101200,41.29
2008-09-30,49.4,52.02,47.5,52.02,67500,45.56
2008-10-01,51.51,52.38,50.35,51.7,34700,45.28
2008-10-02,51.13,51.98,49.6,49.61,36800,43.45
2008-10-03,49.62,52.3,49.33,49.51,52700,43.36
2008-10-06,46.01,46.78,43.38,45.77,88600,40.09
2008-10-07,46.59,48.02,43.52,43.52,65900,38.11
2008-10-08,42,45.89,41.9,43.65,77400,38.23
2008-10-09,46.25,46.25,40.25,40.25,75000,35.25
2008-10-10,39.9,43,38.26,42,57600,36.78
2008-10-13,45,50.09,44.79,50.09,86200,43.87
2008-10-14,52.84,53.5,45.85,47.5,118700,41.6
2008-10-15,46.2,46.2,40.19,40.19,101700,35.2
2008-10-16,40.96,44.06,39.53,43.7,111700,38.27
2008-10-17,42.87,44.6,40.61,42.16,60000,36.92
2008-10-20,44.92,45.33,42.67,44.64,70700,39.1
2008-10-21,44.64,44.64,41.5,41.51,55400,36.35
2008-10-22,41,41,36.95,37.26,109500,32.63
2008-10-23,38.75,38.75,35.55,37.5,73100,32.84
2008-10-24,33.01,35.22,32.91,34.55,78600,30.26
2008-10-27,32.48,33.98,31,31.3,39700,27.41
2008-10-28,33.87,36.69,32.32,36.69,49800,32.13
2008-10-29,37.74,37.74,34.5,35.63,53500,31.2
2008-10-30,39.74,39.93,38.37,39.9,57700,34.94
2008-10-31,38.22,40.61,38.22,39.76,41400,34.82
2008-11-03,40.32,40.9,40,40.35,21900,35.34
2008-11-04,41.98,43.67,41.58,43.25,33400,37.88
2008-11-05,41.58,42.81,39.25,39.34,50500,34.45
2008-11-06,39.3,39.5,36.2,36.3,51500,31.79
2008-11-07,40.19,41,38.52,41,43400,35.91
2008-11-10,44.39,44.4,40.74,41.7,70500,36.52
2008-11-11,40.26,41.45,39,39.36,34300,34.47
2008-11-12,39,39.4,37.5,37.52,33500,32.86
2008-11-13,38.75,42.5,36.84,42.5,78700,37.22
2008-11-14,40.72,41.97,39,39,49500,34.16
2008-11-17,39.58,40.46,38.74,38.9,68000,34.07
2008-11-18,38.4,38.5,36.54,37.72,126200,33.04
2008-11-19,36.67,37.88,34.56,34.88,52200,30.55
2008-11-20,34.68,35.95,32.53,33.16,83400,29.04
2008-11-21,37.2,37.91,34.6,37.8,50400,33.11
2008-11-24,39.39,39.76,37.29,38.86,41500,34.03
2008-11-25,39.01,39.01,37.29,37.77,74800,33.08
2008-11-26,39.01,41.5,38.85,41.42,72000,36.28
2008-11-28,40.37,40.98,40.14,40.8,24000,35.73
2008-12-01,40.55,40.55,37.69,37.76,27100,33.07
2008-12-02,39.58,40.65,39.02,40.65,61200,35.6
2008-12-03,39.33,42.24,39.33,41.98,34600,36.77
2008-12-04,41.04,41.54,39.27,40.28,63500,35.28
2008-12-05,40.73,42.98,40.1,42.98,53900,37.64
2008-12-08,45.9,46.87,45,46.41,130400,40.65
2008-12-09,45.18,46.3,44.37,44.53,47900,39
2008-12-10,47.7,47.75,46.57,47.43,87500,41.54
2008-12-11,47.12,47.78,45.56,45.81,40800,40.12
2008-12-12,44.27,45.98,44.06,45.65,60100,39.98
2008-12-15,45.86,45.86,44.36,44.68,40300,39.13
2008-12-16,47.94,48,45.52,47.94,36600,41.99
2008-12-17,47.76,48.5,47.57,47.85,39500,41.91
2008-12-18,48.69,48.69,46.57,46.87,42400,41.05
2008-12-19,47.1,47.25,46.4,47.03,33200,41.91
2008-12-22,45.43,45.49,44.16,44.89,43700,40
2008-12-23,43.27,43.73,42.79,42.79,92600,38.13
2008-12-24,43.31,43.71,42.84,43.71,19500,38.95
2008-12-26,44.72,44.72,43.2,43.44,18100,38.71
2008-12-29,43.35,44.69,43.35,44.02,91500,39.23
2008-12-30,43.95,44.75,43.95,44.74,28700,39.87
2008-12-31,44.85,45.45,44.44,45.26,34500,40.33
2009-01-02,46.79,48.3,46.38,48.19,41900,42.94
2009-01-05,48.73,49.1,48.22,48.57,119400,43.28
2009-01-06,49.05,49.25,48.24,48.74,69600,43.43
2009-01-07,46.3,46.58,45.12,45.33,99600,40.39
2009-01-08,44.08,44.7,43.51,44.7,35800,39.83
2009-01-09,44.01,44.01,42.79,43.12,90500,38.42
2009-01-12,42.05,42.05,40.45,41.04,63500,36.57
2009-01-13,40.53,40.93,40.08,40.58,29000,36.16
2009-01-14,40.6,40.6,39.18,39.72,25300,35.39
2009-01-15,39.78,40.66,38.5,40.34,81400,35.95
2009-01-16,40.83,41.11,39.78,40.85,27100,36.4
2009-01-20,40.37,40.37,37.77,37.77,58900,33.66
2009-01-21,38.47,39.74,37.89,39.74,59900,35.41
2009-01-22,38.4,39.66,37.3,38.32,28400,34.15
2009-01-23,37.73,39.29,37.19,38.92,26700,34.68
2009-01-26,38.48,40,38.48,39.52,26900,35.22
2009-01-27,39.22,40.19,39.22,39.97,27700,35.62
2009-01-28,40.96,41.61,40.64,41.47,67600,36.95
2009-01-29,40.34,40.34,39.3,39.3,32200,35.02
2009-01-30,40.64,40.85,39.55,39.85,29300,35.51
2009-02-02,39.46,40.1,39.11,39.6,74700,35.29
2009-02-03,39.82,40.7,39.41,40.24,62900,35.86
2009-02-04,41.24,42.31,41.16,41.49,64500,36.97
2009-02-05,41.97,43.32,41.56,42.79,161200,38.13
2009-02-06,43.66,45.09,43.47,44.82,103900,39.94
2009-02-09,46.04,46.04,43.92,44.24,72200,39.42
2009-02-10,44.25,44.59,42.13,42.23,78000,37.63
2009-02-11,42.53,43.44,42,42.64,45200,38
2009-02-12,41.5,42.18,40.68,41.87,80300,37.31
2009-02-13,42.65,43.01,42.23,42.42,86000,37.8
2009-02-17,40.41,40.41,39.49,39.61,56200,35.3
2009-02-18,40.92,40.92,40.16,40.58,40600,36.16
2009-02-19,42.44,43.95,40.6,40.76,44100,36.32
2009-02-20,40.76,40.81,39.21,39.91,79300,35.56
2009-02-23,41.38,41.61,39.13,39.25,112400,34.98
2009-02-24,39.62,41.67,39.6,41.4,61000,36.89
2009-02-25,41.07,41.4,39.92,40.62,57100,36.2
2009-02-26,40.19,40.62,39.15,39.18,64200,34.91
2009-02-27,38.86,39.29,38.28,38.58,71900,34.38
2009-03-02,38.16,38.16,36.06,36.21,86500,32.27
2009-03-03,37.31,37.81,36.4,37.15,81000,33.1
2009-03-04,38.51,41.2,38.51,40.42,158400,36.02
2009-03-05,39.11,39.65,38.11,38.28,87500,34.11
2009-03-06,38.59,38.83,37.39,37.81,46400,33.69
2009-03-09,37.87,39,37.66,37.86,52600,33.74
2009-03-10,39.57,40.99,39.57,40.86,64900,36.41
2009-03-11,41.01,43.38,39.8,40.3,78600,35.91
2009-03-12,40.23,41.7,39.83,41.42,64600,36.91
2009-03-13,42.2,42.26,41.3,41.97,53200,37.4
2009-03-16,43.45,44,42.72,42.95,83800,38.27
2009-03-17,42.6,43.57,42.02,43.5,63500,38.76
2009-03-18,42.8,44.96,42.32,43.83,67200,39.06
2009-03-19,44.01,44.27,43.11,43.2,70500,38.5
2009-03-20,43.13,43.13,41.96,42.03,43000,37.45
2009-03-23,44.91,46.54,44.33,46.32,149500,41.28
2009-03-24,45.48,46.2,44.78,45.11,60900,40.2
2009-03-25,45.52,46.17,44.3,45.48,85600,40.53
2009-03-26,47.2,47.51,46.75,47.31,104700,42.16
2009-03-27,46.86,47,46.15,46.75,54800,41.66
2009-03-30,46.9,46.9,43.58,44.03,85800,39.23
2009-03-31,45.54,45.77,44.87,45.28,40800,40.35
2009-04-01,44.84,46.45,44.82,46.26,36600,41.22
2009-04-02,47,49.7,47,48.79,110300,43.48
2009-04-03,50,50,47.93,48.82,59900,43.5
2009-04-06,48.97,48.97,47.92,48.6,68100,43.31
2009-04-07,48.22,48.22,47.37,47.38,42800,42.22
2009-04-08,47.74,48.08,47.34,47.83,43100,42.62
2009-04-09,49.57,49.83,49.31,49.8,85400,44.38
2009-04-13,51.33,51.33,49.3,50.43,111200,44.94
2009-04-14,50.92,51.05,50,50.29,88200,44.81
2009-04-15,51.15,52.11,50.45,52.1,94800,46.43
2009-04-16,52.24,52.54,51.42,52.15,93400,46.47
2009-04-17,52,53.22,51.11,51.65,132600,46.02
2009-04-20,51.57,51.57,49.61,49.71,116200,44.3
2009-04-21,49.34,51.06,49.23,50.72,106700,45.2
2009-04-22,48.73,50.28,48.67,49.36,73100,43.98
2009-04-23,50.19,50.37,49.46,50.29,82600,44.81
2009-04-24,50.86,51.59,50.75,51.19,114300,45.61
2009-04-27,49.18,49.62,48.72,49,84800,43.66
2009-04-28,48.45,48.76,47.56,48.05,61700,42.82
2009-04-29,49.71,50.92,49.41,50.45,114800,44.96
2009-04-30,51.22,52.28,50.2,50.74,89800,45.21
2009-05-01,50.79,51.34,50.53,51.04,47300,45.48
2009-05-04,53.99,56.04,52.56,56.04,169100,49.94
2009-05-05,55.08,55.78,54.21,54.68,144500,48.72
2009-05-06,55.68,58.36,55.6,58.36,173400,52
2009-05-07,57.15,57.97,54.69,54.85,147000,48.88
2009-05-08,56.79,57.59,55.85,57.49,121100,51.23
2009-05-11,55.49,55.49,54.73,54.8,75800,48.83
2009-05-12,55.16,55.79,54.44,55.15,62500,49.14
2009-05-13,54.6,55.66,53.72,53.94,117100,48.07
2009-05-14,53.63,55.16,53.63,54.73,68100,48.77
2009-05-15,54.91,55.22,54.16,54.64,99200,48.69
2009-05-18,56.14,57.65,56.14,57.64,116700,51.36
2009-05-19,57.6,58.44,57.22,57.54,92300,51.27
2009-05-20,57.63,58.4,56.97,56.98,93500,50.77
2009-05-21,56.07,56.3,55.38,55.95,121400,49.86
2009-05-22,56.19,56.74,55.85,55.87,78700,49.79
2009-05-26,55.61,57.47,55.37,57.09,112900,50.87
2009-05-27,58.46,58.82,57.4,57.52,153000,51.26
2009-05-28,58.21,58.87,57.55,58.69,118300,52.3
2009-05-29,59.82,60.59,59.59,60.59,128900,53.99
2009-06-01,61.59,63.86,61.59,63.43,185900,56.52
2009-06-02,62.43,62.99,61.47,62.08,198800,55.32
2009-06-03,62,62,60.53,61.17,56600,54.51
2009-06-04,61.85,62.76,61.39,62.27,170100,55.49
2009-06-05,63.27,63.68,62.04,62.73,147200,55.9
2009-06-08,61.82,62.31,60.99,62.04,79400,55.28
2009-06-09,61.39,61.64,60.86,61.16,53800,54.5
2009-06-10,62.16,63.34,61.79,62.57,81200,55.76
2009-06-11,63.5,65.2,63.5,64.2,98700,57.21
2009-06-12,63.32,63.45,62.88,63.33,64300,56.43
2009-06-15,62.33,62.33,60.45,61,86200,54.36
2009-06-16,60.68,61.09,59.33,59.52,101900,53.04
2009-06-17,59.43,60.22,58.86,59.75,169600,53.24
2009-06-18,59.22,60.17,58.74,59.53,63900,53.05
2009-06-19,59.43,59.99,59.28,59.32,67700,53.34
2009-06-22,59.32,59.32,57.68,57.9,147900,52.06
2009-06-23,57.57,58.51,56.64,57.67,553200,51.86
2009-06-24,59.24,60.46,59.24,59.63,68300,53.62
2009-06-25,59.78,61.18,59.53,61.09,72700,54.93
2009-06-26,61.53,61.73,61.2,61.47,70700,55.27
2009-06-29,61.73,62.56,61.5,62.21,81000,55.94
2009-06-30,61.43,61.46,60.36,60.75,144400,54.63
2009-07-01,61.54,62.38,61.54,61.7,46400,55.48
2009-07-02,60.7,60.7,59.52,59.6,93000,53.59
2009-07-06,59.93,60.6,59.3,60.52,69000,54.42
2009-07-07,59.68,60.03,58.46,58.46,271400,52.57
2009-07-08,58.48,59.07,56.94,57.96,208900,52.12
2009-07-09,59.01,59.61,58.7,59.15,50300,53.19
2009-07-10,58.64,58.98,57.89,58.75,39900,52.83
2009-07-13,57.89,58.87,57.14,58.77,63600,52.85
2009-07-14,59.77,59.99,59.29,59.99,93000,53.94
2009-07-15,61,62.5,60.88,62.33,118900,56.05
2009-07-16,61.85,62.68,61.51,62.35,123600,56.07
2009-07-17,62.6,63.35,62.6,63.18,58300,56.81
2009-07-20,65.28,65.6,64.79,65.49,157500,58.89
2009-07-21,65.59,65.68,64.24,65.3,215900,58.72
2009-07-22,64.28,65.39,64,64.94,123200,58.39
2009-07-23,65.76,67.99,65.54,67.47,526900,60.67
2009-07-24,67.03,67.69,66.51,67.63,116500,60.81
2009-07-27,68.18,68.62,67.48,68.34,133700,61.45
2009-07-28,68.74,68.96,67.68,68.94,152700,61.99
2009-07-29,66.9,67.48,65.86,66.57,176200,59.86
2009-07-30,67.52,68.42,67.52,67.53,98000,60.72
2009-07-31,67.81,68.16,67.36,67.63,88900,60.81
2009-08-03,70.44,71.07,68.63,70.91,115800,63.76
2009-08-04,69.06,70.34,69.06,69.9,59900,62.85
2009-08-05,68.91,68.92,67.42,68.25,182300,61.37
2009-08-06,69.25,69.25,67.72,68.3,154600,61.42
2009-08-07,68.18,68.67,67.42,68.2,120800,61.33
2009-08-10,68.44,68.87,67.75,68.17,56900,61.3
2009-08-11,68.83,68.83,67,67.52,71300,60.71
2009-08-12,67.14,68.43,67.1,68.25,80000,61.37
2009-08-13,68.45,68.64,67.47,68.01,95700,61.15
2009-08-14,67.82,68.11,66.15,66.89,69000,60.15
2009-08-17,64.67,64.67,60,63.29,493300,56.91
2009-08-18,64.2,64.86,63.99,64.6,240100,58.09
2009-08-19,63.51,64.95,63.32,64.7,298600,58.18
2009-08-20,65.03,65.75,64.9,65.57,100400,58.96
2009-08-21,65.56,66.15,65.03,66.05,187100,59.39
2009-08-24,66.52,66.63,65.59,65.83,175900,59.19
2009-08-25,66.38,66.75,65.59,65.6,268300,58.99
2009-08-26,65.46,66,65.25,65.52,55800,58.92
2009-08-27,65.17,65.5,64.25,65.3,65100,58.72
2009-08-28,65.16,65.58,64.11,64.25,181300,57.77
2009-08-31,62.97,63.35,62.66,63.16,200100,56.79
2009-09-01,63.03,63.75,61.66,61.8,306200,55.57
2009-09-02,62.13,62.93,62.05,62.3,163500,56.02
2009-09-03,63.79,64.41,63.23,64.41,127600,57.92
2009-09-04,65.41,66.39,65.24,66.35,117800,59.66
2009-09-08,68.33,68.47,67.7,68.21,107900,61.33
2009-09-09,67.9,68.49,67.74,68.25,91300,61.37
2009-09-10,68.52,68.85,67.92,68.74,69200,61.81
2009-09-11,69.08,69.24,68.33,68.51,137200,61.6
2009-09-14,67.91,68.81,67.5,68.7,85100,61.78
2009-09-15,69.02,69.02,67.76,68.25,78000,61.37
2009-09-16,69.49,70.31,69.09,70.27,75000,63.19
2009-09-17,70.11,70.75,69.51,69.71,56000,62.68
2009-09-18,69.87,70.08,69.47,69.82,52300,62.78
2009-09-21,69.04,69.15,68.5,69.06,122200,62.1
2009-09-22,69.47,69.7,69.24,69.48,88100,62.48
2009-09-23,69.29,69.63,68.52,68.52,118000,61.61
2009-09-24,67.96,68.1,66.2,66.71,161700,59.99
2009-09-25,66.86,67.47,66.51,66.85,60000,60.11
2009-09-28,66.42,67.5,66.18,67.08,103500,60.32
2009-09-29,67.2,67.46,66.68,67.14,85900,60.37
2009-09-30,66.86,67.28,65.5,66.69,261600,59.97
2009-10-01,66.35,66.62,64.46,64.47,132800,57.97
2009-10-02,64.02,64.81,63.67,64.35,118100,57.86
2009-10-05,65.06,66.34,65.06,65.87,77700,59.23
2009-10-06,67.38,68.45,66.86,67.85,109400,61.01
2009-10-07,68.4,68.72,68.06,68.51,57700,61.6
2009-10-08,69.45,69.98,69.21,69.47,146100,62.47
2009-10-09,69.6,69.95,69.55,69.76,178500,62.73
2009-10-12,69.75,69.99,69.19,69.4,268900,62.4
2009-10-13,69.97,70.04,69.04,69.76,82300,62.73
2009-10-14,70.76,72.27,70.76,72.25,148500,64.97
2009-10-15,71.61,72.16,71.5,72.15,170500,64.88
2009-10-16,71.15,71.71,70.45,70.74,74600,63.61
2009-10-19,72.24,73.03,71.97,72.92,124600,65.57
2009-10-20,72.92,73.18,71.89,72.15,131100,64.88
2009-10-21,72.11,73.4,71.88,71.88,128700,64.63
2009-10-22,72.25,72.92,71.55,72.87,147100,65.52
2009-10-23,73.97,74.26,72.5,72.85,162200,65.51
2009-10-26,73.5,73.96,71.93,72.08,175000,64.81
2009-10-27,72.19,72.4,71.43,71.5,123100,64.29
2009-10-28,70.56,70.65,68.73,69.1,158700,62.13
2009-10-29,69.55,70.99,69.55,70.64,163400,63.52
2009-10-30,70.44,70.49,67.94,68.23,138800,61.35
2009-11-02,69.83,70.64,69,69.99,121200,62.94
2009-11-03,68.99,70.11,68.57,69.93,282000,62.88
2009-11-04,71.53,72.07,70.81,70.99,91100,63.83
2009-11-05,71.63,72.51,71.36,72.51,79000,65.2
2009-11-06,71.9,72.7,71.56,72.19,80900,64.91
2009-11-09,73.71,74.64,73.67,74.61,131400,67.09
2009-11-10,73.72,74.25,73.54,74.17,217000,66.69
2009-11-11,75.28,75.28,74.3,74.56,106800,67.04
2009-11-12,74.29,74.56,73.25,73.53,55100,66.12
2009-11-13,74.25,74.8,73.86,74.57,114400,67.05
2009-11-16,75.58,76.3,75.41,75.87,152700,68.22
2009-11-17,75.52,76.06,75.1,75.97,89800,68.31
2009-11-18,75.55,75.55,74.42,74.85,134900,67.31
2009-11-19,74.08,74.14,73,73.6,148400,66.18
2009-11-20,73.18,73.62,73,73.55,143200,66.14
2009-11-23,75.32,75.63,74.61,74.61,69300,67.09
2009-11-24,74.25,74.25,73.42,74.16,67500,66.68
2009-11-25,74.41,74.77,74.2,74.72,68400,67.19
2009-11-27,72.02,73.2,70.41,72.04,143400,64.78
2009-11-30,72.26,72.86,71.99,72.15,122300,64.88
2009-12-01,73.46,74.92,73.46,74.4,77300,66.9
2009-12-02,75.04,75.44,74.68,75,63600,67.44
2009-12-03,75.28,75.66,74.4,74.4,70200,66.9
2009-12-04,76,76.4,74.67,75.37,145600,67.77
2009-12-07,74.98,75.24,74.53,74.63,48600,67.11
2009-12-08,74.3,74.3,73.23,73.48,75800,66.07
2009-12-09,73.63,73.63,72.84,73.53,79200,66.12
2009-12-10,73.47,73.55,72.92,73.23,83600,65.85
2009-12-11,73.5,73.77,73.06,73.56,37900,66.15
2009-12-14,73.94,74.06,73.52,73.66,109400,66.24
2009-12-15,73.27,73.54,72.92,73.15,68400,65.78
2009-12-16,72.92,73.05,72.5,72.67,100800,65.34
2009-12-17,71.43,71.53,70.69,71.14,134200,63.97
2009-12-18,70.34,70.52,69.34,70.11,131700,63.19
2009-12-21,69.88,70.96,69.66,70.21,91200,63.28
2009-12-22,70.15,70.35,69.6,69.86,693800,62.96
2009-12-23,70.54,70.78,70.15,70.53,109500,63.57
2009-12-24,71.14,71.69,71.14,71.64,72200,64.57
2009-12-28,71.8,71.85,71.14,71.41,93500,64.36
2009-12-29,71.65,71.65,71.03,71.34,47700,64.3
2009-12-30,71.21,71.56,71,71.46,219500,64.41
2009-12-31,72.33,72.5,71.85,71.85,85000,64.76
2010-01-04,72.51,73.85,72.51,73.85,130700,66.56
2010-01-05,74.85,75.35,74.71,75.3,92400,67.87
2010-01-06,75.57,75.79,75.33,75.69,72900,68.22
2010-01-07,74.83,75.15,74.47,75.05,219400,67.64
2010-01-08,74.74,75.18,74.35,75.18,67600,67.76
2010-01-11,75.5,75.65,75,75.38,96600,67.94
2010-01-12,74.39,74.39,73.28,73.88,73500,66.59
2010-01-13,73.14,73.77,72.83,73.77,68000,66.49
2010-01-14,73.26,73.36,72.85,73.15,77600,65.93
2010-01-15,72.59,73.24,71.99,72.25,84700,65.12
2010-01-19,73,73.85,72.74,73.85,60600,66.56
2010-01-20,71.66,71.91,71,71.65,200900,64.58
2010-01-21,70.62,70.62,68.73,68.91,261900,62.11
2010-01-22,69.01,69.15,67.47,67.63,240300,60.95
2010-01-25,68.72,68.9,68.08,68.52,149800,61.76
2010-01-26,67.52,67.52,66.24,66.65,251500,60.07
2010-01-27,66,66.28,65.05,66.14,198400,59.61
2010-01-28,66.86,66.93,65.5,65.97,118800,59.46
2010-01-29,66.69,67,65.51,65.59,109800,59.12
2010-02-01,66.5,67.55,66.4,67.45,103400,60.79
2010-02-02,67.26,68.5,67.15,68.28,86800,61.54
2010-02-03,68.82,69,68.24,68.57,66600,61.8
2010-02-04,67.35,67.35,65.36,65.36,164900,58.91
2010-02-05,64.81,64.9,63.15,64.72,417900,58.33
2010-02-08,64.28,64.85,63.77,63.77,126800,57.48
2010-02-09,65.04,66.19,64.63,65.42,125300,58.96
2010-02-10,66.05,66.5,65.22,66.11,98800,59.58
2010-02-11,66.63,67.7,66.3,67.62,85200,60.95
2010-02-12,66.61,66.98,66.04,66.89,72200,60.29
2010-02-16,67.49,68.2,67.07,68.08,73900,61.36
2010-02-17,68.65,68.66,67.9,68.15,42300,61.42
2010-02-18,67.83,68.65,67.69,68.53,62500,61.77
2010-02-19,67.21,67.67,66.91,67.38,109100,60.73
2010-02-22,67.83,68,67.45,67.63,44400,60.95
2010-02-23,67.91,68.08,66.7,67,67300,60.39
2010-02-24,67.72,68.35,67.65,68.22,37300,61.49
2010-02-25,66.67,67.81,66.5,67.62,131900,60.95
2010-02-26,68.06,68.76,67.77,68.57,72400,61.8
2010-03-01,69.57,70.21,69.55,69.94,53300,63.04
2010-03-02,70.7,70.91,70.2,70.38,50500,63.43
2010-03-03,70.43,70.99,70.21,70.26,36900,63.32
2010-03-04,69.73,69.8,69.12,69.38,122100,62.53
2010-03-05,70.53,71.13,70.19,71.13,91500,64.11
2010-03-08,71.39,71.85,71.39,71.63,81300,64.56
2010-03-09,71.49,72.43,71.49,71.99,65200,64.88
2010-03-10,71.88,72.73,71.88,72.41,45800,65.26
2010-03-11,71.95,72.47,71.5,72.44,81300,65.29
2010-03-12,72.38,72.38,71.64,71.97,88400,64.87
2010-03-15,71.28,71.57,70.99,71.32,135600,64.28
2010-03-16,71.25,71.68,70.92,71.61,53400,64.54
2010-03-17,72.28,72.81,72.19,72.39,53700,65.24
2010-03-18,72.32,72.32,71.79,72.23,45600,65.1
2010-03-19,71.53,72.36,71.36,71.53,34100,64.47
2010-03-22,70.66,71.66,70.52,71.6,61800,64.53
2010-03-23,71.29,71.61,70.99,71.44,57800,64.39
2010-03-24,70.99,70.99,70.31,70.69,65300,63.71
2010-03-25,70.69,70.95,69.63,69.8,66800,62.91
2010-03-26,70.8,71.5,70.43,71.06,34900,64.05
2010-03-29,71.4,72.13,71.4,71.98,99200,64.87
2010-03-30,72.49,72.96,72.33,72.67,72100,65.5
2010-03-31,72.21,72.55,71.89,72.03,38600,64.92
2010-04-01,73.2,73.94,73.2,73.94,86100,66.64
2010-04-05,74.42,75.05,74.08,74.82,180400,67.43
2010-04-06,74.48,74.97,74.32,74.97,191600,67.57
2010-04-07,75.03,75.06,74.1,74.69,151500,67.32
2010-04-08,74.63,75.44,74.05,75.14,52500,67.72
2010-04-09,75.6,76.14,75.55,76.14,69700,68.62
2010-04-12,75.08,75.39,75.02,75.2,89400,67.78
2010-04-13,74.59,74.86,74.07,74.86,49700,67.47
2010-04-14,75.11,75.71,74.96,75.66,48400,68.19
2010-04-15,74.9,75.41,74.9,75.15,113500,67.73
2010-04-16,73.81,73.81,72.11,72.61,107800,65.44
2010-04-19,71.69,72.2,71.17,72,119400,64.89
2010-04-20,73.15,73.25,72.63,73.22,55300,65.99
2010-04-21,72.78,72.78,71.78,72.27,46800,65.14
2010-04-22,71.8,72.75,71.48,72.62,92500,65.45
2010-04-23,72.19,72.91,72.03,72.77,34200,65.59
2010-04-26,72.94,73.31,72.87,72.89,47700,65.7
2010-04-27,71.75,72.04,70.1,70.37,128000,63.42
2010-04-28,71.07,71.25,70.25,71.06,74000,64.05
2010-04-29,71,71.93,71,71.73,70800,64.65
2010-04-30,72.13,72.17,70.99,71.23,44200,64.2
2010-05-03,71.23,71.85,70.82,71.69,65700,64.61
2010-05-04,70.25,70.25,68.53,68.99,163900,62.18
2010-05-05,68.15,69.07,67.46,68.07,125500,61.35
2010-05-06,67.51,67.81,44,65.14,219300,58.71
2010-05-07,66.05,66.94,60,65.6,433900,59.12
2010-05-10,66.59,69.31,66.59,69.3,147500,62.46
2010-05-11,68.3,69.31,66.98,68.43,145000,61.68
2010-05-12,68.25,69.19,68.25,68.98,61300,62.17
2010-05-13,68.94,69.34,68.45,68.51,88100,61.75
2010-05-14,68.11,68.11,66.57,67.46,91700,60.8
2010-05-17,67,67.25,65.51,66.96,211100,60.35
2010-05-18,67.87,67.92,65.81,66.2,143300,59.67
2010-05-19,65.45,66.08,64.6,65.63,145600,59.15
2010-05-20,63.74,64.63,62.69,62.82,233200,56.62
2010-05-21,61.85,65.17,61.7,65.13,288600,58.7
2010-05-24,65.9,66.49,65.4,65.64,73200,59.16
2010-05-25,62.88,64.98,62.55,64.98,369400,58.57
2010-05-26,65.32,66.38,64.58,64.84,70700,58.44
2010-05-27,65.84,68.31,65.84,68.28,121600,61.54
2010-05-28,68.16,68.19,66.59,67.35,171900,60.7
2010-06-01,66.67,67.67,65.85,65.92,91700,59.41
2010-06-02,66.65,67.9,66.07,67.78,155200,61.09
2010-06-03,67.99,67.99,66.7,67.54,45600,60.87
2010-06-04,66.77,66.99,65.38,65.75,55800,59.26
2010-06-07,65.9,66.23,64.86,65.05,49700,58.63
2010-06-08,65.45,66.26,64.72,66.15,41200,59.62
2010-06-09,66.8,67.52,65.86,66.25,111700,59.71
2010-06-10,67.19,67.91,66.84,67.81,69700,61.12
2010-06-11,67.05,68.44,66.83,68.39,56900,61.64
2010-06-14,68.94,69.3,67.92,68.13,60800,61.4
2010-06-15,68.88,69.98,68.57,69.96,157400,63.05
2010-06-16,69.45,70.25,69.32,70.02,67300,63.11
2010-06-17,69.7,69.83,68.77,69.33,229900,62.49
2010-06-18,68.95,69.3,68.81,69.05,66700,62.83
2010-06-21,71.21,71.82,70.46,71.05,95500,64.65
2010-06-22,70.8,71.18,69.8,69.97,62000,63.67
2010-06-23,70.87,70.87,69.93,70.54,105900,64.19
2010-06-24,70.11,70.14,69.34,69.56,29900,63.3
2010-06-25,69.85,70.4,69.32,70.21,40900,63.89
2010-06-28,70.27,70.27,69.51,69.84,100300,63.55
2010-06-29,67.72,67.96,66.55,66.8,115200,60.79
2010-06-30,67.28,67.85,66.67,66.76,59000,60.75
2010-07-01,66.73,67.13,65.74,67.11,50600,61.07
2010-07-02,66.85,67.29,66.23,66.7,27800,60.69
2010-07-06,67.82,68.52,66.99,67.51,36500,61.43
2010-07-07,66.89,68.63,66.83,68.56,43900,62.39
2010-07-08,68.49,68.69,68.03,68.63,39800,62.45
2010-07-09,68.85,69.76,68.82,69.72,60100,63.44
2010-07-12,69.95,69.97,69.21,69.5,39800,63.24
2010-07-13,69.73,70.31,69.68,70.15,18700,63.83
2010-07-14,69.51,69.78,69.1,69.71,55200,63.43
2010-07-15,68.55,68.91,67.76,68.91,37900,62.71
2010-07-16,67.92,68.03,66.97,67.11,38500,61.07
2010-07-19,67.82,67.85,67.11,67.72,43400,61.62
2010-07-20,68.22,69.59,68,69.59,274800,63.32
2010-07-21,70.19,70.19,68.88,69.13,26000,62.91
2010-07-22,70.79,71.33,70.35,71.08,102700,64.68
2010-07-23,71.03,71.67,70.42,71.63,48900,65.18
2010-07-26,71.19,71.79,70.94,71.65,187200,65.2
2010-07-27,71.83,71.86,70.83,71.25,300900,64.84
2010-07-28,71.37,71.58,70.91,71.34,28600,64.92
2010-07-29,71.64,71.85,70.64,71.32,55900,64.9
2010-07-30,70.68,71.87,70.5,71.68,42400,65.23
2010-08-02,72.89,73.73,72.82,73.49,51700,66.87
2010-08-03,72.78,73.49,72.45,73.38,309100,66.77
2010-08-04,73.3,73.69,72.92,73.47,400800,66.86
2010-08-05,72.99,73.38,72.75,73.38,309200,66.77
2010-08-06,72.67,73.2,72.28,73.2,119800,66.61
2010-08-09,73.55,73.71,73.28,73.69,146100,67.06
2010-08-10,72.46,72.57,71.75,72.38,125000,65.86
2010-08-11,70.84,70.84,70.13,70.35,110900,64.02
2010-08-12,69.98,70.42,69.34,70.05,106700,63.74
2010-08-13,70.3,70.7,70.26,70.57,102000,64.22
2010-08-16,70.8,71.47,70.72,71.11,284500,64.71
2010-08-17,71.8,72.24,71.61,71.75,256800,65.29
2010-08-18,71.39,71.92,71.09,71.47,97300,65.04
2010-08-19,71.57,71.66,70.64,71.11,78000,64.71
2010-08-20,71.07,71.37,70.59,71.32,22300,64.9
2010-08-23,70.96,71.01,70.38,70.48,108300,64.13
2010-08-24,69.83,70.07,69.15,69.73,150900,63.45
2010-08-25,69,69.59,68.5,69.49,115900,63.23
2010-08-26,69.6,69.76,68.88,69,74600,62.79
2010-08-27,69.56,70.35,68.92,70.17,29900,63.85
2010-08-30,69.98,70.07,69.45,69.5,54800,63.24
2010-08-31,69.29,69.93,69.18,69.55,67200,63.29
2010-09-01,70.57,71.42,70.52,71.39,68600,64.96
2010-09-02,71.28,71.77,71.2,71.77,41400,65.31
2010-09-03,72.6,72.6,71.97,72.2,24900,65.7
2010-09-07,72.67,72.94,71.61,71.7,64700,65.24
2010-09-08,71.81,72.48,71.8,72.27,32200,65.76
2010-09-09,72.95,72.95,72.25,72.51,25300,65.98
2010-09-10,72.48,72.55,72.14,72.45,33700,65.93
2010-09-13,74.06,74.27,73.7,74.26,194300,67.57
2010-09-14,74.16,74.94,74,74.64,119500,67.92
2010-09-15,73.93,74.28,73.53,74.27,91500,67.58
2010-09-16,73.64,74.04,73.48,73.84,104100,67.19
2010-09-17,74.48,74.52,73.92,74.16,71200,67.48
2010-09-20,74.54,75.3,74.34,75.26,93000,68.48
2010-09-21,75.01,75.5,74.75,75.18,339900,68.41
2010-09-22,75.08,75.42,74.89,75.02,43300,68.27
2010-09-23,74.45,75.15,74.45,74.76,102500,68.03
2010-09-24,75.57,76.43,75.57,76.25,41300,69.38
2010-09-27,75.98,76.45,75.98,76.11,73000,69.26
2010-09-28,75.81,76.25,75.32,76.03,35900,69.18
2010-09-29,76.29,76.5,76.17,76.44,103800,69.56
2010-09-30,76.71,76.8,75.84,76.24,47100,69.38
2010-10-01,76.87,77.17,76.58,76.89,97600,69.97
2010-10-04,77.51,77.6,76.66,77.04,164600,70.1
2010-10-05,77.69,78.85,77.69,78.63,75600,71.55
2010-10-06,78.47,78.56,78.26,78.5,74200,71.43
2010-10-07,78.5,78.6,77.51,77.86,37400,70.85
2010-10-08,78.13,78.85,77.87,78.72,44500,71.63
2010-10-11,78.75,79.15,78.75,79.11,60200,71.99
2010-10-12,78.86,79.1,78.36,78.9,105100,71.8
2010-10-13,80.05,81.03,80.05,80.74,89800,73.47
2010-10-14,81.33,81.33,80.21,80.73,60400,73.46
2010-10-15,81.37,81.44,80.06,81.13,133900,73.83
2010-10-18,80.68,82.1,80.53,82.1,128600,74.71
2010-10-19,80.55,80.55,79.32,79.54,519900,72.38
2010-10-20,80.13,81.08,80,80.51,99100,73.26
2010-10-21,81.03,81.24,79.83,80.72,72500,73.45
2010-10-22,80.5,80.66,80.19,80.25,42000,73.02
2010-10-25,81.4,81.85,81.25,81.6,75400,74.25
2010-10-26,81.13,81.44,80.54,81.39,472800,74.06
2010-10-27,79.59,79.67,78.54,79.57,105300,72.41
2010-10-28,79.97,80.22,79.38,79.69,105000,72.52
2010-10-29,79.49,79.95,79.45,79.93,52600,72.73
2010-11-01,81.17,81.43,80.47,80.65,64700,73.39
2010-11-02,81.77,81.92,81.49,81.85,39600,74.48
2010-11-03,82.76,83.37,81.96,83.37,91500,75.86
2010-11-04,84.33,84.88,84.16,84.74,220900,77.11
2010-11-05,84.25,84.59,84.14,84.59,95300,76.97
2010-11-08,84.85,84.85,84.3,84.81,53100,77.17
2010-11-09,84.58,84.73,83,83.42,255400,75.91
2010-11-10,83.04,83.81,82.39,83.8,123800,76.26
2010-11-11,83.78,83.92,83.06,83.92,58900,76.36
2010-11-12,82.35,82.52,80.99,81.5,86100,74.16
2010-11-15,81.1,81.53,80.52,80.63,105900,73.37
2010-11-16,79.78,79.78,77.99,78.2,113100,71.16
2010-11-17,77.36,78.34,77.24,77.92,83100,70.9
2010-11-18,79.53,80.04,79.52,79.63,98100,72.46
2010-11-19,78.95,79.28,78.17,79.21,74800,72.08
2010-11-22,78.98,79.48,78.11,79.1,122900,71.98
2010-11-23,77.21,77.5,76.79,77.2,143000,70.25
2010-11-24,77.76,78.49,77.76,78.41,50100,71.35
2010-11-26,77.3,77.42,76.88,76.95,36700,70.02
2010-11-29,77.55,78.1,76.99,77.96,57100,70.94
2010-11-30,77.03,77.71,76.95,77.2,73000,70.25
2010-12-01,78.67,79.32,78.65,79.03,49000,71.91
2010-12-02,79.14,80.38,79.13,80.15,145200,72.93
2010-12-03,78.55,79.71,78.55,79.53,64200,72.37
2010-12-06,78.75,79.03,78.57,78.92,57000,71.81
2010-12-07,79.7,79.89,78.68,78.69,729500,71.61
2010-12-08,78.39,78.51,77.48,77.79,82000,70.79
2010-12-09,77.91,77.91,77.43,77.77,56100,70.77
2010-12-10,77.81,78.18,77.81,78.02,42000,71
2010-12-13,78.76,79.1,78.49,78.49,68500,71.42
2010-12-14,78.73,78.74,77.93,78.22,102600,71.18
2010-12-15,77.29,77.5,76.53,76.68,71900,69.78
2010-12-16,76.12,76.21,75.75,76.05,156400,69.2
2010-12-17,75.54,75.91,75.5,75.76,99600,69.21
2010-12-20,75.51,75.6,75,75.29,186600,68.78
2010-12-21,76.28,77.02,76.25,76.86,85600,70.21
2010-12-22,76.86,76.88,76.49,76.63,822200,70
2010-12-23,76.09,76.16,75.83,76.05,313600,69.47
2010-12-27,75.2,75.94,75.06,75.78,281200,69.22
2010-12-28,75.21,75.21,74.57,74.9,218400,68.42
2010-12-29,75.75,76.05,75.65,75.9,124200,69.33
2010-12-30,76.06,76.27,75.68,75.72,56400,69.17
2010-12-31,76.19,76.33,76.08,76.24,43900,69.65
2011-01-03,77.61,77.79,77.35,77.43,92600,70.73
2011-01-04,78.57,78.65,77.91,78.65,90000,71.85
2011-01-05,78.43,79.2,78.34,79.05,129400,72.21
2011-01-06,78.6,78.74,78.28,78.56,181300,71.76
2011-01-07,78.52,78.76,77.56,78.21,46600,71.44
2011-01-10,77.58,77.8,77.28,77.7,68500,70.98
2011-01-11,78.42,78.56,78.1,78.25,67600,71.48
2011-01-12,79.75,79.75,79.16,79.5,65800,72.62
2011-01-13,79.65,79.65,79.08,79.32,64500,72.46
2011-01-14,79.28,79.55,79.01,79.5,36900,72.62
2011-01-18,78.86,79,78.49,78.98,63400,72.15
2011-01-19,79.49,79.49,78.43,78.71,92700,71.9
2011-01-20,78.16,78.16,76.88,77.62,73700,70.91
2011-01-21,77.81,77.91,76.9,76.92,79900,70.27
2011-01-24,76.4,76.83,76.36,76.78,59800,70.14
2011-01-25,76.44,76.68,75.91,76.43,178100,69.82
2011-01-26,77.1,77.35,76.85,77.08,101300,70.41
2011-01-27,77.38,77.5,77.01,77.18,99400,70.5
2011-01-28,76.84,76.84,75.03,75.27,65000,68.76
2011-01-31,76.1,76.72,75.95,76.16,61100,69.57
2011-02-01,76.57,77.4,76.57,77.06,71600,70.39
2011-02-02,77.57,77.74,77.21,77.25,33900,70.57
2011-02-03,77.46,77.51,76.92,77.22,46000,70.54
2011-02-04,77.44,77.47,76.74,77.24,115200,70.56
2011-02-07,76.75,77.27,76.75,76.96,35900,70.3
2011-02-08,76.56,76.78,76.14,76.6,69300,69.97
2011-02-09,75.42,75.42,74.39,74.95,149300,68.47
2011-02-10,73.78,74.74,73.47,74.52,110100,68.07
2011-02-11,74.37,75.6,74.27,75.23,76600,68.72
2011-02-14,76.15,76.21,75.72,75.75,51200,69.2
2011-02-15,75.59,75.85,75.37,75.76,32900,69.21
2011-02-16,76.04,76.74,76.01,76.42,137900,69.81
2011-02-17,76.34,76.82,76.17,76.67,101900,70.04
2011-02-18,77.11,77.11,76.49,76.75,43400,70.11
2011-02-22,74.96,74.96,73.64,73.88,163500,67.49
2011-02-23,73.83,74.13,72.91,73.6,91600,67.23
2011-02-24,73.21,73.73,72.83,73.47,68400,67.11
2011-02-25,74.13,74.61,74.13,74.49,58300,68.05
2011-02-28,75.39,75.66,75.1,75.53,42800,69
2011-03-01,76.02,76.02,74.82,74.92,73200,68.44
2011-03-02,75.32,76.21,75.32,75.92,51500,69.35
2011-03-03,76.59,77.36,76.59,77.34,33300,70.65
2011-03-04,77.59,77.64,76.79,77.45,59300,70.75
2011-03-07,77.67,77.91,76.48,76.79,64700,70.15
2011-03-08,77.55,78.53,77.09,78.3,121700,71.53
2011-03-09,78.41,78.67,78.11,78.48,60700,71.69
2011-03-10,77.78,77.78,77,77.34,172200,70.65
2011-03-11,76.48,77.6,76.43,77.3,109800,70.61
2011-03-14,77.16,77.59,76.85,77.49,65000,70.79
2011-03-15,74.28,76.67,74.24,76.26,267600,69.66
2011-03-16,75.49,76.2,73.87,74.51,112300,68.06
2011-03-17,74.83,74.83,73.94,74.32,63600,67.89
2011-03-18,74.98,74.98,74.17,74.24,73800,67.82
2011-03-21,75.96,76.44,75.67,76.23,87400,69.64
2011-03-22,76.7,76.73,76.29,76.51,46600,69.89
2011-03-23,76.67,77.58,76.35,77.34,64300,70.65
2011-03-24,77.99,78.45,77.21,78.19,118400,71.43
2011-03-25,78.15,78.62,78.08,78.29,52600,71.52
2011-03-28,77.51,77.83,77.43,77.52,72800,70.81
2011-03-29,77.82,78.27,77.41,78.08,63900,71.33
2011-03-30,79.22,79.67,79.08,79.42,52700,72.55
2011-03-31,79.49,80.46,79.42,80.35,126200,73.4
2011-04-01,81.08,81.39,80.84,81.06,83200,74.05
2011-04-04,82.29,82.8,81.92,82.8,68100,75.64
2011-04-05,82.6,82.93,82.32,82.68,349300,75.53
2011-04-06,83.23,83.31,82.56,82.78,45700,75.62
2011-04-07,82.81,83.11,82.27,82.71,51100,75.56
2011-04-08,83.08,83.45,82.56,83.06,37900,75.88
2011-04-11,83.18,83.36,81.89,82.08,71000,74.98
2011-04-12,81.62,81.89,80.82,81.1,47900,74.08
2011-04-13,82.53,82.6,81.75,82.1,47000,75
2011-04-14,82.1,82.72,82.02,82.72,103400,75.56
2011-04-15,82.87,83.12,82.64,83.1,96300,75.91
2011-04-18,81.71,81.88,80.85,81.76,93300,74.69
2011-04-19,81.83,82.36,81.7,82.25,336700,75.14
2011-04-20,84.1,84.1,83.2,83.73,219200,76.49
2011-04-21,84.13,84.15,83.63,84.11,57700,76.83
2011-04-25,83.92,83.99,83.22,83.5,64800,76.28
2011-04-26,83.56,84.05,83.34,83.67,86700,76.43
2011-04-27,83.37,83.37,81.87,82.98,96300,75.8
2011-04-28,82.23,82.23,81.54,82.19,75800,75.08
2011-04-29,82.07,82.68,81.76,82.17,101000,75.06
2011-05-02,82.42,82.9,82.07,82.21,95000,75.1
2011-05-03,81.56,81.56,80.15,80.62,1e+05,73.65
2011-05-04,79.94,79.94,78.57,79.2,64000,72.35
2011-05-05,78.82,79.61,78.49,78.7,39800,71.89
2011-05-06,79.79,80.74,79.23,79.63,46200,72.74
2011-05-09,79.87,80.36,79.61,80.05,34000,73.13
2011-05-10,80.51,80.92,80.42,80.75,55700,73.76
2011-05-11,80.48,80.48,78.93,79.65,87900,72.76
2011-05-12,79.32,80,78.66,79.67,19000,72.78
2011-05-13,79.81,79.83,78.3,78.75,55600,71.94
2011-05-16,78.33,79.69,78.32,78.45,53600,71.66
2011-05-17,78.37,78.78,78.03,78.72,173200,71.91
2011-05-18,79.31,80.34,79.19,80.19,114400,73.25
2011-05-19,80.19,80.32,79.76,80.25,81300,73.31
2011-05-20,79.87,79.87,79.3,79.59,23400,72.71
2011-05-23,78.08,78.08,77.21,77.69,85900,70.97
2011-05-24,78.14,78.43,77.84,78.08,30200,71.33
2011-05-25,78.33,78.86,78.19,78.48,40600,71.69
2011-05-26,78.48,78.95,78.24,78.91,52900,72.08
2011-05-27,79.43,79.77,79.37,79.62,27000,72.73
2011-05-31,81.01,81.06,80.64,81.03,156900,74.02
2011-06-01,80.95,80.95,79.61,79.81,51300,72.91
2011-06-02,79.95,80.72,79.66,80.4,89400,73.45
2011-06-03,78.89,79.74,78.79,78.85,57100,72.03
2011-06-06,78.77,78.89,77.88,77.89,80800,71.15
2011-06-07,78.6,78.75,77.67,77.73,598100,71.01
2011-06-08,77.69,77.84,77.03,77.12,59500,70.45
2011-06-09,76.9,77.4,76.47,77.22,48200,70.54
2011-06-10,76.37,76.45,75.34,75.54,96600,69.01
2011-06-13,76.08,76.29,75.22,75.53,62200,69
2011-06-14,76.3,77.14,76.3,76.65,90500,70.02
2011-06-15,75.95,76.08,74.9,75.28,116000,68.77
2011-06-16,74.41,75.4,74.12,74.74,90400,68.27
2011-06-17,73.82,73.84,73.28,73.53,253000,68.08
2011-06-20,73.02,73.43,72.67,73.32,64900,67.89
2011-06-21,73.81,74.99,73.78,74.91,61000,69.36
2011-06-22,74.3,74.74,73.94,73.98,71200,68.5
2011-06-23,73.22,74.42,72.76,74.4,79400,68.89
2011-06-24,75.62,75.76,74.91,75.09,147800,69.52
2011-06-27,75.59,76.54,75.59,76.36,49800,70.7
2011-06-28,75.99,77,75.9,77,54700,71.29
2011-06-29,76.8,77.19,76.38,77.09,131200,71.38
2011-06-30,77.64,78.41,77.54,78.33,121000,72.52
2011-07-01,78.25,79.27,78.1,79.16,120000,73.29
2011-07-05,79.05,79.36,78.69,79.01,87200,73.15
2011-07-06,78.2,78.29,77.61,78.27,102900,72.47
2011-07-07,78.82,79.38,78.82,79.04,110900,73.18
2011-07-08,78.57,78.62,77.75,78.19,70200,72.4
2011-07-11,77.39,77.4,75.97,76.06,93500,70.42
2011-07-12,75.41,75.88,75.25,75.32,192600,69.74
2011-07-13,76.2,77.22,76.2,76.54,579000,70.87
2011-07-14,76.82,77.01,75.85,76,58500,70.37
2011-07-15,76.44,76.82,75.94,76.22,52300,70.57
2011-07-18,76.1,76.1,75.27,75.95,122400,70.32
2011-07-19,76.22,76.75,76.22,76.63,53600,70.95
2011-07-20,76.82,77.31,76.68,76.98,30800,71.27
2011-07-21,77.02,77.57,76.76,77.17,74400,71.45
2011-07-22,77.67,78.08,77.4,77.93,82600,72.15
2011-07-25,76.99,77.54,76.99,77.32,63000,71.59
2011-07-26,77.85,78.55,77.81,78.16,74000,72.37
2011-07-27,78.24,78.24,77.1,77.38,62400,71.65
2011-07-28,77.85,78.22,77.38,77.56,64600,71.81
2011-07-29,76.72,77.77,76.51,77.43,88300,71.69
2011-08-01,78.33,78.33,76.53,77.24,66000,71.52
2011-08-02,76.73,76.82,75.2,75.2,123100,69.63
2011-08-03,74.97,75.17,73.43,74.94,147300,69.39
2011-08-04,73.23,73.41,71.53,71.56,139200,66.26
2011-08-05,71.44,71.9,68.56,70.62,196300,65.39
2011-08-08,68.06,68.87,65.44,65.61,137100,60.75
2011-08-09,66.36,69.59,65.54,69.59,578800,64.43
2011-08-10,66.78,67.44,65.5,65.5,186600,60.65
2011-08-11,66.4,68.92,66.22,68.26,89400,63.2
2011-08-12,68.64,68.97,67.8,68.34,53800,63.28
2011-08-15,70.06,70.36,69.5,70.35,97300,65.14
2011-08-16,69.8,70.12,69.07,69.63,136500,64.47
2011-08-17,69.95,70.37,69.01,69.47,88100,64.32
2011-08-18,67.31,67.31,65.69,66.6,92400,61.66
2011-08-19,65.79,67.28,65.65,65.66,73700,60.79
2011-08-22,65.69,66.04,64.56,64.93,100300,60.12
2011-08-23,65.9,67.59,65.48,67.57,411900,62.56
2011-08-24,66.23,67.04,65.97,66.66,118000,61.72
2011-08-25,67.01,67.29,65.79,66.24,50400,61.33
2011-08-26,65.59,66.89,64.71,66.74,61700,61.79
2011-08-29,67.65,68.92,67.65,68.9,57900,63.79
2011-08-30,68.53,69.53,68.33,69.2,58500,64.07
2011-08-31,70.34,70.77,69.6,70.74,106100,65.5
2011-09-01,70.71,71.1,69.76,69.87,77200,64.69
2011-09-02,68.4,68.87,67.94,68.39,77700,63.32
2011-09-06,66.1,67.8,66.06,67.68,146500,62.66
2011-09-07,68.39,69.36,68.37,69.2,19700,64.07
2011-09-08,68.01,68.78,67.64,67.8,46600,62.78
2011-09-09,67.09,67.13,65.64,65.95,45700,61.06
2011-09-12,65.14,65.72,64.54,65.71,89500,60.84
2011-09-13,65.67,65.92,65.2,65.77,48700,60.9
2011-09-14,65.35,66.18,64.45,65.68,37700,60.81
2011-09-15,65.96,66.05,65.15,66.05,174000,61.15
2011-09-16,66.56,66.7,65.88,66.39,152100,61.47
2011-09-19,64.21,64.8,63.53,64.51,106600,59.73
2011-09-20,64.33,64.75,63.39,63.44,117500,58.74
2011-09-21,63.01,63.29,61.05,61.1,147700,56.57
2011-09-22,58.75,59.12,56.71,57.14,239500,52.91
2011-09-23,57.6,58.89,57.38,58.52,139700,54.18
2011-09-26,57.29,58.45,56.53,58.27,161000,53.95
2011-09-27,60.06,61.62,60.06,60.55,105200,56.06
2011-09-28,60.17,60.51,58.83,58.93,40200,54.56
2011-09-29,60.19,60.35,58.46,59.18,101000,54.79
2011-09-30,57.21,57.95,55.79,55.81,142600,51.67
2011-10-03,54.51,55.66,53.79,53.83,325200,49.84
2011-10-04,52.65,54.76,51.87,54.36,475400,50.33
2011-10-05,54.5,56.59,54.14,56.57,620900,52.38
2011-10-06,56.6,57.99,56.3,57.96,137000,53.66
2011-10-07,58.75,58.89,57.24,57.55,158800,53.28
2011-10-10,58.52,60.15,58.52,60.13,111500,55.67
2011-10-11,59.96,61.65,59.82,60.93,210000,56.41
2011-10-12,62.63,64.18,62.5,63.27,223700,58.58
2011-10-13,63.22,63.37,62.03,63.07,105500,58.4
2011-10-14,63.13,63.78,62.93,63.7,63400,58.98
2011-10-17,63.17,63.29,61.91,62.05,69200,57.45
2011-10-18,61.4,62.68,59.96,62.48,96100,57.85
2011-10-19,61.52,62.18,60.69,60.7,77100,56.2
2011-10-20,59.92,59.98,58.85,59.61,121000,55.19
2011-10-21,60.63,61.43,60.62,61.13,340000,56.6
2011-10-24,62.33,64.6,62.17,64.15,949800,59.4
2011-10-25,63.58,63.83,62.8,62.95,235900,58.28
2011-10-26,64.65,65.14,63.35,64.89,127600,60.08
2011-10-27,67.78,69.92,67.23,69.15,175100,64.03
2011-10-28,68.03,69.34,67.76,68.62,92200,63.53
2011-10-31,67.01,67.08,65.3,65.35,122300,60.51
2011-11-01,63.76,65,63.03,64.47,261300,59.69
2011-11-02,66.27,67.4,66,67.26,103900,62.28
2011-11-03,67.49,68.83,66.86,68.4,136700,63.33
2011-11-04,67.36,67.57,66.14,67.38,94000,62.39
2011-11-07,67.79,68.27,66.9,68.23,67600,63.17
2011-11-08,68.06,68.72,66.93,68.71,68000,63.62
2011-11-09,66.1,66.38,64.52,64.8,159500,60
2011-11-10,65.83,66.05,64.96,65.48,80900,60.63
2011-11-11,66.23,66.95,66.07,66.5,72900,61.57
2011-11-14,66.53,66.53,65.28,65.94,37200,61.05
2011-11-15,66.12,67.05,65.95,66.74,67300,61.79
2011-11-16,65.02,65.77,64.33,64.36,122400,59.59
2011-11-17,64.6,64.96,62.51,62.63,151200,57.99
2011-11-18,63.33,63.33,62.5,62.71,47700,58.06
2011-11-21,61.4,61.4,60,60.82,234000,56.31
2011-11-22,60.87,61.44,60.32,61.06,65400,56.53
2011-11-23,60.45,60.55,59.55,59.58,92500,55.16
2011-11-25,59.69,60.59,59.64,59.8,57800,55.37
2011-11-28,61.94,62.27,61.43,61.93,125200,57.34
2011-11-29,61.81,62.5,61.48,61.77,347600,57.19
2011-11-30,64.79,65.73,64.45,65.62,139900,60.76
2011-12-01,65.51,65.92,65.25,65.55,138700,60.69
2011-12-02,65.95,66.15,64.89,65.06,83700,60.24
2011-12-05,66.09,66.36,65.45,65.86,72100,60.98
2011-12-06,65.43,65.51,64.62,65.08,64300,60.26
2011-12-07,64.87,65.49,64.41,65.29,73700,60.45
2011-12-08,64.58,64.83,63.14,63.32,68100,58.63
2011-12-09,63.89,64.89,63.88,64.54,306500,59.76
2011-12-12,62.96,62.99,61.74,62.23,80500,57.62
2011-12-13,62.84,63.11,61.57,61.73,120500,57.15
2011-12-14,61.67,61.74,60.84,61.1,105200,56.57
2011-12-15,61.53,61.75,60.73,60.84,105900,56.33
2011-12-16,61.69,62.19,61.14,61.57,98400,57.29
2011-12-19,61.33,61.38,59.95,60.01,104600,55.84
2011-12-20,61.27,62.63,61.22,62.55,59400,58.2
2011-12-21,61.62,62.05,60.81,62.05,107100,57.74
2011-12-22,62.03,63.07,61.95,63.02,98300,58.64
2011-12-23,62.9,63.29,62.66,63.19,494300,58.8
2011-12-27,62.9,63.19,62.75,63.09,125600,58.7
2011-12-28,62.42,62.48,61.84,62.03,134200,57.72
2011-12-29,62.21,62.45,61.97,62.23,107400,57.9
2011-12-30,62.06,62.45,61.97,62.3,45300,57.97
2012-01-03,63.86,64.58,63.83,64.21,55000,59.75
2012-01-04,63.34,63.58,63.19,63.54,42600,59.12
2012-01-05,63.25,64,63.08,63.72,34400,59.29
2012-01-06,63.5,63.5,62.78,62.85,37600,58.48
2012-01-09,63.7,63.98,63.47,63.81,165200,59.37
2012-01-10,64.99,65.8,64.99,65.43,103200,60.88
2012-01-11,65.46,65.72,65.19,65.62,113200,61.06
2012-01-12,65.96,66.12,65.53,66.09,66900,61.5
2012-01-13,65.54,65.85,64.98,65.79,60100,61.22
2012-01-17,67.37,67.43,66.62,66.87,158700,62.22
2012-01-18,67.26,68.4,67.03,68.27,779600,63.52
2012-01-19,68.7,68.96,68.32,68.59,120200,63.82
2012-01-20,68.51,68.64,68.06,68.59,146300,63.82
2012-01-23,68.79,69.8,68.71,69.07,92000,64.27
2012-01-24,68.56,69.17,68.4,69.08,59100,64.28
2012-01-25,68.91,70.11,68.79,70.06,80200,65.19
2012-01-26,70.41,70.63,69.36,69.62,57900,64.78
2012-01-27,69.64,70.22,69.58,70.2,53100,65.32
2012-01-30,68.34,68.78,67.79,68.48,116300,63.72
2012-01-31,69.24,69.35,68.29,68.85,86200,64.06
2012-02-01,69.62,70.51,69.62,69.96,193100,65.1
2012-02-02,70.52,71.16,70.46,70.62,149900,65.71
2012-02-03,71.49,72.04,71.49,71.8,150900,66.81
2012-02-06,70.91,71.04,70.73,70.92,251000,65.99
2012-02-07,70.51,70.79,70.09,70.61,97500,65.7
2012-02-08,71.66,72.24,71.62,72.24,1037500,67.22
2012-02-09,72.31,72.42,71.7,72.22,109600,67.2
2012-02-10,70.73,70.73,70.04,70.54,102200,65.64
2012-02-13,71.16,71.39,70.78,71.1,72000,66.16
2012-02-14,71.05,71.08,70.63,71.05,54500,66.11
2012-02-15,72.51,72.58,71.84,72.01,1821000,67
2012-02-16,71.93,73.01,71.93,72.96,460000,67.89
2012-02-17,73.32,73.32,72.5,72.82,121000,67.76
2012-02-21,72.71,72.75,71.9,72.14,201400,67.12
2012-02-22,72.72,72.99,72.5,72.92,76600,67.85
2012-02-23,72.56,72.78,72.22,72.63,76200,67.58
2012-02-24,72.74,73.15,72.61,72.84,193400,67.78
2012-02-27,71.75,72.35,71.41,72.16,274600,67.14
2012-02-28,72.77,73.27,72.69,73.2,205000,68.11
2012-02-29,73.51,73.81,72.89,72.98,852700,67.91
2012-03-01,72.71,73.29,72.64,73.19,758000,68.1
2012-03-02,72.89,73.38,72.85,73.26,361700,68.17
2012-03-05,72.44,72.44,71.45,71.72,102000,66.73
2012-03-06,69.79,69.84,68.69,69.07,252500,64.27
2012-03-07,69.45,69.91,69.31,69.81,184000,64.96
2012-03-08,71.06,71.45,70.73,71.16,50200,66.21
2012-03-09,71.66,72.07,71.53,71.87,51100,66.87
2012-03-12,71.59,71.68,71.01,71.35,321700,66.39
2012-03-13,71.75,73.26,71.75,73.23,498500,68.14
2012-03-14,72.2,72.66,71.13,71.4,147000,66.44
2012-03-15,71.32,71.8,71.07,71.6,42900,66.62
2012-03-16,71.69,71.86,71.2,71.68,134000,66.7
2012-03-19,70.41,71.08,70.17,70.65,83600,65.74
2012-03-20,69.37,69.37,68.75,69.09,701400,64.29
2012-03-21,69.13,69.47,68.87,69.27,62800,64.45
2012-03-22,68.68,68.81,68.08,68.49,59100,63.73
2012-03-23,68.35,68.64,67.96,68.61,89200,63.84
2012-03-26,68.92,69.58,68.92,69.49,122200,64.66
2012-03-27,69.99,69.99,69.3,69.36,164800,64.54
2012-03-28,69.23,69.23,67.92,68.37,368400,63.62
2012-03-29,67.36,67.79,66.79,67.76,191500,63.05
2012-03-30,68.65,68.77,68.2,68.37,36000,63.62
2012-04-02,68.21,69.56,68.21,69.36,141400,64.54
2012-04-03,69.86,69.97,68.98,69.47,121500,64.64
2012-04-04,68.36,68.56,67.95,68.49,181600,63.73
2012-04-05,68.64,69.54,68.64,69.42,75200,64.59
2012-04-09,68.28,68.59,68.22,68.3,90200,63.55
2012-04-10,68.32,68.62,66.97,67.08,127400,62.42
2012-04-11,68.05,68.25,67.85,67.95,92200,63.23
2012-04-12,68.67,70.43,68.67,70.43,119200,65.53
2012-04-13,70.13,70.13,69.31,69.76,58700,64.91
2012-04-16,70.17,70.35,68.98,69.25,67400,64.44
2012-04-17,69.5,70.1,69.3,70,87700,65.13
2012-04-18,69.7,70.21,69.63,69.98,128000,65.11
2012-04-19,70.16,70.67,69.45,69.73,179500,64.88
2012-04-20,70.47,70.97,70.42,70.44,240600,65.54
2012-04-23,69.17,69.17,68.09,68.92,134100,64.13
2012-04-24,69.05,69.38,68.8,69.03,50200,64.23
2012-04-25,69.26,69.57,68.95,69.35,169600,64.53
2012-04-26,69.4,70.05,69.3,69.9,62600,65.04
2012-04-27,69.91,70.25,69.44,70.18,104600,65.3
2012-04-30,70.27,70.27,69.7,70.07,102000,65.2
2012-05-01,69.93,71.16,69.93,70.68,79400,65.77
2012-05-02,70.41,70.66,70.02,70.63,135000,65.72
2012-05-03,70.74,70.74,69.93,70.07,489400,65.2
2012-05-04,69.64,69.67,68.76,68.95,211100,64.16
2012-05-07,68.6,68.86,68.52,68.73,47000,63.95
2012-05-08,67.93,67.93,66.73,67.5,127800,62.81
2012-05-09,66.28,66.79,65.95,66.54,77000,61.91
2012-05-10,66.55,66.67,66.03,66.2,96700,61.6
2012-05-11,65.53,66.21,65.36,65.5,55000,60.95
2012-05-14,64.74,64.82,64.3,64.34,182100,59.87
2012-05-15,64.44,64.7,63.95,64.26,93000,59.79
2012-05-16,63.49,64.01,62.8,62.82,1829500,58.45
2012-05-17,62.86,63.11,61.89,61.89,295200,57.59
2012-05-18,62.3,62.44,61.31,61.41,358300,57.14
2012-05-21,61.84,63.04,61.84,63.03,137100,58.65
2012-05-22,63.01,63.56,62.33,62.77,152900,58.41
2012-05-23,62.01,62.38,61.27,62.24,178000,57.91
2012-05-24,62.64,62.64,61.09,61.53,128200,57.25
2012-05-25,61.42,61.53,61.19,61.38,48100,57.11
2012-05-29,63.4,63.78,63.17,63.71,132000,59.28
2012-05-30,62.69,62.91,62.31,62.65,56500,58.29
2012-05-31,62.9,63.32,62.32,62.91,229900,58.54
2012-06-01,61.88,61.94,61.33,61.33,328300,57.07
2012-06-04,61.1,61.5,60.84,61.35,122300,57.08
2012-06-05,61.15,61.53,60.95,61.45,71200,57.18
2012-06-06,62.03,63.19,61.92,63.16,128700,58.77
2012-06-07,64.95,65.25,63.9,64,380000,59.55
2012-06-08,62.86,62.96,62.42,62.74,342200,58.38
2012-06-11,63.84,64.02,62.4,62.4,50300,58.06
2012-06-12,63.53,63.86,63.3,63.75,101300,59.32
2012-06-13,63.9,64.43,63.63,63.71,56500,59.28
2012-06-14,63.38,64.26,63.17,63.87,56900,59.43
2012-06-15,63.35,63.8,63.18,63.79,52100,60.46
2012-06-18,63.92,64.32,63.62,64.25,92200,60.9
2012-06-19,64.6,65.35,64.54,64.95,126400,61.56
2012-06-20,64.73,64.98,63.82,64.39,281200,61.03
2012-06-21,63.7,63.7,61.64,61.65,101000,58.43
2012-06-22,62.16,62.16,61.55,61.88,886700,58.65
2012-06-25,61.06,61.06,60.26,60.63,77900,57.47
2012-06-26,61.3,61.6,60.8,61.16,38100,57.97
2012-06-27,62.09,62.27,61.84,62.18,92000,58.94
2012-06-28,61.67,61.67,60.88,61.53,49700,58.32
2012-06-29,63.05,63.71,62.8,63.7,52400,60.38
2012-07-02,63.5,63.7,63.11,63.52,34400,60.21
2012-07-03,63.82,64.43,63.6,64.29,27500,60.94
2012-07-05,64.12,64.52,63.85,64.26,110500,60.91
2012-07-06,63.62,63.7,63.1,63.42,31800,60.11
2012-07-09,62.87,62.87,62.38,62.63,17700,59.36
2012-07-10,62.76,62.94,61.36,61.67,31200,58.45
2012-07-11,62.26,62.3,61.66,62.08,26400,58.84
2012-07-12,60.96,61.27,60.51,61.02,189600,57.84
2012-07-13,61.4,61.98,61.4,61.85,33400,58.62
2012-07-16,61.36,61.57,61.02,61.51,23000,58.3
2012-07-17,61.91,62.43,61.21,62.32,51800,59.07
2012-07-18,61.11,62.04,61.11,61.81,36100,58.59
2012-07-19,62.13,62.78,62.11,62.68,61000,59.41
2012-07-20,62.19,62.21,61.45,61.7,52400,58.48
2012-07-23,60.52,60.81,60,60.63,44400,57.47
2012-07-24,61.14,61.14,60.48,60.71,38700,57.54
2012-07-25,60.95,61.08,60.39,60.53,28100,57.37
2012-07-26,61.58,61.84,61.19,61.63,44000,58.42
2012-07-27,62.16,63.58,62.12,63.4,56000,60.09
2012-07-30,62.66,63.15,62.61,62.87,75800,59.59
2012-07-31,63.12,63.53,63.01,63.01,25300,59.72
2012-08-01,63.6,63.71,63.08,63.27,81700,59.97
2012-08-02,62.47,63.12,62.08,62.53,42900,59.27
2012-08-03,63.44,64.15,63.38,63.82,162400,60.49
2012-08-06,64.03,64.89,64.03,64.42,150000,61.06
2012-08-07,64.88,65.33,64.78,64.95,88800,61.56
2012-08-08,64.84,65.19,64.6,64.85,13900,61.47
2012-08-09,65.17,65.61,65.08,65.11,30200,61.71
2012-08-10,64.73,65.23,64.73,65.12,19400,61.72
2012-08-13,64.63,64.91,64.35,64.62,21400,61.25
2012-08-14,65.16,65.17,64.7,64.87,71300,61.49
2012-08-15,64.34,64.67,64.34,64.59,20900,61.22
2012-08-16,64.42,64.65,64.13,64.4,615600,61.04
2012-08-17,64.76,64.76,64.2,64.37,1896700,61.01
2012-08-20,64.11,64.41,63.94,64.36,64600,61
2012-08-21,64.33,64.66,63.8,64.02,158000,60.68
2012-08-22,63.47,63.87,63.23,63.74,111200,60.42
2012-08-23,63.9,64,63.27,63.35,58600,60.05
2012-08-24,63.16,63.41,62.74,63.29,138900,59.99
2012-08-27,62.91,62.91,62.4,62.46,44900,59.2
2012-08-28,62.69,62.73,62.29,62.62,501300,59.35
2012-08-29,62.47,62.64,62.11,62.28,85300,59.03
2012-08-30,61.69,61.72,61.35,61.37,246300,58.17
2012-08-31,61.67,62.01,61.31,61.7,23800,58.48
2012-09-04,61.28,61.28,60.73,60.92,83600,57.74
2012-09-05,60.39,60.64,60.23,60.46,31000,57.31
2012-09-06,60.83,61.86,60.62,61.71,71400,58.49
2012-09-07,62.83,63.27,62.76,63.05,170300,59.76
2012-09-10,62.68,62.9,62.2,62.25,65200,59
2012-09-11,62.45,63.05,62.45,63.01,32200,59.72
2012-09-12,63.34,63.45,63.07,63.32,218500,60.02
2012-09-13,63.05,65.16,62.99,64.71,200500,61.33
2012-09-14,65.48,66.3,65.35,65.55,109800,62.13
2012-09-17,65.41,65.41,64.7,64.75,44200,61.37
2012-09-18,64.72,64.75,64.35,64.54,37500,61.17
2012-09-19,65.06,65.62,64.96,65.52,70900,62.1
2012-09-20,64.74,64.75,64.33,64.67,123100,61.3
2012-09-21,65.3,65.3,64.92,64.94,47600,61.55
2012-09-24,64.72,65.09,64.62,65.03,30200,61.64
2012-09-25,65.03,65.31,64.15,64.19,114100,60.84
2012-09-26,64.12,64.12,63.38,63.68,103100,60.36
2012-09-27,64.99,65.22,64.58,65.18,74000,61.78
2012-09-28,65.12,65.35,64.96,65.11,65200,61.71
2012-10-01,65.4,66.09,65.31,65.48,34600,62.06
2012-10-02,65.76,65.82,65.21,65.47,73800,62.05
2012-10-03,65.56,65.56,65.11,65.38,111800,61.97
2012-10-04,65.42,66.09,65.39,66.05,156000,62.6
2012-10-05,66.58,66.99,66.34,66.54,113600,63.07
2012-10-08,65.75,65.77,65.53,65.71,56800,62.28
2012-10-09,66.13,66.13,65.16,65.25,64700,61.85
2012-10-10,65.81,65.87,65.58,65.68,48900,62.25
2012-10-11,66.68,67.06,66.68,66.84,343800,63.35
2012-10-12,67.1,67.45,66.95,67.13,134900,63.63
2012-10-15,67.31,67.7,67.09,67.64,35000,64.11
2012-10-16,67.97,68.36,67.72,68.2,161000,64.64
2012-10-17,68.34,69.21,67.96,69.05,199100,65.45
2012-10-18,68.9,69.49,68.77,69.08,281200,65.48
2012-10-19,68.89,68.89,68.15,68.4,127200,64.83
2012-10-22,69.29,69.64,68.89,69.44,184000,65.82
2012-10-23,68.57,68.64,67.93,68.21,194000,64.65
2012-10-24,69.51,69.57,68.98,69.11,289300,65.51
2012-10-25,69.44,69.63,69.1,69.32,247400,65.7
2012-10-26,68.47,68.84,67.66,68.41,236600,64.84
2012-10-31,69.31,69.37,68.35,68.49,117000,64.92
2012-11-01,69.95,70.69,69.9,70.44,251900,66.77
2012-11-02,70.74,70.91,69.88,69.97,77200,66.32
2012-11-05,70.24,70.59,70.08,70.54,65600,66.86
2012-11-06,70.34,71.02,70.34,71.02,85200,67.32
2012-11-07,70,70.1,69,69.51,283300,65.88
2012-11-08,69.26,69.57,68.24,68.26,242300,64.7
2012-11-09,68.06,68.95,67.94,68.53,258500,64.96
2012-11-12,68.58,69.14,68.58,68.91,176400,65.32
2012-11-13,67.56,68.18,67.52,67.79,316700,64.25
2012-11-14,67.97,68.22,66.78,67.02,174300,63.52
2012-11-15,67,67.17,66.49,66.91,114500,63.42
2012-11-16,66.96,67.13,66.27,66.89,80400,63.4
2012-11-19,67.66,68.38,67.66,68.31,94200,64.75
2012-11-20,67.33,67.76,67.03,67.76,229200,64.23
2012-11-21,68.16,68.39,67.77,68.3,119800,64.74
2012-11-23,69.07,69.63,69.07,69.55,65600,65.92
2012-11-26,69.32,69.41,69.02,69.41,137000,65.79
2012-11-27,68.96,69.03,68.52,68.54,255300,64.96
2012-11-28,68.06,69.01,67.84,68.92,292800,65.32
2012-11-29,69.34,69.43,68.83,69.12,144700,65.51
2012-11-30,69.71,69.76,69.27,69.29,156800,65.68
2012-12-03,69.23,69.25,68.61,68.69,155600,65.11
2012-12-04,69.09,69.27,68.77,68.86,271500,65.27
2012-12-05,70.25,70.89,70.07,70.47,394300,66.79
2012-12-06,70.27,70.59,70.08,70.59,179500,66.91
2012-12-07,70.83,70.99,70.55,70.89,257500,67.19
2012-12-10,71,71.81,71,71.44,213800,67.71
2012-12-11,71.29,71.89,71.11,71.65,378100,67.91
2012-12-12,72.04,72.58,71.85,71.87,218700,68.12
2012-12-13,71.63,71.79,71,71.23,142600,67.51
2012-12-14,72.08,72.47,71.99,72.18,182000,68.41
2012-12-17,72.31,72.42,72.11,72.42,214600,68.64
2012-12-18,72.25,72.78,71.99,72.75,221200,68.96
2012-12-19,72.94,73.11,72.69,72.75,181300,68.96
2012-12-20,72.94,73.44,72.74,73.41,115800,69.58
2012-12-21,71.78,72.19,71.58,72.13,263700,68.67
2012-12-24,72.01,72.13,71.69,71.8,205900,68.36
2012-12-26,72.3,72.93,72.3,72.54,111000,69.06
2012-12-27,72.63,72.75,72.1,72.53,382800,69.05
2012-12-28,72.25,72.95,72.16,72.7,805400,69.22
2012-12-31,73.08,74.1,72.88,74.09,558900,70.54
2013-01-02,75.53,76.43,75.44,76.37,298200,72.71
2013-01-03,76.2,76.74,75.89,76.09,438100,72.44
2013-01-04,75.91,76.38,75.67,76.16,210000,72.51
2013-01-07,75.92,76.02,75.71,75.93,110000,72.29
2013-01-08,75.17,75.17,74.47,74.75,108100,71.17
2013-01-09,75.58,75.77,75.2,75.64,325300,72.02
2013-01-10,76.19,76.79,75.95,76.6,265500,72.93
2013-01-11,75.77,75.91,75.5,75.91,312300,72.27
2013-01-14,76.27,76.39,75.88,76.12,279600,72.47
2013-01-15,76.13,76.18,75.81,76.09,205600,72.44
2013-01-16,75.83,76.2,75.68,76.03,77200,72.39
2013-01-17,75.87,76.55,75.87,76.25,148100,72.6
2013-01-18,76.61,76.84,76.35,76.59,140700,72.92
2013-01-22,77.03,77.04,76.6,76.81,239400,73.13
2013-01-23,76.67,76.67,76.22,76.24,222300,72.59
2013-01-24,76.36,76.81,76.27,76.35,185100,72.69
2013-01-25,75.92,75.92,75.13,75.45,206800,71.83
2013-01-28,75.94,75.94,75.3,75.33,229100,71.72
2013-01-29,75.83,76.5,75.62,76.34,190300,72.68
2013-01-30,76.35,76.57,76.25,76.34,152200,72.68
2013-01-31,76.23,76.25,75.88,75.99,181600,72.35
2013-02-01,76.17,76.64,76.13,76.35,176900,72.69
2013-02-04,75.76,75.79,74.61,74.77,271400,71.19
2013-02-05,74.96,74.96,74.35,74.7,170000,71.12
2013-02-06,74.35,74.65,74.06,74.57,187400,71
2013-02-07,74.05,74.05,73.05,73.49,433000,69.97
2013-02-08,73.89,74.4,73.89,74.37,314800,70.81
2013-02-11,74.19,74.23,73.87,74.06,220000,70.51
2013-02-12,74.17,74.53,73.99,74.11,336800,70.56
2013-02-13,74.52,74.7,74.44,74.62,81300,71.04
2013-02-14,74.53,74.84,74.5,74.61,134900,71.03
2013-02-15,75.16,75.2,74.7,74.96,202800,71.37
2013-02-19,73.84,73.97,73.66,73.76,230400,70.23
2013-02-20,74,74,72.79,72.92,422200,69.43
2013-02-21,72.22,72.22,71.36,71.74,323300,68.3
2013-02-22,71.88,72.03,71.58,71.89,794200,68.44
2013-02-25,72.17,72.46,70.8,70.8,121600,67.41
2013-02-26,70.72,71.16,70.37,70.9,72500,67.5
2013-02-27,71.07,72.01,71.03,71.75,114500,68.31
2013-02-28,72.5,72.92,72.32,72.41,298400,68.94
2013-03-01,72.13,72.4,71.79,72.22,342200,68.76
2013-03-04,71.03,71.24,70.64,71.16,555400,67.75
2013-03-05,71.49,72.12,71.49,71.93,311700,68.48
2013-03-06,72.35,72.46,72.08,72.32,104800,68.85
2013-03-07,72.35,72.49,72.13,72.39,123500,68.92
2013-03-08,73.32,73.5,72.84,73.25,115800,69.74
2013-03-11,72.57,72.75,72.18,72.34,238800,68.87
2013-03-12,71.56,71.61,70.74,70.98,239800,67.58
2013-03-13,70.26,70.32,69.85,69.9,239100,66.55
2013-03-14,70.52,70.9,70.45,70.65,144100,67.26
2013-03-15,69.78,70.15,69.64,69.96,74600,66.61
2013-03-18,69,69.21,68.68,68.92,152900,65.62
2013-03-19,68.69,68.82,67.84,68.39,256600,65.11
2013-03-20,69.83,70.31,69.68,70.12,128900,66.76
2013-03-21,69.66,69.93,69.39,69.48,123900,66.15
2013-03-22,69.77,70,69.63,69.85,102600,66.5
2013-03-25,69.98,70.13,69.16,69.4,242400,66.07
2013-03-26,69.75,70.41,69.75,70.26,86400,66.89
2013-03-27,70.15,70.58,69.8,70.57,127700,67.19
2013-03-28,69.82,70.15,69.64,69.95,90200,66.6
2013-04-01,69.91,69.91,68.97,69.16,124300,65.85
2013-04-02,69.56,69.67,69.22,69.35,108600,66.03
2013-04-03,69.28,69.28,68.11,68.17,92800,64.9
2013-04-04,68.26,68.39,67.71,68.29,221700,65.02
2013-04-05,66.4,67.67,66.2,67.47,266000,64.24
2013-04-08,67.09,67.74,66.96,67.58,232900,64.34
2013-04-09,68.16,69.03,67.98,68.56,449900,65.27
2013-04-10,68.88,69.57,68.88,69.21,257400,65.89
2013-04-11,69.01,69.33,68.88,69.02,164900,65.71
2013-04-12,68.72,68.72,67.96,68.53,152000,65.25
2013-04-15,67.38,67.54,66.53,66.53,197700,63.34
2013-04-16,67.61,67.88,67.23,67.87,171700,64.62
2013-04-17,67.02,67.06,66.08,66.58,276200,63.39
2013-04-18,66.89,67.15,66.33,66.73,312100,63.53
2013-04-19,68.19,68.56,68.1,68.37,122700,65.09
2013-04-22,68.86,69,68.44,68.99,316500,65.68
2013-04-23,68.19,69.02,68.09,68.82,209800,65.52
2013-04-24,68.84,69.77,68.84,69.53,319600,66.2
2013-04-25,69.89,70.76,69.86,70.33,144000,66.96
2013-04-26,70,70.14,69.36,69.69,293200,66.35
2013-04-29,70.05,70.69,69.94,70.49,523200,67.11
2013-04-30,70.47,71.16,70.28,71.16,123200,67.75
2013-05-01,70.8,70.8,69.99,70.18,229000,66.82
2013-05-02,70.19,70.69,70.17,70.68,278300,67.29
2013-05-03,71,71.82,71,71.33,189800,67.91
2013-05-06,71.23,71.77,71.23,71.58,92800,68.15
2013-05-07,72.33,72.55,72.12,72.42,150900,68.95
2013-05-08,72.52,73.04,72.35,73.03,111700,69.53
2013-05-09,72.68,72.87,72.32,72.53,90100,69.05
2013-05-10,72.96,72.97,72.56,72.85,75500,69.36
2013-05-13,72.16,72.16,71.84,71.9,122100,68.45
2013-05-14,71.58,72.13,71.58,71.93,272200,68.48
2013-05-15,71.86,72.17,71.75,72.06,239100,68.61
2013-05-16,71.98,72.17,71.64,71.73,104200,68.29
2013-05-17,72.15,72.56,72.05,72.56,67000,69.08
2013-05-20,72.78,73.37,72.78,73.33,84000,69.82
2013-05-21,72.82,73.25,72.51,73.03,85100,69.53
2013-05-22,72.53,73.2,71.43,71.78,110800,68.34
2013-05-23,70.19,71.44,69.78,71.44,480000,68.02
2013-05-24,70.43,70.6,70.09,70.52,50300,67.14
2013-05-28,71.96,72.26,71.68,71.81,127900,68.37
2013-05-29,71.16,71.27,70.69,71.01,60700,67.61
2013-05-30,71.02,71.68,70.98,71.23,108500,67.82
2013-05-31,71.04,71.14,70.02,70.04,229100,66.68
2013-06-03,70.36,70.94,70.15,70.91,263300,67.51
2013-06-04,70.61,70.79,69.77,70.11,239600,66.75
2013-06-05,69.75,70.03,69.13,69.16,149800,65.85
2013-06-06,68.82,69.82,68.77,69.76,151800,66.42
2013-06-07,69.17,69.92,68.96,69.46,166800,66.13
2013-06-10,68.84,69,68.45,68.74,105000,65.45
2013-06-11,67.45,68.09,67.24,67.66,123900,64.42
2013-06-12,67.75,67.79,66.84,67.25,266400,64.03
2013-06-13,66.6,68.13,66.6,68.03,208100,64.77
2013-06-14,66.96,67,66,66.25,302300,63.08
2013-06-17,67.13,67.67,67,67.17,109700,63.95
2013-06-18,67.25,67.51,67.13,67.47,332400,64.24
2013-06-19,66.77,67.19,65.69,65.8,188600,62.65
2013-06-20,64.79,64.79,62.43,63.12,640600,60.1
2013-06-21,62.61,63.16,61.59,62.61,141600,60.85
2013-06-24,60.74,61.44,60.01,60.9,331200,59.19
2013-06-25,61.72,62.16,61.17,61.84,389700,60.11
2013-06-26,62.91,63.39,62.66,63.23,233800,61.46
2013-06-27,63.37,64.2,63.37,63.87,428800,62.08
2013-06-28,63.88,64.6,63.64,64.1,250100,62.3
2013-07-01,64.29,64.61,63.78,64.03,166300,62.23
2013-07-02,63.92,64.29,62.83,63.28,117900,61.51
2013-07-03,62.41,63.12,62.13,62.68,187800,60.92
2013-07-05,63.2,63.22,62.33,62.9,191200,61.14
2013-07-08,63.2,63.82,63.07,63.17,79000,61.4
2013-07-09,63.47,63.79,63.27,63.51,97300,61.73
2013-07-10,63.51,63.66,63.03,63.21,103200,61.44
2013-07-11,65.33,66.48,65.3,66.44,248600,64.58
2013-07-12,65.44,65.51,64.91,65.16,66900,63.33
2013-07-15,65.32,66.19,65.32,65.97,61100,64.12
2013-07-16,66.24,66.3,65.87,66.3,81600,64.44
2013-07-17,66.6,66.76,66.3,66.43,54200,64.57
2013-07-18,66.31,66.57,66.08,66.27,51000,64.41
2013-07-19,66.06,66.5,65.95,66.32,57900,64.46
2013-07-22,65.87,66.53,65.82,66.35,69900,64.49
2013-07-23,67.72,68.23,67.49,67.96,67100,66.05
2013-07-24,68.01,68.04,67.03,67.52,102600,65.63
2013-07-25,67.9,68.57,67.86,68.52,132300,66.6
2013-07-26,68.05,68.74,67.73,68.71,72700,66.78
2013-07-29,67.84,68.02,67.54,67.6,161100,65.7
2013-07-30,68,68.08,67.53,67.7,385800,65.8
2013-07-31,67.82,68.26,67.32,67.61,814000,65.71
2013-08-01,68.54,69.66,68.54,69.32,149200,67.38
2013-08-02,69.22,69.65,69.18,69.55,69300,67.6
2013-08-05,69.28,69.28,68.62,69,47900,67.07
2013-08-06,68.95,68.95,68.25,68.61,125900,66.69
2013-08-07,67.88,68.06,67.54,67.64,181900,65.74
2013-08-08,68.01,68.94,67.79,68.65,143100,66.72
2013-08-09,68.66,69.32,68.66,69.06,83100,67.12
2013-08-12,69.94,70.76,69.94,70.67,308100,68.69
2013-08-13,71.48,72.06,71.18,71.8,110200,69.79
2013-08-14,71.8,71.99,71.57,71.67,126200,69.66
2013-08-15,71.23,71.34,70.66,70.98,124600,68.99
2013-08-16,71.49,71.66,70.87,70.89,112200,68.9
2013-08-19,71.19,71.39,70.6,70.73,120000,68.75
2013-08-20,69.9,70.35,69.78,70.03,312500,68.07
2013-08-21,69.2,69.49,68.45,68.9,227100,66.97
2013-08-22,69.96,70.79,69.96,70.68,204600,68.7
2013-08-23,70.53,70.68,69.9,70.53,236700,68.55
2013-08-26,70.88,71,70.13,70.36,81200,68.39
2013-08-27,69.84,69.93,69.15,69.26,448000,67.32
2013-08-28,68.96,69.75,68.66,69.19,110300,67.25
2013-08-29,69.63,70.19,69.46,69.59,148000,67.64
2013-08-30,69.94,69.94,69.19,69.66,400400,67.71
2013-09-03,71.76,71.9,71.07,71.13,284500,69.14
2013-09-04,71.72,72.34,71.6,72.12,186300,70.1
2013-09-05,72.51,73.07,72.39,72.89,202900,70.85
2013-09-06,73.23,73.72,72.56,73.21,199300,71.16
2013-09-09,73.97,74.88,73.8,74.72,338500,72.62
2013-09-10,75.28,75.78,75.09,75.77,330900,73.65
2013-09-11,75.04,75.6,74.89,75.45,285500,73.33
2013-09-12,75.04,75.2,74.44,74.51,327700,72.42
2013-09-13,74.38,74.89,74.31,74.86,999200,72.76
2013-09-16,75.83,75.86,75.16,75.33,288200,73.22
2013-09-17,75.5,75.5,75.11,75.27,168500,73.16
2013-09-18,74.91,76.86,74.67,76.75,224200,74.6
2013-09-19,75.87,76.35,75.55,76.22,478200,74.08
2013-09-20,76.24,76.45,75.16,75.22,301000,73.11
2013-09-23,75.42,76.08,75.32,75.82,217200,73.69
2013-09-24,75.36,75.57,74.86,75.16,435500,73.05
2013-09-25,74.96,75.44,74.74,74.85,186500,72.75
2013-09-26,74.97,75.18,74.65,75.09,67800,72.98
2013-09-27,74.55,74.81,74.41,74.7,59200,72.61
2013-09-30,73.67,74.1,73.37,74.03,180000,71.95
2013-10-01,74.31,75.12,74.24,75.12,180800,73.01
2013-10-02,74.74,75.34,74.62,75.34,52800,73.23
2013-10-03,75.68,75.76,74.47,74.92,110200,72.82
2013-10-04,75.61,76.3,75.48,75.97,60500,73.84
2013-10-07,75,75.7,75,75.29,46100,73.18
2013-10-08,75.82,76.01,74.64,74.7,222400,72.61
2013-10-09,74.99,75.47,74.44,75.21,178100,73.1
2013-10-10,75.31,76.43,75.31,76.37,78800,74.23
2013-10-11,76.15,76.86,76.05,76.83,43700,74.68
2013-10-14,76.17,77.36,76.13,77.18,86900,75.02
2013-10-15,76.62,76.86,76.02,76.16,53600,74.02
2013-10-16,76.31,76.78,76.28,76.35,166900,74.21
2013-10-17,75.9,76.52,75.7,76.41,77500,74.27
2013-10-18,76.99,77.33,76.82,77.01,59200,74.85
2013-10-21,77.52,77.52,77.06,77.28,92200,75.11
2013-10-22,77.42,77.9,77.12,77.19,96600,75.03
2013-10-23,75.5,75.5,74.82,74.88,157700,72.78
2013-10-24,74.99,74.99,74.3,74.44,115500,72.35
2013-10-25,74.17,74.42,74,74.2,230500,72.12
2013-10-28,74.22,74.53,73.89,73.97,296400,71.9
2013-10-29,74.41,74.9,74.41,74.71,468500,72.61
2013-10-30,76.11,76.11,75.1,75.44,137900,73.32
2013-10-31,75.81,76.14,75.38,75.48,118300,73.36
2013-11-01,75.93,76.35,75.44,76.02,64100,73.89
2013-11-04,75.68,76.3,75.68,76.1,59800,73.97
2013-11-05,75.25,75.36,74.86,75.19,27000,73.08
2013-11-06,75.75,75.75,74.94,74.97,41400,72.87
2013-11-07,74.71,74.76,73.6,73.77,90200,71.7
2013-11-08,73.62,74.13,73.3,74.05,98700,71.97
2013-11-11,74.51,74.95,74.51,74.62,29400,72.53
2013-11-12,74.52,74.61,73.7,74.06,75900,71.98
2013-11-13,73.06,73.95,73,73.87,431600,71.8
2013-11-14,73.88,74.87,73.84,74.74,92700,72.64
2013-11-15,76.56,78.37,76.56,77.53,196900,75.36
2013-11-18,79.5,80.17,79.22,79.34,459300,77.12
2013-11-19,79.22,79.51,78.84,78.95,178500,76.74
2013-11-20,78.73,78.98,78.15,78.31,239400,76.11
2013-11-21,78.39,78.83,78.13,78.78,388800,76.57
2013-11-22,78.77,79.21,78.66,79.12,239400,76.9
2013-11-25,78.74,78.74,77.54,77.67,137900,75.49
2013-11-26,77.74,78.49,77.54,78.3,156800,76.1
2013-11-27,78.94,79.72,78.78,79.66,62600,77.43
2013-11-29,79.65,80.03,79.5,79.89,154300,77.65
2013-12-02,79.96,79.99,79,79.14,79200,76.92
2013-12-03,78.74,79.15,78.18,78.69,183700,76.48
2013-12-04,78.85,79.52,78.39,79.24,224200,77.02
2013-12-05,79.43,79.43,78.72,78.78,103500,76.57
2013-12-06,79.81,80.34,79.65,80.14,59500,77.89
2013-12-09,79.82,79.96,79.63,79.68,51200,77.45
2013-12-10,79.24,79.96,79.13,79.92,128500,77.68
2013-12-11,78.77,79.04,77.42,77.62,184800,75.44
2013-12-12,77,77.29,76.82,77.04,99700,74.88
2013-12-13,77.94,77.94,77.25,77.56,73100,75.39
2013-12-16,77.88,78.28,77.49,77.54,112700,75.37
2013-12-17,77.24,77.24,76.6,76.66,64700,74.51
2013-12-18,77.35,78.39,76.24,77.95,154400,75.76
2013-12-19,76.47,76.87,75.85,76.51,226700,74.36
2013-12-20,75.88,76.04,75.6,75.67,410400,74.02
2013-12-23,75.66,76.16,75.51,75.69,118000,74.04
2013-12-24,76.33,77.02,76.33,76.85,178800,75.18
2013-12-26,76.45,76.47,76.03,76.18,138400,74.52
2013-12-27,76.96,77.45,76.9,77.34,163900,75.66
2013-12-30,77,77.35,76.8,77.14,71200,75.46
2013-12-31,77.5,78.02,77.25,77.93,139100,76.23
2014-01-02,77.19,77.19,76.1,76.14,219700,74.48
2014-01-03,76.26,76.26,75.17,75.32,381800,73.68
2014-01-06,75.07,75.07,74.42,74.46,163600,72.84
2014-01-07,74.11,74.81,74.11,74.68,162900,73.05
2014-01-08,75.2,75.7,75.13,75.53,181500,73.89
2014-01-09,75.12,75.21,74.01,74.37,187800,72.75
2014-01-10,74.77,75.74,74.77,75.54,224900,73.9
2014-01-13,75.03,75.28,74.11,74.22,92600,72.6
2014-01-14,74.76,75.32,74.34,75.26,87800,73.62
2014-01-15,75.01,75.36,75.01,75.22,73400,73.58
2014-01-16,75.12,75.12,74.69,74.8,142400,73.17
2014-01-17,75.12,75.16,74.55,74.82,75500,73.19
2014-01-21,75,75.33,74.32,74.77,175800,73.14
2014-01-22,75.46,76.2,75.38,76.1,119800,74.44
2014-01-23,74.56,74.64,73.14,73.34,339500,71.74
2014-01-24,72.2,72.34,71.26,71.32,236200,69.77
2014-01-27,71.26,71.65,70.38,70.88,309800,69.34
2014-01-28,71.4,72.16,71.32,71.95,329400,70.38
2014-01-29,71.32,71.89,70.87,71.35,217200,69.8
2014-01-30,72.23,72.58,71.72,71.86,464900,70.3
2014-01-31,71.34,71.84,70.67,71.56,237300,70
2014-02-03,71.12,71.14,69.52,69.53,243600,68.02
2014-02-04,69.89,70.99,69.89,70.69,216900,69.15
2014-02-05,69.85,70.26,69.36,69.74,69100,68.22
2014-02-06,69.89,70.98,69.85,70.82,138200,69.28
2014-02-07,71.45,71.85,71.12,71.53,89500,69.97
2014-02-10,71.62,71.63,70.86,71.3,139000,69.75
2014-02-11,72.31,73.21,72.31,73.15,146900,71.56
2014-02-12,73.73,74.07,73.08,73.16,147600,71.57
2014-02-13,72.73,73.85,72.73,73.74,141100,72.14
2014-02-14,74.07,74.56,74.04,74.31,57200,72.69
2014-02-18,74.36,74.63,74.06,74.35,162700,72.73
2014-02-19,74.48,75.12,74.21,74.63,127900,73.01
2014-02-20,74.05,74.54,73.59,74.34,123100,72.72
2014-02-21,74.1,74.42,73.98,74.28,49800,72.66
2014-02-24,73.6,74.14,73.6,73.69,66800,72.09
2014-02-25,73.07,73.11,72.09,72.3,115400,70.73
2014-02-26,73.11,73.39,72.7,72.78,100200,71.2
2014-02-27,74.16,74.72,74.01,74.55,77200,72.93
2014-02-28,74.92,74.99,73.84,74.25,161900,72.63
2014-03-03,73.21,73.7,72.89,73.56,54400,71.96
2014-03-04,74.47,74.67,74.28,74.6,47500,72.98
2014-03-05,73.71,74.16,73.53,74.08,86700,72.47
2014-03-06,74.51,75.4,74.51,75.1,311800,73.47
2014-03-07,74.87,74.87,73.79,74.16,301700,72.55
2014-03-10,73.41,73.41,72.5,73.18,111400,71.59
2014-03-11,73.39,73.47,71.92,72.1,131100,70.53
2014-03-12,71.19,72.04,71.02,71.96,132400,70.39
2014-03-13,71.9,71.9,69.82,70.26,219100,68.73
2014-03-14,70.06,70.57,69.74,69.82,63400,68.3
2014-03-17,70.47,70.74,70.03,70.06,138900,68.54
2014-03-18,70.61,71.4,70.61,71.15,101200,69.6
2014-03-19,70.76,71.16,69.81,70.26,90900,68.73
2014-03-20,69.64,70.11,69.21,69.94,71400,68.42
2014-03-21,71.11,72.25,71.06,71.35,291000,69.8
2014-03-24,71.5,71.94,71.01,71.33,106400,69.78
2014-03-25,71.72,71.91,71.32,71.52,561500,69.96
2014-03-26,71.85,72.1,71.15,71.15,111400,69.6
2014-03-27,70.95,71.37,70.73,71.13,127900,69.58
2014-03-28,72.13,73.08,72.13,72.38,127300,70.8
2014-03-31,72.87,73.22,72.54,72.71,88100,71.13
2014-04-01,73.13,73.61,73.1,73.5,165000,71.9
2014-04-02,73.65,73.84,73.45,73.77,93300,72.16
2014-04-03,73.54,73.54,72.66,73.44,156900,71.84
2014-04-04,73.54,74.18,72.41,72.52,268600,70.94
2014-04-07,72.58,72.72,71.76,72.2,70500,70.63
2014-04-08,73.02,73.97,73.02,73.43,101300,71.83
2014-04-09,74,74.85,73.42,74.61,130000,72.99
2014-04-10,75.3,75.86,74.22,74.36,58600,72.74
2014-04-11,73.5,73.78,73.25,73.47,92700,71.87
2014-04-14,73.72,73.92,73.24,73.52,83600,71.92
2014-04-15,72.32,72.57,71.2,72.05,257900,70.48
2014-04-16,72.66,73.12,72.36,72.9,71400,71.31
2014-04-17,72.99,73.54,72.59,73.24,380100,71.65
2014-04-21,72.9,72.99,72.33,72.86,51300,71.27
2014-04-22,72.86,73.18,72.82,72.93,67300,71.34
2014-04-23,72.21,72.38,71.85,72.28,94500,70.71
2014-04-24,72.26,72.3,71.43,72,34400,70.43
2014-04-25,71.18,71.52,70.81,71.46,100900,69.9
2014-04-28,70.81,70.81,69.88,70.24,42300,68.71
2014-04-29,70.95,71.36,70.9,71.05,35300,69.5
2014-04-30,70.37,70.5,70.05,70.45,87700,68.92
2014-05-01,70.26,71.1,70.25,70.71,33300,69.17
2014-05-02,71.01,71.39,70.83,71.1,57600,69.55
2014-05-05,70.32,70.66,70.2,70.61,57400,69.07
2014-05-06,70.56,71.07,70.36,70.44,218500,68.91
2014-05-07,69.89,69.9,69.4,69.7,154600,68.18
2014-05-08,69.7,69.87,69.19,69.2,102300,67.69
2014-05-09,69.11,69.42,68.9,69.25,38400,67.74
2014-05-12,70.53,71.1,70.49,71.04,122300,69.49
2014-05-13,71.1,71.33,70.7,71.17,145600,69.62
2014-05-14,71.84,72.21,71.81,71.89,150300,70.33
2014-05-15,71.74,71.74,71.01,71.49,48800,69.93
2014-05-16,71.55,72.06,71.23,72.01,29100,70.44
2014-05-19,71.54,71.92,71.54,71.87,32800,70.31
2014-05-20,71.43,71.89,71.26,71.55,38100,69.99
2014-05-21,72.25,72.53,72.21,72.53,28800,70.95
2014-05-22,73,73.3,73,73.15,65600,71.56
2014-05-23,73.28,73.42,73.12,73.31,45700,71.71
2014-05-27,73.22,73.46,72.85,73.13,51800,71.54
2014-05-28,73.69,73.85,73.34,73.54,58400,71.94
2014-05-29,73.43,73.64,73.26,73.53,139100,71.93
2014-05-30,73.88,74.1,73.36,73.49,104200,71.89
2014-06-02,73.99,74.15,73.79,73.96,65100,72.35
2014-06-03,74.05,74.59,73.96,74.42,38000,72.8
2014-06-04,73.74,73.94,73.52,73.85,22600,72.24
2014-06-05,74.31,74.6,74,74.38,32600,72.76
2014-06-06,74.15,74.49,74.15,74.4,49900,72.78
2014-06-09,74.8,75.12,74.72,75.03,74200,73.4
2014-06-10,75.47,75.58,75.29,75.47,56500,73.83
2014-06-11,74.97,75.35,74.97,75.08,46900,73.45
2014-06-12,75.38,75.38,74.74,75.03,123200,73.4
2014-06-13,75.46,75.89,75.45,75.83,49500,74.18
2014-06-16,75.76,75.89,75.49,75.86,763100,74.21
2014-06-17,75.35,75.89,75.25,75.72,70500,74.07
2014-06-18,75.82,76.38,75.37,76.31,36600,74.65
2014-06-19,75.5,75.75,75.33,75.61,65400,73.96
2014-06-20,74.36,74.69,74.36,74.5,46300,73.83
2014-06-23,73.76,74.05,73.6,73.9,113100,73.23
2014-06-24,74.07,74.5,73.61,73.69,38500,73.02
2014-06-25,73.79,74.36,73.79,74.3,16700,73.63
2014-06-26,74.91,75.26,74.75,75,31900,74.32
2014-06-27,74.82,75.21,74.75,75.11,157500,74.43
2014-06-30,75.11,75.43,75.09,75.24,32800,74.56
2014-07-01,75.46,75.98,75.46,75.71,63500,75.03
2014-07-02,76.56,76.86,76.44,76.69,120000,76
2014-07-03,77.05,77.61,76.82,77.57,141300,76.87
2014-07-07,77.26,77.51,77.15,77.51,69400,76.81
2014-07-08,77.24,77.24,76.31,76.6,32900,75.91
2014-07-09,76.06,76.66,76.04,76.51,81900,75.82
2014-07-10,75.31,76.15,74.97,76.15,70400,75.46
2014-07-11,76.1,76.62,76.1,76.53,18600,75.84
2014-07-14,77.18,77.46,77.18,77.42,23400,76.72
2014-07-15,77.28,77.55,76.94,77.42,16500,76.72
2014-07-16,77.8,77.97,77.65,77.84,18100,77.14
2014-07-17,77.23,77.47,76.53,76.7,22700,76.01
2014-07-18,77.14,77.55,77.09,77.33,41100,76.63
2014-07-21,76.75,77.61,76.75,77.53,22800,76.83
2014-07-22,78.58,78.93,78.58,78.76,350900,78.05
2014-07-23,79.39,79.47,79.02,79.41,33400,78.69
2014-07-24,79.98,80.39,79.85,80.15,110800,79.43
2014-07-25,80.34,80.86,80.34,80.77,87900,80.04
2014-07-28,81.27,81.98,81.03,81.94,188500,81.2
2014-07-29,82.34,82.34,81.52,81.56,222300,80.82
2014-07-30,81.68,81.8,80.7,80.9,132800,80.17
2014-07-31,81.04,81.06,79.93,80.18,323800,79.46
2014-08-01,80.44,80.91,79.95,80.6,207800,79.87
2014-08-04,81.1,81.6,80.72,81.51,346500,80.77
2014-08-05,81.03,81.07,80.33,80.57,329700,79.84
2014-08-06,80.28,80.76,80.24,80.35,318600,79.62
2014-08-07,80.49,80.56,79.55,79.9,505300,79.18
2014-08-08,80.7,81.36,80.49,81.3,155500,80.57
2014-08-11,81.83,82.35,81.72,82.2,240400,81.46
2014-08-12,82.15,82.26,81.75,82.15,204300,81.41
2014-08-13,83.02,83.21,82.87,83.07,75500,82.32
2014-08-14,82.36,82.53,81.99,82.35,39600,81.61
2014-08-15,82.72,83.03,81.94,82.38,54300,81.64
2014-08-18,82.76,82.96,82.51,82.95,159700,82.2
2014-08-19,82.95,83.1,82.8,83.08,78000,82.33
2014-08-20,82.73,83,82.65,82.77,33000,82.02
2014-08-21,82.35,82.45,81.73,81.94,137200,81.2
2014-08-22,82.13,82.19,81.81,81.94,171300,81.2
2014-08-25,82.35,82.61,82.24,82.57,72300,81.82
2014-08-26,82.3,82.64,82.3,82.5,161800,81.76
2014-08-27,82.09,82.24,81.95,82,30700,81.26
2014-08-28,80.79,80.84,80.51,80.75,63700,80.02
2014-08-29,81.17,81.18,80.72,80.77,66000,80.04
2014-09-02,81.26,81.75,81.26,81.51,206000,80.77
2014-09-03,83.74,83.85,83.25,83.59,44000,82.84
2014-09-04,84.01,84.25,83.44,83.56,35200,82.81
2014-09-05,83.83,84.38,83.63,84.38,292300,83.62
2014-09-08,84.12,84.32,83.68,83.98,137200,83.22
2014-09-09,83.87,83.87,82.98,83.15,252300,82.4
2014-09-10,81.92,82.39,81.67,82.25,54300,81.51
2014-09-11,81.46,81.95,81.46,81.95,35100,81.21
2014-09-12,81.69,81.73,81.28,81.55,64800,80.81
2014-09-15,81.04,81.18,80.07,80.17,166100,79.45
2014-09-16,79.49,81.67,79.49,80.79,236000,80.06
2014-09-17,80.86,81.09,80.47,80.53,120500,79.8
2014-09-18,80.5,80.75,80.3,80.6,37500,79.87
2014-09-19,80.8,80.8,79.6,79.92,160100,79.2
2014-09-22,79.23,79.23,78.09,78.22,134000,77.51
2014-09-23,78.14,78.76,78.03,78.13,92700,77.42
2014-09-24,79.11,79.83,78.9,79.61,60700,78.89
2014-09-25,78.71,78.93,77.88,78.17,84000,77.46
2014-09-26,78.22,78.78,78.21,78.47,77000,77.76
2014-09-29,76.62,76.83,76.4,76.59,69300,75.9
2014-09-30,76.35,76.84,76.3,76.65,269500,75.96
2014-10-01,76.34,76.48,75,75.1,183100,74.42
2014-10-02,75.08,75.57,73.73,75.29,196800,74.61
2014-10-03,76.59,77.15,76.16,76.35,167200,75.66
2014-10-06,77.93,78.09,77.49,77.54,172000,76.84
2014-10-07,77.59,77.78,77.02,77.02,44900,76.32
2014-10-08,77.35,78.47,76.88,78.37,77200,77.66
2014-10-09,77.91,77.91,76.87,77.13,79600,76.43
2014-10-10,76.33,76.49,75.41,75.44,98600,74.76
2014-10-13,76.2,76.57,75.56,75.59,75000,74.91
2014-10-14,75.51,76.17,75.06,75.75,232400,75.07
2014-10-15,74.93,75.78,74.01,75.71,116800,75.03
2014-10-16,74.25,76.23,74.25,75.56,76600,74.88
2014-10-17,76.53,77.02,76.28,76.28,88400,75.59
2014-10-20,75.99,76.59,75.79,76.5,102300,75.81
2014-10-21,76.75,77.2,76.67,76.94,115400,76.25
2014-10-22,77.22,77.49,76.55,76.62,74600,75.93
2014-10-23,77.15,77.49,76.96,77.04,49100,76.34
2014-10-24,76.91,77.56,76.91,77.32,39700,76.62
2014-10-27,76.26,76.37,75.99,76.34,74400,75.65
2014-10-28,77.52,78.25,77.49,78.11,107200,77.41
2014-10-29,78.78,78.78,78.01,78.28,47700,77.57
2014-10-30,77.96,78.97,77.96,78.63,22500,77.92
2014-10-31,79.51,79.94,79.49,79.59,61600,78.87
2014-11-03,79.31,79.31,78.8,79.08,100700,78.37
2014-11-04,79.37,79.67,79.06,79.58,51000,78.86
2014-11-05,79.29,79.35,78.91,78.98,63200,78.27
2014-11-06,79.05,79.25,78.63,78.96,109500,78.25
2014-11-07,78.42,78.84,78.35,78.74,23400,78.03
2014-11-10,79.42,79.53,79.18,79.26,101800,78.54
2014-11-11,79.3,79.5,79.03,79.5,131000,78.78
2014-11-12,79.65,79.93,79.41,79.66,847200,78.94
2014-11-13,80.22,80.22,79.56,79.91,199500,79.19
2014-11-14,80.81,81.56,80.81,81.56,144800,80.82
2014-11-17,79.56,79.71,79.36,79.49,215700,78.77
2014-11-18,78.71,78.85,78.52,78.75,68300,78.04
2014-11-19,78.18,78.36,77.81,78.24,594200,77.53
2014-11-20,77.72,78.01,77.39,77.89,138300,77.19
2014-11-21,80.12,80.96,80.12,80.57,246800,79.84
2014-11-24,80.47,80.66,80.03,80.25,159100,79.53
2014-11-25,80.37,80.44,79.58,79.63,102200,78.91
2014-11-26,81.02,81.6,81.02,81.6,52400,80.86
2014-11-28,80.94,81.29,80.54,80.76,78700,80.03
2014-12-01,78.86,78.87,78.19,78.59,109600,77.88
2014-12-02,79.51,79.97,79.49,79.87,81800,79.15
2014-12-03,79.01,79.56,78.91,79.29,75100,78.57
2014-12-04,81.02,81.06,80.5,80.7,257200,79.97
2014-12-05,80.92,81.36,80.68,81.25,96800,80.52
2014-12-08,81.19,81.24,80.14,80.36,116000,79.63
2014-12-09,78.26,78.33,77.63,78.28,136800,77.57
2014-12-10,78.62,78.75,77.53,77.57,101200,76.87
2014-12-11,78.06,78.94,78.06,78.19,235700,77.48
2014-12-12,77.77,78.06,77.18,77.32,63300,76.62
2014-12-15,77.63,77.73,76.42,77.04,86100,76.34
2014-12-16,76.22,77.85,75.91,76.59,327100,75.9
2014-12-17,76.76,78.52,76.45,77.84,451400,77.14
2014-12-18,78.28,78.71,78.01,78.45,123700,77.74
2014-12-19,77.61,78.48,77.48,78.32,355900,78.32
2014-12-22,78.92,79.42,78.92,79.31,70700,79.31
2014-12-23,78.84,78.84,78.14,78.36,55600,78.36
2014-12-24,78,78.22,77.83,77.96,20800,77.96
2014-12-26,79.8,80.41,79.8,79.87,80800,79.87
2014-12-29,79.79,79.88,79.36,79.36,91300,79.36
2014-12-30,78.7,78.94,78.53,78.65,111700,78.65
2014-12-31,80.07,80.08,79.52,79.64,64400,79.64
2015-01-02,80.44,80.44,79.44,79.69,92100,79.69
2015-01-05,80.17,80.32,79.37,79.52,173800,79.52
2015-01-06,79.65,79.89,78.54,79.04,228900,79.04
2015-01-07,80.5,81.25,80.27,81.12,1212300,81.12
2015-01-08,81.72,82.01,81.51,81.76,306100,81.76
2015-01-09,82,82.07,81.22,81.32,204700,81.32
2015-01-12,81.28,81.28,80.27,80.48,100300,80.48
2015-01-13,81.72,81.93,80.41,81.21,119100,81.21
2015-01-14,80.27,80.81,79.92,80.36,130000,80.36
2015-01-15,81.5,81.5,80.35,80.37,113300,80.37
2015-01-16,79.47,80.29,79.07,80.25,156700,80.25
2015-01-20,79.57,79.99,79.41,79.8,128500,79.8
2015-01-21,81.09,82.15,80.75,82.15,159900,82.15
2015-01-22,82.31,83.35,81.98,83.3,323600,83.3
2015-01-23,82.89,83.26,82.8,83.01,228300,83.01
