"Index","NORW.Open","NORW.High","NORW.Low","NORW.Close","NORW.Volume","NORW.Adjusted"
2010-11-10,15.15,15.15,14.58,14.85,218800,12.83
2010-11-11,14.7,14.78,14.61,14.75,57600,12.74
2010-11-12,14.67,14.73,14.48,14.54,22100,12.56
2010-11-15,14.65,14.65,14.5,14.5,33000,12.53
2010-11-16,14.2,14.22,13.78,13.92,28400,12.03
2010-11-17,13.98,14.1,13.97,14.04,32700,12.13
2010-11-18,14.38,14.42,14.24,14.36,23700,12.41
2010-11-19,14.36,14.41,14.25,14.41,30800,12.45
2010-11-22,14.31,14.36,14.09,14.25,62500,12.31
2010-11-23,13.84,13.84,13.66,13.71,32200,11.84
2010-11-24,13.9,13.97,13.77,13.95,115300,12.05
2010-11-26,13.66,13.72,13.6,13.69,13600,11.83
2010-11-29,13.46,13.55,13.3,13.55,31500,11.71
2010-11-30,13.33,13.45,13.3,13.36,7000,11.54
2010-12-01,13.86,14.01,13.73,13.95,10700,12.05
2010-12-02,14.04,14.41,14.04,14.41,21000,12.45
2010-12-03,14.4,14.6,14.39,14.59,17200,12.6
2010-12-06,14.6,14.69,14.51,14.69,33200,12.69
2010-12-07,14.94,14.97,14.58,14.58,22100,12.6
2010-12-08,14.68,14.76,14.6,14.76,11000,12.75
2010-12-09,14.71,14.71,14.49,14.6,8300,12.61
2010-12-10,14.54,14.6,14.47,14.6,3900,12.61
2010-12-13,14.77,14.91,14.76,14.91,16600,12.88
2010-12-14,14.84,14.92,14.73,14.74,4900,12.73
2010-12-15,14.69,14.73,14.5,14.57,7100,12.59
2010-12-16,14.73,14.74,14.59,14.69,10500,12.69
2010-12-17,14.72,14.87,14.72,14.87,5800,12.85
2010-12-20,14.98,15.03,14.86,14.99,133700,12.95
2010-12-21,15.21,15.3,15.18,15.27,140800,13.19
2010-12-22,15.32,15.33,15.21,15.32,133600,13.23
2010-12-23,15.44,15.44,15.3,15.36,46000,13.27
2010-12-27,15.39,15.43,15.29,15.43,108400,13.33
2010-12-28,15.5,15.5,15.45,15.49,34600,13.38
2010-12-29,15.49,15.58,15.45,15.53,15400,13.42
2010-12-30,15.57,15.62,15.54,15.62,25500,13.5
2010-12-31,15.75,15.85,15.68,15.82,17800,13.67
2011-01-03,15.94,15.95,15.82,15.86,44200,13.71
2011-01-04,16.07,16.07,15.56,15.67,26900,13.55
2011-01-05,15.56,15.76,15.5,15.74,61200,13.61
2011-01-06,15.66,15.67,15.37,15.48,22100,13.38
2011-01-07,15.51,15.51,15.22,15.39,28900,13.3
2011-01-10,15.38,15.38,15.25,15.36,11600,13.28
2011-01-11,15.52,15.56,15.47,15.55,9400,13.44
2011-01-12,15.7,15.87,15.68,15.83,21100,13.68
2011-01-13,15.8,15.81,15.66,15.71,62200,13.58
2011-01-14,15.75,15.92,15.71,15.92,14700,13.76
2011-01-18,15.93,15.93,15.82,15.93,51700,13.77
2011-01-19,15.93,15.93,15.62,15.66,59700,13.54
2011-01-20,15.34,15.36,15.07,15.27,32300,13.2
2011-01-21,15.48,15.56,15.46,15.5,27300,13.4
2011-01-24,15.42,15.61,15.4,15.61,9800,13.49
2011-01-25,15.46,15.46,15.25,15.38,40400,13.29
2011-01-26,15.46,15.53,15.44,15.51,19700,13.41
2011-01-27,15.7,15.7,15.47,15.52,102100,13.42
2011-01-28,15.55,15.57,15.13,15.2,85000,13.14
2011-01-31,15.53,15.53,15.37,15.42,84900,13.33
2011-02-01,15.87,16.11,15.87,16.05,90400,13.87
2011-02-02,15.99,16.07,15.9,15.95,80900,13.79
2011-02-03,15.82,16.06,15.8,16.04,8500,13.86
2011-02-04,15.95,15.95,15.79,15.93,45900,13.77
2011-02-07,15.99,16.02,15.82,16.01,59200,13.84
2011-02-08,15.97,16.1,15.8,15.97,116200,13.8
2011-02-09,15.95,15.96,15.8,15.94,72400,13.78
2011-02-10,15.61,15.68,15.5,15.65,56000,13.53
2011-02-11,15.75,15.86,15.61,15.86,23600,13.71
2011-02-14,15.9,16.05,15.9,16.05,50700,13.87
2011-02-15,16,16.02,15.89,15.94,32400,13.78
2011-02-16,15.95,16.24,15.95,16.24,14000,14.04
2011-02-17,16.14,16.26,16.08,16.26,20300,14.06
2011-02-18,16.24,16.3,16.12,16.27,28800,14.06
2011-02-22,16.11,16.14,15.87,15.93,52300,13.77
2011-02-23,16.1,16.14,16,16.09,27500,13.91
2011-02-24,16.43,16.43,16.24,16.31,101000,14.1
2011-02-25,16.3,16.45,16.3,16.45,55300,14.22
2011-02-28,16.81,16.81,16.54,16.62,66300,14.37
2011-03-01,16.71,16.79,16.41,16.49,405300,14.25
2011-03-02,16.5,16.7,16.5,16.68,36600,14.42
2011-03-03,16.84,16.91,16.73,16.89,28000,14.6
2011-03-04,16.98,16.98,16.7,16.84,57200,14.56
2011-03-07,17.28,17.28,16.72,16.8,128100,14.52
2011-03-08,16.77,16.87,16.65,16.82,396100,14.54
2011-03-09,16.84,16.84,16.68,16.76,64500,14.49
2011-03-10,16.34,16.34,16.04,16.08,74400,13.9
2011-03-11,15.99,16.23,15.93,16.18,349600,13.99
2011-03-14,16.1,16.1,15.92,16.07,55500,13.89
2011-03-15,15.35,15.62,15.13,15.6,77500,13.48
2011-03-16,15.74,15.82,15.19,15.33,130400,13.25
2011-03-17,15.89,16.05,15.87,16,132300,13.83
2011-03-18,16.34,16.34,16.2,16.31,54100,14.1
2011-03-21,16.63,16.69,16.5,16.66,20100,14.4
2011-03-22,16.5,16.52,16.33,16.49,40100,14.25
2011-03-23,16.42,16.48,16.3,16.48,35600,14.25
2011-03-24,16.6,16.77,16.47,16.75,119000,14.48
2011-03-25,16.74,16.74,16.58,16.59,102000,14.34
2011-03-28,16.66,16.72,16.59,16.59,40800,14.34
2011-03-29,16.47,16.61,16.41,16.61,27000,14.36
2011-03-30,16.68,16.83,16.64,16.75,36000,14.48
2011-03-31,16.85,16.92,16.76,16.87,45600,14.58
2011-04-01,16.99,17.17,16.95,17.07,61300,14.76
2011-04-04,17.3,17.34,17.16,17.3,115400,14.95
2011-04-05,17.2,17.42,17.13,17.35,48300,15
2011-04-06,17.54,17.54,17.32,17.45,93400,15.08
2011-04-07,17.34,17.34,17.15,17.28,30200,14.94
2011-04-08,17.51,17.61,17.43,17.48,76300,15.11
2011-04-11,17.57,17.57,17.32,17.4,37400,15.04
2011-04-12,17.19,17.19,16.93,16.97,26700,14.67
2011-04-13,17.2,17.23,17,17.1,73200,14.78
2011-04-14,16.92,17.09,16.84,17.09,45100,14.77
2011-04-15,16.97,17.09,16.88,17.02,31500,14.71
2011-04-18,16.54,16.54,16.2,16.42,92700,14.19
2011-04-19,16.68,16.74,16.54,16.64,1035800,14.38
2011-04-20,17.11,17.26,17.11,17.26,88300,14.92
2011-04-21,17.43,17.43,17.25,17.29,68400,14.95
2011-04-25,17.6,17.6,17.23,17.33,55500,14.98
2011-04-26,17.34,17.45,17.28,17.41,34600,15.05
2011-04-27,17.41,17.69,17.31,17.69,152600,15.29
2011-04-28,17.59,17.76,17.51,17.75,51800,15.34
2011-04-29,17.82,17.89,17.61,17.75,188000,15.34
2011-05-02,17.84,17.91,17.72,17.72,64000,15.32
2011-05-03,17.46,17.48,17.26,17.31,63000,14.96
2011-05-04,17.17,17.17,16.76,16.76,151000,14.49
2011-05-05,16.63,16.63,16.26,16.32,110600,14.11
2011-05-06,16.38,16.52,15.98,16.15,109400,13.96
2011-05-09,16.28,16.47,16.25,16.47,74000,14.24
2011-05-10,16.52,16.73,16.47,16.7,19400,14.44
2011-05-11,16.66,16.7,16.2,16.3,46900,14.09
2011-05-12,16.19,16.34,16.04,16.31,124000,14.1
2011-05-13,16.35,16.35,15.95,16.1,35300,13.92
2011-05-16,16.05,16.34,16.05,16.15,33700,13.96
2011-05-17,15.99,16.13,15.81,16.13,47400,13.94
2011-05-18,16.08,16.34,16.02,16.32,43000,14.11
2011-05-19,16.46,16.61,16.32,16.61,62800,14.36
2011-05-20,16.4,16.41,16.13,16.16,199200,13.97
2011-05-23,15.78,15.8,15.63,15.72,84900,13.59
2011-05-24,15.94,16.03,15.79,15.88,15600,13.73
2011-05-25,15.72,16.08,15.72,16.02,40400,13.85
2011-05-26,16.13,16.26,16,16.23,29500,14.03
2011-05-27,16.45,16.56,16.41,16.44,22800,14.21
2011-05-31,16.9,16.97,16.83,16.94,35400,14.64
2011-06-01,16.89,16.89,16.42,16.43,127000,14.2
2011-06-02,16.63,16.69,16.42,16.63,22600,14.37
2011-06-03,16.44,16.79,16.34,16.67,190300,14.41
2011-06-06,16.68,16.68,16.37,16.37,36200,14.15
2011-06-07,16.64,16.65,16.53,16.55,50000,14.31
2011-06-08,16.26,16.31,16.02,16.08,52100,13.9
2011-06-09,16.08,16.28,16.05,16.25,30500,14.05
2011-06-10,16.16,16.16,15.68,15.71,38800,13.58
2011-06-13,15.92,16.01,15.79,15.94,1421400,13.78
2011-06-14,16.11,16.32,16.11,16.28,42800,14.07
2011-06-15,15.62,15.63,15.24,15.24,1361700,13.17
2011-06-16,15.17,15.32,15.05,15.23,132100,13.16
2011-06-17,15.39,15.42,15.28,15.3,74900,13.23
2011-06-20,15.13,15.2,15.1,15.13,57800,13.08
2011-06-21,15.51,15.75,15.51,15.71,37100,13.58
2011-06-22,15.7,15.77,15.64,15.64,24400,13.52
2011-06-23,15.14,15.39,14.93,15.38,80600,13.29
2011-06-24,15.22,15.22,14.91,14.94,28400,12.91
2011-06-27,14.99,15.14,14.92,15.1,65300,13.05
2011-06-28,15.2,15.38,15.2,15.38,20100,13.29
2011-06-29,15.67,15.94,15.6,15.88,30000,13.73
2011-06-30,15.88,16.22,15.87,16.17,75100,13.98
2011-07-01,16.12,16.51,16.11,16.46,58000,14.23
2011-07-05,16.46,16.54,16.36,16.42,37700,14.19
2011-07-06,16.1,16.25,16.01,16.14,17900,13.95
2011-07-07,16.41,16.46,16.36,16.46,23700,14.23
2011-07-08,16.11,16.19,15.97,16.08,52300,13.9
2011-07-11,15.57,15.61,15.35,15.36,183100,13.28
2011-07-12,15.18,15.31,15.08,15.12,31200,13.07
2011-07-13,15.34,15.7,15.34,15.45,36500,13.35
2011-07-14,15.52,15.59,15.19,15.22,49900,13.16
2011-07-15,15.39,15.52,15.31,15.45,35400,13.35
2011-07-18,15.21,15.25,15.05,15.22,51900,13.16
2011-07-19,15.32,15.59,15.32,15.58,35400,13.47
2011-07-20,15.81,15.9,15.78,15.88,30800,13.73
2011-07-21,16.12,16.33,16.09,16.33,30500,14.12
2011-07-22,16.35,16.36,16.07,16.27,43300,14.06
2011-07-25,16.2,16.27,16.15,16.2,20800,14
2011-07-26,16.3,16.43,16.25,16.36,42900,14.14
2011-07-27,16.2,16.2,15.82,15.87,23700,13.72
2011-07-28,15.91,16.05,15.76,15.82,15800,13.67
2011-07-29,15.77,15.92,15.67,15.76,95200,13.62
2011-08-01,16.08,16.15,15.43,15.66,131200,13.54
2011-08-02,15.34,15.43,14.94,14.94,86100,12.91
2011-08-03,15.29,15.29,14.8,15.11,104800,13.06
2011-08-04,14.31,14.31,13.5,13.53,213800,11.7
2011-08-05,14.03,14.19,13.19,13.88,189400,12
2011-08-08,12.92,13.07,12.3,12.41,246800,10.73
2011-08-09,12.79,13.1,12.33,13.1,124700,11.32
2011-08-10,12.93,12.93,12.49,12.5,103400,10.8
2011-08-11,12.59,13.4,12.56,13.29,144500,11.49
2011-08-12,13.51,13.55,13.29,13.49,47100,11.66
2011-08-15,13.79,14,13.79,13.97,45800,12.08
2011-08-16,13.84,14.1,13.67,13.79,72500,11.92
2011-08-17,14.3,14.36,14.01,14.15,70300,12.23
2011-08-18,13.4,13.41,12.97,13.05,103100,11.28
2011-08-19,13.07,13.3,12.81,12.84,53800,11.1
2011-08-22,13.4,13.43,12.86,12.95,46200,11.19
2011-08-23,12.95,13.33,12.92,13.33,63600,11.52
2011-08-24,13.41,13.58,13.38,13.57,20400,11.73
2011-08-25,13.33,13.36,13.21,13.21,21500,11.42
2011-08-26,13.27,13.67,13.07,13.59,29400,11.75
2011-08-29,13.94,14.07,13.94,14.05,40600,12.14
2011-08-30,13.84,14.08,13.82,14.06,33200,12.15
2011-08-31,14.22,14.43,14.18,14.25,52600,12.32
2011-09-01,14.23,14.23,14.1,14.1,23800,12.19
2011-09-02,13.8,13.84,13.66,13.69,23400,11.83
2011-09-06,13.12,13.27,13.04,13.23,35000,11.44
2011-09-07,13.47,13.75,13.38,13.66,35000,11.81
2011-09-08,13.58,13.83,13.55,13.61,25300,11.76
2011-09-09,13.28,13.32,12.86,13.02,73500,11.25
2011-09-12,12.62,12.76,12.28,12.67,67900,10.95
2011-09-13,12.54,12.66,12.45,12.64,49000,10.93
2011-09-14,12.61,12.97,12.5,12.87,26700,11.12
2011-09-15,13.25,13.4,13.1,13.34,27300,11.53
2011-09-16,13.38,13.41,13.28,13.4,14900,11.58
2011-09-19,12.84,12.98,12.73,12.9,42400,11.15
2011-09-20,12.93,13.22,12.85,13.08,30700,11.31
2011-09-21,12.98,13.03,12.62,12.62,20200,10.91
2011-09-22,12.16,12.16,11.77,11.97,92300,10.35
2011-09-23,11.68,11.99,11.68,11.79,361900,10.19
2011-09-26,11.92,12.12,11.68,12.12,94200,10.48
2011-09-27,12.48,12.52,12.26,12.27,43400,10.61
2011-09-28,12.41,12.41,11.98,11.98,15200,10.36
2011-09-29,12.38,12.38,12.02,12.23,40700,10.57
2011-09-30,11.94,12.07,11.83,11.83,25700,10.23
2011-10-03,11.62,11.75,11.27,11.31,50700,9.78
2011-10-04,10.96,11.36,10.83,11.32,37200,9.78
2011-10-05,11.45,11.73,11.37,11.73,23900,10.14
2011-10-06,11.65,12.12,11.65,12.12,43000,10.48
2011-10-07,12.11,12.11,11.9,11.98,18800,10.36
2011-10-10,12.5,12.82,12.46,12.73,95800,11
2011-10-11,12.5,12.63,12.49,12.62,17800,10.91
2011-10-12,13.07,13.2,12.94,13.07,24900,11.3
2011-10-13,13.03,13.09,12.84,13.09,31800,11.31
2011-10-14,13.31,13.51,13.29,13.45,58500,11.63
2011-10-17,13.35,13.35,13.03,13.06,22700,11.29
2011-10-18,13.05,13.53,13.01,13.47,36400,11.64
2011-10-19,13.37,13.42,13.08,13.15,27700,11.37
2011-10-20,13.18,13.32,13.05,13.3,15000,11.5
2011-10-21,13.65,13.8,13.61,13.8,90700,11.93
2011-10-24,13.8,14.17,13.8,14.14,52600,12.22
2011-10-25,14.15,14.2,13.9,13.98,1273700,12.08
2011-10-26,14.38,14.38,13.93,14.25,49500,12.32
2011-10-27,14.71,15.08,14.61,14.95,58700,12.92
2011-10-28,14.52,14.67,14.5,14.58,26700,12.6
2011-10-31,14.22,14.25,13.88,13.88,94000,12
2011-11-01,13.13,13.31,13.05,13.1,136100,11.32
2011-11-02,13.29,13.45,13.17,13.34,20400,11.53
2011-11-03,13.79,14.02,13.5,13.96,54600,12.07
2011-11-04,13.74,13.82,13.56,13.73,184600,11.87
2011-11-07,14.07,14.07,13.87,14.06,94300,12.15
2011-11-08,14.17,14.18,13.92,14.18,59800,12.26
2011-11-09,13.42,13.46,13.18,13.21,116700,11.42
2011-11-10,13.52,13.52,13.25,13.33,50000,11.52
2011-11-11,13.74,13.89,13.69,13.83,121200,11.95
2011-11-14,13.71,13.77,13.45,13.49,142500,11.66
2011-11-15,13.51,13.64,13.46,13.55,66400,11.71
2011-11-16,13.44,13.53,13.26,13.26,44100,11.46
2011-11-17,13.26,13.26,12.89,12.93,101300,11.18
2011-11-18,13.14,13.14,13.02,13.07,28100,11.3
2011-11-21,12.84,12.86,12.59,12.68,125500,10.96
2011-11-22,12.73,12.73,12.5,12.55,134900,10.85
2011-11-23,12.23,12.23,11.87,11.87,150500,10.26
2011-11-25,11.93,12.02,11.83,11.83,24500,10.23
2011-11-28,12.49,12.51,12.34,12.38,250400,10.7
2011-11-29,12.4,12.58,12.4,12.53,227800,10.83
2011-11-30,13.13,13.29,13.1,13.29,78500,11.49
2011-12-01,13.21,13.22,13.11,13.12,25100,11.34
2011-12-02,13.33,13.33,13.07,13.09,43900,11.31
2011-12-05,13.42,13.45,13.21,13.25,32700,11.45
2011-12-06,13.39,13.5,13.33,13.44,72700,11.62
2011-12-07,13.17,13.42,13.17,13.4,181700,11.58
2011-12-08,13.17,13.17,12.8,12.8,13400,11.06
2011-12-09,13.1,13.22,13.07,13.18,76800,11.39
2011-12-12,12.73,12.73,12.56,12.64,64300,10.93
2011-12-13,12.66,12.79,12.25,12.29,1428400,10.62
2011-12-14,12.25,12.25,11.95,11.98,50100,10.36
2011-12-15,12.24,12.26,12.1,12.11,131700,10.47
2011-12-16,12.3,12.32,12.2,12.26,57800,10.6
2011-12-19,12.44,12.44,12.16,12.18,52800,10.53
2011-12-20,12.63,12.77,12.63,12.73,40500,11
2011-12-21,12.55,12.59,12.51,12.59,1000,10.88
2011-12-22,12.67,12.81,12.63,12.79,41000,11.06
2011-12-23,12.8,12.88,12.76,12.86,11600,11.12
2011-12-27,12.9,12.95,12.85,12.85,28700,11.11
2011-12-28,12.54,12.54,12.17,12.23,16200,10.87
2011-12-29,12.37,12.55,12.32,12.54,66200,11.15
2011-12-30,12.51,12.56,12.47,12.54,37400,11.15
2012-01-03,12.87,12.98,12.87,12.9,18100,11.47
2012-01-04,12.84,12.88,12.77,12.86,8400,11.43
2012-01-05,12.71,12.79,12.69,12.75,10100,11.34
2012-01-06,12.75,12.75,12.59,12.59,32000,11.19
2012-01-09,12.66,12.66,12.54,12.63,40800,11.23
2012-01-10,12.84,12.9,12.77,12.85,19900,11.43
2012-01-11,12.76,12.77,12.7,12.77,17600,11.35
2012-01-12,12.9,13.05,12.87,13.05,55800,11.6
2012-01-13,12.59,12.73,12.59,12.72,15000,11.31
2012-01-17,12.84,12.88,12.77,12.8,31800,11.38
2012-01-18,12.9,13.05,12.87,13.05,16800,11.6
2012-01-19,13.08,13.18,12.95,13.18,13600,11.72
2012-01-20,13.07,13.09,12.98,13.07,15400,11.62
2012-01-23,13.2,13.29,13.16,13.29,20800,11.82
2012-01-24,12.97,13.06,12.93,13.04,19500,11.59
2012-01-25,13.02,13.27,12.93,13.27,21100,11.8
2012-01-26,13.38,13.43,13.27,13.32,16700,11.84
2012-01-27,13.27,13.44,13.27,13.43,45700,11.94
2012-01-30,13.13,13.25,13.11,13.23,44200,11.76
2012-01-31,13.32,13.32,13.15,13.24,28600,11.77
2012-02-01,13.46,13.65,13.46,13.57,27200,12.07
2012-02-02,13.46,13.59,13.46,13.56,24400,12.06
2012-02-03,13.57,13.85,13.57,13.83,47600,12.3
2012-02-06,13.7,13.8,13.7,13.77,32700,12.24
2012-02-07,13.75,13.84,13.69,13.79,12200,12.26
2012-02-08,13.97,14.07,13.93,14.05,13700,12.49
2012-02-09,14.16,14.2,14.12,14.16,9500,12.59
2012-02-10,13.99,14.16,13.95,14.1,21200,12.54
2012-02-13,14.31,14.31,14.19,14.25,34500,12.67
2012-02-14,14.11,14.12,13.97,14.05,70800,12.49
2012-02-15,14.18,14.18,14.02,14.07,11800,12.51
2012-02-16,14.06,14.41,14.06,14.37,36000,12.78
2012-02-17,14.47,14.52,14.36,14.44,35600,12.84
2012-02-21,14.6,14.69,14.54,14.56,125500,12.95
2012-02-22,14.61,14.75,14.59,14.72,28800,13.09
2012-02-23,14.66,14.78,14.64,14.77,32400,13.13
2012-02-24,14.94,15.04,14.92,15.01,20100,13.35
2012-02-27,14.81,15.01,14.79,14.96,39000,13.3
2012-02-28,14.97,15.17,14.97,15.17,62700,13.49
2012-02-29,15.22,15.27,15.03,15.06,52800,13.39
2012-03-01,15.04,15.11,14.95,15.08,46000,13.41
2012-03-02,14.95,14.98,14.88,14.98,19400,13.32
2012-03-05,14.85,14.85,14.67,14.72,96700,13.09
2012-03-06,14.13,14.14,13.91,13.96,116300,12.41
2012-03-07,14.17,14.33,14.14,14.31,22200,12.72
2012-03-08,14.62,14.85,14.62,14.8,58100,13.16
2012-03-09,14.6,14.64,14.53,14.55,44800,12.94
2012-03-12,14.51,14.59,14.43,14.54,314400,12.93
2012-03-13,14.6,14.73,14.54,14.7,59700,13.07
2012-03-14,14.62,14.63,14.47,14.48,23600,12.88
2012-03-15,14.58,14.66,14.53,14.65,25200,13.03
2012-03-16,14.75,14.85,14.75,14.84,49000,13.2
2012-03-19,14.87,15,14.83,14.95,30000,13.29
2012-03-20,14.63,14.66,14.54,14.56,35000,12.95
2012-03-21,14.5,14.53,14.44,14.48,44000,12.88
2012-03-22,14.29,14.32,14.21,14.25,19200,12.67
2012-03-23,14.43,14.55,14.38,14.54,13900,12.93
2012-03-26,14.82,15.01,14.8,15.01,54000,13.35
2012-03-27,14.85,14.85,14.65,14.69,71800,13.06
2012-03-28,14.65,14.65,14.37,14.41,24700,12.81
2012-03-29,14.32,14.36,14.22,14.34,31700,12.75
2012-03-30,14.54,14.66,14.53,14.64,26500,13.02
2012-04-02,14.65,14.91,14.65,14.89,37600,13.24
2012-04-03,14.75,14.76,14.45,14.5,31400,12.89
2012-04-04,14.24,14.32,14.16,14.22,45200,12.64
2012-04-05,14.16,14.16,14.02,14.08,40900,12.52
2012-04-09,13.98,14.08,13.82,13.98,58700,12.43
2012-04-10,13.87,13.93,13.56,13.56,86200,12.06
2012-04-11,13.86,13.9,13.73,13.75,200800,12.23
2012-04-12,13.9,14.15,13.9,14.14,42000,12.57
2012-04-13,13.97,13.98,13.88,13.9,10400,12.36
2012-04-16,13.94,14.01,13.84,13.95,44900,12.4
2012-04-17,14.08,14.35,14.08,14.33,17200,12.74
2012-04-18,14.3,14.38,14.24,14.25,23500,12.67
2012-04-19,14.37,14.37,14.15,14.21,13000,12.64
2012-04-20,14.33,14.39,14.29,14.29,28300,12.71
2012-04-23,13.89,13.99,13.8,13.96,13100,12.41
2012-04-24,14.02,14.16,13.99,14.06,17500,12.5
2012-04-25,14.34,14.35,14.27,14.32,7300,12.73
2012-04-26,14.33,14.48,14.3,14.44,11600,12.84
2012-04-27,14.32,14.32,14.22,14.24,28300,12.66
2012-04-30,14.25,14.33,14.25,14.33,45000,12.74
2012-05-01,14.32,14.49,14.32,14.43,31800,12.83
2012-05-02,14.26,14.28,14.19,14.27,11000,12.69
2012-05-03,14.27,14.27,14.2,14.22,3000,12.64
2012-05-04,14.03,14.03,13.75,13.77,238700,12.24
2012-05-07,13.78,13.88,13.73,13.86,12000,12.32
2012-05-08,13.58,13.58,13.25,13.44,96000,11.95
2012-05-09,13.15,13.37,13.12,13.31,26000,11.83
2012-05-10,13.55,13.56,13.46,13.47,5500,11.98
2012-05-11,13.23,13.48,13.23,13.37,11000,11.89
2012-05-14,13.05,13.07,13,13,13700,11.56
2012-05-15,12.97,13.05,12.84,12.87,21000,11.44
2012-05-16,12.99,13.03,12.84,12.85,30500,11.43
2012-05-17,12.82,12.85,12.7,12.7,24500,11.29
2012-05-18,12.63,12.63,12.41,12.42,47100,11.04
2012-05-21,12.67,12.92,12.66,12.92,9800,11.49
2012-05-22,13,13.09,12.77,12.79,38700,11.37
2012-05-23,12.65,12.66,12.43,12.66,22000,11.26
2012-05-24,12.56,12.64,12.41,12.5,17900,11.11
2012-05-25,12.48,12.55,12.48,12.5,2100,11.11
2012-05-29,12.7,12.75,12.59,12.7,8000,11.29
2012-05-30,12.53,12.53,12.29,12.29,12200,10.93
2012-05-31,12.4,12.4,12.09,12.19,28700,10.84
2012-06-01,11.91,11.94,11.78,11.83,23200,10.52
2012-06-04,11.82,11.9,11.7,11.82,24800,10.51
2012-06-05,11.79,11.87,11.79,11.87,13000,10.55
2012-06-06,12.01,12.3,12.01,12.3,18600,10.94
2012-06-07,12.52,12.57,12.38,12.42,25100,11.04
2012-06-08,12.23,12.43,12.16,12.38,8500,11.01
2012-06-11,12.54,12.54,12.25,12.25,10700,10.89
2012-06-12,12.28,12.41,12.21,12.41,24600,11.03
2012-06-13,12.25,12.38,12.2,12.25,63300,10.89
2012-06-14,12.28,12.47,12.28,12.47,4600,11.09
2012-06-15,12.61,12.75,12.58,12.74,27900,11.33
2012-06-18,12.69,12.69,12.52,12.62,28100,11.22
2012-06-19,12.73,12.95,12.73,12.85,37800,11.43
2012-06-20,13.01,13.13,12.96,13.06,25500,11.61
2012-06-21,12.97,12.97,12.55,12.55,54800,11.16
2012-06-22,12.55,12.6,12.47,12.6,17200,11.2
2012-06-25,12.33,12.33,12.17,12.21,87100,10.86
2012-06-26,12.24,12.34,12.18,12.31,48600,10.95
2012-06-27,12.44,12.57,12.39,12.55,25800,11.16
2012-06-28,12.5,12.62,12.43,12.62,15400,11.22
2012-06-29,13.16,13.29,13.16,13.29,46400,11.82
2012-07-02,13.29,13.47,13.27,13.37,28800,11.89
2012-07-03,13.45,13.65,13.42,13.6,7800,12.09
2012-07-05,13.21,13.23,13.13,13.18,54100,11.72
2012-07-06,12.91,12.95,12.81,12.88,18000,11.45
2012-07-09,12.88,12.91,12.78,12.88,71300,11.45
2012-07-10,13.1,13.13,13.01,13.03,8900,11.59
2012-07-11,13.03,13.06,12.98,13.06,8800,11.61
2012-07-12,12.9,13,12.84,12.96,15400,11.52
2012-07-13,13.08,13.26,13.08,13.26,10500,11.79
2012-07-16,13.17,13.28,13.12,13.28,16400,11.81
2012-07-17,13.34,13.49,13.27,13.47,7200,11.98
2012-07-18,13.5,13.56,13.45,13.52,7400,12.02
2012-07-19,13.57,13.72,13.57,13.7,9800,12.18
2012-07-20,13.52,13.58,13.49,13.58,6400,12.07
2012-07-23,13.09,13.21,13.01,13.19,10300,11.73
2012-07-24,13.17,13.17,12.92,12.92,16500,11.49
2012-07-25,13.19,13.22,13.09,13.16,9200,11.7
2012-07-26,13.51,13.6,13.5,13.55,62200,12.05
2012-07-27,13.54,13.83,13.54,13.76,25900,12.23
2012-07-30,13.6,13.68,13.6,13.68,12900,12.16
2012-07-31,13.63,13.66,13.56,13.56,75400,12.06
2012-08-01,13.68,13.72,13.56,13.56,8600,12.06
2012-08-02,13.41,14,11.3,13.36,16500,11.88
2012-08-03,13.68,13.88,13.68,13.81,24100,12.28
2012-08-06,13.91,13.99,13.9,13.92,34500,12.38
2012-08-07,14.09,14.25,14.09,14.19,22400,12.62
2012-08-08,14,14.2,14,14.2,11500,12.63
2012-08-09,14.15,14.2,14.07,14.15,12100,12.58
2012-08-10,14.1,14.18,14.05,14.18,13600,12.61
2012-08-13,14.1,14.17,14,14.04,40600,12.48
2012-08-14,14.21,14.24,14.16,14.18,17600,12.61
2012-08-15,14.15,14.24,14.14,14.24,17700,12.66
2012-08-16,14.27,14.41,14.23,14.36,39500,12.77
2012-08-17,14.41,14.5,14.33,14.5,51200,12.89
2012-08-20,14.45,14.45,14.25,14.38,11400,12.79
2012-08-21,14.57,14.61,14.47,14.53,17700,12.92
2012-08-22,14.41,14.55,14.37,14.54,24100,12.93
2012-08-23,14.47,14.51,14.38,14.44,35800,12.84
2012-08-24,14.33,14.55,14.33,14.54,6900,12.93
2012-08-27,14.59,14.6,14.51,14.53,292400,12.92
2012-08-28,14.59,14.59,14.5,14.52,70700,12.91
2012-08-29,14.52,14.57,14.52,14.54,4200,12.93
2012-08-30,14.5,14.5,14.3,14.34,37300,12.75
2012-08-31,14.56,14.67,14.53,14.65,19500,13.03
2012-09-04,14.6,14.65,14.48,14.62,73100,13
2012-09-05,14.55,14.59,14.42,14.44,21600,12.84
2012-09-06,14.7,14.83,14.69,14.81,57500,13.17
2012-09-07,14.96,15.1,14.96,15.1,106700,13.43
2012-09-10,15.05,15.05,14.89,14.89,34700,13.24
2012-09-11,15,15.19,15,15.17,46800,13.49
2012-09-12,15.29,15.29,15.13,15.14,36500,13.46
2012-09-13,15.21,15.56,15.13,15.47,66300,13.76
2012-09-14,15.73,15.97,15.72,15.76,112900,14.01
2012-09-17,15.81,15.81,15.7,15.7,38700,13.96
2012-09-18,15.58,15.62,15.5,15.55,35500,13.83
2012-09-19,15.54,15.59,15.45,15.56,54000,13.84
2012-09-20,15.3,15.37,15.15,15.34,46700,13.64
2012-09-21,15.59,15.61,15.45,15.5,18500,13.78
2012-09-24,15.37,15.41,15.29,15.36,20000,13.66
2012-09-25,15.54,15.59,15.36,15.36,28200,13.66
2012-09-26,15.15,15.15,14.97,15.08,25300,13.41
2012-09-27,15.25,15.43,15.2,15.43,142500,13.72
2012-09-28,15.28,15.3,15.07,15.1,41800,13.43
2012-10-01,15.29,15.48,15.29,15.33,229000,13.63
2012-10-02,15.55,15.55,15.36,15.38,14800,13.68
2012-10-03,15.33,15.33,15.17,15.21,18200,13.52
2012-10-04,15.26,15.37,15.22,15.37,15300,13.67
2012-10-05,15.58,15.66,15.48,15.48,34200,13.76
2012-10-08,15.36,15.4,15.35,15.38,4900,13.68
2012-10-09,15.4,15.4,15.21,15.22,116800,13.53
2012-10-10,15.32,15.32,15.15,15.18,32700,13.5
2012-10-11,15.44,15.45,15.34,15.35,12300,13.65
2012-10-12,15.44,15.44,15.21,15.26,14400,13.57
2012-10-15,15.46,15.46,15.31,15.45,7300,13.74
2012-10-16,15.6,15.71,15.55,15.69,28800,13.95
2012-10-17,15.69,15.78,15.67,15.77,119700,14.02
2012-10-18,15.75,15.84,15.68,15.69,12800,13.95
2012-10-19,15.54,15.54,15.37,15.48,12100,13.76
2012-10-22,15.48,15.49,15.33,15.41,7800,13.7
2012-10-23,14.99,14.99,14.77,14.87,18300,13.22
2012-10-24,15,15,14.89,14.89,11200,13.24
2012-10-25,15.06,15.1,14.98,15.04,86200,13.37
2012-10-26,15.03,15.04,14.94,15.01,55100,13.35
2012-10-31,15.22,15.25,15,15.07,278800,13.4
2012-11-01,15.22,15.34,15.22,15.3,278900,13.6
2012-11-02,15.27,15.27,15.02,15.03,15300,13.36
2012-11-05,14.91,15,14.87,14.96,36000,13.3
2012-11-06,15.05,15.18,15.05,15.15,5400,13.47
2012-11-07,14.96,14.96,14.85,14.93,28600,13.28
2012-11-08,14.92,14.92,14.75,14.77,160200,13.13
2012-11-09,14.65,14.84,14.62,14.74,45500,13.11
2012-11-12,14.84,14.84,14.7,14.77,85900,13.13
2012-11-13,14.49,14.64,14.41,14.58,31300,12.96
2012-11-14,14.65,14.66,14.49,14.49,40100,12.88
2012-11-15,14.52,14.58,14.39,14.43,64400,12.83
2012-11-16,14.4,14.45,14.32,14.42,55900,12.82
2012-11-19,14.74,14.92,14.7,14.9,18400,13.25
2012-11-20,14.82,14.89,14.79,14.89,31200,13.24
2012-11-21,14.92,14.95,14.91,14.92,19000,13.27
2012-11-23,15.2,15.25,15.15,15.23,16500,13.54
2012-11-26,15.07,15.16,15.06,15.14,53400,13.46
2012-11-27,15.02,15.04,14.95,14.95,17700,13.29
2012-11-28,14.72,14.95,14.7,14.95,47400,13.29
2012-11-29,15.04,15.12,15.01,15.08,39900,13.41
2012-11-30,15.05,15.13,15.03,15.07,12100,13.4
2012-12-03,15.17,15.26,15.11,15.14,10600,13.46
2012-12-04,15.03,15.08,15.02,15.06,69700,13.39
2012-12-05,15,15.18,15,15.12,10100,13.44
2012-12-06,15.17,15.21,15.14,15.21,18800,13.52
2012-12-07,15.12,15.13,15.03,15.13,22800,13.45
2012-12-10,15.01,15.11,15.01,15.1,20900,13.43
2012-12-11,15.18,15.27,15.18,15.26,37300,13.57
2012-12-12,15.37,15.5,15.37,15.45,9900,13.74
2012-12-13,15.42,15.42,15.24,15.24,21000,13.55
2012-12-14,15.27,15.39,15.27,15.32,9100,13.62
2012-12-17,15.35,15.37,15.31,15.33,17300,13.63
2012-12-18,15.35,15.49,15.35,15.49,10900,13.77
2012-12-19,15.7,15.76,15.62,15.62,14000,13.89
2012-12-20,15.63,15.64,15.53,15.56,15000,13.84
2012-12-21,15.51,15.58,15.5,15.58,38000,13.85
2012-12-24,15.52,15.52,15.4,15.47,5600,13.76
2012-12-26,15.48,15.57,15.4,15.44,49200,13.73
2012-12-27,15.18,15.18,14.99,15.11,9500,13.82
2012-12-28,15.02,15.02,14.86,14.86,43700,13.59
2012-12-31,14.9,15.26,14.9,15.25,72700,13.95
2013-01-02,15.41,15.53,15.36,15.45,115200,14.13
2013-01-03,15.36,15.44,15.29,15.3,24700,13.99
2013-01-04,15.23,15.39,15.23,15.39,35300,14.07
2013-01-07,15.25,15.31,15.19,15.28,18900,13.97
2013-01-08,15.32,15.37,15.3,15.34,13300,14.03
2013-01-09,15.38,15.42,15.35,15.35,6800,14.04
2013-01-10,15.55,15.65,15.55,15.65,56000,14.31
2013-01-11,15.62,15.64,15.52,15.6,42600,14.27
2013-01-14,15.65,15.75,15.63,15.72,73000,14.38
2013-01-15,15.55,15.57,15.49,15.54,21700,14.21
2013-01-16,15.54,15.57,15.49,15.53,25800,14.2
2013-01-17,15.72,15.78,15.71,15.75,18800,14.4
2013-01-18,15.66,15.72,15.59,15.71,12100,14.37
2013-01-22,15.62,15.73,15.62,15.7,18500,14.36
2013-01-23,15.79,15.82,15.74,15.82,34000,14.47
2013-01-24,15.77,15.91,15.77,15.91,56600,14.55
2013-01-25,15.95,16.07,15.95,16.07,91100,14.7
2013-01-28,15.99,16.02,15.83,15.87,71500,14.51
2013-01-29,15.92,16.01,15.91,15.99,12500,14.62
2013-01-30,15.97,16.05,15.97,16,13300,14.63
2013-01-31,16.04,16.04,15.9,15.92,46500,14.56
2013-02-01,16.08,16.26,16.08,16.23,50400,14.84
2013-02-04,16.09,16.1,15.86,15.9,114400,14.54
2013-02-05,15.97,16.04,15.95,16.02,33800,14.65
2013-02-06,15.94,15.96,15.81,15.91,117500,14.55
2013-02-07,16.07,16.07,15.82,15.93,23100,14.57
2013-02-08,16.03,16.07,15.99,16.04,24600,14.67
2013-02-11,16.12,16.12,15.98,16.03,18200,14.66
2013-02-12,16.1,16.23,16.03,16.16,51000,14.78
2013-02-13,16.26,16.26,16.14,16.17,60100,14.79
2013-02-14,16.09,16.15,15.91,16.04,87500,14.67
2013-02-15,15.98,15.98,15.83,15.84,26700,14.49
2013-02-19,16.07,16.19,16.06,16.19,43200,14.81
2013-02-20,16.17,16.21,15.91,15.92,83400,14.56
2013-02-21,15.69,15.69,15.5,15.62,71300,14.28
2013-02-22,15.68,15.82,15.65,15.82,34900,14.47
2013-02-25,15.99,15.99,15.23,15.27,93200,13.96
2013-02-26,15.58,15.63,15.48,15.6,32900,14.27
2013-02-27,15.6,15.81,15.58,15.81,39200,14.46
2013-02-28,15.68,15.68,15.56,15.56,33300,14.23
2013-03-01,15.41,15.53,15.38,15.52,73700,14.19
2013-03-04,15.48,15.62,15.48,15.6,17100,14.27
2013-03-05,15.86,15.87,15.8,15.81,16700,14.46
2013-03-06,15.85,15.85,15.71,15.72,85500,14.38
2013-03-07,15.81,15.87,15.79,15.87,21300,14.51
2013-03-08,15.82,15.83,15.71,15.83,34400,14.48
2013-03-11,15.76,15.83,15.74,15.83,4800,14.48
2013-03-12,15.93,15.97,15.83,15.87,45700,14.51
2013-03-13,15.78,15.78,15.69,15.74,24700,14.39
2013-03-14,15.62,15.71,15.53,15.7,14800,14.36
2013-03-15,15.7,15.78,15.68,15.72,42100,14.38
2013-03-18,15.56,15.73,15.55,15.59,21700,14.26
2013-03-19,15.54,15.54,15.31,15.42,25000,14.1
2013-03-20,15.49,15.49,15.3,15.42,114600,14.1
2013-03-21,15.28,15.4,15.26,15.27,638400,13.96
2013-03-22,15.29,15.41,15.28,15.41,16700,14.09
2013-03-25,15.41,15.41,15.1,15.18,42100,13.88
2013-03-26,15.22,15.3,15.22,15.29,13100,13.98
2013-03-27,15.16,15.32,15.15,15.26,11400,13.96
2013-03-28,15.3,15.4,15.3,15.36,32400,14.05
2013-04-01,15.28,15.42,15.28,15.32,25400,14.01
2013-04-02,15.38,15.47,15.36,15.37,20900,14.06
2013-04-03,15.49,15.5,15.31,15.34,20300,14.03
2013-04-04,15.31,15.36,15.21,15.32,12600,14.01
2013-04-05,15.13,15.29,15.13,15.29,17400,13.98
2013-04-08,15.29,15.32,15.26,15.3,7200,13.99
2013-04-09,15.41,15.54,15.33,15.49,32400,14.17
2013-04-10,15.48,15.53,15.43,15.51,12600,14.18
2013-04-11,15.55,15.66,15.55,15.6,17000,14.27
2013-04-12,15.5,15.51,15.37,15.51,9800,14.18
2013-04-15,15.28,15.28,14.97,14.97,61200,13.69
2013-04-16,15.13,15.19,15.1,15.19,21000,13.89
2013-04-17,15,15,14.66,14.77,14400,13.51
2013-04-18,14.87,14.93,14.73,14.9,46200,13.63
2013-04-19,15.09,15.09,14.96,15,77200,13.72
2013-04-22,14.95,14.99,14.83,14.98,95900,13.7
2013-04-23,14.89,14.99,14.89,14.96,12300,13.68
2013-04-24,14.99,15.16,14.99,15.14,15300,13.85
2013-04-25,15.27,15.36,15.25,15.28,22800,13.97
2013-04-26,15.35,15.43,15.33,15.39,76300,14.07
2013-04-29,15.34,15.5,15.34,15.47,12600,14.15
2013-04-30,15.45,15.58,15.45,15.58,13800,14.25
2013-05-01,15.57,15.63,15.42,15.42,20000,14.1
2013-05-02,15.34,15.49,15.34,15.48,15800,14.16
2013-05-03,15.55,15.67,15.55,15.63,41300,14.29
2013-05-06,15.55,15.58,15.51,15.57,25900,14.24
2013-05-07,15.64,15.64,15.56,15.57,28700,14.24
2013-05-08,15.78,15.91,15.78,15.91,54300,14.55
2013-05-09,15.79,15.86,15.71,15.72,8900,14.38
2013-05-10,15.77,15.78,15.62,15.78,10900,14.43
2013-05-13,15.78,15.81,15.74,15.81,19000,14.46
2013-05-14,15.71,15.73,15.67,15.69,11300,14.35
2013-05-15,15.55,15.62,15.51,15.58,229000,14.25
2013-05-16,15.56,15.71,15.56,15.6,18000,14.27
2013-05-17,15.61,15.72,15.54,15.7,75800,14.36
2013-05-20,15.68,15.8,15.68,15.77,28700,14.42
2013-05-21,15.81,16.03,15.81,15.96,37700,14.6
2013-05-22,15.95,16.07,15.69,15.73,50600,14.39
2013-05-23,15.53,15.63,15.49,15.62,13100,14.28
2013-05-24,15.61,15.64,15.56,15.64,29300,14.3
2013-05-28,15.81,15.85,15.65,15.66,27100,14.32
2013-05-29,15.69,15.7,15.56,15.61,12300,14.28
2013-05-30,15.73,15.86,15.73,15.8,50900,14.45
2013-05-31,15.68,15.68,15.53,15.53,34200,14.2
2013-06-03,15.64,15.72,15.58,15.72,18900,14.38
2013-06-04,15.64,15.71,15.54,15.6,27800,14.27
2013-06-05,15.53,15.56,15.42,15.42,76700,14.1
2013-06-06,15.45,15.56,15.44,15.56,35800,14.23
2013-06-07,15.51,15.64,15.51,15.59,159300,14.26
2013-06-10,15.56,15.58,15.52,15.52,10900,14.19
2013-06-11,15.25,15.32,15.23,15.27,16900,13.96
2013-06-12,15.45,15.53,15.26,15.31,56900,14
2013-06-13,15.4,15.5,15.35,15.5,22700,14.18
2013-06-14,15.47,15.57,15.43,15.46,42500,14.14
2013-06-17,15.6,15.64,15.49,15.56,14200,14.23
2013-06-18,15.59,15.71,15.59,15.7,17500,14.36
2013-06-19,15.63,15.66,15.38,15.39,6800,14.07
2013-06-20,14.91,14.91,14.58,14.61,63600,13.36
2013-06-21,14.68,14.68,14.4,14.56,138700,13.32
2013-06-24,14.07,14.09,13.87,14.03,60700,12.83
2013-06-25,14.29,14.39,14.22,14.38,20700,13.15
2013-06-26,14.49,14.5,14.4,14.46,6400,13.22
2013-06-27,14.51,14.62,14.51,14.52,19200,13.28
2013-06-28,14.51,14.51,14.41,14.44,26500,13.21
2013-07-01,14.55,14.58,14.47,14.49,12600,13.25
2013-07-02,14.55,14.67,14.46,14.49,9400,13.25
2013-07-03,14.43,14.51,14.43,14.5,12200,13.26
2013-07-05,14.51,14.56,14.37,14.44,23800,13.21
2013-07-08,14.6,14.69,14.6,14.66,53800,13.41
2013-07-09,14.7,14.75,14.59,14.7,41600,13.44
2013-07-10,14.77,14.99,14.77,14.88,29900,13.61
2013-07-11,15.12,15.29,15.1,15.26,25800,13.96
2013-07-12,15.15,15.21,15.13,15.18,68900,13.88
2013-07-15,15.17,15.27,15.17,15.25,26700,13.95
2013-07-16,15.31,15.4,15.31,15.38,16300,14.07
2013-07-17,15.43,15.46,15.37,15.42,8400,14.1
2013-07-18,15.27,15.35,15.24,15.32,22600,14.01
2013-07-19,15.49,15.59,15.49,15.57,23800,14.24
2013-07-22,15.63,15.68,15.62,15.62,9700,14.28
2013-07-23,15.69,15.82,15.69,15.8,16100,14.45
2013-07-24,15.81,15.81,15.69,15.75,18600,14.4
2013-07-25,15.55,15.79,15.55,15.78,22000,14.43
2013-07-26,15.63,15.71,15.56,15.71,6500,14.37
2013-07-29,15.56,15.62,15.55,15.6,8700,14.27
2013-07-30,15.58,15.64,15.56,15.59,220300,14.26
2013-07-31,15.55,15.84,15.55,15.75,16600,14.4
2013-08-01,15.65,15.77,15.65,15.75,31400,14.4
2013-08-02,15.65,15.78,15.65,15.78,181700,14.43
2013-08-05,15.75,15.81,15.71,15.81,41000,14.46
2013-08-06,15.69,15.72,15.65,15.69,128200,14.35
2013-08-07,15.61,15.77,15.61,15.73,49900,14.39
2013-08-08,15.85,15.96,15.85,15.93,24700,14.57
2013-08-09,16.04,16.17,16.04,16.14,172300,14.76
2013-08-12,16.01,16.06,15.99,16.03,49400,14.66
2013-08-13,16.03,16.07,15.93,16.07,22900,14.7
2013-08-14,16.01,16.11,16.01,16.1,26600,14.72
2013-08-15,15.88,15.97,15.74,15.94,24600,14.58
2013-08-16,15.93,16.01,15.91,16,16000,14.63
2013-08-19,16.02,16.04,15.96,15.97,30400,14.6
2013-08-20,15.82,15.84,15.75,15.78,10300,14.43
2013-08-21,15.65,15.65,15.34,15.43,12400,14.11
2013-08-22,15.47,15.56,15.47,15.5,14000,14.18
2013-08-23,15.54,15.74,15.54,15.74,12600,14.39
2013-08-26,15.63,15.63,15.55,15.55,3700,14.22
2013-08-27,15.54,15.63,15.46,15.5,25100,14.18
2013-08-28,15.52,15.62,15.52,15.59,8300,14.26
2013-08-29,15.6,15.6,15.51,15.58,18900,14.25
2013-08-30,15.43,15.43,15.3,15.3,14800,13.99
2013-09-03,15.66,15.69,15.58,15.64,13000,14.3
2013-09-04,15.62,15.76,15.62,15.71,17800,14.37
2013-09-05,15.53,15.58,15.47,15.54,85600,14.21
2013-09-06,15.67,15.72,15.6,15.68,6300,14.34
2013-09-09,15.68,15.87,15.68,15.86,46100,14.5
2013-09-10,16.04,16.13,16.04,16.11,18200,14.73
2013-09-11,16.16,16.31,16.16,16.29,38400,14.9
2013-09-12,16.15,16.2,16.12,16.18,48900,14.8
2013-09-13,16.15,16.16,16.11,16.14,7300,14.76
2013-09-16,16.25,16.25,16.11,16.14,14300,14.76
2013-09-17,16.17,16.17,16.13,16.13,7800,14.75
2013-09-18,16.05,16.55,16.05,16.54,721000,15.13
2013-09-19,16.63,16.63,16.42,16.44,23700,15.03
2013-09-20,16.3,16.31,16.14,16.14,22700,14.76
2013-09-23,16.14,16.23,16.12,16.17,14000,14.79
2013-09-24,16.09,16.14,16,16.05,28600,14.68
2013-09-25,15.97,16.04,15.92,15.96,52800,14.6
2013-09-26,15.94,16,15.91,16,31200,14.63
2013-09-27,15.93,15.95,15.87,15.95,7200,14.59
2013-09-30,15.66,15.68,15.61,15.64,29800,14.3
2013-10-01,15.71,15.82,15.71,15.77,13600,14.42
2013-10-02,15.78,15.84,15.75,15.84,50100,14.49
2013-10-03,15.95,16.02,15.95,16,14200,14.63
2013-10-04,15.94,15.96,15.92,15.94,8600,14.58
2013-10-07,15.77,15.87,15.73,15.78,11100,14.43
2013-10-08,15.66,15.66,15.49,15.5,35900,14.18
2013-10-09,15.48,15.55,15.39,15.52,23300,14.19
2013-10-10,15.47,15.72,15.47,15.72,7000,14.38
2013-10-11,15.77,15.81,15.73,15.78,4600,14.43
2013-10-14,15.84,15.98,15.81,15.94,43300,14.58
2013-10-15,15.92,15.99,15.88,15.91,83900,14.55
2013-10-16,15.99,16.04,15.97,16.01,22000,14.64
2013-10-17,16.17,16.3,16.17,16.3,22800,14.91
2013-10-18,16.44,16.5,16.39,16.49,43200,15.08
2013-10-21,16.52,16.58,16.49,16.55,35500,15.14
2013-10-22,16.6,16.72,16.6,16.71,133500,15.28
2013-10-23,16.7,16.7,16.62,16.67,59100,15.25
2013-10-24,16.82,16.92,16.81,16.89,45700,15.45
2013-10-25,16.92,17.07,16.91,17.07,13400,15.61
2013-10-28,16.94,16.97,16.91,16.92,30200,15.47
2013-10-29,17,17.07,17,17.06,9600,15.6
2013-10-30,17.03,17.11,16.88,16.94,26000,15.49
2013-10-31,16.87,16.87,16.75,16.77,7000,15.34
2013-11-01,16.74,16.81,16.72,16.8,36900,15.36
2013-11-04,16.95,16.96,16.88,16.96,15800,15.51
2013-11-05,16.83,16.83,16.67,16.71,31000,15.28
2013-11-06,16.96,17.12,16.96,17.07,30800,15.61
2013-11-07,16.97,16.97,16.55,16.57,87300,15.15
2013-11-08,16.3,16.49,16.3,16.49,10700,15.08
2013-11-11,16.56,16.58,16.52,16.54,10100,15.13
2013-11-12,16.31,16.31,16.16,16.18,20200,14.8
2013-11-13,16.14,16.39,16.12,16.39,48300,14.99
2013-11-14,16.39,16.52,16.31,16.49,17700,15.08
2013-11-15,16.64,16.76,16.64,16.76,23700,15.33
2013-11-18,16.79,16.81,16.66,16.67,5700,15.25
2013-11-19,16.72,16.78,16.65,16.74,19600,15.31
2013-11-20,16.69,16.72,16.51,16.54,41200,15.13
2013-11-21,16.5,16.62,16.5,16.6,33400,15.18
2013-11-22,16.71,16.71,16.59,16.66,32600,15.24
2013-11-25,16.51,16.51,16.45,16.5,9700,15.09
2013-11-26,16.54,16.59,16.49,16.57,10700,15.15
2013-11-27,16.73,16.78,16.66,16.69,4600,15.26
2013-11-29,16.7,16.82,16.64,16.67,32700,15.25
2013-12-02,16.65,16.65,16.45,16.64,13900,15.22
2013-12-03,16.61,16.64,16.52,16.62,397500,15.2
2013-12-04,16.27,16.34,16.2,16.24,33100,14.85
2013-12-05,16.23,16.32,16.22,16.24,24400,14.85
2013-12-06,16.38,16.38,16.26,16.35,33300,14.95
2013-12-09,16.35,16.41,16.35,16.38,9700,14.98
2013-12-10,16.41,16.48,16.41,16.47,49400,15.06
2013-12-11,16.33,16.35,16.2,16.23,19700,14.84
2013-12-12,16.03,16.05,15.92,15.94,13300,14.58
2013-12-13,16.04,16.14,16.04,16.08,8800,14.71
2013-12-16,16.19,16.25,16.19,16.23,3000,14.84
2013-12-17,16.22,16.29,16.2,16.26,16000,14.87
2013-12-18,16.24,16.33,16.15,16.32,14200,14.92
2013-12-19,16.15,16.24,16.14,16.23,7000,14.84
2013-12-20,16.18,16.33,16.18,16.3,18000,14.91
2013-12-23,16.57,16.57,16.52,16.54,18700,15.13
2013-12-24,16.59,16.59,16.52,16.53,5900,15.12
2013-12-26,16.62,16.71,16.62,16.71,15500,15.28
2013-12-27,16.47,16.47,16.36,16.36,6600,15.32
2013-12-30,16.46,16.59,16.46,16.59,2800,15.54
2013-12-31,16.58,16.7,16.57,16.67,6200,15.61
2014-01-02,16.32,16.32,16.17,16.21,9700,15.18
2014-01-03,16.37,16.38,16.3,16.3,193500,15.26
2014-01-06,16.17,16.26,16.16,16.17,22300,15.14
2014-01-07,16.18,16.24,16.15,16.21,10100,15.18
2014-01-08,16.13,16.19,16.11,16.16,12100,15.13
2014-01-09,16.33,16.33,16.24,16.24,21500,15.21
2014-01-10,16.51,16.54,16.46,16.54,20200,15.49
2014-01-13,16.62,16.63,16.51,16.57,15300,15.52
2014-01-14,16.69,16.84,16.62,16.84,15400,15.77
2014-01-15,16.69,16.73,16.64,16.73,42400,15.67
2014-01-16,16.6,16.65,16.57,16.65,8400,15.59
2014-01-17,16.6,16.75,16.53,16.54,18600,15.49
2014-01-21,16.62,16.66,16.59,16.65,46900,15.59
2014-01-22,16.69,16.69,16.56,16.63,9700,15.57
2014-01-23,16.65,16.65,16.49,16.58,12800,15.53
2014-01-24,16.29,16.33,16.13,16.16,70000,15.13
2014-01-27,16.05,16.05,15.92,16.02,19300,15
2014-01-28,15.94,16.11,15.94,16.07,165800,15.05
2014-01-29,15.74,15.86,15.68,15.74,19400,14.74
2014-01-30,15.66,15.72,15.61,15.67,9400,14.67
2014-01-31,15.41,15.53,15.37,15.48,27800,14.5
2014-02-03,15.65,15.65,15.21,15.25,22800,14.28
2014-02-04,15.37,15.41,15.34,15.39,10500,14.41
2014-02-05,15.42,15.52,15.42,15.48,579400,14.5
2014-02-06,15.53,15.77,15.51,15.63,38800,14.64
2014-02-07,15.91,16.11,15.91,16.07,18400,15.05
2014-02-10,16.03,16.14,16.01,16.01,2900,14.99
2014-02-11,16.01,16.23,15.95,16.23,21000,15.2
2014-02-12,16.07,16.11,16.02,16.1,5300,15.08
2014-02-13,16.01,16.16,15.99,16.11,7200,15.09
2014-02-14,16.04,16.22,16.02,16.2,30800,15.17
2014-02-18,16.21,16.3,16.19,16.3,8800,15.26
2014-02-19,16.31,16.33,16.12,16.12,27800,15.1
2014-02-20,16.07,16.31,16.07,16.28,14700,15.25
2014-02-21,16.25,16.42,16.25,16.39,2400,15.35
2014-02-24,16.48,16.64,16.48,16.54,10700,15.49
2014-02-25,16.36,16.43,16.32,16.38,5700,15.34
2014-02-26,16.32,16.39,16.32,16.34,16900,15.3
2014-02-27,16.42,16.58,16.4,16.57,1120200,15.52
2014-02-28,16.67,16.77,16.6,16.7,67300,15.64
2014-03-03,16.43,16.55,16.43,16.48,15400,15.43
2014-03-04,16.74,16.76,16.69,16.72,34400,15.66
2014-03-05,16.72,16.73,16.68,16.72,12700,15.66
2014-03-06,16.78,16.85,16.76,16.84,8200,15.77
2014-03-07,16.75,16.76,16.67,16.74,24500,15.68
2014-03-10,16.66,16.8,16.57,16.76,10900,15.69
2014-03-11,16.66,16.75,16.58,16.61,15700,15.55
2014-03-12,16.4,16.51,16.34,16.44,12600,15.39
2014-03-13,16.52,16.52,16.09,16.15,17900,15.12
2014-03-14,16.09,16.28,16.09,16.17,24200,15.14
2014-03-17,16.33,16.42,16.33,16.35,19200,15.31
2014-03-18,16.27,16.44,16.27,16.38,6200,15.34
2014-03-19,16.31,16.35,15.98,16.09,12000,15.07
2014-03-20,15.99,16.26,15.99,16.18,13300,15.15
2014-03-21,16.24,16.37,16.21,16.23,6100,15.2
2014-03-24,16.31,16.43,16.23,16.39,7800,15.35
2014-03-25,16.35,16.57,16.35,16.57,12200,15.52
2014-03-26,16.59,16.61,16.54,16.54,8200,15.49
2014-03-27,16.59,16.73,16.59,16.72,21200,15.66
2014-03-28,16.74,16.76,16.68,16.73,4500,15.67
2014-03-31,16.68,16.79,16.68,16.69,11200,15.63
2014-04-01,16.72,16.85,16.69,16.74,9800,15.68
2014-04-02,16.84,16.85,16.72,16.78,44200,15.71
2014-04-03,16.7,16.72,16.54,16.65,25000,15.59
2014-04-04,16.7,16.79,16.63,16.65,43800,15.59
2014-04-07,16.52,16.52,16.32,16.43,284600,15.39
2014-04-08,16.39,16.49,16.35,16.38,18300,15.34
2014-04-09,16.59,16.73,16.59,16.71,8600,15.65
2014-04-10,16.59,16.69,16.46,16.47,17400,15.42
2014-04-11,16.22,16.37,16.22,16.23,30700,15.2
2014-04-14,16.27,16.32,16.23,16.27,10900,15.24
2014-04-15,16.36,16.36,16.14,16.3,19200,15.26
2014-04-16,16.49,16.53,16.35,16.52,125800,15.47
2014-04-17,16.47,16.57,16.42,16.53,19300,15.48
2014-04-21,16.61,16.61,16.41,16.51,8500,15.46
2014-04-22,16.62,16.68,16.62,16.67,26000,15.61
2014-04-23,16.57,16.63,16.51,16.59,13800,15.54
2014-04-24,16.71,16.76,16.61,16.69,9400,15.63
2014-04-25,16.85,16.85,16.66,16.71,28700,15.65
2014-04-28,16.79,16.82,16.63,16.75,42700,15.69
2014-04-29,17,17.13,17,17.02,20500,15.94
2014-04-30,17.19,17.37,17.12,17.34,14900,16.24
2014-05-01,17.2,17.42,17.2,17.35,6700,16.25
2014-05-02,17.36,17.46,17.31,17.36,37700,16.26
2014-05-05,17.29,17.47,17.29,17.44,19900,16.33
2014-05-06,17.44,17.54,17.44,17.52,10500,16.41
2014-05-07,17.6,17.71,17.6,17.69,34600,16.57
2014-05-08,17.75,17.81,17.7,17.71,22200,16.58
2014-05-09,17.72,17.77,17.63,17.7,17000,16.57
2014-05-12,17.81,17.9,17.78,17.9,22300,16.76
2014-05-13,17.83,17.89,17.83,17.87,16800,16.73
2014-05-14,17.94,17.97,17.86,17.87,10600,16.73
2014-05-15,17.73,17.77,17.63,17.69,35300,16.57
2014-05-16,17.66,17.73,17.6,17.73,113700,16.6
2014-05-19,17.76,17.76,17.7,17.76,15700,16.63
2014-05-20,17.69,17.69,17.5,17.56,11000,16.44
2014-05-21,17.66,17.77,17.64,17.77,8100,16.64
2014-05-22,17.82,17.89,17.67,17.85,15900,16.72
2014-05-23,17.77,17.97,17.77,17.88,22600,16.74
2014-05-27,17.93,17.98,17.79,17.91,319000,16.77
2014-05-28,17.95,18.02,17.92,17.97,20100,16.83
2014-05-29,17.94,18.02,17.94,17.97,14200,16.83
2014-05-30,18,18,17.91,17.94,30900,16.8
2014-06-02,18.11,18.15,18.07,18.12,8500,16.97
2014-06-03,17.95,18.19,17.95,18.19,561400,17.03
2014-06-04,17.99,18.08,17.99,18.07,69200,16.92
2014-06-05,18.24,18.38,18.24,18.38,44700,17.21
2014-06-06,18.52,18.64,18.42,18.58,125700,17.4
2014-06-09,18.62,18.62,18.5,18.58,73500,17.4
2014-06-10,18.56,18.56,18.44,18.54,58400,17.36
2014-06-11,18.36,18.39,18.23,18.28,21800,17.12
2014-06-12,18.31,18.46,18.31,18.34,13300,17.17
2014-06-13,18.47,18.52,18.44,18.49,10600,17.31
2014-06-16,18.43,18.46,18.4,18.43,9200,17.26
2014-06-17,18.27,18.29,18.2,18.23,15900,17.07
2014-06-18,18.35,18.61,18.35,18.61,13600,17.43
2014-06-19,18.37,18.38,18.27,18.31,7400,17.15
2014-06-20,18.28,18.34,18.23,18.29,12500,17.13
2014-06-23,18.31,18.39,18.25,18.39,43900,17.22
2014-06-24,18.3,18.31,18.13,18.14,24400,16.99
2014-06-25,17.77,18.07,17.71,18.06,2516600,16.91
2014-06-26,17.97,18.04,17.79,18.01,167100,16.87
2014-06-27,17.87,18.03,17.86,17.99,27900,16.85
2014-06-30,17.94,18.03,17.85,18.02,79800,16.87
2014-07-01,18,18.04,17.94,18.01,10000,16.87
2014-07-02,18.02,18.02,17.88,18,133300,16.86
2014-07-03,17.96,18.08,17.91,18.08,29200,16.93
2014-07-07,18.07,18.16,18.02,18.12,83100,16.97
2014-07-08,17.89,17.89,17.71,17.73,193900,16.6
2014-07-09,17.78,17.93,17.75,17.89,64800,16.75
2014-07-10,17.47,17.49,17.37,17.48,47000,16.37
2014-07-11,17.47,17.48,17.39,17.48,18000,16.37
2014-07-14,17.62,17.75,17.62,17.69,19600,16.57
2014-07-15,17.7,17.75,17.49,17.64,11600,16.52
2014-07-16,17.76,17.93,17.76,17.93,47400,16.79
2014-07-17,17.78,17.78,17.49,17.51,45800,16.4
2014-07-18,17.65,17.72,17.61,17.68,36300,16.56
2014-07-21,17.49,17.76,17.49,17.7,2601500,16.57
2014-07-22,17.92,17.92,17.8,17.89,405300,16.75
2014-07-23,17.88,17.96,17.83,17.89,98400,16.75
2014-07-24,17.88,17.88,17.73,17.85,40500,16.72
2014-07-25,17.7,17.7,17.48,17.56,18100,16.44
2014-07-28,17.53,17.56,17.44,17.56,59500,16.44
2014-07-29,17.44,17.46,17.31,17.36,100300,16.26
2014-07-30,17.36,17.39,17.22,17.28,163100,16.18
2014-07-31,17.22,17.22,16.9,17.02,147200,15.94
2014-08-01,16.99,17.05,16.86,16.96,211600,15.88
2014-08-04,17.03,17.16,16.93,17.11,118800,16.02
2014-08-05,17.02,17.06,16.86,16.91,216000,15.84
2014-08-06,16.71,16.96,16.7,16.88,97800,15.81
2014-08-07,16.76,16.83,16.49,16.61,131700,15.55
2014-08-08,16.67,16.84,16.64,16.84,22200,15.77
2014-08-11,17.11,17.2,17.09,17.12,30300,16.03
2014-08-12,17.08,17.08,16.86,16.91,43900,15.84
2014-08-13,17.04,17.04,16.96,17,41000,15.92
2014-08-14,17.07,17.11,17.03,17.05,39600,15.97
2014-08-15,17.17,17.22,16.83,17.09,34300,16
2014-08-18,17.16,17.28,17.16,17.26,32300,16.16
2014-08-19,17.25,17.27,17.2,17.23,16500,16.13
2014-08-20,17.27,17.32,17.21,17.25,51600,16.15
2014-08-21,17.38,17.48,17.31,17.4,44600,16.29
2014-08-22,17.34,17.34,17.17,17.25,28400,16.15
2014-08-25,17.39,17.44,17.35,17.41,23300,16.3
2014-08-26,17.46,17.53,17.46,17.5,13400,16.39
2014-08-27,17.47,17.52,17.45,17.45,6800,16.34
2014-08-28,17.41,17.5,17.39,17.43,17400,16.32
2014-08-29,17.38,17.46,17.3,17.36,79500,16.26
2014-09-02,17.4,17.41,17.25,17.3,38500,16.2
2014-09-03,17.36,17.39,17.3,17.38,20200,16.28
2014-09-04,17.4,17.41,17.22,17.26,49900,16.16
2014-09-05,17.18,17.21,17.12,17.18,27000,16.09
2014-09-08,17.04,17.04,16.88,16.89,99000,15.82
2014-09-09,16.88,16.9,16.79,16.82,39400,15.75
2014-09-10,16.85,16.93,16.82,16.9,57600,15.83
2014-09-11,16.74,16.75,16.64,16.69,23200,15.63
2014-09-12,16.74,16.82,16.71,16.76,14400,15.69
2014-09-15,16.61,16.64,16.53,16.59,30300,15.54
2014-09-16,16.5,16.75,16.5,16.66,18600,15.6
2014-09-17,16.69,16.76,16.64,16.64,10200,15.58
2014-09-18,16.9,16.99,16.87,16.95,67300,15.87
2014-09-19,17,17,16.8,16.89,18900,15.82
2014-09-22,16.87,16.87,16.67,16.74,27500,15.68
2014-09-23,16.63,16.63,16.5,16.56,558700,15.51
2014-09-24,16.5,16.72,16.45,16.7,35300,15.64
2014-09-25,16.39,16.43,16.27,16.33,36300,15.29
2014-09-26,16.32,16.41,16.26,16.39,89900,15.35
2014-09-29,16.34,16.41,16.3,16.36,40400,15.32
2014-09-30,16.39,16.48,16.34,16.39,47900,15.35
2014-10-01,16.21,16.28,16.03,16.07,23500,15.05
2014-10-02,15.81,15.81,15.51,15.65,191900,14.66
2014-10-03,15.48,15.67,15.4,15.46,211600,14.48
2014-10-06,15.47,15.56,15.4,15.47,53700,14.49
2014-10-07,15.3,15.4,15.14,15.17,36700,14.21
2014-10-08,15.25,15.48,15.15,15.48,40600,14.5
2014-10-09,15.25,15.25,14.86,14.88,95700,13.93
2014-10-10,14.73,14.79,14.55,14.55,1e+05,13.63
2014-10-13,14.82,14.83,14.66,14.68,33600,13.75
2014-10-14,14.76,14.82,14.64,14.67,117500,13.74
2014-10-15,14.4,14.4,14.07,14.33,100500,13.42
2014-10-16,13.89,14.23,13.65,14.09,49400,13.19
2014-10-17,14.49,14.63,14.49,14.53,66600,13.61
2014-10-20,14.3,14.48,14.3,14.43,72500,13.51
2014-10-21,14.74,14.96,14.74,14.95,30300,14
2014-10-22,14.89,15,14.84,14.86,46200,13.92
2014-10-23,14.97,15.1,14.95,15.05,42100,14.09
2014-10-24,15,15.05,14.91,15.05,44200,14.09
2014-10-27,14.83,14.86,14.75,14.86,48000,13.92
2014-10-28,14.96,15.12,14.93,15.12,18400,14.16
2014-10-29,15.1,15.19,14.86,14.92,61500,13.97
2014-10-30,14.77,14.96,14.75,14.93,18000,13.98
2014-10-31,14.75,14.89,14.7,14.89,23100,13.94
2014-11-03,14.77,14.89,14.73,14.76,24200,13.82
2014-11-04,14.51,14.51,14.29,14.4,37400,13.48
2014-11-05,14.57,14.67,14.54,14.61,188300,13.68
2014-11-06,14.6,14.63,14.51,14.63,12900,13.7
2014-11-07,14.63,14.77,14.63,14.76,18100,13.82
2014-11-10,15.02,15.04,14.9,14.9,78200,13.95
2014-11-11,14.89,14.99,14.81,14.98,52800,14.03
2014-11-12,14.86,14.98,14.81,14.86,43800,13.92
2014-11-13,14.81,14.82,14.72,14.75,42200,13.81
2014-11-14,14.96,15.16,14.96,15.12,413700,14.16
2014-11-17,15.07,15.19,15.01,15.08,66500,14.12
2014-11-18,15.23,15.32,15.21,15.3,206300,14.33
2014-11-19,15.26,15.26,15.07,15.12,32000,14.16
2014-11-20,15.17,15.26,15.14,15.23,41700,14.26
2014-11-21,15.26,15.32,15.18,15.24,146400,14.27
2014-11-24,15.26,15.31,15.2,15.3,85600,14.33
2014-11-25,15.13,15.19,15.11,15.12,317500,14.16
2014-11-26,15,15,14.81,14.84,107800,13.9
2014-11-28,13.87,13.87,13.62,13.67,105300,12.8
2014-12-01,13.7,13.77,13.61,13.72,93500,12.85
2014-12-02,13.69,13.74,13.6,13.61,405100,12.74
2014-12-03,13.63,13.7,13.6,13.61,4687300,12.74
2014-12-04,13.52,13.58,13.39,13.47,2422400,12.61
2014-12-05,13.33,13.33,13.18,13.3,371000,12.45
2014-12-08,13.12,13.13,12.93,12.93,114600,12.11
2014-12-09,12.88,13.03,12.83,12.96,134700,12.14
2014-12-10,12.85,12.85,12.7,12.75,159000,11.94
2014-12-11,12.63,12.67,12.47,12.49,104000,11.7
2014-12-12,12.41,12.41,12.1,12.1,98300,11.33
2014-12-15,12.21,12.24,11.85,11.9,101700,11.14
2014-12-16,11.83,12.17,11.72,12.04,49500,11.27
2014-12-17,12.13,12.73,12.13,12.46,121100,11.67
2014-12-18,12.9,13.05,12.86,13.04,162000,12.21
2014-12-19,13.03,13.19,13,13.19,59600,12.35
2014-12-22,13.13,13.13,13.01,13.09,47600,12.26
2014-12-23,13.15,13.15,12.97,13.06,153100,12.23
2014-12-24,13.06,13.06,12.97,13.06,10600,12.23
2014-12-26,13.06,13.18,13.02,13.12,14500,12.29
2014-12-29,12.15,12.25,12.11,12.18,48600,12.18
2014-12-30,12.07,12.12,12.03,12.08,63500,12.08
2014-12-31,12.06,12.06,11.91,11.93,82500,11.93
2015-01-02,12,12,11.88,11.92,31100,11.92
2015-01-05,11.7,11.7,11.42,11.45,60800,11.45
2015-01-06,11.44,11.56,11.31,11.33,46900,11.33
2015-01-07,11.5,11.64,11.47,11.59,161200,11.59
2015-01-08,11.66,11.92,11.62,11.82,64600,11.82
2015-01-09,11.76,11.81,11.65,11.72,35900,11.72
2015-01-12,11.59,11.59,11.43,11.51,44200,11.51
2015-01-13,11.59,11.66,11.45,11.55,16400,11.55
2015-01-14,11.58,11.7,11.52,11.7,38900,11.7
2015-01-15,11.74,11.79,11.63,11.67,12200,11.67
2015-01-16,11.79,11.97,11.79,11.97,24200,11.97
2015-01-20,11.98,11.98,11.82,11.89,151400,11.89
2015-01-21,11.98,12.12,11.98,12.12,41300,12.12
2015-01-22,12.12,12.2,12.05,12.15,77300,12.15
2015-01-23,11.95,12.07,11.84,12,73500,12
