"Index","PIN.Open","PIN.High","PIN.Low","PIN.Close","PIN.Volume","PIN.Adjusted"
2008-03-05,25.34,25.73,25.26,25.56,248600,24.35
2008-03-06,25.26,25.33,24.35,24.35,156500,23.2
2008-03-07,23.78,24.11,23.67,23.87,107300,22.74
2008-03-10,24.08,24.32,23.29,23.32,170000,22.22
2008-03-11,25.2,25.96,25.05,25.91,141200,24.69
2008-03-12,25.36,25.36,24.76,24.76,95400,23.59
2008-03-13,23.54,24.1,23.4,24.08,95600,22.94
2008-03-14,24.62,24.62,23.36,23.67,92700,22.55
2008-03-17,22.97,23,22.25,22.81,69400,21.73
2008-03-18,23.1,23.87,22.5,23.82,113900,22.7
2008-03-19,23.68,23.68,22.58,22.58,55200,21.52
2008-03-20,22.81,23.15,22.32,23.15,62500,22.06
2008-03-24,23.36,24.24,23.36,23.92,64100,22.79
2008-03-25,25.06,25.23,24.83,25.12,63500,23.94
2008-03-26,24.96,24.96,24.5,24.59,101500,23.43
2008-03-27,24.93,24.97,24.46,24.54,28700,23.38
2008-03-28,25.47,25.47,24.86,24.88,112900,23.71
2008-03-31,24.14,24.71,24.03,24.53,183300,23.37
2008-04-01,24.53,25.38,24.53,25.3,115400,24.11
2008-04-02,24.7,24.77,24.4,24.63,77500,23.47
2008-04-03,24.38,24.69,24.38,24.66,84700,23.5
2008-04-04,24.08,24.17,23.84,24.01,68200,22.88
2008-04-07,24.54,24.75,24.41,24.52,75300,23.36
2008-04-08,24.29,24.29,24.03,24.22,69500,23.08
2008-04-09,24.5,24.5,24,24.11,44200,22.97
2008-04-10,24.4,24.43,24.11,24.39,33500,23.24
2008-04-11,23.99,24.18,23.86,23.96,70000,22.83
2008-04-14,23.86,23.89,23.71,23.85,32800,22.73
2008-04-15,25.28,25.41,24.8,25.2,69900,24.01
2008-04-16,25.51,25.9,25.4,25.9,152600,24.68
2008-04-17,25.69,25.72,25.31,25.56,156900,24.35
2008-04-18,25.99,26.29,25.96,26.19,127400,24.96
2008-04-21,25.89,26.24,25.89,26.24,45700,25
2008-04-22,26.1,26.13,25.75,25.93,176500,24.71
2008-04-23,26.04,26.24,25.75,26.22,60700,24.98
2008-04-24,26.24,26.58,25.83,26.39,111300,25.15
2008-04-25,26.6,26.85,26.39,26.71,97500,25.45
2008-04-28,26.52,26.55,26.29,26.41,71200,25.16
2008-04-29,26.95,26.95,26.45,26.63,62500,25.37
2008-04-30,26.76,26.88,26.5,26.68,96300,25.42
2008-05-01,26.45,27.23,26.45,27.08,116700,25.8
2008-05-02,27.21,27.28,26.92,27.15,166700,25.87
2008-05-05,27.08,27.08,26.69,26.81,33900,25.55
2008-05-06,26.35,26.68,26.14,26.68,83700,25.42
2008-05-07,26.28,26.36,25.5,25.6,53600,24.39
2008-05-08,25.54,25.59,25.26,25.45,46700,24.25
2008-05-09,25.19,25.28,25,25.06,26700,23.88
2008-05-12,25,25.15,24.75,25.14,71800,23.95
2008-05-13,24.78,24.78,24.41,24.64,72200,23.48
2008-05-14,24.96,25.1,24.8,24.9,63400,23.73
2008-05-15,25.15,25.58,25.06,25.57,29600,24.36
2008-05-16,25.52,25.52,25.17,25.37,122500,24.17
2008-05-19,25.39,25.83,25.39,25.54,51400,24.34
2008-05-20,25.26,25.26,24.78,24.93,65800,23.75
2008-05-21,25.02,25.13,24.55,24.63,37500,23.47
2008-05-22,24.6,24.74,24.41,24.61,70400,23.45
2008-05-23,24.37,24.38,23.96,23.98,144900,22.85
2008-05-27,23.63,23.89,23.58,23.89,43400,22.76
2008-05-28,24.04,24.17,23.96,24.04,75300,22.91
2008-05-29,23.74,24.3,23.69,24.18,124900,23.04
2008-05-30,24.28,24.57,24.12,24.53,124400,23.37
2008-06-02,24.13,24.15,23.26,23.49,143800,22.38
2008-06-03,23.48,23.55,23.02,23.2,27700,22.11
2008-06-04,22.72,22.85,22.51,22.6,91900,21.53
2008-06-05,23.06,23.34,22.81,23.32,60800,22.22
2008-06-06,22.7,22.7,22.1,22.11,66700,21.07
2008-06-09,22.02,22.2,21.86,21.99,107400,20.95
2008-06-10,21.66,21.85,21.61,21.68,60000,20.66
2008-06-11,22,22,21.3,21.32,97200,20.31
2008-06-12,21.85,22.41,21.85,22.24,45900,21.19
2008-06-13,22.18,22.4,22.01,22.4,43600,21.34
2008-06-16,22.21,22.35,22.15,22.23,16900,21.18
2008-06-17,22.84,22.84,22.43,22.51,36700,21.45
2008-06-18,22.21,22.21,21.91,22.13,80600,21.09
2008-06-19,22.14,22.14,21.73,22.07,35100,21.03
2008-06-20,21.21,21.21,20.78,20.87,66200,19.92
2008-06-23,20.79,20.88,20.5,20.56,58400,19.62
2008-06-24,20.18,20.28,19.88,20,166300,19.09
2008-06-25,20.26,20.96,20.26,20.75,183700,19.8
2008-06-26,20.62,20.7,19.93,19.99,195500,19.08
2008-06-27,19.8,20.06,19.42,19.78,93700,18.88
2008-06-30,19.5,19.62,19.24,19.31,94500,18.43
2008-07-01,18.56,18.92,18.27,18.92,1e+05,18.05
2008-07-02,19.75,19.8,19.05,19.05,129900,18.18
2008-07-03,19.04,19.19,18.62,19,131900,18.13
2008-07-07,19.5,19.6,19.01,19.18,47400,18.3
2008-07-08,19.45,19.71,19,19.71,127600,18.81
2008-07-09,20.2,20.23,19.56,19.56,92300,18.67
2008-07-10,19.9,20.1,19.78,19.98,110800,19.07
2008-07-11,19.37,19.44,18.92,19.19,103500,18.31
2008-07-14,19.38,19.58,19.05,19.1,89700,18.23
2008-07-15,18.99,18.99,17.98,18.54,143800,17.69
2008-07-16,18.58,19.1,18.49,19.08,84200,18.21
2008-07-17,19.38,19.65,18.98,19.58,220300,18.68
2008-07-18,19.9,19.9,19.63,19.74,102100,18.84
2008-07-21,19.88,19.93,19.69,19.76,75800,18.86
2008-07-22,20.21,20.98,19.99,20.98,170100,20.02
2008-07-23,21.89,21.95,21.49,21.9,176000,20.9
2008-07-24,21.78,21.78,20.78,20.87,75800,19.92
2008-07-25,20.85,21.08,20.84,21.02,81600,20.06
2008-07-28,20.93,21.05,20.43,20.43,20200,19.5
2008-07-29,20.24,20.84,20.24,20.84,54500,19.89
2008-07-30,21.18,21.37,20.94,21.06,127500,20.1
2008-07-31,20.82,20.96,20.6,20.66,23500,19.72
2008-08-01,21.2,21.41,20.98,21.35,62800,20.37
2008-08-04,21.45,21.45,20.95,21.35,33800,20.37
2008-08-05,21.85,22.49,21.81,22.49,39300,21.46
2008-08-06,22.05,22.44,21.97,22.3,119300,21.28
2008-08-07,22,22.02,21.58,21.65,51700,20.66
2008-08-08,21.91,22.56,21.84,22.48,90800,21.45
2008-08-11,22.55,22.82,22.39,22.6,161400,21.57
2008-08-12,22.07,22.07,21.59,21.7,72600,20.71
2008-08-13,21.5,21.61,21.31,21.61,81200,20.62
2008-08-14,20.84,21.56,20.83,21.4,107600,20.42
2008-08-15,21.45,21.48,21.22,21.4,23600,20.42
2008-08-18,20.91,20.91,20.23,20.38,29600,19.45
2008-08-19,20.51,20.51,20.07,20.35,32200,19.42
2008-08-20,20.62,20.8,20.44,20.8,24200,19.85
2008-08-21,20.13,20.34,20.01,20.26,42700,19.33
2008-08-22,20.35,20.75,20.35,20.75,9000,19.8
2008-08-25,20.29,20.29,19.86,19.89,72200,18.98
2008-08-26,20.2,20.42,20.11,20.2,75700,19.28
2008-08-27,20.24,20.4,20.22,20.25,24600,19.32
2008-08-28,19.86,20.22,19.76,20.21,50100,19.29
2008-08-29,20.36,20.36,20.07,20.2,16800,19.28
2008-09-02,21.04,21.04,20.48,20.5,25100,19.56
2008-09-03,20.92,20.92,20.45,20.65,26800,19.71
2008-09-04,20.35,20.35,19.7,19.7,29100,18.8
2008-09-05,19.8,20.13,19.48,20.13,41000,19.21
2008-09-08,20.53,20.58,19.9,19.92,24700,19.01
2008-09-09,20.33,20.33,19.34,19.34,24700,18.46
2008-09-10,19.9,19.9,19.48,19.59,26000,18.69
2008-09-11,19.01,19.43,18.78,19.43,46700,18.54
2008-09-12,18.45,19.09,18.45,18.92,50000,18.05
2008-09-15,17.89,18.1,17.51,17.54,78000,16.74
2008-09-16,16.79,17.74,16.79,17.71,61000,16.9
2008-09-17,16.95,17.19,16.41,16.51,77100,15.76
2008-09-18,17.1,17.79,16.55,17.58,54800,16.78
2008-09-19,21,21,18.73,19.12,66000,18.31
2008-09-22,19.95,20.56,18.2,18.36,233100,17.58
2008-09-23,18.17,18.47,17.88,18.01,53300,17.25
2008-09-24,18.17,18.18,17.9,17.99,37000,17.23
2008-09-25,17.97,18.56,17.9,18.36,52700,17.58
2008-09-26,17.52,17.8,17.3,17.61,95800,16.86
2008-09-29,16.99,17,15.15,15.66,230000,15
2008-09-30,16.49,16.96,16.36,16.96,83600,16.24
2008-10-01,17.07,17.25,16.58,17.06,67500,16.34
2008-10-02,17.04,17.05,16.25,16.32,90400,15.63
2008-10-03,16.11,16.64,15.6,15.62,100700,14.96
2008-10-06,14.83,14.9,13.69,14.54,228900,13.92
2008-10-07,14.87,15,13.91,14.01,83600,13.42
2008-10-08,14.24,14.75,13.84,14.11,170700,13.51
2008-10-09,14.49,14.73,13.32,13.51,118100,12.94
2008-10-10,12.93,13.56,12.21,13.3,167200,12.74
2008-10-13,14,15.44,13.9,15.4,114700,14.75
2008-10-14,14.66,16.34,13.87,14.18,189900,13.58
2008-10-15,13.55,13.61,12.51,12.63,77800,12.09
2008-10-16,13.33,13.61,12.45,13.58,134100,13
2008-10-17,12.36,13.33,12.32,12.8,83700,12.26
2008-10-20,12.57,13.2,12.55,13.2,121200,12.64
2008-10-21,13.17,13.27,12.83,12.9,86100,12.35
2008-10-22,12.54,12.54,11.42,11.91,189500,11.4
2008-10-23,11.93,12.18,11.33,11.84,62400,11.34
2008-10-24,10.51,11,10.14,10.71,194700,10.26
2008-10-27,10.69,10.98,10.4,10.4,88100,9.96
2008-10-28,11.74,11.74,10.66,11.6,68600,11.11
2008-10-29,11.23,11.81,11.14,11.51,80800,11.02
2008-10-30,11.89,12.4,11.77,12.28,234700,11.76
2008-10-31,12.25,12.44,11.94,12.26,140100,11.74
2008-11-03,12.81,12.85,12.52,12.79,209500,12.25
2008-11-04,13.58,13.83,13.26,13.8,182900,13.21
2008-11-05,12.73,13.96,12.2,12.43,288600,11.9
2008-11-06,12.22,12.52,11.7,11.77,58200,11.27
2008-11-07,12.56,12.96,12.49,12.79,118800,12.25
2008-11-10,13.29,13.36,12.86,13.16,70000,12.6
2008-11-11,12.49,12.49,12,12.27,116100,11.75
2008-11-12,11.73,11.73,11.13,11.13,68700,10.66
2008-11-13,11.45,12.35,10.98,12.35,215400,11.83
2008-11-14,11.65,12,11.33,11.33,233600,10.85
2008-11-17,11.47,11.74,11.32,11.4,62900,10.92
2008-11-18,11.22,11.44,10.89,11.19,92300,10.72
2008-11-19,10.76,10.9,10.08,10.08,71500,9.65
2008-11-20,10.21,10.29,9.55,9.58,115900,9.17
2008-11-21,10.51,11.18,10.11,11.17,137800,10.7
2008-11-24,10.99,11.79,10.87,11.68,194400,11.18
2008-11-25,11,11.05,10.65,10.82,111200,10.36
2008-11-26,10.96,11.6,10.96,11.28,171300,10.8
2008-11-28,10.97,11.16,10.8,10.83,109800,10.37
2008-12-01,10.35,10.49,9.86,10.01,125800,9.59
2008-12-02,10.64,10.97,10.44,10.97,76100,10.5
2008-12-03,10.62,11.21,10.41,11.21,33400,10.73
2008-12-04,11.06,11.28,10.76,10.95,141600,10.49
2008-12-05,10.75,11.28,10.54,11.28,32600,10.8
2008-12-08,11.54,11.72,11.26,11.59,85200,11.1
2008-12-09,11.25,11.64,11.24,11.44,69700,10.95
2008-12-10,11.89,12.18,11.85,12.03,120200,11.52
2008-12-11,12.15,12.47,11.7,11.84,80800,11.34
2008-12-12,11.99,12.29,11.92,12.22,503500,11.7
2008-12-15,12.2,12.26,12,12.16,58600,11.64
2008-12-16,12.65,13.02,12.42,12.96,103500,12.41
2008-12-17,12.25,12.75,12.19,12.62,86200,12.08
2008-12-18,13.21,13.21,12.6,12.7,39000,12.16
2008-12-19,13.18,13.26,12.78,12.84,110000,12.3
2008-12-22,12.82,12.82,12.27,12.49,84400,11.96
2008-12-23,12.21,12.22,11.89,12.02,46800,11.51
2008-12-24,12.09,12.22,11.75,12.17,35300,11.65
2008-12-26,11.75,11.95,11.37,11.68,62400,11.18
2008-12-29,11.92,12.11,11.79,12.11,124100,11.6
2008-12-30,12.25,12.53,12.23,12.53,121800,12
2008-12-31,12.3,12.53,12.18,12.36,112700,11.84
2009-01-02,12.6,13.09,12.56,13.03,70700,12.48
2009-01-05,13.1,13.11,12.8,13.05,67700,12.5
2009-01-06,13.11,13.18,12.89,13.03,84500,12.48
2009-01-07,12.3,12.3,11.86,12.09,300100,11.58
2009-01-08,11.76,11.92,11.73,11.82,238800,11.32
2009-01-09,12.17,12.21,11.72,11.84,348200,11.34
2009-01-12,11.83,11.83,11.19,11.19,248200,10.72
2009-01-13,11.49,11.51,11.21,11.34,79600,10.86
2009-01-14,11.67,11.67,11.16,11.22,69800,10.74
2009-01-15,11.15,11.4,10.82,11.31,80800,10.83
2009-01-16,11.51,11.86,11.2,11.42,69800,10.94
2009-01-20,11.38,11.38,10.81,10.85,65900,10.39
2009-01-21,11.2,11.31,10.84,11.29,55900,10.81
2009-01-22,10.8,10.97,10.65,10.89,69000,10.43
2009-01-23,10.8,11.25,10.8,11.11,45400,10.64
2009-01-26,11.35,11.45,11.15,11.31,26000,10.83
2009-01-27,11.29,11.52,11.25,11.42,35200,10.94
2009-01-28,11.67,12.11,11.61,12,70900,11.49
2009-01-29,11.74,11.74,11.5,11.5,26000,11.01
2009-01-30,11.81,11.95,11.56,11.67,62000,11.18
2009-02-02,11.51,11.69,11.44,11.53,77700,11.04
2009-02-03,11.69,11.84,11.44,11.8,66100,11.3
2009-02-04,11.8,11.85,11.59,11.59,48600,11.1
2009-02-05,11.55,11.98,11.44,11.79,232200,11.29
2009-02-06,11.97,12.15,11.97,12.05,319100,11.54
2009-02-09,12.29,12.38,12.06,12.33,61300,11.81
2009-02-10,12.26,12.37,11.62,11.66,148100,11.17
2009-02-11,11.93,12.17,11.9,12.14,79100,11.63
2009-02-12,11.68,12.11,11.68,12.03,50100,11.52
2009-02-13,12.18,12.2,11.96,11.98,132300,11.47
2009-02-17,11.06,11.22,10.94,11.1,94800,10.63
2009-02-18,11.16,11.28,11.04,11.08,24000,10.61
2009-02-19,11.25,11.35,11.07,11.07,26100,10.6
2009-02-20,11,11.11,10.76,10.95,137200,10.49
2009-02-23,11,11.39,10.63,10.65,156900,10.2
2009-02-24,10.77,11.22,10.77,11.18,84700,10.71
2009-02-25,10.93,11.17,10.78,10.91,58800,10.45
2009-02-26,11.01,11.18,10.77,10.82,35300,10.36
2009-02-27,10.45,10.76,10.45,10.55,44100,10.1
2009-03-02,10.12,10.29,9.83,9.91,130600,9.49
2009-03-03,9.89,10.12,9.75,9.93,48400,9.51
2009-03-04,10.33,10.47,10.15,10.34,29500,9.9
2009-03-05,10.12,10.12,9.54,9.7,100400,9.29
2009-03-06,9.96,10.19,9.73,10,78700,9.58
2009-03-09,9.75,10.02,9.63,9.69,141400,9.28
2009-03-10,9.98,10.44,9.85,10.37,68200,9.93
2009-03-11,10.5,10.65,10.27,10.35,96200,9.91
2009-03-12,9.86,10.48,9.86,10.48,54400,10.04
2009-03-13,10.55,10.59,10.39,10.57,27300,10.12
2009-03-16,10.72,10.95,10.66,10.71,44700,10.26
2009-03-17,10.65,10.92,10.6,10.87,40200,10.41
2009-03-18,10.9,11.19,10.75,11.16,44200,10.69
2009-03-19,11.31,11.31,11,11.06,101100,10.59
2009-03-20,11.13,11.28,10.91,11.01,65200,10.54
2009-03-23,11.37,12.05,11.37,12.03,78000,11.52
2009-03-24,11.55,12.1,11.29,11.48,191200,10.99
2009-03-25,11.82,12.03,11.63,11.94,337300,11.43
2009-03-26,12.18,12.34,12.01,12.33,140200,11.81
2009-03-27,12.24,12.25,11.75,12.04,67100,11.53
2009-03-30,11.72,12.01,11.39,11.48,56300,10.99
2009-03-31,12.08,12.12,11.81,11.99,33900,11.48
2009-04-01,12.15,12.43,11.98,12.42,448900,11.89
2009-04-02,12.46,13.15,12.46,12.93,140800,12.38
2009-04-03,13,13.2,12.71,13.09,62700,12.53
2009-04-06,13.17,13.17,12.81,12.95,74800,12.4
2009-04-07,13.75,13.75,12.72,12.98,47100,12.43
2009-04-08,13.45,13.58,13.39,13.58,81100,13
2009-04-09,14.65,14.65,13.62,13.9,244200,13.31
2009-04-13,14.5,14.5,13.65,14,422000,13.41
2009-04-14,13.76,13.96,13.66,13.66,245400,13.08
2009-04-15,13.81,14.63,13.81,14.26,514100,13.66
2009-04-16,13.82,14.04,13.6,13.79,182300,13.21
2009-04-17,13.84,13.91,13.7,13.73,786000,13.15
2009-04-20,13.6,13.78,13.3,13.39,173500,12.82
2009-04-21,13.34,13.75,13.25,13.67,94500,13.09
2009-04-22,13.26,13.7,13.26,13.31,88400,12.75
2009-04-23,13.67,13.93,13.67,13.93,268400,13.34
2009-04-24,14.29,14.39,14.15,14.3,125800,13.69
2009-04-27,13.95,14.13,13.85,13.95,87300,13.36
2009-04-28,13.41,13.76,13.38,13.57,124500,12.99
2009-04-29,13.96,14.46,13.96,14.2,172500,13.6
2009-04-30,14.35,14.55,14.24,14.24,120100,13.64
2009-05-01,13.94,14.51,13.94,14.41,54700,13.8
2009-05-04,14.76,15.25,14.66,15.25,300300,14.6
2009-05-05,15.03,15.1,14.87,15.08,169000,14.44
2009-05-06,15.01,15.16,14.75,14.95,143600,14.32
2009-05-07,15.16,15.16,14.61,14.75,75300,14.12
2009-05-08,14.75,15.14,14.75,15.11,321000,14.47
2009-05-11,14.65,14.72,14.46,14.47,459900,13.86
2009-05-12,15,15.13,14.7,14.86,264700,14.23
2009-05-13,14.56,14.62,14.17,14.2,359600,13.6
2009-05-14,14.45,14.77,14.42,14.65,119000,14.03
2009-05-15,14.92,15.04,14.75,14.75,52600,14.12
2009-05-18,17.95,18.39,17.66,18.18,579300,17.41
2009-05-19,17.89,18.29,17.55,17.68,368500,16.93
2009-05-20,17.7,18.09,17.35,17.57,534800,16.82
2009-05-21,17.64,17.78,17.52,17.62,441700,16.87
2009-05-22,17.91,18.09,17.81,17.94,149100,17.18
2009-05-26,17.4,17.98,17.06,17.87,242800,17.11
2009-05-27,18.13,18.45,17.85,17.88,322800,17.12
2009-05-28,18.29,18.5,18.12,18.49,251800,17.71
2009-05-29,18.89,19.35,18.62,18.99,870000,18.18
2009-06-01,19.36,19.66,19.25,19.5,400100,18.67
2009-06-02,19.26,19.43,19.1,19.39,546500,18.57
2009-06-03,19.57,19.96,18.8,19.01,287900,18.2
2009-06-04,19.53,19.55,19.24,19.54,312000,18.71
2009-06-05,19.72,19.73,19.33,19.51,302400,18.68
2009-06-08,18.72,18.89,18.45,18.64,285000,17.85
2009-06-09,19.22,19.38,19.19,19.29,2e+05,18.47
2009-06-10,19.81,19.82,19.35,19.66,237800,18.83
2009-06-11,19.56,19.79,19.53,19.58,348000,18.75
2009-06-12,19.34,19.44,19.21,19.44,146500,18.62
2009-06-15,19.02,19.55,18.56,18.74,597400,17.95
2009-06-16,19.06,19.15,18.51,18.76,265800,17.96
2009-06-17,18.35,18.43,18.05,18.25,331600,17.48
2009-06-18,18.04,18.11,17.69,17.95,234100,17.19
2009-06-19,18.13,18.33,18.09,18.15,529800,17.4
2009-06-22,18.38,18.38,17.14,17.15,257100,16.44
2009-06-23,17.52,17.72,17.07,17.57,166800,16.84
2009-06-24,17.96,18.16,17.83,17.89,337000,17.15
2009-06-25,17.62,18.13,17.58,18.04,425800,17.29
2009-06-26,18.33,18.61,18.28,18.52,223100,17.75
2009-06-29,18.64,18.8,18.53,18.77,330900,17.99
2009-06-30,18.42,18.42,18.01,18.11,155600,17.36
2009-07-01,18.6,18.63,18.35,18.47,194900,17.7
2009-07-02,18.34,18.41,18.09,18.09,176500,17.34
2009-07-06,17.59,17.69,17.35,17.62,164400,16.89
2009-07-07,17.63,17.66,17.25,17.29,197900,16.57
2009-07-08,16.91,17.11,16.5,16.67,332800,15.98
2009-07-09,17.04,17.21,16.96,17.07,87000,16.36
2009-07-10,16.69,16.89,16.63,16.66,342400,15.97
2009-07-13,16.66,16.97,16.48,16.94,156900,16.24
2009-07-14,17.2,17.45,17.03,17.13,369600,16.42
2009-07-15,17.84,18.16,17.71,18.07,213100,17.32
2009-07-16,17.8,18.09,17.67,18.06,287100,17.31
2009-07-17,18.27,18.35,18.16,18.33,172300,17.57
2009-07-20,18.77,19.03,18.77,18.98,386400,18.19
2009-07-21,18.86,18.97,18.5,18.74,171400,17.96
2009-07-22,18.45,18.64,18.25,18.53,139200,17.76
2009-07-23,18.86,19.44,18.86,19.34,265800,18.54
2009-07-24,19.24,19.34,19,19.34,172500,18.54
2009-07-27,19.25,19.34,19.01,19.28,187100,18.48
2009-07-28,19.21,19.27,18.91,19.18,165400,18.39
2009-07-29,18.92,18.98,18.73,18.86,170500,18.08
2009-07-30,19.13,19.47,19.13,19.21,151500,18.41
2009-07-31,19.61,19.68,19.45,19.46,148700,18.65
2009-08-03,19.91,20.2,19.9,20.08,486500,19.25
2009-08-04,19.94,20.09,19.85,20.07,302300,19.24
2009-08-05,20.01,20.04,19.71,19.91,139600,19.08
2009-08-06,19.63,19.68,19.31,19.38,151400,18.58
2009-08-07,19.51,19.53,19.17,19.3,147600,18.5
2009-08-10,18.88,18.92,18.7,18.83,128000,18.05
2009-08-11,18.85,18.85,18.51,18.6,145200,17.83
2009-08-12,18.71,19.12,18.71,18.97,206100,18.18
2009-08-13,19.3,19.4,19.18,19.36,384600,18.56
2009-08-14,19.3,19.36,18.93,19.15,93600,18.36
2009-08-17,18.4,18.43,17.83,18.11,468400,17.36
2009-08-18,18.45,18.75,18.45,18.57,118200,17.8
2009-08-19,18.22,18.58,18.18,18.45,142900,17.69
2009-08-20,18.41,18.69,18.36,18.65,84700,17.88
2009-08-21,18.92,19.15,18.91,19.01,140800,18.22
2009-08-24,19.2,19.27,19.01,19.08,178000,18.29
2009-08-25,19.23,19.39,19.16,19.24,132100,18.44
2009-08-26,19.25,19.44,19.25,19.38,65800,18.58
2009-08-27,19.3,19.45,19.18,19.41,101700,18.61
2009-08-28,19.63,19.71,19.4,19.48,164500,18.67
2009-08-31,19.24,19.4,19.07,19.33,161600,18.53
2009-09-01,19.25,19.37,18.76,18.8,533000,18.02
2009-09-02,18.81,19.19,18.81,19.06,131500,18.27
2009-09-03,19.02,19.28,18.98,19.21,171200,18.41
2009-09-04,19.44,19.67,19.39,19.6,247800,18.79
2009-09-08,19.99,20.27,19.88,20.18,420700,19.34
2009-09-09,20.26,20.39,20.11,20.29,283100,19.45
2009-09-10,19.99,20.35,19.99,20.28,195200,19.44
2009-09-11,20.19,20.29,20.02,20.14,201300,19.31
2009-09-14,19.98,20.2,19.78,20.18,231700,19.34
2009-09-15,20.35,20.67,20.28,20.5,268800,19.65
2009-09-16,20.75,21,20.62,20.99,268300,20.12
2009-09-17,20.72,20.87,20.55,20.57,199000,19.72
2009-09-18,20.78,20.88,20.74,20.77,83900,19.95
2009-09-21,20.65,21.2,20.55,20.78,142400,19.96
2009-09-22,21,21.08,20.86,20.99,299000,20.16
2009-09-23,20.87,21.07,20.61,20.61,138400,19.79
2009-09-24,20.75,20.94,20.46,20.46,150400,19.65
2009-09-25,20.61,20.75,20.51,20.56,81900,19.74
2009-09-28,20.63,21.04,20.61,20.97,231400,20.14
2009-09-29,21.01,21.08,20.87,20.98,182800,20.15
2009-09-30,21.14,21.3,20.9,21.17,182500,20.33
2009-10-01,21.34,21.34,20.75,20.75,215000,19.93
2009-10-02,20.6,20.86,20.6,20.61,228100,19.79
2009-10-05,20.98,21.48,20.98,21.37,147800,20.52
2009-10-06,21.6,21.64,21.35,21.53,385800,20.68
2009-10-07,21.5,21.5,21.27,21.34,121100,20.49
2009-10-08,21.56,21.7,21.45,21.64,193500,20.78
2009-10-09,21.44,21.51,21.33,21.5,274600,20.65
2009-10-12,21.78,21.85,21.62,21.72,126900,20.86
2009-10-13,21.78,21.84,21.62,21.77,141200,20.91
2009-10-14,22.22,22.42,22.16,22.42,409800,21.53
2009-10-15,22.16,22.27,22.06,22.25,216300,21.37
2009-10-16,22.1,22.13,21.89,22.05,127300,21.18
2009-10-19,22.21,22.41,22.16,22.35,223400,21.46
2009-10-20,22.26,22.38,21.95,22.03,178800,21.16
2009-10-21,21.82,22.04,21.53,21.66,573700,20.8
2009-10-22,21.53,21.75,21.25,21.63,347000,20.77
2009-10-23,21.57,21.64,21.16,21.16,174700,20.32
2009-10-26,21.19,21.4,20.8,20.89,308000,20.06
2009-10-27,20.84,20.84,20.22,20.24,626000,19.44
2009-10-28,20.33,20.38,19.85,19.95,350100,19.16
2009-10-29,20.06,20.5,19.93,20.5,236400,19.69
2009-10-30,20.01,20.01,19.23,19.32,562200,18.55
2009-11-02,19.44,19.81,19.34,19.56,321100,18.78
2009-11-03,19.2,19.37,19.1,19.33,323000,18.56
2009-11-04,19.91,20.13,19.81,19.82,362700,19.03
2009-11-05,20.33,20.49,20.13,20.49,260200,19.68
2009-11-06,20.23,20.54,20.2,20.45,397100,19.64
2009-11-09,20.81,21.16,20.64,21.12,560800,20.28
2009-11-10,20.84,21.01,20.69,20.77,493600,19.95
2009-11-11,21.29,21.4,21.15,21.32,347500,20.47
2009-11-12,21.2,21.2,20.85,20.92,308000,20.09
2009-11-13,21.22,21.44,21.16,21.39,205600,20.54
2009-11-16,21.64,21.88,21.53,21.76,301900,20.9
2009-11-17,21.63,21.77,21.5,21.7,179300,20.84
2009-11-18,21.7,21.78,21.55,21.74,653200,20.88
2009-11-19,21.25,21.3,20.95,21.07,216300,20.23
2009-11-20,21.31,21.38,21.19,21.27,114000,20.43
2009-11-23,21.63,21.81,21.54,21.6,110100,20.74
2009-11-24,21.61,21.68,21.42,21.53,132800,20.68
2009-11-25,21.7,21.8,21.65,21.69,248600,20.83
2009-11-27,20.68,21.27,20.68,21.11,269700,20.27
2009-11-30,21.37,21.55,21.3,21.52,94000,20.67
2009-12-01,21.95,22.09,21.82,22.06,287700,21.18
2009-12-02,21.98,22.06,21.78,21.96,167900,21.09
2009-12-03,22.09,22.17,21.8,21.8,175000,20.94
2009-12-04,22.26,22.35,21.88,22.09,201000,21.21
2009-12-07,21.68,21.74,21.53,21.57,302700,20.71
2009-12-08,21.64,21.7,21.51,21.55,155900,20.7
2009-12-09,21.74,21.86,21.7,21.86,341700,20.99
2009-12-10,21.93,22.15,21.93,22.05,281900,21.18
2009-12-11,21.96,22,21.71,21.77,155100,20.91
2009-12-14,21.82,21.85,21.7,21.81,91100,20.94
2009-12-15,21.61,21.62,21.47,21.6,136300,20.74
2009-12-16,21.6,21.78,21.6,21.62,231400,20.76
2009-12-17,21.58,21.58,21.3,21.39,159500,20.54
2009-12-18,21.33,21.42,21.06,21.25,340500,20.48
2009-12-21,21.27,21.3,21.11,21.23,158100,20.46
2009-12-22,21.19,21.4,21.19,21.35,262100,20.58
2009-12-23,21.91,21.91,21.71,21.83,176800,21.04
2009-12-24,22.06,22.15,22.03,22.11,57600,21.31
2009-12-28,22.24,22.24,22.07,22.14,184800,21.34
2009-12-29,22.19,22.19,22.02,22.15,169600,21.35
2009-12-30,22.05,22.2,22.03,22.12,66500,21.32
2009-12-31,22.31,22.31,22.03,22.07,93100,21.27
2010-01-04,22.6,22.78,22.42,22.71,260000,21.89
2010-01-05,22.83,22.92,22.79,22.92,348700,22.09
2010-01-06,23.09,23.18,23,23.05,347200,22.21
2010-01-07,23,23.1,22.95,23.03,201500,22.19
2010-01-08,22.91,23.01,22.77,22.98,262700,22.15
2010-01-11,23.2,23.26,22.95,23.01,204700,22.18
2010-01-12,22.9,22.93,22.61,22.78,395100,21.95
2010-01-13,23.05,23.2,22.91,23.15,144400,22.31
2010-01-14,23.18,23.35,23.18,23.32,221100,22.47
2010-01-15,23.17,23.21,22.85,22.85,234500,22.02
2010-01-19,22.85,23.23,22.85,23.18,589000,22.34
2010-01-20,22.72,22.75,22.47,22.65,1699500,21.83
2010-01-21,22.43,22.43,21.7,21.7,550100,20.91
2010-01-22,21.65,21.81,21.3,21.37,474200,20.59
2010-01-25,21.74,21.75,21.53,21.61,279600,20.83
2010-01-26,21.59,21.59,21.24,21.29,686100,20.52
2010-01-27,21.04,21.13,20.73,21.03,780800,20.27
2010-01-28,21.11,21.13,20.56,20.65,483700,19.9
2010-01-29,21.02,21.18,20.67,20.72,591000,19.97
2010-02-01,21.06,21.25,21,21.19,287600,20.42
2010-02-02,21,21.16,20.85,21.09,404700,20.32
2010-02-03,21.23,21.39,21.2,21.24,174200,20.47
2010-02-04,20.84,20.85,20.25,20.27,417900,19.53
2010-02-05,20.09,20.2,19.55,20,644600,19.27
2010-02-08,20.16,20.32,20.01,20.01,208300,19.28
2010-02-09,20.4,20.64,20.25,20.54,301300,19.79
2010-02-10,20.33,20.45,20.17,20.38,346600,19.64
2010-02-11,20.6,20.89,20.46,20.87,214400,20.11
2010-02-12,20.64,20.81,20.48,20.77,172300,20.02
2010-02-16,20.9,21.04,20.8,21,469400,20.24
2010-02-17,21.08,21.15,21.01,21.15,241700,20.38
2010-02-18,20.96,21.19,20.9,21.14,243600,20.37
2010-02-19,20.92,21.09,20.8,20.96,280300,20.2
2010-02-22,20.96,20.99,20.74,20.76,207700,20.01
2010-02-23,20.83,20.83,20.42,20.46,365800,19.72
2010-02-24,20.8,20.87,20.68,20.74,312300,19.99
2010-02-25,20.41,20.61,20.27,20.6,269700,19.85
2010-02-26,20.93,20.99,20.79,20.97,161700,20.21
2010-03-01,21.13,21.31,21.11,21.28,298300,20.51
2010-03-02,21.5,21.59,21.44,21.51,454500,20.73
2010-03-03,21.82,21.92,21.7,21.81,383700,21.02
2010-03-04,21.88,21.93,21.7,21.79,232100,21
2010-03-05,22,22.24,21.94,22.22,353800,21.41
2010-03-08,22.16,22.2,22.08,22.14,232400,21.34
2010-03-09,21.94,22.12,21.84,21.95,196600,21.15
2010-03-10,22,22.19,21.98,22.08,1216800,21.28
2010-03-11,21.95,22.03,21.81,21.99,233500,21.19
2010-03-12,22,22.11,21.82,21.85,151900,21.06
2010-03-15,21.85,21.93,21.73,21.86,166500,21.07
2010-03-16,22.2,22.3,22.03,22.2,339800,21.39
2010-03-17,22.32,22.48,22.25,22.39,245100,21.58
2010-03-18,22.37,22.4,22.2,22.32,170700,21.51
2010-03-19,22.16,22.46,21.98,22.16,442900,21.36
2010-03-22,22.14,22.37,22.06,22.29,443300,21.48
2010-03-23,22.26,22.45,22.19,22.45,162700,21.64
2010-03-24,22.28,22.35,22.2,22.24,162700,21.43
2010-03-25,22.37,22.6,22.24,22.3,286100,21.49
2010-03-26,22.44,22.7,22.4,22.49,307800,21.67
2010-03-29,22.85,22.95,22.75,22.88,474300,22.05
2010-03-30,22.79,22.82,22.63,22.7,356200,21.88
2010-03-31,22.72,22.81,22.59,22.76,126300,21.93
2010-04-01,22.9,23.07,22.86,22.99,257000,22.16
2010-04-05,23.32,23.62,23.32,23.54,320800,22.69
2010-04-06,23.41,23.56,23.32,23.54,258700,22.69
2010-04-07,23.4,23.43,23.16,23.28,202500,22.44
2010-04-08,23.13,23.28,22.94,23.22,243100,22.38
2010-04-09,23.35,23.48,23.26,23.42,554300,22.57
2010-04-12,23.3,23.3,23.15,23.25,252400,22.41
2010-04-13,23.13,23.23,23.02,23.19,284900,22.35
2010-04-14,23.36,23.5,23.3,23.47,520000,22.62
2010-04-15,23.2,23.22,23.06,23.15,351400,22.31
2010-04-16,23.05,23.06,22.48,22.58,539300,21.76
2010-04-19,22.48,22.7,22.42,22.7,510400,21.88
2010-04-20,22.78,22.9,22.67,22.85,288200,22.02
2010-04-21,22.84,22.84,22.56,22.75,226300,21.92
2010-04-22,22.73,23.04,22.56,23.03,461000,22.19
2010-04-23,22.94,23.13,22.82,23.09,161400,22.25
2010-04-26,23.06,23.1,22.88,22.91,205900,22.08
2010-04-27,22.82,22.94,22.39,22.45,601800,21.64
2010-04-28,22.66,22.74,22.44,22.65,393200,21.83
2010-04-29,22.72,22.94,22.69,22.92,392700,22.09
2010-04-30,22.98,22.98,22.52,22.53,467200,21.71
2010-05-03,22.75,22.95,22.7,22.9,179500,22.07
2010-05-04,22.31,22.35,21.82,21.98,701800,21.18
2010-05-05,21.95,22.08,21.7,21.87,562500,21.08
2010-05-06,21.67,21.81,19.59,20.88,1203900,20.12
2010-05-07,21.16,21.41,20.75,21.07,1156700,20.31
2010-05-10,22.22,22.44,22.12,22.36,712800,21.55
2010-05-11,21.86,22.27,21.83,22.03,567700,21.23
2010-05-12,22.13,22.25,22.06,22.2,429100,21.39
2010-05-13,22.1,22.2,21.85,21.85,243600,21.06
2010-05-14,21.7,21.72,21.27,21.47,463200,20.69
2010-05-17,21.53,21.53,20.97,21.35,568000,20.58
2010-05-18,21.58,21.71,20.98,20.98,384700,20.22
2010-05-19,20.58,20.82,20.35,20.69,825300,19.94
2010-05-20,20.17,20.32,19.86,19.95,721700,19.23
2010-05-21,19.85,20.63,19.8,20.63,630300,19.88
2010-05-24,20.47,20.62,20.27,20.32,341600,19.58
2010-05-25,19.68,20.25,19.46,20.08,1051800,19.35
2010-05-26,20.22,20.36,19.83,19.86,334100,19.14
2010-05-27,20.58,20.96,20.46,20.88,494000,20.12
2010-05-28,21.03,21.19,20.81,20.93,429500,20.17
2010-06-01,20.77,21,20.49,20.52,429600,19.78
2010-06-02,20.82,21.32,20.81,21.31,477200,20.54
2010-06-03,21.34,21.49,21.17,21.44,242300,20.66
2010-06-04,20.96,21.12,20.61,20.67,771600,19.92
2010-06-07,20.88,21,20.56,20.63,498800,19.88
2010-06-08,20.82,20.99,20.56,20.99,428800,20.23
2010-06-09,21.04,21.28,20.79,20.84,606000,20.08
2010-06-10,21.38,21.6,21.29,21.6,567200,20.82
2010-06-11,21.17,21.46,21.15,21.41,263900,20.63
2010-06-14,21.88,22.04,21.62,21.62,358700,20.84
2010-06-15,21.83,22.25,21.8,22.25,449200,21.44
2010-06-16,21.95,22.15,21.88,22.06,401200,21.26
2010-06-17,22.24,22.27,21.99,22.2,330000,21.39
2010-06-18,22.26,22.26,22.13,22.16,151100,21.36
2010-06-21,22.58,22.76,22.4,22.55,320700,21.73
2010-06-22,22.55,22.55,22.1,22.11,379200,21.31
2010-06-23,22.32,22.43,22.07,22.33,316300,21.52
2010-06-24,22.25,22.3,22.03,22.07,281200,21.27
2010-06-25,22.25,22.65,22.25,22.65,333100,21.83
2010-06-28,22.71,22.9,22.59,22.83,558600,22
2010-06-29,22.45,22.45,22.06,22.1,348400,21.3
2010-06-30,22.55,22.71,22.34,22.39,262300,21.58
2010-07-01,22.38,22.44,22.07,22.36,353500,21.55
2010-07-02,22.3,22.38,22.11,22.18,163500,21.38
2010-07-06,22.34,22.57,22.09,22.3,434800,21.49
2010-07-07,22.24,22.49,22.11,22.47,565400,21.65
2010-07-08,22.43,22.49,22.27,22.45,229700,21.64
2010-07-09,22.37,22.76,22.37,22.75,132800,21.92
2010-07-12,22.69,22.75,22.58,22.6,253600,21.78
2010-07-13,22.72,22.91,22.62,22.9,308500,22.07
2010-07-14,22.54,22.63,22.4,22.49,264800,21.67
2010-07-15,22.44,22.52,22.24,22.47,93700,21.65
2010-07-16,22.37,22.4,21.99,21.99,260600,21.19
2010-07-19,22.17,22.37,22.1,22.33,151200,21.52
2010-07-20,22.1,22.45,21.99,22.44,282200,21.63
2010-07-21,22.29,22.38,21.98,22.05,232700,21.25
2010-07-22,22.38,22.72,22.38,22.57,268200,21.75
2010-07-23,22.47,22.67,22.39,22.62,173800,21.8
2010-07-26,22.39,22.59,22.39,22.54,126400,21.72
2010-07-27,22.6,22.74,22.46,22.48,159300,21.66
2010-07-28,22.41,22.41,22.23,22.3,115700,21.49
2010-07-29,22.54,22.57,22.24,22.39,161200,21.58
2010-07-30,22.19,22.6,22.19,22.5,199800,21.68
2010-08-02,22.73,22.98,22.69,22.96,287400,22.13
2010-08-03,22.97,22.97,22.69,22.86,247500,22.03
2010-08-04,23,23.03,22.9,22.99,147900,22.16
2010-08-05,22.86,22.91,22.69,22.77,147200,21.94
2010-08-06,22.76,22.8,22.5,22.8,106300,21.97
2010-08-09,22.95,22.98,22.86,22.9,192800,22.07
2010-08-10,22.66,22.79,22.52,22.65,147900,21.83
2010-08-11,22.27,22.29,22.09,22.09,232100,21.29
2010-08-12,22.09,22.35,22.09,22.28,317400,21.47
2010-08-13,22.47,22.52,22.39,22.48,252800,21.66
2010-08-16,22.33,22.43,22.21,22.41,305700,21.6
2010-08-17,22.45,22.57,22.38,22.49,201100,21.67
2010-08-18,22.62,22.73,22.5,22.67,124900,21.85
2010-08-19,22.81,22.83,22.55,22.67,277100,21.85
2010-08-20,22.7,22.72,22.57,22.7,150700,21.88
2010-08-23,22.83,22.91,22.64,22.67,310400,21.85
2010-08-24,22.49,22.57,22.32,22.38,453800,21.57
2010-08-25,22.23,22.38,22.1,22.28,301100,21.47
2010-08-26,22.38,22.41,22.18,22.2,132200,21.39
2010-08-27,22.24,22.4,22,22.38,230200,21.57
2010-08-30,22.31,22.31,22,22,228600,21.2
2010-08-31,22.09,22.18,21.97,22.12,203000,21.32
2010-09-01,22.51,22.85,22.5,22.83,350800,22
2010-09-02,22.61,22.7,22.5,22.64,259500,21.82
2010-09-03,22.71,22.9,22.71,22.85,265900,22.02
2010-09-07,22.9,22.99,22.83,22.93,233500,22.1
2010-09-08,23.08,23.34,23.06,23.27,218600,22.43
2010-09-09,23.4,23.44,23.26,23.35,208300,22.5
2010-09-10,23.39,23.5,23.39,23.5,118300,22.65
2010-09-13,23.72,23.99,23.72,23.99,474400,23.12
2010-09-14,24,24.18,23.87,24.1,348500,23.23
2010-09-15,24.12,24.35,24.11,24.35,329500,23.47
2010-09-16,24.08,24.21,24.05,24.15,190100,23.27
2010-09-17,24.42,24.47,24.27,24.41,394100,23.57
2010-09-20,24.85,25.15,24.69,25.04,768000,24.18
2010-09-21,25.09,25.13,24.94,25.04,694900,24.18
2010-09-22,25,25.07,24.83,24.84,350100,23.98
2010-09-23,24.7,24.91,24.6,24.66,260400,23.81
2010-09-24,25.33,25.51,25.28,25.51,387900,24.63
2010-09-27,25.46,25.5,25.36,25.36,345300,24.49
2010-09-28,25.46,25.55,25.25,25.45,199100,24.57
2010-09-29,25.34,25.41,25.23,25.33,236300,24.46
2010-09-30,25.39,25.43,25.18,25.26,420000,24.39
2010-10-01,25.98,26.13,25.87,26.1,393100,25.2
2010-10-04,26.02,26.14,25.92,26.09,388000,25.19
2010-10-05,26.12,26.4,26.08,26.38,577900,25.47
2010-10-06,26.38,26.39,26.25,26.34,341700,25.43
2010-10-07,26.21,26.36,26.05,26.07,262400,25.17
2010-10-08,26.08,26.27,26,26.19,278300,25.29
2010-10-11,26.1,26.18,26.01,26.16,469600,25.26
2010-10-12,25.9,25.96,25.69,25.84,507200,24.95
2010-10-13,26.18,26.52,26.18,26.48,514100,25.57
2010-10-14,26.23,26.33,26.07,26.19,273800,25.29
2010-10-15,26.05,26.05,25.77,25.85,472400,24.96
2010-10-18,25.95,26.08,25.82,25.82,548200,24.93
2010-10-19,25.48,25.55,25.2,25.28,618500,24.41
2010-10-20,25.4,25.64,25.33,25.58,493300,24.7
2010-10-21,25.82,26.03,25.7,25.8,352400,24.91
2010-10-22,25.78,25.82,25.67,25.73,251400,24.84
2010-10-25,25.9,26.03,25.79,25.83,224300,24.94
2010-10-26,25.54,25.72,25.54,25.63,292500,24.75
2010-10-27,25.44,25.44,25.1,25.24,350500,24.37
2010-10-28,25.41,25.42,25.19,25.35,254700,24.48
2010-10-29,25.34,25.43,25.26,25.43,220500,24.55
2010-11-01,25.58,25.7,25.43,25.58,362000,24.7
2010-11-02,25.55,25.84,25.55,25.82,369200,24.93
2010-11-03,25.77,25.9,25.53,25.9,377000,25.01
2010-11-04,26.34,26.62,26.3,26.62,1027800,25.7
2010-11-05,26.49,26.72,26.41,26.65,646900,25.73
2010-11-08,26.22,26.35,26.12,26.25,536400,25.35
2010-11-09,26.37,26.43,25.98,26.06,493800,25.16
2010-11-10,26.27,26.33,26,26.33,343900,25.42
2010-11-11,25.89,25.94,25.75,25.77,278200,24.88
2010-11-12,25.22,25.41,24.9,24.95,639400,24.09
2010-11-15,25.18,25.22,24.87,24.87,263600,24.01
2010-11-16,24.49,24.5,23.99,23.99,773800,23.16
2010-11-17,24.13,24.3,24.08,24.16,715100,23.33
2010-11-18,24.55,24.7,24.48,24.68,437800,23.83
2010-11-19,24.09,24.17,23.91,24.07,785300,23.24
2010-11-22,24.24,24.43,24.11,24.41,573400,23.57
2010-11-23,23.81,24,23.62,23.62,477500,22.81
2010-11-24,23.79,23.97,23.74,23.96,717200,23.13
2010-11-26,23.18,23.4,23.07,23.1,571800,22.3
2010-11-29,23.21,23.48,23.1,23.48,432700,22.67
2010-11-30,23.38,23.63,23.3,23.47,390200,22.66
2010-12-01,24.38,24.49,24.24,24.43,830800,23.59
2010-12-02,24.47,24.75,24.46,24.69,486600,23.84
2010-12-03,24.6,24.74,24.52,24.73,273800,23.88
2010-12-06,24.82,24.82,24.66,24.73,197100,23.88
2010-12-07,25.06,25.06,24.74,24.79,309700,23.94
2010-12-08,24.5,24.58,24.36,24.54,286400,23.69
2010-12-09,24,24.06,23.71,23.71,709400,22.89
2010-12-10,24.16,24.23,24.04,24.23,442100,23.4
2010-12-13,24.39,24.52,24.37,24.43,542500,23.59
2010-12-14,24.62,24.73,24.56,24.67,256500,23.82
2010-12-15,24.4,24.41,24.21,24.21,285000,23.38
2010-12-16,24.43,24.64,24.43,24.63,249700,23.78
2010-12-17,24.45,24.49,24.23,24.49,397900,23.83
2010-12-20,24.34,24.38,24.2,24.26,269500,23.61
2010-12-21,24.59,24.69,24.54,24.69,339800,24.02
2010-12-22,24.63,24.74,24.57,24.74,210700,24.07
2010-12-23,24.64,24.73,24.57,24.73,343200,24.06
2010-12-27,24.67,24.67,24.55,24.57,167100,23.91
2010-12-28,24.6,24.71,24.52,24.52,169600,23.86
2010-12-29,24.92,24.98,24.85,24.98,275400,24.31
2010-12-30,25.09,25.15,25.03,25.11,312400,24.43
2010-12-31,25.2,25.42,25.2,25.42,309200,24.73
2011-01-03,25.6,25.69,25.42,25.69,361200,25
2011-01-04,25.48,25.58,25.25,25.31,506300,24.63
2011-01-05,25.11,25.25,25,25.14,584800,24.46
2011-01-06,25.02,25.04,24.66,24.74,543000,24.07
2011-01-07,24.43,24.43,24.07,24.19,473700,23.54
2011-01-10,23.77,23.77,23.6,23.63,506600,22.99
2011-01-11,23.89,23.89,23.68,23.74,876500,23.1
2011-01-12,24.16,24.26,24.03,24.25,699700,23.6
2011-01-13,23.82,23.87,23.66,23.69,597300,23.05
2011-01-14,23.34,23.4,23.25,23.32,395600,22.69
2011-01-18,23.46,23.54,23.41,23.53,310300,22.9
2011-01-19,23.38,23.44,23.13,23.18,595300,22.55
2011-01-20,23.23,23.34,23.08,23.11,877200,22.49
2011-01-21,23.26,23.33,23.15,23.25,398500,22.62
2011-01-24,23.39,23.59,23.31,23.59,338900,22.95
2011-01-25,23.11,23.24,22.95,23,566700,22.38
2011-01-26,23.1,23.24,23.08,23.2,555500,22.57
2011-01-27,22.93,22.93,22.69,22.85,736600,22.23
2011-01-28,22.47,22.53,22.05,22.05,1317500,21.46
2011-01-31,22.26,22.37,22.22,22.32,1102700,21.72
2011-02-01,22.06,22.38,22,22.38,853500,21.78
2011-02-02,22.32,22.38,22.15,22.17,720800,21.57
2011-02-03,22.51,22.58,22.34,22.38,1204100,21.78
2011-02-04,22.18,22.2,21.9,21.98,563600,21.39
2011-02-07,22.16,22.29,22.1,22.28,669100,21.68
2011-02-08,21.95,22.05,21.89,21.98,572400,21.39
2011-02-09,21.71,21.72,21.44,21.46,904400,20.88
2011-02-10,21.35,21.46,21.22,21.35,910900,20.77
2011-02-11,21.57,21.89,21.51,21.89,1161800,21.3
2011-02-14,22.16,22.22,22.02,22.13,625300,21.53
2011-02-15,22.17,22.28,22.12,22.23,471900,21.63
2011-02-16,22.21,22.33,22.19,22.22,366700,21.62
2011-02-17,22.41,22.55,22.39,22.48,728000,21.87
2011-02-18,22.26,22.35,22.2,22.32,594300,21.72
2011-02-22,22.3,22.42,21.97,22.14,720300,21.54
2011-02-23,22.18,22.29,21.85,21.95,885700,21.36
2011-02-24,21.61,21.73,21.44,21.66,792900,21.08
2011-02-25,21.69,21.82,21.66,21.82,730000,21.23
2011-02-28,21.88,21.98,21.83,21.98,549500,21.39
2011-03-01,22.55,22.6,22.18,22.26,1082100,21.66
2011-03-02,22.29,22.45,22.27,22.3,570100,21.7
2011-03-03,22.59,22.81,22.57,22.81,942700,22.19
2011-03-04,22.69,22.69,22.36,22.5,661500,21.89
2011-03-07,22.41,22.41,22.05,22.14,581900,21.54
2011-03-08,22.53,22.71,22.4,22.71,779000,22.1
2011-03-09,22.66,22.7,22.53,22.6,379300,21.99
2011-03-10,22.35,22.38,22.05,22.09,1174500,21.49
2011-03-11,22.18,22.45,22.17,22.45,573700,21.84
2011-03-14,22.5,22.69,22.45,22.69,538200,22.08
2011-03-15,22.12,22.46,22.04,22.34,615300,21.74
2011-03-16,22.46,22.48,21.99,22.11,692000,21.51
2011-03-17,22.34,22.48,22.18,22.34,650700,21.74
2011-03-18,22.23,22.23,21.98,21.98,417400,21.39
2011-03-21,22.13,22.21,22.06,22.21,310400,21.61
2011-03-22,22.22,22.31,22.2,22.25,193300,21.65
2011-03-23,22.41,22.73,22.36,22.73,987300,22.12
2011-03-24,22.77,23,22.7,23,886300,22.38
2011-03-25,23.22,23.33,23.05,23.05,815300,22.43
2011-03-28,23.16,23.25,23.04,23.08,373800,22.46
2011-03-29,23.38,23.69,23.37,23.69,553400,23.05
2011-03-30,23.77,23.85,23.67,23.77,955100,23.13
2011-03-31,23.97,24.02,23.9,23.98,622600,23.33
2011-04-01,24.08,24.21,24.03,24.2,729600,23.55
2011-04-04,24.51,24.57,24.31,24.57,539900,23.91
2011-04-05,24.48,24.57,24.36,24.52,425300,23.86
2011-04-06,24.53,24.59,24.4,24.4,326100,23.74
2011-04-07,24.34,24.47,24.21,24.36,438300,23.7
2011-04-08,24.35,24.35,24.06,24.12,323900,23.47
2011-04-11,24,24,23.66,23.7,419700,23.06
2011-04-12,23.64,23.66,23.48,23.55,306500,22.91
2011-04-13,24.18,24.29,24.04,24.13,584400,23.48
2011-04-14,24.05,24.3,23.94,24.3,528100,23.64
2011-04-15,23.98,23.98,23.74,23.77,428700,23.13
2011-04-18,23.4,23.46,23.24,23.3,419900,22.67
2011-04-19,23.69,23.73,23.55,23.71,512400,23.07
2011-04-20,24.25,24.25,24.11,24.24,407700,23.59
2011-04-21,24.24,24.28,24.15,24.17,179700,23.52
2011-04-25,24.1,24.1,23.96,24,220300,23.35
2011-04-26,24.08,24.24,23.97,24.23,521600,23.58
2011-04-27,24.09,24.18,23.91,24.11,368800,23.46
2011-04-28,23.93,24,23.81,23.87,361100,23.23
2011-04-29,23.87,23.97,23.81,23.97,140000,23.32
2011-05-02,23.7,23.73,23.54,23.56,324300,22.92
2011-05-03,23.15,23.17,22.86,23,706800,22.38
2011-05-04,23.09,23.14,22.78,22.83,639900,22.21
2011-05-05,22.61,22.81,22.44,22.54,654600,21.93
2011-05-06,22.95,23.14,22.82,22.95,387300,22.33
2011-05-09,23.02,23.1,22.94,23.03,179000,22.41
2011-05-10,23.06,23.16,23.03,23.12,237700,22.5
2011-05-11,23.08,23.08,22.71,22.81,550100,22.19
2011-05-12,22.69,22.88,22.57,22.83,434000,22.21
2011-05-13,22.92,22.94,22.65,22.67,515200,22.06
2011-05-16,22.62,22.78,22.54,22.54,262300,21.93
2011-05-17,22.31,22.4,22.18,22.26,890000,21.66
2011-05-18,22.23,22.42,22.16,22.42,609500,21.82
2011-05-19,22.37,22.42,22.25,22.3,298400,21.7
2011-05-20,22.44,22.44,22.2,22.26,348300,21.66
2011-05-23,21.97,21.98,21.81,21.84,492800,21.25
2011-05-24,21.91,21.98,21.86,21.94,231000,21.35
2011-05-25,21.73,21.89,21.66,21.75,261000,21.16
2011-05-26,22,22.22,21.92,22.22,332300,21.62
2011-05-27,22.38,22.49,22.24,22.44,238600,21.83
2011-05-31,22.78,22.87,22.65,22.87,389700,22.25
2011-06-01,22.87,23.01,22.64,22.66,475400,22.05
2011-06-02,22.93,22.94,22.74,22.93,363400,22.31
2011-06-03,22.51,22.85,22.51,22.74,250100,22.13
2011-06-06,22.77,22.86,22.61,22.61,323400,22
2011-06-07,22.96,23.02,22.83,22.89,549700,22.27
2011-06-08,22.86,22.93,22.73,22.73,182800,22.12
2011-06-09,22.85,23.01,22.79,23.01,203000,22.39
2011-06-10,22.63,22.76,22.46,22.46,775700,21.85
2011-06-13,22.7,22.85,22.53,22.61,620900,22
2011-06-14,22.74,22.94,22.74,22.94,273700,22.32
2011-06-15,22.55,22.62,22.27,22.32,626200,21.72
2011-06-16,22.4,22.4,22.15,22.3,438400,21.7
2011-06-17,22.37,22.37,22.19,22.22,130200,21.62
2011-06-20,21.81,21.83,21.7,21.75,625900,21.16
2011-06-21,21.85,22.11,21.79,22.11,321900,21.51
2011-06-22,21.85,21.95,21.7,21.7,244400,21.11
2011-06-23,21.74,22.08,21.69,22.07,460500,21.47
2011-06-24,22.4,22.49,22.3,22.4,457200,21.8
2011-06-27,22.68,22.87,22.64,22.77,499500,22.16
2011-06-28,22.79,23.07,22.78,23.03,653600,22.41
2011-06-29,23.04,23.22,22.98,23.21,346000,22.58
2011-06-30,23.15,23.46,23.15,23.46,365800,22.83
2011-07-01,23.17,23.49,23.17,23.44,372700,22.81
2011-07-05,23.45,23.45,23.21,23.31,362900,22.68
2011-07-06,23.18,23.28,23.07,23.09,262000,22.47
2011-07-07,23.65,23.84,23.57,23.83,506300,23.19
2011-07-08,23.32,23.44,23.19,23.35,396600,22.72
2011-07-11,23.08,23.12,22.91,22.95,550600,22.33
2011-07-12,22.83,22.99,22.72,22.72,436500,22.11
2011-07-13,23.01,23.06,22.79,23,981500,22.38
2011-07-14,23.1,23.16,22.79,22.89,680000,22.27
2011-07-15,23.02,23.05,22.88,23.05,349300,22.43
2011-07-18,22.84,22.89,22.72,22.81,261500,22.19
2011-07-19,23.14,23.44,23.1,23.42,515700,22.79
2011-07-20,23.03,23.16,22.96,23.01,225000,22.39
2011-07-21,23.06,23.24,23.02,23.24,598200,22.61
2011-07-22,23.23,23.25,23.15,23.21,136700,22.58
2011-07-25,23.37,23.47,23.33,23.42,340500,22.79
2011-07-26,23.18,23.28,23.15,23.16,254700,22.54
2011-07-27,23.26,23.26,22.8,22.85,584700,22.23
2011-07-28,22.95,22.96,22.73,22.74,367200,22.13
2011-07-29,22.65,22.95,22.61,22.91,907300,22.29
2011-08-01,23.05,23.05,22.62,22.89,386600,22.27
2011-08-02,22.75,22.81,22.38,22.39,931400,21.79
2011-08-03,22.52,22.56,22.2,22.45,473300,21.84
2011-08-04,22.04,22.12,21.39,21.39,755800,20.81
2011-08-05,21.74,21.83,21.05,21.54,890500,20.96
2011-08-08,20.95,21.17,20.08,20.1,1559500,19.56
2011-08-09,20.87,21.39,20.52,21.37,1451500,20.79
2011-08-10,20.75,20.93,20.33,20.34,881100,19.79
2011-08-11,20.74,21.3,20.66,21.2,1480900,20.63
2011-08-12,20.9,20.93,20.63,20.8,643000,20.24
2011-08-15,20.92,21.08,20.9,21.05,710900,20.48
2011-08-16,20.56,20.56,20.22,20.32,880600,19.77
2011-08-17,20.51,20.69,20.46,20.63,319400,20.07
2011-08-18,19.93,19.95,19.42,19.55,1304300,19.02
2011-08-19,19.48,19.84,19.37,19.39,695400,18.87
2011-08-22,19.91,20.04,19.69,19.8,608600,19.27
2011-08-23,20.02,20.2,19.83,20.2,415100,19.65
2011-08-24,19.97,19.97,19.67,19.86,543500,19.32
2011-08-25,19.71,19.81,19.39,19.4,461900,18.88
2011-08-26,19.11,19.38,18.87,19.3,381400,18.78
2011-08-29,19.82,20.11,19.81,20.11,468800,19.57
2011-08-30,20.06,20.17,19.99,20.1,209500,19.56
2011-08-31,20.44,20.48,20.27,20.43,701500,19.88
2011-09-01,20.33,20.44,20.21,20.21,629300,19.66
2011-09-02,20.18,20.21,19.94,19.99,873000,19.45
2011-09-06,19.98,20.17,19.9,20.17,284900,19.63
2011-09-07,20.37,20.65,20.36,20.65,344200,20.09
2011-09-08,20.26,20.48,20.23,20.27,636000,19.72
2011-09-09,19.94,19.94,19.56,19.66,755800,19.13
2011-09-12,19.35,19.49,19.21,19.46,288500,18.93
2011-09-13,19.35,19.49,19.27,19.49,637900,18.96
2011-09-14,19.57,19.8,19.33,19.64,571100,19.11
2011-09-15,19.86,19.95,19.68,19.93,338700,19.39
2011-09-16,20.05,20.05,19.84,19.99,320900,19.45
2011-09-19,19.5,19.65,19.4,19.59,442600,19.06
2011-09-20,19.73,19.93,19.7,19.71,364300,19.18
2011-09-21,19.7,19.71,19.24,19.28,265000,18.76
2011-09-22,18.31,18.44,17.93,18.07,937500,17.58
2011-09-23,18.15,18.49,18.09,18.49,454800,17.99
2011-09-26,18.26,18.47,18.14,18.45,550400,17.95
2011-09-27,18.93,19.24,18.9,19.07,826200,18.56
2011-09-28,18.9,18.97,18.57,18.57,372700,18.07
2011-09-29,19.05,19.16,18.65,18.89,623400,18.38
2011-09-30,18.59,18.68,18.18,18.22,962700,17.73
2011-10-03,18.38,18.55,18.12,18.12,896400,17.63
2011-10-04,17.98,18.35,17.67,18.31,1800000,17.82
2011-10-05,18.1,18.38,18,18.36,344000,17.86
2011-10-06,18.31,18.74,18.27,18.69,948800,18.19
2011-10-07,18.63,18.71,18.43,18.44,289000,17.94
2011-10-10,18.91,19.2,18.91,19.2,409200,18.68
2011-10-11,18.71,18.9,18.68,18.82,307100,18.31
2011-10-12,19.25,19.62,19.22,19.47,406400,18.94
2011-10-13,19.11,19.19,18.99,19.16,262400,18.64
2011-10-14,19.49,19.55,19.4,19.55,161300,19.02
2011-10-17,19.2,19.28,18.92,18.93,537200,18.42
2011-10-18,18.86,19.21,18.68,19.15,538000,18.63
2011-10-19,19.24,19.28,19.01,19.05,489300,18.54
2011-10-20,18.83,18.91,18.58,18.69,344300,18.19
2011-10-21,18.91,19.02,18.8,19.02,330500,18.51
2011-10-24,18.97,19.3,18.97,19.29,437700,18.77
2011-10-25,19.39,19.46,19.19,19.2,422000,18.68
2011-10-26,19.49,19.52,19.28,19.4,346200,18.88
2011-10-27,20.11,20.73,20.07,20.6,1492100,20.04
2011-10-28,20.24,20.48,20.21,20.45,478600,19.9
2011-10-31,20.04,20.12,19.79,19.84,439400,19.3
2011-11-01,19.44,19.55,19.27,19.42,458500,18.9
2011-11-02,19.81,19.9,19.69,19.86,402800,19.32
2011-11-03,19.96,20.19,19.84,20.1,203400,19.56
2011-11-04,19.79,19.92,19.6,19.79,466700,19.26
2011-11-07,19.77,19.98,19.74,19.98,148100,19.44
2011-11-08,19.85,20.07,19.72,20.07,125400,19.53
2011-11-09,19.34,19.34,18.86,18.88,992400,18.37
2011-11-10,19.03,19.13,18.85,18.95,504100,18.44
2011-11-11,19.22,19.43,19.22,19.39,485800,18.87
2011-11-14,18.92,19,18.74,18.8,478300,18.29
2011-11-15,18.54,18.73,18.49,18.63,239200,18.13
2011-11-16,18.38,18.51,18.19,18.2,298500,17.71
2011-11-17,18.1,18.15,17.7,17.74,988300,17.26
2011-11-18,17.85,17.87,17.69,17.72,278600,17.24
2011-11-21,17.19,17.22,16.89,16.91,581600,16.45
2011-11-22,17.01,17.11,16.89,17.03,480500,16.57
2011-11-23,16.77,16.81,16.55,16.57,961400,16.12
2011-11-25,16.74,16.92,16.69,16.78,360200,16.33
2011-11-28,17.44,17.5,17.31,17.47,573300,17
2011-11-29,17.09,17.3,17.08,17.13,519500,16.67
2011-11-30,17.69,18.06,17.62,18.03,2290700,17.54
2011-12-01,17.74,17.93,17.72,17.77,644400,17.29
2011-12-02,18.26,18.35,18.17,18.25,428000,17.76
2011-12-05,18.24,18.31,18.16,18.19,148300,17.7
2011-12-06,18.11,18.16,18.04,18.08,203300,17.59
2011-12-07,18,18.13,17.9,18.09,347400,17.6
2011-12-08,17.53,17.6,17.14,17.14,1343300,16.68
2011-12-09,17.36,17.53,17.26,17.53,537500,17.06
2011-12-12,16.76,16.76,16.52,16.57,965700,16.12
2011-12-13,16.76,16.82,16.49,16.58,455000,16.13
2011-12-14,16.28,16.36,16.07,16.1,1291000,15.67
2011-12-15,16.53,16.57,16.34,16.45,1027000,16.01
2011-12-16,16.32,16.4,16.26,16.34,454200,15.9
2011-12-19,16.22,16.26,15.96,15.98,1200800,15.55
2011-12-20,16.2,16.51,16.16,16.51,1092000,16.06
2011-12-21,16.61,16.72,16.47,16.64,654100,16.19
2011-12-22,16.76,16.95,16.72,16.94,582400,16.48
2011-12-23,16.64,16.76,16.64,16.74,345100,16.29
2011-12-27,16.71,16.75,16.63,16.65,403900,16.2
2011-12-28,16.61,16.61,16.32,16.41,567400,15.97
2011-12-29,16.34,16.5,16.29,16.5,346500,16.05
2011-12-30,16.38,16.42,16.3,16.3,504700,15.86
2012-01-03,16.72,17.08,16.72,17.06,936400,16.6
2012-01-04,16.78,16.92,16.77,16.84,447200,16.39
2012-01-05,16.75,16.94,16.7,16.91,430000,16.45
2012-01-06,16.96,16.96,16.81,16.9,293900,16.44
2012-01-09,16.93,17.05,16.93,17.04,298600,16.58
2012-01-10,17.62,17.74,17.51,17.69,852300,17.21
2012-01-11,17.47,17.67,17.45,17.61,393400,17.13
2012-01-12,17.43,17.59,17.43,17.54,576700,17.07
2012-01-13,17.5,17.58,17.43,17.51,297900,17.04
2012-01-17,18.21,18.23,18.06,18.15,671600,17.66
2012-01-18,18.26,18.48,18.18,18.48,483200,17.98
2012-01-19,18.58,18.69,18.57,18.67,536600,18.17
2012-01-20,18.57,18.7,18.57,18.7,270400,18.2
2012-01-23,18.79,18.85,18.72,18.76,505000,18.25
2012-01-24,18.77,19.03,18.71,19.03,884200,18.52
2012-01-25,19,19.32,18.91,19.32,977600,18.8
2012-01-26,19.41,19.49,19.24,19.29,657600,18.77
2012-01-27,19.35,19.44,19.27,19.38,317500,18.86
2012-01-30,18.76,19.07,18.76,18.97,638900,18.46
2012-01-31,19.43,19.47,19.2,19.35,455800,18.83
2012-02-01,19.63,19.83,19.59,19.79,1312100,19.26
2012-02-02,19.8,19.9,19.67,19.89,912200,19.35
2012-02-03,20.26,20.42,20.22,20.36,1733600,19.81
2012-02-06,20.15,20.23,20.08,20.22,465900,19.67
2012-02-07,19.87,20.01,19.8,19.93,717100,19.39
2012-02-08,20,20.12,19.96,20.08,285500,19.54
2012-02-09,20.17,20.22,20.11,20.14,317700,19.6
2012-02-10,19.88,19.9,19.75,19.78,731100,19.25
2012-02-13,20.21,20.21,20.01,20.13,504800,19.59
2012-02-14,19.99,20.13,19.98,20.05,486800,19.51
2012-02-15,20.49,20.49,20.3,20.35,824200,19.8
2012-02-16,20.35,20.62,20.34,20.61,699300,20.05
2012-02-17,20.63,20.72,20.6,20.71,251800,20.15
2012-02-21,20.83,20.92,20.76,20.85,1006200,20.29
2012-02-22,20.52,20.61,20.43,20.57,575800,20.01
2012-02-23,20.38,20.52,20.36,20.49,710000,19.94
2012-02-24,20.34,20.48,20.3,20.48,735100,19.93
2012-02-27,19.85,19.96,19.7,19.87,1414500,19.33
2012-02-28,20.08,20.23,20.08,20.21,612700,19.66
2012-02-29,20.37,20.37,20.02,20.02,460700,19.48
2012-03-01,20,20.2,20,20.16,326600,19.62
2012-03-02,19.97,20.02,19.91,19.92,737100,19.38
2012-03-05,19.66,19.7,19.53,19.55,772600,19.02
2012-03-06,19.13,19.13,18.79,18.82,886300,18.31
2012-03-07,18.97,19.17,18.97,19.14,686700,18.62
2012-03-08,19.43,19.52,19.34,19.51,678200,18.98
2012-03-09,19.83,19.91,19.72,19.83,740700,19.29
2012-03-12,19.51,19.63,19.46,19.54,542000,19.01
2012-03-13,19.85,20.2,19.76,20.17,1455200,19.63
2012-03-14,19.94,19.97,19.78,19.79,683800,19.26
2012-03-15,19.53,19.61,19.45,19.57,645500,19.04
2012-03-16,19.27,19.31,19.22,19.22,370500,18.72
2012-03-19,19,19.12,18.94,19.04,415500,18.54
2012-03-20,18.96,18.98,18.79,18.86,541600,18.37
2012-03-21,19.24,19.24,19.07,19.15,578000,18.65
2012-03-22,18.55,18.57,18.42,18.44,1033600,17.96
2012-03-23,18.6,18.77,18.54,18.74,568300,18.25
2012-03-26,18.52,18.62,18.45,18.57,743500,18.09
2012-03-27,18.7,18.74,18.66,18.67,345200,18.18
2012-03-28,18.45,18.5,18.28,18.34,1324100,17.86
2012-03-29,18.23,18.33,18.11,18.31,487700,17.83
2012-03-30,18.74,18.88,18.69,18.83,881400,18.34
2012-04-02,18.86,19.18,18.8,19.11,1035700,18.61
2012-04-03,19.2,19.22,18.98,19.1,557400,18.6
2012-04-04,18.85,18.87,18.69,18.73,629700,18.24
2012-04-05,18.82,18.83,18.68,18.83,391000,18.34
2012-04-09,18.51,18.55,18.43,18.44,480100,17.96
2012-04-10,18.39,18.44,18.12,18.14,814700,17.67
2012-04-11,18.43,18.43,18.3,18.41,377100,17.93
2012-04-12,18.47,18.82,18.47,18.79,898500,18.3
2012-04-13,18.27,18.28,17.98,18.01,1431500,17.54
2012-04-16,18.14,18.19,18.01,18.07,425000,17.6
2012-04-17,18.4,18.74,18.4,18.67,956600,18.18
2012-04-18,18.36,18.47,18.35,18.4,485500,17.92
2012-04-19,18.36,18.44,18.23,18.25,286300,17.77
2012-04-20,18.28,18.39,18.27,18.31,307500,17.83
2012-04-23,17.81,17.84,17.61,17.77,912800,17.31
2012-04-24,17.85,17.91,17.77,17.83,383100,17.36
2012-04-25,17.78,17.85,17.76,17.85,351700,17.38
2012-04-26,17.68,17.85,17.65,17.81,344000,17.35
2012-04-27,17.8,17.82,17.67,17.75,685500,17.29
2012-04-30,17.8,17.88,17.79,17.84,495400,17.37
2012-05-01,17.81,17.99,17.79,17.93,333400,17.46
2012-05-02,17.65,17.7,17.59,17.61,387600,17.15
2012-05-03,17.52,17.56,17.28,17.31,1181900,16.86
2012-05-04,17.13,17.14,16.97,16.98,1211000,16.54
2012-05-07,17.37,17.48,17.36,17.48,1e+06,17.02
2012-05-08,17.06,17.07,16.8,16.94,1223000,16.5
2012-05-09,16.75,16.8,16.54,16.7,482900,16.26
2012-05-10,16.95,16.99,16.86,16.92,441200,16.48
2012-05-11,16.66,16.8,16.6,16.61,538800,16.18
2012-05-14,16.41,16.46,16.28,16.28,582100,15.86
2012-05-15,16.46,16.51,16.34,16.35,726600,15.92
2012-05-16,16.24,16.31,16.1,16.1,1857400,15.68
2012-05-17,16.12,16.13,15.97,16,562000,15.58
2012-05-18,16.23,16.26,16.08,16.13,603000,15.71
2012-05-21,16.02,16.36,16.02,16.35,734000,15.92
2012-05-22,15.92,16.07,15.78,15.88,1271000,15.47
2012-05-23,15.62,15.75,15.44,15.74,593000,15.33
2012-05-24,16.02,16.05,15.85,15.99,853500,15.57
2012-05-25,16.01,16.07,15.96,16.02,809100,15.6
2012-05-29,16.24,16.29,16.07,16.19,635000,15.77
2012-05-30,15.88,15.89,15.71,15.79,861200,15.38
2012-05-31,15.89,15.96,15.75,15.94,586200,15.52
2012-06-01,15.7,15.86,15.68,15.73,651800,15.32
2012-06-04,15.9,16.01,15.82,15.95,686200,15.53
2012-06-05,15.89,15.99,15.83,15.98,224900,15.56
2012-06-06,16.31,16.64,16.27,16.62,1067600,16.19
2012-06-07,16.81,16.89,16.59,16.61,1013500,16.18
2012-06-08,16.48,16.6,16.47,16.55,496700,16.12
2012-06-11,16.34,16.4,15.99,16.01,1187800,15.59
2012-06-12,16.37,16.61,16.37,16.6,1142000,16.17
2012-06-13,16.58,16.66,16.46,16.47,388500,16.04
2012-06-14,16.36,16.5,16.3,16.43,199300,16
2012-06-15,16.54,16.85,16.53,16.83,900600,16.42
2012-06-18,16.2,16.43,16.19,16.31,1051500,15.92
2012-06-19,16.53,16.61,16.51,16.56,1456000,16.16
2012-06-20,16.49,16.5,16.3,16.38,1057500,15.99
2012-06-21,16.45,16.45,16.05,16.05,977100,15.66
2012-06-22,16.26,16.26,16.11,16.19,790500,15.8
2012-06-25,16.1,16.1,15.96,16.02,667700,15.63
2012-06-26,16.14,16.24,16.09,16.21,485700,15.82
2012-06-27,16.25,16.38,16.22,16.36,262700,15.97
2012-06-28,16.24,16.28,16.14,16.25,327000,15.86
2012-06-29,17.13,17.32,17.03,17.31,1774600,16.89
2012-07-02,17.12,17.22,17.08,17.2,499100,16.79
2012-07-03,17.5,17.7,17.48,17.7,723900,17.27
2012-07-05,17.2,17.31,17.17,17.19,905200,16.78
2012-07-06,17.05,17.05,16.92,16.95,702500,16.54
2012-07-09,16.86,16.95,16.81,16.91,260300,16.5
2012-07-10,17.23,17.24,17.01,17.09,1140800,16.68
2012-07-11,17.05,17.16,16.99,17.02,686900,16.61
2012-07-12,16.68,16.71,16.59,16.67,1079300,16.27
2012-07-13,16.89,17.07,16.82,17.04,813300,16.63
2012-07-16,16.81,16.93,16.79,16.86,468900,16.45
2012-07-17,16.85,16.87,16.65,16.82,619500,16.42
2012-07-18,16.75,16.87,16.71,16.85,343100,16.44
2012-07-19,16.95,17.02,16.89,16.99,1473600,16.58
2012-07-20,16.73,16.76,16.66,16.66,741900,16.26
2012-07-23,16.28,16.29,16.16,16.26,861200,15.87
2012-07-24,16.34,16.34,16.19,16.31,453000,15.92
2012-07-25,16.28,16.32,16.17,16.23,318400,15.84
2012-07-26,16.35,16.4,16.28,16.39,801200,16
2012-07-27,16.46,16.6,16.39,16.56,2136700,16.16
2012-07-30,16.56,16.72,16.56,16.71,693400,16.31
2012-07-31,16.64,16.7,16.54,16.56,831400,16.16
2012-08-01,16.64,16.66,16.55,16.66,964300,16.26
2012-08-02,16.41,16.51,16.36,16.38,920400,15.99
2012-08-03,16.67,16.92,16.65,16.91,913900,16.5
2012-08-06,16.95,17.02,16.91,16.99,734300,16.58
2012-08-07,17.12,17.3,17.12,17.21,559800,16.8
2012-08-08,17.06,17.22,17.06,17.13,459500,16.72
2012-08-09,17.03,17.09,16.97,16.97,374200,16.56
2012-08-10,16.98,17.13,16.95,17.12,451200,16.71
2012-08-13,17.1,17.15,16.98,16.99,247100,16.58
2012-08-14,17.07,17.09,17.01,17.06,596800,16.65
2012-08-15,17.07,17.09,17.01,17.02,358800,16.61
2012-08-16,17.04,17.13,16.99,17.08,1511200,16.67
2012-08-17,17.04,17.08,17,17.01,248200,16.6
2012-08-20,17.02,17.13,17.01,17.12,376200,16.71
2012-08-21,17.38,17.47,17.3,17.41,543200,16.99
2012-08-22,17.29,17.45,17.25,17.43,471900,17.01
2012-08-23,17.36,17.37,17.25,17.27,555000,16.85
2012-08-24,17.24,17.34,17.2,17.33,227300,16.91
2012-08-27,17.19,17.19,17.07,17.07,722500,16.66
2012-08-28,17.05,17.12,16.99,16.99,647400,16.58
2012-08-29,16.91,16.94,16.86,16.86,371900,16.45
2012-08-30,16.94,16.97,16.87,16.94,1176300,16.53
2012-08-31,16.97,16.97,16.81,16.88,371700,16.47
2012-09-04,16.92,16.92,16.79,16.85,348200,16.44
2012-09-05,16.71,16.79,16.65,16.78,1004000,16.38
2012-09-06,16.86,17.13,16.86,17.13,1095600,16.72
2012-09-07,17.26,17.42,17.26,17.38,1269800,16.96
2012-09-10,17.27,17.34,17.21,17.22,279600,16.81
2012-09-11,17.38,17.5,17.38,17.49,462900,17.07
2012-09-12,17.5,17.58,17.47,17.56,178700,17.14
2012-09-13,17.48,17.91,17.46,17.87,1695000,17.44
2012-09-14,18.27,18.49,18.27,18.37,1826300,17.93
2012-09-17,18.33,18.37,18.22,18.22,727500,17.78
2012-09-18,18.26,18.28,18.02,18.09,1100600,17.65
2012-09-19,18.04,18.2,18.02,18.17,1960500,17.73
2012-09-20,17.98,18.08,17.9,18.06,433500,17.63
2012-09-21,18.71,18.8,18.65,18.75,1687700,18.38
2012-09-24,18.65,18.65,18.48,18.56,655000,18.19
2012-09-25,18.6,18.66,18.4,18.41,372100,18.04
2012-09-26,18.43,18.43,18.27,18.36,730100,17.99
2012-09-27,18.52,18.69,18.45,18.62,627900,18.25
2012-09-28,18.76,18.8,18.68,18.77,447500,18.4
2012-10-01,19,19.1,18.97,19.04,590200,18.66
2012-10-02,19.09,19.09,18.98,19.04,674700,18.66
2012-10-03,19.15,19.18,19.05,19.15,519900,18.77
2012-10-04,19.51,19.65,19.44,19.64,969800,19.25
2012-10-05,19.39,19.47,19.24,19.26,1027000,18.88
2012-10-08,18.83,18.91,18.74,18.85,774500,18.48
2012-10-09,18.88,18.88,18.63,18.64,537200,18.27
2012-10-10,18.45,18.5,18.35,18.43,971500,18.06
2012-10-11,18.77,18.8,18.71,18.77,710200,18.4
2012-10-12,18.57,18.6,18.46,18.48,775500,18.11
2012-10-15,18.52,18.62,18.4,18.62,636100,18.25
2012-10-16,18.53,18.58,18.49,18.54,347800,18.17
2012-10-17,18.48,18.6,18.41,18.58,523500,18.21
2012-10-18,18.37,18.44,18.33,18.34,665900,17.98
2012-10-19,18.22,18.22,18.02,18.06,670400,17.7
2012-10-22,18.31,18.42,18.26,18.38,639900,18.01
2012-10-23,18.16,18.16,18,18.07,525700,17.71
2012-10-24,18.14,18.17,18.05,18.08,269600,17.72
2012-10-25,18.25,18.31,18.16,18.27,427800,17.91
2012-10-26,18.12,18.17,18.01,18.02,444100,17.66
2012-10-31,17.84,17.97,17.79,17.85,428400,17.49
2012-11-01,18.05,18.25,18.04,18.25,750500,17.89
2012-11-02,18.26,18.29,18.17,18.19,899100,17.83
2012-11-05,17.91,18.09,17.91,18.03,1461400,17.67
2012-11-06,18.05,18.16,18.04,18.13,609300,17.77
2012-11-07,18.07,18.1,17.87,17.98,771700,17.62
2012-11-08,18.08,18.13,17.94,17.97,529600,17.61
2012-11-09,17.76,17.81,17.69,17.69,927600,17.34
2012-11-12,17.73,17.73,17.62,17.64,592900,17.29
2012-11-13,17.58,17.65,17.5,17.6,274700,17.25
2012-11-14,17.74,17.74,17.46,17.47,1371200,17.12
2012-11-15,17.53,17.6,17.48,17.52,403400,17.17
2012-11-16,17.41,17.45,17.27,17.42,905200,17.07
2012-11-19,17.51,17.62,17.48,17.62,611700,17.27
2012-11-20,17.35,17.44,17.32,17.41,416000,17.06
2012-11-21,17.46,17.52,17.43,17.49,207600,17.14
2012-11-23,17.39,17.5,17.39,17.48,595500,17.13
2012-11-26,17.37,17.49,17.37,17.47,1198500,17.12
2012-11-27,17.68,17.7,17.55,17.59,870900,17.24
2012-11-28,17.47,17.65,17.4,17.64,398200,17.29
2012-11-29,18.02,18.25,18.02,18.23,1352700,17.87
2012-11-30,18.39,18.41,18.31,18.4,1346900,18.03
2012-12-03,18.37,18.4,18.28,18.28,300100,17.92
2012-12-04,18.3,18.39,18.3,18.35,262300,17.99
2012-12-05,18.4,18.47,18.33,18.44,561400,18.07
2012-12-06,18.5,18.62,18.49,18.62,579700,18.25
2012-12-07,18.5,18.5,18.41,18.42,1073600,18.05
2012-12-10,18.4,18.48,18.38,18.45,745100,18.08
2012-12-11,18.34,18.41,18.3,18.39,837600,18.02
2012-12-12,18.31,18.39,18.25,18.29,397500,17.93
2012-12-13,18.22,18.22,18.04,18.06,506600,17.7
2012-12-14,18.17,18.2,18.12,18.2,412900,17.84
2012-12-17,18.11,18.17,18.02,18.14,859900,17.78
2012-12-18,18.12,18.19,18.04,18.16,329400,17.8
2012-12-19,18.25,18.35,18.25,18.3,563100,17.94
2012-12-20,18.13,18.32,18.12,18.32,311900,17.96
2012-12-21,17.87,17.96,17.79,17.86,868000,17.59
2012-12-24,17.97,17.97,17.85,17.88,359200,17.61
2012-12-26,18.07,18.18,18.02,18.17,527100,17.89
2012-12-27,18.04,18.04,17.88,17.97,584800,17.7
2012-12-28,18.09,18.22,18.08,18.2,706200,17.92
2012-12-31,18.21,18.36,18.13,18.36,379400,18.08
2013-01-02,18.6,18.86,18.6,18.85,1128500,18.56
2013-01-03,18.6,18.78,18.6,18.67,771600,18.38
2013-01-04,18.54,18.65,18.54,18.62,401800,18.34
2013-01-07,18.4,18.46,18.37,18.42,578100,18.14
2013-01-08,18.56,18.56,18.41,18.51,365900,18.23
2013-01-09,18.55,18.6,18.52,18.58,177500,18.3
2013-01-10,18.64,18.71,18.57,18.7,408700,18.41
2013-01-11,18.66,18.67,18.57,18.57,1227800,18.29
2013-01-14,18.95,19.01,18.91,18.97,923100,18.68
2013-01-15,18.94,19.02,18.91,19.02,430300,18.73
2013-01-16,18.78,18.9,18.78,18.84,649800,18.55
2013-01-17,19.18,19.35,19.17,19.35,1320700,19.05
2013-01-18,19.54,19.65,19.51,19.65,704700,19.35
2013-01-22,19.53,19.61,19.52,19.58,205800,19.28
2013-01-23,19.49,19.53,19.45,19.48,518100,19.18
2013-01-24,19.31,19.43,19.3,19.32,473000,19.03
2013-01-25,19.53,19.58,19.42,19.58,617100,19.28
2013-01-28,19.4,19.48,19.31,19.31,520200,19.02
2013-01-29,19.41,19.49,19.34,19.47,541900,19.17
2013-01-30,19.58,19.64,19.57,19.59,305900,19.29
2013-01-31,19.55,19.62,19.54,19.6,234200,19.3
2013-02-01,19.57,19.66,19.53,19.66,249900,19.36
2013-02-04,19.27,19.36,19.21,19.21,1047300,18.92
2013-02-05,19.38,19.42,19.3,19.3,794500,19.01
2013-02-06,19.25,19.29,19.2,19.26,274200,18.97
2013-02-07,19.12,19.15,19.02,19.1,679300,18.81
2013-02-08,18.99,19.05,18.9,18.97,948500,18.68
2013-02-11,18.87,18.91,18.77,18.82,342700,18.53
2013-02-12,18.96,19.05,18.88,19.03,452500,18.74
2013-02-13,18.99,19.09,18.96,18.97,281800,18.68
2013-02-14,18.76,18.8,18.73,18.73,2109000,18.44
2013-02-15,18.69,18.7,18.59,18.6,492400,18.32
2013-02-19,18.89,19.01,18.87,18.99,1086100,18.7
2013-02-20,18.9,19,18.81,18.81,783700,18.52
2013-02-21,18.54,18.54,18.37,18.42,2332100,18.14
2013-02-22,18.63,18.72,18.59,18.72,504500,18.43
2013-02-25,18.85,18.88,18.48,18.48,1966200,18.2
2013-02-26,18.48,18.52,18.4,18.51,431900,18.23
2013-02-27,18.63,18.78,18.63,18.72,1056300,18.43
2013-02-28,18.14,18.26,18.04,18.04,1264800,17.76
2013-03-01,17.98,17.99,17.9,17.94,319800,17.67
2013-03-04,17.87,17.89,17.79,17.87,234300,17.6
2013-03-05,18.2,18.28,18.2,18.27,567200,17.99
2013-03-06,18.33,18.39,18.28,18.34,259300,18.06
2013-03-07,18.54,18.6,18.53,18.54,1025000,18.26
2013-03-08,18.75,18.97,18.73,18.96,1141700,18.67
2013-03-11,18.89,18.89,18.73,18.79,481200,18.5
2013-03-12,18.75,18.78,18.65,18.66,281900,18.38
2013-03-13,18.5,18.55,18.4,18.43,423500,18.15
2013-03-14,18.61,18.77,18.61,18.76,423600,18.47
2013-03-15,18.7,18.74,18.64,18.69,590300,18.4
2013-03-18,18.45,18.57,18.45,18.45,522100,18.17
2013-03-19,18.18,18.18,17.92,18.03,726400,17.75
2013-03-20,17.97,18.04,17.95,18,450300,17.73
2013-03-21,17.92,17.92,17.77,17.77,777200,17.5
2013-03-22,17.81,17.9,17.76,17.84,247700,17.57
2013-03-25,17.88,17.91,17.72,17.83,371700,17.56
2013-03-26,17.86,17.89,17.81,17.82,191100,17.55
2013-03-27,17.8,17.92,17.75,17.92,375500,17.65
2013-03-28,17.89,18.07,17.89,18.05,485000,17.77
2013-04-01,18.06,18.06,17.94,17.95,548200,17.68
2013-04-02,18.26,18.27,18.19,18.27,1121500,17.99
2013-04-03,18.11,18.12,17.86,17.89,735100,17.62
2013-04-04,17.66,17.7,17.57,17.62,441200,17.35
2013-04-05,17.6,17.71,17.5,17.69,368800,17.42
2013-04-08,17.68,17.83,17.68,17.83,356500,17.56
2013-04-09,17.61,17.75,17.54,17.61,968200,17.34
2013-04-10,17.8,17.94,17.73,17.94,620900,17.67
2013-04-11,17.88,17.94,17.82,17.82,347800,17.55
2013-04-12,17.41,17.52,17.27,17.31,894100,17.05
2013-04-15,17.45,17.5,17.26,17.26,313100,17
2013-04-16,17.93,18.05,17.83,18.03,971200,17.75
2013-04-17,17.85,17.9,17.73,17.77,637000,17.5
2013-04-18,18.11,18.11,17.97,18.03,495900,17.75
2013-04-19,18.16,18.31,18.11,18.31,716700,18.03
2013-04-22,18.22,18.28,18.12,18.2,610600,17.92
2013-04-23,18.22,18.37,18.22,18.37,714400,18.09
2013-04-24,18.4,18.47,18.4,18.46,324000,18.18
2013-04-25,18.42,18.42,18.33,18.35,433400,18.07
2013-04-26,18.11,18.16,18.04,18.07,670200,17.79
2013-04-29,18.28,18.49,18.28,18.48,683800,18.2
2013-04-30,18.64,18.92,18.62,18.92,747300,18.63
2013-05-01,18.86,18.87,18.64,18.67,613000,18.38
2013-05-02,18.83,18.95,18.83,18.95,828200,18.66
2013-05-03,18.8,19.04,18.78,18.93,607000,18.64
2013-05-06,18.85,18.88,18.8,18.81,1042700,18.52
2013-05-07,18.89,18.97,18.86,18.94,376900,18.65
2013-05-08,18.98,19.03,18.95,19.03,221300,18.74
2013-05-09,18.84,18.86,18.68,18.69,766800,18.4
2013-05-10,18.62,18.7,18.59,18.69,102800,18.4
2013-05-13,18.46,18.46,18.34,18.34,535600,18.06
2013-05-14,18.52,18.59,18.44,18.58,380000,18.3
2013-05-15,18.84,18.91,18.8,18.91,555100,18.62
2013-05-16,18.95,19,18.86,18.88,454900,18.59
2013-05-17,18.94,18.99,18.88,18.97,264800,18.68
2013-05-20,18.85,18.85,18.76,18.79,425300,18.5
2013-05-21,18.64,18.65,18.53,18.57,622200,18.29
2013-05-22,18.49,18.64,18.25,18.27,884800,17.99
2013-05-23,17.96,18.03,17.9,17.96,509400,17.69
2013-05-24,17.92,17.98,17.85,17.87,422300,17.6
2013-05-28,18.34,18.38,18.21,18.31,642600,18.03
2013-05-29,18.14,18.18,18.04,18.07,590900,17.79
2013-05-30,18.08,18.16,18.04,18.04,180600,17.76
2013-05-31,17.9,17.9,17.57,17.57,969700,17.3
2013-06-03,17.66,17.86,17.58,17.85,1019000,17.58
2013-06-04,17.79,17.81,17.66,17.68,679900,17.41
2013-06-05,17.71,17.73,17.49,17.5,635300,17.23
2013-06-06,17.51,17.7,17.49,17.7,541000,17.43
2013-06-07,17.47,17.52,17.38,17.41,640100,17.14
2013-06-10,17.13,17.41,17.03,17.07,715300,16.81
2013-06-11,16.73,16.75,16.61,16.66,922000,16.41
2013-06-12,16.89,16.92,16.66,16.68,418400,16.43
2013-06-13,16.57,16.9,16.57,16.89,877500,16.63
2013-06-14,17.01,17.07,16.87,16.9,511100,16.64
2013-06-17,17.02,17.1,16.93,17.02,322200,16.76
2013-06-18,16.63,16.88,16.63,16.86,414100,16.6
2013-06-19,16.87,16.87,16.29,16.32,1072300,16.07
2013-06-20,16.06,16.08,15.53,15.59,815000,15.35
2013-06-21,16.06,16.15,15.84,16.15,2030800,15.96
2013-06-24,15.77,15.9,15.65,15.69,922800,15.5
2013-06-25,15.91,16.08,15.79,16.07,937000,15.88
2013-06-26,15.7,15.96,15.7,15.87,851200,15.68
2013-06-27,16.09,16.43,16.06,16.38,1621400,16.18
2013-06-28,16.55,16.58,16.46,16.54,1355000,16.34
2013-07-01,16.78,16.81,16.67,16.71,463500,16.51
2013-07-02,16.61,16.75,16.43,16.43,667200,16.23
2013-07-03,16.18,16.25,16.11,16.14,901200,15.95
2013-07-05,16.25,16.29,16,16.1,335400,15.91
2013-07-08,16.05,16.24,16.05,16.24,348900,16.05
2013-07-09,16.33,16.42,16.3,16.39,309500,16.19
2013-07-10,16.32,16.35,16.15,16.15,888100,15.96
2013-07-11,16.61,16.85,16.6,16.85,1070400,16.65
2013-07-12,16.97,16.97,16.83,16.87,779300,16.67
2013-07-15,17,17.21,17,17.21,873400,17
2013-07-16,17.12,17.34,17.12,17.33,597900,17.12
2013-07-17,17.33,17.4,17.29,17.37,1056500,17.16
2013-07-18,17.49,17.52,17.37,17.39,285200,17.18
2013-07-19,17.47,17.47,17.33,17.34,357700,17.13
2013-07-22,17.31,17.47,17.31,17.42,557600,17.21
2013-07-23,17.44,17.48,17.29,17.29,386000,17.08
2013-07-24,17.45,17.45,17.21,17.28,267700,17.07
2013-07-25,17.28,17.29,17.14,17.27,316700,17.06
2013-07-26,17.12,17.21,17.05,17.19,398400,16.98
2013-07-29,16.91,16.98,16.84,16.87,746800,16.67
2013-07-30,16.32,16.36,16.19,16.21,1369700,16.02
2013-07-31,16.3,16.43,16.17,16.31,637000,16.11
2013-08-01,16.34,16.54,16.34,16.52,1100200,16.32
2013-08-02,16.16,16.34,16.15,16.22,1153100,16.03
2013-08-05,16.11,16.12,15.96,15.97,821500,15.78
2013-08-06,15.74,15.74,15.6,15.65,974600,15.46
2013-08-07,15.63,15.7,15.6,15.6,1233800,15.41
2013-08-08,15.88,16.06,15.78,16.02,1261500,15.83
2013-08-09,15.98,16.09,15.95,15.97,499300,15.78
2013-08-12,15.91,16.07,15.91,15.99,174800,15.8
2013-08-13,16.14,16.21,16.11,16.2,1032000,16.01
2013-08-14,16.27,16.4,16.27,16.38,1142500,16.18
2013-08-15,16.24,16.24,16.07,16.17,977900,15.98
2013-08-16,15.55,15.64,15.36,15.36,1674700,15.18
2013-08-19,15,15.02,14.72,14.72,1132800,14.54
2013-08-20,14.98,15.13,14.91,15.11,1121100,14.93
2013-08-21,14.48,14.48,14.18,14.2,2936000,14.03
2013-08-22,14.68,14.81,14.65,14.81,3750800,14.63
2013-08-23,15.03,15.11,14.99,15.09,1271600,14.91
2013-08-26,14.95,15.02,14.72,14.72,857500,14.54
2013-08-27,13.93,13.98,13.86,13.88,2092100,13.71
2013-08-28,13.51,14.13,13.5,13.89,2358100,13.72
2013-08-29,14.16,14.24,14.06,14.1,1521500,13.93
2013-08-30,14.5,14.56,14.26,14.54,1836000,14.37
2013-09-03,14.03,14.1,13.88,13.89,2141000,13.72
2013-09-04,14.5,14.86,14.39,14.84,3035500,14.66
2013-09-05,14.94,15.22,14.86,15.21,1234800,15.03
2013-09-06,15.54,15.7,15.45,15.64,1592200,15.45
2013-09-09,15.72,16.14,15.72,16.12,1685300,15.93
2013-09-10,16.39,16.45,16.28,16.39,1598600,16.19
2013-09-11,16.4,16.45,16.34,16.45,710500,16.25
2013-09-12,16.25,16.25,16.01,16.03,2315100,15.84
2013-09-13,16.08,16.36,16.05,16.36,1107500,16.16
2013-09-16,16.34,16.4,16.24,16.26,592200,16.07
2013-09-17,16.23,16.34,16.23,16.31,517100,16.11
2013-09-18,16.21,17.25,16.17,17.22,2345900,17.01
2013-09-19,17.24,17.29,17,17.11,1082200,16.91
2013-09-20,16.76,16.78,16.48,16.48,1740900,16.31
2013-09-23,16.47,16.51,16.31,16.45,1107100,16.28
2013-09-24,16.36,16.5,16.31,16.4,428400,16.23
2013-09-25,16.44,16.48,16.3,16.39,1043000,16.22
2013-09-26,16.51,16.63,16.48,16.61,671000,16.44
2013-09-27,16.25,16.25,15.91,15.94,2111200,15.77
2013-09-30,15.83,16.04,15.79,15.97,863000,15.8
2013-10-01,15.98,16.25,15.97,16.25,1156700,16.08
2013-10-02,16.18,16.35,16.13,16.35,557200,16.18
2013-10-03,16.6,16.62,16.33,16.49,1118500,16.32
2013-10-04,16.54,16.8,16.54,16.78,1271700,16.6
2013-10-07,16.64,16.79,16.63,16.69,681400,16.52
2013-10-08,16.64,16.64,16.28,16.3,1470200,16.13
2013-10-09,16.74,16.8,16.62,16.77,1327200,16.59
2013-10-10,17.08,17.39,17.08,17.36,2617200,17.18
2013-10-11,17.07,17.26,17.07,17.22,709100,17.04
2013-10-14,17.17,17.56,17.16,17.52,1285400,17.34
2013-10-15,17.22,17.24,17,17,1317100,16.82
2013-10-16,17.09,17.29,17.07,17.29,762900,17.11
2013-10-17,17.17,17.41,17.16,17.39,362200,17.21
2013-10-18,17.54,17.58,17.43,17.48,631100,17.3
2013-10-21,17.5,17.51,17.36,17.4,340300,17.22
2013-10-22,17.7,17.73,17.57,17.67,1011100,17.49
2013-10-23,17.27,17.37,17.18,17.18,1296900,17
2013-10-24,17.24,17.24,17.1,17.15,850500,16.97
2013-10-25,17.15,17.26,17.06,17.23,624400,17.05
2013-10-28,17.06,17.16,17.05,17.09,723400,16.91
2013-10-29,17.27,17.44,17.27,17.41,1186000,17.23
2013-10-30,17.44,17.5,17.29,17.33,369200,17.15
2013-10-31,17.51,17.59,17.28,17.28,392800,17.1
2013-11-01,17.4,17.45,17.24,17.35,620900,17.17
2013-11-04,17.44,17.52,17.41,17.52,680300,17.34
2013-11-05,17.32,17.34,17.15,17.15,1040500,16.97
2013-11-06,17.17,17.21,17.1,17.17,323100,16.99
2013-11-07,17.15,17.15,16.7,16.72,1088000,16.54
2013-11-08,16.56,16.61,16.43,16.56,697800,16.39
2013-11-11,16.46,16.47,16.35,16.37,632900,16.2
2013-11-12,16.18,16.18,15.91,16.01,1416200,15.84
2013-11-13,16.19,16.41,16.14,16.38,1264900,16.21
2013-11-14,16.39,16.63,16.31,16.63,871000,16.46
2013-11-15,16.78,16.83,16.72,16.83,868000,16.65
2013-11-18,17.05,17.21,17.01,17.05,1181100,16.87
2013-11-19,17.06,17.1,16.9,16.9,716000,16.72
2013-11-20,16.74,16.84,16.51,16.6,1162100,16.43
2013-11-21,16.38,16.43,16.31,16.35,770600,16.18
2013-11-22,16.43,16.61,16.39,16.61,581900,16.44
2013-11-25,16.75,16.75,16.49,16.49,587800,16.32
2013-11-26,16.45,16.58,16.39,16.55,382200,16.38
2013-11-27,16.56,16.62,16.51,16.54,279500,16.37
2013-11-29,16.83,16.89,16.75,16.87,716400,16.69
2013-12-02,16.95,16.97,16.68,16.71,1009000,16.54
2013-12-03,16.87,16.87,16.66,16.69,242500,16.52
2013-12-04,16.91,17.22,16.88,17.18,1361400,17
2013-12-05,17.11,17.19,17.05,17.05,391300,16.87
2013-12-06,17.29,17.63,17.27,17.63,1152200,17.45
2013-12-09,17.71,17.75,17.68,17.73,473700,17.54
2013-12-10,17.6,17.64,17.56,17.61,513700,17.43
2013-12-11,17.43,17.47,17.19,17.19,787800,17.01
2013-12-12,16.89,16.96,16.76,16.87,1041300,16.69
2013-12-13,16.85,16.88,16.73,16.85,371800,16.67
2013-12-16,16.96,17.12,16.96,17.05,597300,16.87
2013-12-17,16.89,16.99,16.84,16.89,467800,16.71
2013-12-18,17.03,17.53,16.85,17.36,1672100,17.18
2013-12-19,16.96,17.01,16.75,16.83,1226800,16.65
2013-12-20,17.3,17.45,17.23,17.41,1489100,17.23
2013-12-23,17.41,17.5,17.36,17.41,251000,17.23
2013-12-24,17.39,17.45,17.39,17.44,164000,17.26
2013-12-26,17.36,17.41,17.25,17.29,430800,17.12
2013-12-27,17.49,17.51,17.42,17.45,676400,17.27
2013-12-30,17.44,17.57,17.43,17.56,490000,17.38
2013-12-31,17.4,17.63,17.4,17.62,308700,17.44
2014-01-02,17.22,17.22,16.83,16.85,1741900,16.68
2014-01-03,17.13,17.19,17.03,17.16,1042100,16.99
2014-01-06,17.13,17.13,16.99,17,632400,16.83
2014-01-07,16.94,17.02,16.92,16.96,326500,16.79
2014-01-08,17,17.02,16.92,17,280800,16.83
2014-01-09,17.09,17.1,16.94,17.07,447700,16.9
2014-01-10,17.25,17.53,17.25,17.48,1323000,17.3
2014-01-13,17.62,17.68,17.36,17.4,561800,17.23
2014-01-14,17.55,17.63,17.4,17.63,623900,17.45
2014-01-15,17.69,17.73,17.66,17.69,378300,17.51
2014-01-16,17.69,17.69,17.58,17.61,376400,17.43
2014-01-17,17.52,17.52,17.37,17.39,719000,17.22
2014-01-21,17.5,17.51,17.37,17.43,313700,17.25
2014-01-22,17.67,17.72,17.55,17.7,1140800,17.52
2014-01-23,17.62,17.62,17.32,17.38,1072000,17.21
2014-01-24,17.12,17.12,16.78,16.78,2078300,16.61
2014-01-27,16.79,16.79,16.48,16.59,950400,16.42
2014-01-28,16.77,16.83,16.73,16.79,570100,16.62
2014-01-29,16.64,16.64,16.39,16.42,1258100,16.25
2014-01-30,16.77,16.86,16.7,16.82,1369700,16.65
2014-01-31,16.74,16.82,16.6,16.73,609000,16.56
2014-02-03,16.65,16.65,16.23,16.23,1708900,16.07
2014-02-04,16.6,16.75,16.57,16.74,1520000,16.57
2014-02-05,16.66,16.69,16.53,16.54,753800,16.37
2014-02-06,16.69,16.95,16.66,16.95,923900,16.78
2014-02-07,16.89,17.02,16.89,16.9,375900,16.73
2014-02-10,16.73,16.76,16.6,16.63,584400,16.46
2014-02-11,16.7,17.04,16.7,16.99,1068000,16.82
2014-02-12,17.01,17.14,16.98,17.01,401100,16.84
2014-02-13,16.54,16.8,16.5,16.74,922600,16.57
2014-02-14,16.86,17.05,16.86,17.03,708500,16.86
2014-02-18,16.9,16.98,16.81,16.81,744700,16.64
2014-02-19,16.93,16.96,16.75,16.79,570400,16.62
2014-02-20,16.77,16.97,16.68,16.96,568900,16.79
2014-02-21,16.93,17.06,16.9,17.01,392100,16.84
2014-02-24,16.93,17.13,16.93,17.04,406500,16.87
2014-02-25,17.02,17.06,16.87,16.88,718000,16.71
2014-02-26,16.99,17.02,16.86,16.93,356700,16.76
2014-02-27,16.96,17.19,16.96,17.19,747300,17.02
2014-02-28,17.25,17.29,17.03,17.07,698300,16.9
2014-03-03,16.88,16.9,16.76,16.76,1035300,16.59
2014-03-04,17.23,17.37,17.19,17.35,1637200,17.18
2014-03-05,17.36,17.56,17.34,17.56,779200,17.38
2014-03-06,17.79,17.99,17.74,17.95,2092600,17.77
2014-03-07,17.87,17.93,17.71,17.76,1330600,17.58
2014-03-10,17.98,17.98,17.83,17.96,973900,17.78
2014-03-11,17.88,17.93,17.68,17.68,693100,17.5
2014-03-12,17.74,17.86,17.69,17.86,739300,17.68
2014-03-13,17.69,17.78,17.44,17.46,1605000,17.28
2014-03-14,17.62,17.72,17.55,17.59,713000,17.41
2014-03-17,17.7,17.84,17.7,17.81,772600,17.63
2014-03-18,17.78,18.03,17.74,18.02,1602300,17.84
2014-03-19,17.78,17.87,17.36,17.5,1637000,17.32
2014-03-20,17.61,17.84,17.58,17.84,1085400,17.66
2014-03-21,17.66,17.84,17.56,17.59,1795700,17.47
2014-03-24,17.87,18.04,17.83,18.02,1221800,17.9
2014-03-25,18.07,18.23,18.07,18.2,647100,18.08
2014-03-26,18.25,18.34,18.19,18.21,534200,18.09
2014-03-27,18.26,18.46,18.22,18.36,3145100,18.24
2014-03-28,18.58,18.75,18.58,18.67,1461800,18.55
2014-03-31,18.69,18.79,18.68,18.69,555600,18.57
2014-04-01,18.85,18.96,18.77,18.96,1301900,18.83
2014-04-02,18.96,19.07,18.94,19.03,673600,18.9
2014-04-03,18.8,18.83,18.64,18.74,2171200,18.62
2014-04-04,18.88,19.09,18.74,18.76,976800,18.64
2014-04-07,18.67,18.82,18.64,18.69,445000,18.57
2014-04-08,18.8,18.98,18.8,18.9,1027200,18.77
2014-04-09,18.96,19.21,18.86,19.21,1173500,19.08
2014-04-10,18.97,19.02,18.66,18.67,1307700,18.55
2014-04-11,18.71,18.85,18.69,18.84,677400,18.71
2014-04-14,18.87,18.94,18.78,18.93,399000,18.8
2014-04-15,18.81,18.84,18.54,18.66,1071900,18.54
2014-04-16,18.51,18.69,18.48,18.62,404900,18.5
2014-04-17,18.81,18.96,18.79,18.94,973400,18.81
2014-04-21,18.83,18.89,18.8,18.82,352300,18.69
2014-04-22,18.76,18.85,18.7,18.7,317900,18.58
2014-04-23,18.69,18.7,18.56,18.62,460200,18.5
2014-04-24,18.6,18.7,18.53,18.69,249100,18.57
2014-04-25,18.63,18.63,18.54,18.57,361700,18.45
2014-04-28,18.6,18.74,18.52,18.7,382400,18.58
2014-04-29,18.59,18.81,18.59,18.79,209400,18.66
2014-04-30,18.55,18.7,18.55,18.67,950700,18.55
2014-05-01,18.6,18.71,18.6,18.67,236000,18.55
2014-05-02,18.56,18.78,18.56,18.77,520000,18.65
2014-05-05,18.54,18.7,18.54,18.64,408800,18.52
2014-05-06,18.65,18.82,18.64,18.76,527900,18.64
2014-05-07,18.54,18.67,18.53,18.61,400100,18.49
2014-05-08,18.53,18.61,18.48,18.5,458700,18.38
2014-05-09,18.94,19.16,18.91,19.12,1685400,18.99
2014-05-12,19.77,19.86,19.65,19.8,1336300,19.67
2014-05-13,19.88,19.99,19.83,19.99,541100,19.86
2014-05-14,19.87,19.94,19.82,19.84,775600,19.71
2014-05-15,19.97,19.98,19.76,19.77,414000,19.64
2014-05-16,20.55,20.85,20.43,20.77,2342400,20.63
2014-05-19,20.89,21.06,20.85,21.03,1283200,20.89
2014-05-20,20.91,20.99,20.87,20.91,736500,20.77
2014-05-21,20.87,21.08,20.87,21.05,662500,20.91
2014-05-22,21.2,21.29,21.19,21.27,712500,21.13
2014-05-23,21.54,21.67,21.52,21.6,1065500,21.46
2014-05-27,21.15,21.25,20.96,20.96,1713700,20.82
2014-05-28,20.98,21.02,20.89,20.94,459900,20.8
2014-05-29,20.79,20.79,20.67,20.7,716200,20.56
2014-05-30,20.74,21.23,20.56,20.56,424800,20.42
2014-06-02,21.1,21.26,21.08,21.22,2019100,21.08
2014-06-03,21.35,21.44,21.28,21.44,618600,21.3
2014-06-04,21.25,21.33,21.19,21.27,508100,21.13
2014-06-05,21.74,21.91,21.69,21.9,1113400,21.75
2014-06-06,22.22,22.36,22.22,22.32,1014600,22.17
2014-06-09,22.21,22.28,22.18,22.28,465400,22.13
2014-06-10,22.25,22.25,22.13,22.16,465600,22.01
2014-06-11,21.88,21.97,21.84,21.87,2796900,21.72
2014-06-12,22.06,22.12,21.87,21.93,575900,21.78
2014-06-13,21.53,21.56,21.42,21.46,1016100,21.32
2014-06-16,21.37,21.43,21.28,21.29,548100,21.15
2014-06-17,21.59,21.74,21.57,21.72,1626500,21.58
2014-06-18,21.44,21.81,21.41,21.8,888900,21.65
2014-06-19,21.43,21.46,21.3,21.31,1108500,21.17
2014-06-20,21.26,21.33,21.19,21.28,1550000,21.18
2014-06-23,21.3,21.41,21.26,21.4,486000,21.3
2014-06-24,21.48,21.65,21.44,21.48,713000,21.38
2014-06-25,21.53,21.65,21.48,21.64,582100,21.54
2014-06-26,21.21,21.28,21.14,21.21,1016900,21.11
2014-06-27,21.28,21.47,21.28,21.47,820100,21.37
2014-06-30,21.63,21.65,21.57,21.62,789600,21.52
2014-07-01,21.67,21.85,21.65,21.84,996900,21.74
2014-07-02,22.11,22.2,22.1,22.19,1060900,22.09
2014-07-03,22,22.09,21.97,22.04,462700,21.94
2014-07-07,22.03,22.1,22.02,22.1,355000,22
2014-07-08,21.61,21.63,21.41,21.41,1905000,21.31
2014-07-09,21.48,21.6,21.46,21.6,1156300,21.5
2014-07-10,21.17,21.31,21.03,21.29,1008300,21.19
2014-07-11,21.1,21.14,21.03,21.07,1160200,20.97
2014-07-14,21.03,21.09,21.02,21.09,189300,20.99
2014-07-15,21.23,21.24,21.1,21.19,2829000,21.09
2014-07-16,21.45,21.49,21.37,21.48,720900,21.38
2014-07-17,21.43,21.48,21.05,21.06,1541400,20.96
2014-07-18,21.36,21.46,21.33,21.46,1231100,21.36
2014-07-21,21.37,21.55,21.34,21.51,394700,21.41
2014-07-22,21.86,21.99,21.85,21.97,1499800,21.87
2014-07-23,21.97,22,21.9,21.92,864300,21.82
2014-07-24,22.02,22.08,21.97,22.08,753800,21.98
2014-07-25,21.9,21.93,21.82,21.83,878700,21.73
2014-07-28,21.75,21.97,21.75,21.96,591700,21.86
2014-07-29,21.93,21.95,21.75,21.76,830600,21.66
2014-07-30,21.98,21.98,21.71,21.84,851100,21.74
2014-07-31,21.51,21.56,21.28,21.35,1863600,21.25
2014-08-01,21.25,21.42,21.22,21.38,453300,21.28
2014-08-04,21.46,21.66,21.42,21.65,1016100,21.55
2014-08-05,21.59,21.61,21.43,21.5,752100,21.4
2014-08-06,21.21,21.33,21.12,21.21,1057500,21.11
2014-08-07,21.24,21.26,21.04,21.08,791000,20.98
2014-08-08,21.09,21.31,21.08,21.31,676100,21.21
2014-08-11,21.32,21.47,21.31,21.47,477500,21.37
2014-08-12,21.38,21.44,21.35,21.39,324200,21.29
2014-08-13,21.52,21.62,21.52,21.59,502700,21.49
2014-08-14,21.83,21.9,21.8,21.89,762100,21.79
2014-08-15,21.85,21.93,21.67,21.73,1383400,21.63
2014-08-18,22.11,22.18,22.03,22.18,981600,22.08
2014-08-19,22.16,22.25,22.14,22.25,769400,22.15
2014-08-20,22.11,22.26,22.08,22.18,499800,22.08
2014-08-21,22.13,22.22,22.13,22.17,522700,22.07
2014-08-22,22.19,22.24,22.11,22.18,269600,22.08
2014-08-25,22.11,22.2,22.08,22.16,238100,22.06
2014-08-26,22.14,22.19,22.11,22.11,227400,22.01
2014-08-27,22.22,22.28,22.19,22.26,1203200,22.16
2014-08-28,22.15,22.16,22.07,22.12,462300,22.02
2014-08-29,22.25,22.31,22.19,22.24,445200,22.14
2014-09-02,22.57,22.7,22.43,22.51,1398900,22.4
2014-09-03,22.81,22.91,22.68,22.78,1029900,22.67
2014-09-04,22.78,22.85,22.64,22.64,618300,22.53
2014-09-05,22.81,23.04,22.76,23.04,805000,22.93
2014-09-08,23.09,23.17,23,23.05,431200,22.94
2014-09-09,22.89,22.9,22.67,22.67,1377200,22.56
2014-09-10,22.61,22.75,22.53,22.75,578800,22.64
2014-09-11,22.57,22.61,22.44,22.44,893900,22.33
2014-09-12,22.58,22.58,22.31,22.4,566600,22.29
2014-09-15,22.31,22.33,22.16,22.16,953600,22.06
2014-09-16,21.88,22.12,21.78,22.01,926500,21.91
2014-09-17,22.12,22.19,21.91,21.91,765600,21.81
2014-09-18,22.37,22.58,22.3,22.55,997600,22.44
2014-09-19,22.35,22.41,22.14,22.15,1278700,22.12
2014-09-22,22.29,22.3,22.05,22.1,410700,22.07
2014-09-23,21.84,21.85,21.74,21.75,1025100,21.72
2014-09-24,21.9,22.14,21.86,22.13,872500,22.1
2014-09-25,21.51,21.56,21.34,21.36,1222400,21.33
2014-09-26,21.63,21.79,21.58,21.76,3221800,21.73
2014-09-29,21.59,21.64,21.49,21.58,1282200,21.55
2014-09-30,21.56,21.67,21.5,21.67,503500,21.64
2014-10-01,21.69,21.73,21.31,21.31,1448000,21.28
2014-10-02,21.4,21.54,21.16,21.49,917600,21.46
2014-10-03,21.45,21.71,21.38,21.68,921300,21.65
2014-10-06,21.81,21.86,21.61,21.85,601900,21.82
2014-10-07,21.66,21.66,21.34,21.34,1864000,21.31
2014-10-08,21.41,21.87,21.31,21.85,2086000,21.82
2014-10-09,21.79,21.79,21.54,21.57,1511200,21.54
2014-10-10,21.51,21.58,21.34,21.34,1154800,21.31
2014-10-13,21.79,21.92,21.56,21.59,1711200,21.56
2014-10-14,21.63,21.69,21.5,21.6,1060500,21.57
2014-10-15,21.53,21.67,21.21,21.6,1962600,21.57
2014-10-16,20.87,21.27,20.81,21.08,2540700,21.05
2014-10-17,21.09,21.35,21.09,21.29,2489800,21.26
2014-10-20,21.43,21.72,21.43,21.72,1630100,21.69
2014-10-21,21.72,21.95,21.72,21.91,1163000,21.88
2014-10-22,21.77,21.83,21.65,21.66,1351300,21.63
2014-10-23,21.79,21.9,21.77,21.79,796300,21.76
2014-10-24,21.86,21.98,21.82,21.98,974700,21.95
2014-10-27,21.61,21.7,21.6,21.65,1246400,21.62
2014-10-28,21.77,21.99,21.74,21.99,1214300,21.96
2014-10-29,21.96,22.05,21.73,21.84,993700,21.81
2014-10-30,22,22.25,22,22.23,1554200,22.2
2014-10-31,22.53,22.61,22.46,22.59,1629300,22.56
2014-11-03,22.57,22.6,22.52,22.52,622700,22.49
2014-11-04,22.58,22.67,22.51,22.67,864700,22.64
2014-11-05,22.46,22.53,22.37,22.45,838900,22.42
2014-11-06,22.51,22.54,22.41,22.41,843900,22.38
2014-11-07,22.48,22.55,22.35,22.52,646000,22.49
2014-11-10,22.45,22.47,22.38,22.39,597300,22.36
2014-11-11,22.42,22.5,22.38,22.41,673700,22.38
2014-11-12,22.37,22.46,22.37,22.4,2580200,22.37
2014-11-13,22.32,22.32,22.21,22.24,3019700,22.21
2014-11-14,22.34,22.44,22.25,22.42,733800,22.39
2014-11-17,22.4,22.46,22.39,22.4,663400,22.37
2014-11-18,22.47,22.57,22.46,22.55,540000,22.52
2014-11-19,22.19,22.34,22.15,22.23,1214000,22.2
2014-11-20,22.27,22.35,22.27,22.33,464400,22.3
2014-11-21,22.57,22.79,22.5,22.77,2781900,22.74
2014-11-24,22.5,22.56,22.47,22.47,1181600,22.44
2014-11-25,22.45,22.45,22.28,22.28,885300,22.25
2014-11-26,22.42,22.54,22.42,22.54,946500,22.51
2014-11-28,22.48,22.49,22.36,22.39,586400,22.36
2014-12-01,22.4,22.5,22.19,22.2,897400,22.17
2014-12-02,22.32,22.41,22.32,22.41,895100,22.38
2014-12-03,22.5,22.54,22.48,22.51,588200,22.48
2014-12-04,22.51,22.58,22.47,22.52,268200,22.49
2014-12-05,22.29,22.39,22.26,22.32,1099900,22.29
2014-12-08,22.01,22.06,21.91,21.96,1817800,21.93
2014-12-09,21.63,21.63,21.51,21.53,1632600,21.5
2014-12-10,21.68,21.69,21.39,21.44,593100,21.41
2014-12-11,21.2,21.34,21.19,21.22,1780900,21.19
2014-12-12,21.01,21.06,20.81,20.83,1277500,20.8
2014-12-15,20.63,20.65,20.27,20.3,2028500,20.27
2014-12-16,19.96,20.27,19.9,20.03,1596300,20
2014-12-17,20.13,20.72,20.13,20.62,2455300,20.59
2014-12-18,20.89,21.04,20.83,21.04,1810400,21.01
2014-12-19,20.8,20.96,20.79,20.87,792100,20.87
2014-12-22,21.05,21.2,21.03,21.19,764200,21.19
2014-12-23,20.94,20.99,20.8,20.8,1388800,20.8
2014-12-24,20.61,20.72,20.6,20.68,1432800,20.68
2014-12-26,20.72,20.74,20.56,20.56,504800,20.56
2014-12-29,20.83,20.97,20.83,20.86,609000,20.86
2014-12-30,20.91,21.02,20.9,21,326800,21
2014-12-31,21.13,21.17,20.99,20.99,476500,20.99
2015-01-02,21.37,21.39,21.26,21.38,1850600,21.38
2015-01-05,21.24,21.25,20.97,21,1163700,21
2015-01-06,20.58,20.61,20.3,20.36,1964300,20.36
2015-01-07,20.67,20.91,20.62,20.91,2137200,20.91
2015-01-08,21.24,21.43,21.2,21.42,2045300,21.42
2015-01-09,21.6,21.61,21.39,21.53,693500,21.53
2015-01-12,21.63,21.7,21.54,21.61,1534000,21.61
2015-01-13,21.7,21.77,21.38,21.49,1128400,21.49
2015-01-14,21.36,21.52,21.27,21.45,630300,21.45
2015-01-15,21.92,22.12,21.92,22.1,2012400,22.1
2015-01-16,22.13,22.49,22.11,22.49,2099400,22.49
2015-01-20,22.58,22.66,22.52,22.58,1935900,22.58
2015-01-21,22.73,23.02,22.71,23.02,1888500,23.02
2015-01-22,22.98,23.4,22.91,23.4,1545600,23.4
2015-01-23,23.1,23.21,23.02,23.04,1449700,23.04
