"Index","VNM.Open","VNM.High","VNM.Low","VNM.Close","VNM.Volume","VNM.Adjusted"
2009-08-14,26.98,27.01,25.66,26.02,0,23.4
2009-08-17,26.05,29.47,25.2,25.23,0,22.69
2009-08-18,26.99,26.99,25.52,25.75,0,23.16
2009-08-19,25.83,26.24,25.57,26.13,0,23.5
2009-08-20,26.41,27.33,26.4,26.97,0,24.26
2009-08-21,27.35,27.57,27.05,27.47,0,24.71
2009-08-24,27.42,27.54,27.12,27.28,0,24.53
2009-08-25,27.44,27.46,25.7,25.7,0,23.11
2009-08-26,27.08,27.08,26.58,26.82,176800,24.12
2009-08-27,27.01,27.01,26.6,26.78,95800,24.08
2009-08-28,27.33,27.4,26.81,27.02,75800,24.3
2009-08-31,27.02,27.28,27.02,27.13,57700,24.4
2009-09-01,27.15,27.4,26.57,26.65,76500,23.97
2009-09-02,26.59,26.93,26.58,26.83,43500,24.13
2009-09-03,27.16,27.25,26.94,27.15,49300,24.42
2009-09-04,27.27,27.34,26.69,26.99,35000,24.27
2009-09-08,27.84,27.84,27.11,27.37,51100,24.62
2009-09-09,27.45,27.74,27.31,27.55,226000,24.78
2009-09-10,27.58,27.74,27.4,27.65,21700,24.87
2009-09-11,28.16,28.21,27.9,28,84500,25.18
2009-09-14,28.15,28.65,28.1,28.61,94100,25.73
2009-09-15,28.44,28.62,28.22,28.62,316300,25.74
2009-09-16,28.48,28.87,28.32,28.87,103000,25.96
2009-09-17,28.91,28.91,28.55,28.62,83000,25.74
2009-09-18,29.1,29.1,28.71,28.84,84800,25.94
2009-09-21,28.91,29.69,28.7,29.21,126600,26.27
2009-09-22,29.49,29.6,29,29.14,92800,26.21
2009-09-23,28.89,29.37,28.7,28.7,89200,25.81
2009-09-24,28.83,28.85,28.23,28.45,70500,25.59
2009-09-25,28.54,28.92,28.5,28.71,87600,25.82
2009-09-28,28.8,29.06,28.6,29,84600,26.08
2009-09-29,29.02,29.13,28.88,29.05,151500,26.13
2009-09-30,29.07,29.07,28.57,28.75,53400,25.86
2009-10-01,28.5,28.57,28,28.04,54000,25.22
2009-10-02,27.35,27.87,27.1,27.6,102900,24.82
2009-10-05,27.8,29.16,27.61,27.94,57400,25.13
2009-10-06,28.06,28.42,28.04,28.32,85800,25.47
2009-10-07,28.71,28.71,28.2,28.48,76200,25.61
2009-10-08,29.02,29.21,28.9,29.12,211400,26.19
2009-10-09,29.82,29.82,29.41,29.63,86900,26.65
2009-10-12,30.39,30.45,30.21,30.4,152500,27.34
2009-10-13,30.37,30.37,29.85,30.15,100700,27.12
2009-10-14,31.18,31.35,30.99,31.32,259200,28.17
2009-10-15,31.39,31.87,31.39,31.85,172300,28.64
2009-10-16,31.2,31.28,30.82,31.14,143600,28.01
2009-10-19,31.72,32.15,31.55,31.97,143700,28.75
2009-10-20,32,32.05,31.55,31.71,1e+05,28.52
2009-10-21,31.62,31.92,31.31,31.4,189600,28.24
2009-10-22,31.57,32.2,31.52,32.07,80100,28.84
2009-10-23,31.73,31.73,30.86,30.97,167400,27.85
2009-10-26,31.17,31.44,30.6,30.67,85700,27.58
2009-10-27,30.3,30.42,30,30.12,80200,27.09
2009-10-28,29.9,30,29.12,29.23,142900,26.29
2009-10-29,29.47,30.04,29.2,29.86,173600,26.85
2009-10-30,29.38,29.39,28.42,28.54,146400,25.67
2009-11-02,28.62,28.72,27.8,28.21,90900,25.37
2009-11-03,27.37,27.56,27.1,27.53,111300,24.76
2009-11-04,27.71,28.27,27.71,27.88,115500,25.07
2009-11-05,28.4,28.94,28.4,28.94,58300,26.03
2009-11-06,28.25,28.78,28.25,28.69,63600,25.8
2009-11-09,28.25,28.52,28.1,28.41,129800,25.55
2009-11-10,27.45,27.54,27.24,27.5,103100,24.73
2009-11-11,27.9,28.28,27.9,28.09,98100,25.26
2009-11-12,28.08,28.23,27.8,27.88,88800,25.07
2009-11-13,28.04,28.3,27.86,28.29,53500,25.44
2009-11-16,28.41,28.81,28.31,28.77,160400,25.87
2009-11-17,28.18,28.18,27.65,28.08,476200,25.25
2009-11-18,28.22,28.37,28.01,28.37,72800,25.51
2009-11-19,28.16,28.18,27.81,28.09,61800,25.26
2009-11-20,27.97,28.07,27.83,28.04,57000,25.22
2009-11-23,28.01,28.07,27.75,27.95,95900,25.14
2009-11-24,27.49,27.5,27.11,27.31,54100,24.56
2009-11-25,26.73,26.73,25.91,25.94,210700,23.33
2009-11-27,24.11,24.9,24.07,24.72,151600,22.23
2009-11-30,24.75,25.38,24.75,25.35,135400,22.8
2009-12-01,25.95,26.29,25.9,26.2,88000,23.56
2009-12-02,25.31,25.35,25.05,25.09,122400,22.56
2009-12-03,25.17,25.28,24.82,24.85,77600,22.35
2009-12-04,25.21,25.44,24.86,25.01,63500,22.49
2009-12-07,25.23,25.3,25.02,25.14,40800,22.61
2009-12-08,24.69,24.83,24.31,24.6,96000,22.12
2009-12-09,24.18,24.18,23.88,24.14,91600,21.71
2009-12-10,23.8,23.96,23.7,23.93,81500,21.52
2009-12-11,23.49,23.49,23.21,23.31,119900,20.96
2009-12-14,23.89,24.17,23.88,24.08,70800,21.66
2009-12-15,24.07,24.15,23.9,24.05,42200,21.63
2009-12-16,23.7,23.85,23.53,23.68,104100,21.3
2009-12-17,23.35,23.76,23.2,23.32,89200,20.97
2009-12-18,23.51,23.66,23.34,23.57,49900,21.2
2009-12-21,24.21,24.57,24.21,24.45,67200,21.99
2009-12-22,24.31,24.5,24.26,24.49,84500,22.03
2009-12-23,25.17,25.17,24.62,24.97,91300,22.49
2009-12-24,25.27,25.48,25.27,25.48,55300,22.95
2009-12-28,25.59,25.7,25.4,25.59,80800,23.05
2009-12-29,25.14,25.2,25,25.11,87900,22.62
2009-12-30,25.51,25.79,25.47,25.73,92000,23.17
2009-12-31,25.79,25.79,25.45,25.49,77500,22.96
2010-01-04,26.7,27,26.67,27,157400,24.32
2010-01-05,27.36,27.74,27.36,27.6,185800,24.86
2010-01-06,27.51,27.56,27.36,27.43,116900,24.71
2010-01-07,27.34,27.49,27.25,27.4,93100,24.68
2010-01-08,27.02,27.47,26.97,27.3,107000,24.59
2010-01-11,27.12,27.12,26.79,27.05,146400,24.36
2010-01-12,26.4,26.4,26.1,26.1,106100,23.51
2010-01-13,26.79,27.09,26.64,27.07,106100,24.38
2010-01-14,27.09,27.29,26.99,27.13,62900,24.44
2010-01-15,26.7,26.7,26.36,26.56,149300,23.92
2010-01-19,26.56,26.57,26.1,26.57,194200,23.93
2010-01-20,25.9,25.9,25.5,25.72,80500,23.17
2010-01-21,25.34,25.36,24.52,24.58,205000,22.14
2010-01-22,24.7,24.89,24.51,24.58,106700,22.14
2010-01-25,25.06,25.06,24.69,24.98,69600,22.5
2010-01-26,25.41,25.75,25.24,25.48,130300,22.95
2010-01-27,24.71,24.86,24.51,24.86,78000,22.39
2010-01-28,24.81,24.81,24.1,24.4,85000,21.98
2010-01-29,24.86,25.06,24.45,24.45,86700,22.02
2010-02-01,25.03,25.3,24.9,25.3,56800,22.79
2010-02-02,25.08,25.5,24.94,25.5,227800,22.97
2010-02-03,25.45,25.45,25.2,25.31,24600,22.8
2010-02-04,25.19,25.4,24.65,24.69,71800,22.24
2010-02-05,24.69,24.94,24.35,24.77,135400,22.31
2010-02-08,24.73,25.06,24.59,24.6,31700,22.16
2010-02-09,24.94,25.53,24.77,25.28,210300,22.77
2010-02-10,25.26,25.29,24.82,24.96,71500,22.48
2010-02-11,24.99,25.46,24.99,25.4,20200,22.88
2010-02-12,25.31,25.51,25.2,25.48,42000,22.95
2010-02-16,25.73,26.13,25.71,26.05,73800,23.46
2010-02-17,26.03,26.24,25.95,26.24,103600,23.63
2010-02-18,26.04,26.29,25.97,26.27,50800,23.66
2010-02-19,25.94,26.15,25.89,26.04,80900,23.45
2010-02-22,25.9,25.9,25.53,25.61,100900,23.07
2010-02-23,25.2,25.2,24.5,24.54,74600,22.1
2010-02-24,24.72,24.87,24.63,24.77,65600,22.31
2010-02-25,24.44,24.83,24.33,24.83,62400,22.36
2010-02-26,25,25.16,24.9,25.11,59000,22.62
2010-03-01,25.41,25.75,25.41,25.65,77300,23.1
2010-03-02,25.6,25.66,25.36,25.45,77000,22.92
2010-03-03,25.7,25.89,25.65,25.72,46600,23.17
2010-03-04,25.86,26.07,25.78,25.8,131200,23.24
2010-03-05,26.01,26.42,26.01,26.42,111400,23.8
2010-03-08,26.35,26.41,26.22,26.24,127400,23.63
2010-03-09,26.54,26.9,26.51,26.88,120700,24.21
2010-03-10,26.8,26.9,26.62,26.66,421000,24.01
2010-03-11,26.6,26.72,26.35,26.58,61400,23.94
2010-03-12,26.89,27.01,26.69,26.9,135300,24.23
2010-03-15,26.66,26.83,26.4,26.83,59700,24.17
2010-03-16,26.09,26.54,26,26.23,123200,23.62
2010-03-17,26.15,26.32,26.04,26.29,126200,23.68
2010-03-18,26.41,26.41,26.11,26.13,39800,23.53
2010-03-19,25.84,26.25,25.7,25.84,105900,23.27
2010-03-22,25.71,26.07,25.7,26.03,25200,23.44
2010-03-23,25.75,25.76,25.11,25.24,484200,22.73
2010-03-24,25.37,25.45,25.28,25.4,54500,22.88
2010-03-25,25.14,25.19,24.77,24.87,235600,22.4
2010-03-26,25.17,25.35,25.05,25.07,62400,22.58
2010-03-29,25.29,25.37,25.2,25.37,62100,22.85
2010-03-30,25.18,25.18,25.01,25.12,73700,22.63
2010-03-31,24.93,25.21,24.91,25.16,99400,22.66
2010-04-01,25.64,25.82,25.58,25.75,130300,23.19
2010-04-05,25.85,25.99,25.79,25.93,89600,23.35
2010-04-06,25.81,26,25.73,25.94,145900,23.36
2010-04-07,25.78,26,25.62,25.62,60500,23.08
2010-04-08,25.75,25.87,25.61,25.87,56400,23.3
2010-04-09,26,26.13,25.86,26.11,81800,23.52
2010-04-12,26.06,26.17,25.94,26.03,82000,23.44
2010-04-13,25.86,25.93,25.62,25.85,60000,23.28
2010-04-14,25.88,26.22,25.7,26.22,175700,23.62
2010-04-15,26.07,26.21,25.9,26.16,49700,23.56
2010-04-16,25.94,26,25.43,25.55,212700,23.01
2010-04-19,25.35,25.81,25.35,25.7,63900,23.15
2010-04-20,25.68,25.83,25.51,25.63,59800,23.08
2010-04-21,25.7,25.79,25.5,25.59,54200,23.05
2010-04-22,26.08,26.4,25.96,26.26,62000,23.65
2010-04-23,26.4,26.94,26.35,26.94,404200,24.26
2010-04-26,26.52,26.68,26.44,26.61,210200,23.97
2010-04-27,26.35,26.5,26.02,26.11,124600,23.52
2010-04-28,26.47,26.69,26.46,26.68,74600,24.03
2010-04-29,26.76,27.14,26.74,27.09,174600,24.4
2010-04-30,26.96,26.96,26.51,26.61,135400,23.97
2010-05-03,26.61,26.9,26.58,26.76,123700,24.1
2010-05-04,26.72,26.72,26.21,26.41,147400,23.79
2010-05-05,26.15,26.37,25.94,26.18,176100,23.58
2010-05-06,26,26.42,25,25.74,250600,23.18
2010-05-07,25.58,26,25,25.33,225700,22.81
2010-05-10,25.74,26.68,25.69,26.17,110000,23.57
2010-05-11,26.01,26.4,25.93,25.94,59700,23.36
2010-05-12,26.16,26.16,25.78,26.01,89400,23.43
2010-05-13,26.01,26.04,25.63,25.67,81000,23.12
2010-05-14,25.49,25.55,24.88,25.09,122900,22.6
2010-05-17,25.25,25.27,24.55,24.9,129200,22.43
2010-05-18,25.5,25.5,24.24,24.32,54700,21.9
2010-05-19,24.06,24.06,23.36,23.61,151400,21.27
2010-05-20,23.47,23.72,23.05,23.17,132900,20.87
2010-05-21,22.94,23.2,22.55,23.04,110700,20.75
2010-05-24,23.17,23.46,23.03,23.03,25600,20.74
2010-05-25,22.89,23.8,22.78,23.77,61100,21.41
2010-05-26,23.91,23.91,23.29,23.46,54700,21.13
2010-05-27,24,24.4,23.95,24.4,45200,21.98
2010-05-28,24.63,24.7,24.26,24.3,29100,21.89
2010-06-01,24.35,24.67,24.14,24.16,40700,21.76
2010-06-02,24.39,25.04,24.39,25.04,32600,22.55
2010-06-03,24.86,24.86,24.54,24.64,24900,22.19
2010-06-04,24.03,24.26,23.74,23.8,74800,21.44
2010-06-07,23.95,24.15,23.59,23.59,22200,21.25
2010-06-08,23.8,24.17,23.73,24.08,101600,21.69
2010-06-09,24.29,24.48,24,24.03,84000,21.64
2010-06-10,24.58,24.97,24.4,24.97,36900,22.49
2010-06-11,24.36,24.74,24.3,24.59,25200,22.15
2010-06-14,25.08,25.17,24.89,25.11,114100,22.62
2010-06-15,25.29,25.71,25.18,25.7,41900,23.15
2010-06-16,25.2,25.54,25.19,25.43,42500,22.9
2010-06-17,25.5,25.53,25.28,25.38,51900,22.86
2010-06-18,25.38,25.63,25.3,25.63,93100,23.08
2010-06-21,25.97,26.48,25.85,25.85,212200,23.28
2010-06-22,25.78,25.82,25.3,25.3,75900,22.79
2010-06-23,25.75,25.75,25.37,25.46,24300,22.93
2010-06-24,25.5,25.5,25.01,25.01,33900,22.53
2010-06-25,25.28,25.38,25,25.23,67300,22.72
2010-06-28,25.46,25.62,25.4,25.4,48600,22.88
2010-06-29,25.19,25.19,24.4,24.59,92500,22.15
2010-06-30,24.92,25.26,24.82,24.94,56400,22.46
2010-07-01,24.93,25.18,24.77,24.99,53800,22.51
2010-07-02,24.99,25.18,24.86,24.89,83400,22.42
2010-07-06,25.1,25.37,24.97,25.16,107700,22.66
2010-07-07,24.86,25.41,24.84,25.37,32000,22.85
2010-07-08,25.4,25.4,24.99,25.18,46300,22.68
2010-07-09,25.15,25.25,25.07,25.24,31100,22.73
2010-07-12,25.2,25.2,25.07,25.13,21700,22.63
2010-07-13,25.65,25.85,25.55,25.83,36000,23.26
2010-07-14,25.4,25.53,25.28,25.39,22400,22.87
2010-07-15,25.32,25.41,25.13,25.32,23000,22.81
2010-07-16,25.39,25.48,24.75,24.77,279900,22.31
2010-07-19,25.22,25.35,25.1,25.29,31900,22.78
2010-07-20,25.05,25.47,24.95,25.38,42500,22.86
2010-07-21,25.37,25.4,24.93,24.96,72100,22.48
2010-07-22,25.1,25.48,25.1,25.34,40400,22.82
2010-07-23,25.19,25.42,25.09,25.42,19600,22.9
2010-07-26,25.3,25.58,25.1,25.45,82800,22.92
2010-07-27,25.26,25.43,25.12,25.31,56800,22.8
2010-07-28,24.99,25.11,24.9,24.97,56100,22.49
2010-07-29,25.03,25.27,24.86,24.88,35400,22.41
2010-07-30,24.93,25.21,24.86,25.09,54900,22.6
2010-08-02,25.25,25.51,25.25,25.49,33200,22.96
2010-08-03,25.24,25.32,25.14,25.23,43700,22.72
2010-08-04,25.03,25.28,25.03,25.12,157200,22.63
2010-08-05,25.1,25.18,24.97,25.08,47900,22.59
2010-08-06,24.84,25.02,24.73,24.92,61300,22.44
2010-08-09,24.96,24.96,24.55,24.63,105600,22.18
2010-08-10,24.02,24.18,23.74,24.05,90000,21.66
2010-08-11,23.8,23.8,23.5,23.52,65800,21.18
2010-08-12,23.25,23.47,23.11,23.45,54700,21.12
2010-08-13,23.56,23.66,23.5,23.62,43000,21.27
2010-08-16,23.72,24.21,23.72,24.19,48100,21.79
2010-08-17,24.13,24.36,24.05,24.22,66400,21.81
2010-08-18,24.04,24.04,23.67,23.71,62800,21.36
2010-08-19,23.71,23.71,23.2,23.29,91500,20.98
2010-08-20,23.42,23.62,23.4,23.6,35600,21.26
2010-08-23,23.38,23.52,23.1,23.12,51400,20.82
2010-08-24,22.51,22.59,22.31,22.44,111500,20.21
2010-08-25,22.18,22.24,21.81,22.23,69000,20.02
2010-08-26,22.62,22.62,22.3,22.43,24100,20.2
2010-08-27,22.93,23.2,22.62,23.11,29300,20.81
2010-08-30,23.58,23.58,23.12,23.2,47400,20.9
2010-08-31,23.66,23.83,23.55,23.69,89400,21.34
2010-09-01,24.31,24.7,24.15,24.67,77600,22.22
2010-09-02,24.43,24.68,24.38,24.51,77000,22.08
2010-09-03,24.81,24.81,24.41,24.55,31800,22.11
2010-09-07,24.19,24.5,24.11,24.11,86100,21.72
2010-09-08,24.31,24.56,24.31,24.39,23700,21.97
2010-09-09,24.97,24.97,24.65,24.77,43100,22.31
2010-09-10,24.23,24.29,24.08,24.2,159300,21.8
2010-09-13,24.23,24.36,24.21,24.36,64800,21.94
2010-09-14,24.22,24.4,24.16,24.33,27300,21.91
2010-09-15,24.24,24.43,24.2,24.32,83100,21.9
2010-09-16,24.25,24.39,24.18,24.39,90500,21.97
2010-09-17,24.64,24.64,24.43,24.46,49300,22.03
2010-09-20,24.73,24.99,24.61,24.96,91500,22.48
2010-09-21,24.59,24.62,24.32,24.52,40100,22.08
2010-09-22,24.39,24.67,24.3,24.4,36800,21.98
2010-09-23,24.14,24.34,24.07,24.07,51900,21.68
2010-09-24,24.35,24.69,24.35,24.68,49500,22.23
2010-09-27,24.5,24.53,24.29,24.42,77900,21.99
2010-09-28,24.52,24.66,24.29,24.61,54900,22.17
2010-09-29,24.39,24.52,24.28,24.47,60800,22.04
2010-09-30,24.76,24.85,24.43,24.45,68300,22.02
2010-10-01,24.56,24.67,24.51,24.6,46800,22.16
2010-10-04,24.3,24.34,24.03,24.17,68600,21.77
2010-10-05,24.56,24.98,24.56,24.86,86600,22.39
2010-10-06,25,25.19,25,25.17,210600,22.67
2010-10-07,25.28,25.28,24.93,25.14,84500,22.64
2010-10-08,24.91,25.16,24.78,24.96,127000,22.48
2010-10-11,25.06,25.09,24.92,24.92,46100,22.44
2010-10-12,24.62,24.83,24.5,24.78,162000,22.32
2010-10-13,24.95,25.14,24.91,25.04,137900,22.55
2010-10-14,24.94,24.97,24.75,24.92,205900,22.44
2010-10-15,25.14,25.16,24.76,25,152100,22.52
2010-10-18,24.8,25.22,24.78,24.92,158900,22.44
2010-10-19,24.6,24.76,24.46,24.59,119100,22.15
2010-10-20,24.05,24.47,24.03,24.44,137000,22.01
2010-10-21,24.4,24.52,24.14,24.35,88600,21.93
2010-10-22,24.44,24.44,24.15,24.15,90700,21.75
2010-10-25,24.2,24.44,24.1,24.34,74500,21.92
2010-10-26,24.4,24.68,24.4,24.67,76800,22.22
2010-10-27,24.29,24.4,24.1,24.27,75100,21.86
2010-10-28,24.33,24.49,24.28,24.3,55200,21.89
2010-10-29,24.42,24.78,24.42,24.76,77600,22.3
2010-11-01,24.7,24.74,24.44,24.54,104900,22.1
2010-11-02,24.37,24.5,24.21,24.33,106300,21.91
2010-11-03,24.3,24.45,24.08,24.45,100900,22.02
2010-11-04,24.49,24.98,24.49,24.92,124200,22.44
2010-11-05,24.88,25.28,24.88,25.27,273000,22.76
2010-11-08,25.02,25.14,24.82,25.13,302600,22.63
2010-11-09,24.85,24.85,24.46,24.68,264600,22.23
2010-11-10,25.02,25.25,24.68,25.14,158600,22.64
2010-11-11,24.73,24.9,24.58,24.86,146300,22.39
2010-11-12,24.56,24.66,24.12,24.21,172400,21.81
2010-11-15,24.16,24.16,23.55,23.78,233400,21.42
2010-11-16,23.44,23.44,22.77,23.14,279300,20.84
2010-11-17,23.22,23.37,23.13,23.22,93400,20.91
2010-11-18,23.67,23.93,23.67,23.89,175400,21.52
2010-11-19,23.65,23.79,23.4,23.79,211100,21.43
2010-11-22,23.7,23.8,23.41,23.7,97100,21.35
2010-11-23,23.65,23.65,23.35,23.48,102900,21.15
2010-11-24,23.83,24.25,23.83,24.17,428500,21.77
2010-11-26,23.89,23.94,23.75,23.88,126000,21.51
2010-11-29,24.29,24.6,23.97,24.56,239900,22.12
2010-11-30,24.2,25.08,24.2,25.08,362000,22.59
2010-12-01,25.12,26.91,25.12,26.91,731200,24.24
2010-12-02,27.2,27.2,26.15,26.75,336700,24.09
2010-12-03,26.93,27.7,26.82,27.01,279200,24.33
2010-12-06,27.5,28.37,27.26,27.7,302900,24.95
2010-12-07,28,29.88,27.61,28.85,725600,25.98
2010-12-08,28.79,29.06,27.23,27.65,767000,24.9
2010-12-09,27.92,29.22,27.8,27.8,412600,25.04
2010-12-10,28.78,28.86,28.33,28.33,176500,25.52
2010-12-13,29.35,30.34,29.21,30,424500,27.02
2010-12-14,29.75,30.19,28.45,28.46,377900,25.63
2010-12-15,28.42,29.07,27.62,27.8,304000,25.04
2010-12-16,29,29,26.28,27.14,405000,24.44
2010-12-17,27.44,27.64,26.9,27.27,158000,24.56
2010-12-20,27.45,27.45,26.31,26.54,289500,23.9
2010-12-21,26.61,26.99,26.61,26.98,112200,24.3
2010-12-22,27.02,27.07,26.8,26.86,140000,24.19
2010-12-23,26.45,26.45,25.91,26.18,188100,23.88
2010-12-27,26,26.47,25.75,26.04,146700,23.76
2010-12-28,26.15,26.24,25.42,25.52,351900,23.28
2010-12-29,25.44,25.79,25.35,25.77,170000,23.51
2010-12-30,25.81,26.02,25.73,25.94,84200,23.66
2010-12-31,26.14,26.2,26,26.18,151800,23.88
2011-01-03,26.5,27.46,26.45,27.4,335500,25
2011-01-04,27.65,27.85,26.85,26.94,192200,24.58
2011-01-05,26.91,27.12,26.5,26.79,200700,24.44
2011-01-06,27.17,27.17,26.57,26.91,158200,24.55
2011-01-07,27.14,27.14,26.17,26.17,240800,23.87
2011-01-10,26.11,26.47,26.11,26.26,188000,23.96
2011-01-11,26.24,26.43,26.1,26.33,183600,24.02
2011-01-12,26.44,26.77,26.38,26.77,322700,24.42
2011-01-13,27,27.66,26.88,27.46,386800,25.05
2011-01-14,27.59,28.2,27.46,27.98,492300,25.53
2011-01-18,28.05,28.29,27.98,28.05,191600,25.59
2011-01-19,28.15,28.4,27.26,27.27,366700,24.88
2011-01-20,26.92,27.3,26.62,26.76,356300,24.41
2011-01-21,27.43,27.69,27.18,27.44,145300,25.03
2011-01-24,27.25,27.94,27.19,27.94,171600,25.49
2011-01-25,27.3,27.45,27,27.45,219400,25.04
2011-01-26,27.46,27.99,27.22,27.99,218900,25.54
2011-01-27,28.09,28.48,27.55,28.45,145700,25.95
2011-01-28,28.6,28.89,28.35,28.46,274800,25.96
2011-01-31,28.29,29,28,29,213700,26.46
2011-02-01,28.97,29.79,28.79,29.36,280300,26.79
2011-02-02,29.43,29.52,28.94,29.3,123900,26.73
2011-02-03,29.28,29.32,28.42,28.42,122400,25.93
2011-02-04,28.9,28.9,27.81,28.19,128900,25.72
2011-02-07,28.97,29.19,28.41,28.93,143100,26.39
2011-02-08,29.53,29.58,28.63,28.93,259000,26.39
2011-02-09,28.92,29.08,28.54,28.67,130600,26.16
2011-02-10,28.36,28.61,28.19,28.19,156700,25.72
2011-02-11,28.66,28.66,27.2,27.2,195000,24.81
2011-02-14,27.88,27.88,25.75,26.26,667900,23.96
2011-02-15,26.46,27.07,26.21,26.96,243200,24.6
2011-02-16,27.18,27.18,26.28,26.34,158700,24.03
2011-02-17,26.25,26.76,26.15,26.28,175400,23.98
2011-02-18,26.4,26.69,25.52,25.62,352800,23.37
2011-02-22,24.5,25.1,23.9,23.9,573500,21.8
2011-02-23,23.88,24.34,23.88,24.34,341700,22.21
2011-02-24,24.34,24.34,23.55,23.99,230100,21.89
2011-02-25,24.2,24.35,24,24.3,183800,22.17
2011-02-28,24.1,24.33,24,24.25,176200,22.12
2011-03-01,24.31,24.5,23.35,23.8,235600,21.71
2011-03-02,23.58,23.58,23.25,23.52,161400,21.46
2011-03-03,23.16,24.02,23.16,23.97,335300,21.87
2011-03-04,24,24.1,23.5,23.65,136800,21.58
2011-03-07,23.97,24,23.57,23.9,193400,21.8
2011-03-08,23.95,24.14,23.7,23.7,176800,21.62
2011-03-09,23.76,24.01,23.5,23.76,136400,21.68
2011-03-10,23.85,24.04,23.47,24,241500,21.9
2011-03-11,23.73,24.43,23.73,24.32,223400,22.19
2011-03-14,23.78,23.8,23.45,23.66,209100,21.58
2011-03-15,23.01,23.37,22.71,23.37,233700,21.32
2011-03-16,23.12,23.3,22.42,22.75,285000,20.75
2011-03-17,23.03,23.18,22.81,22.84,263900,20.84
2011-03-18,23.17,23.59,23.08,23.26,145000,21.22
2011-03-21,23.81,24.06,23.76,23.9,124400,21.8
2011-03-22,23.72,23.8,23.37,23.63,127600,21.56
2011-03-23,23.55,24.01,23.5,24,194900,21.9
2011-03-24,23.79,23.89,23.37,23.88,183000,21.79
2011-03-25,23.72,23.85,23.52,23.63,155500,21.56
2011-03-28,23.69,23.76,23.55,23.64,137300,21.57
2011-03-29,23.59,23.76,23.5,23.7,82400,21.62
2011-03-30,23.7,23.79,23.61,23.69,151600,21.61
2011-03-31,23.62,23.73,23.58,23.73,102200,21.65
2011-04-01,23.7,23.77,23.65,23.75,260100,21.67
2011-04-04,23.74,23.85,23.61,23.83,267400,21.74
2011-04-05,23.85,24.05,23.77,24.05,174200,21.94
2011-04-06,24.3,24.75,24.3,24.7,306500,22.53
2011-04-07,24.45,24.73,24.19,24.57,162800,22.42
2011-04-08,24.46,24.69,24.28,24.58,94400,22.42
2011-04-11,24.51,24.71,24.1,24.4,117700,22.26
2011-04-12,24.24,24.29,23.7,23.78,223500,21.69
2011-04-13,24.07,24.09,23.7,23.89,106800,21.79
2011-04-14,23.84,24.13,23.64,24.13,248200,22.01
2011-04-15,23.99,24,23.56,23.66,223100,21.58
2011-04-18,23.4,23.57,22.95,23.57,218300,21.5
2011-04-19,23.75,23.98,23.61,23.92,107500,21.82
2011-04-20,23.98,24.06,23.8,23.84,127800,21.75
2011-04-21,23.56,23.8,23.37,23.73,89700,21.65
2011-04-25,24,24.05,23.75,23.99,135800,21.89
2011-04-26,23.95,24,23.71,23.88,62900,21.79
2011-04-27,23.9,24,23.75,24,201700,21.9
2011-04-28,23.99,24,23.71,23.75,174300,21.67
2011-04-29,23.85,23.95,23.77,23.9,63000,21.8
2011-05-02,23.99,23.99,23.67,23.74,51000,21.66
2011-05-03,23.68,23.81,23.33,23.38,208000,21.33
2011-05-04,23.73,23.83,23.31,23.42,77000,21.37
2011-05-05,23.32,23.41,23.01,23.3,164800,21.26
2011-05-06,23.3,24,23.14,23.99,584000,21.89
2011-05-09,23.77,23.91,23.57,23.57,115000,21.5
2011-05-10,23.73,24.1,23.73,24.01,150300,21.9
2011-05-11,23.76,23.8,23.51,23.68,144900,21.6
2011-05-12,23.57,23.85,23.33,23.33,152000,21.28
2011-05-13,23.64,23.64,23.16,23.38,76100,21.33
2011-05-16,23.44,23.6,23.07,23.07,123800,21.05
2011-05-17,23,23.06,22.78,22.91,119700,20.9
2011-05-18,22.87,22.95,22.61,22.67,195300,20.68
2011-05-19,22.51,22.56,21.13,21.46,787700,19.58
2011-05-20,21.28,21.28,20.88,20.89,350100,19.06
2011-05-23,20.34,20.37,20.22,20.25,301300,18.47
2011-05-24,20.2,20.2,19.45,19.6,455900,17.88
2011-05-25,19.19,19.6,19.07,19.51,520700,17.8
2011-05-26,20.08,20.5,19.84,20.4,390700,18.61
2011-05-27,20.65,20.72,20.43,20.57,247000,18.77
2011-05-31,20.77,21,20.4,20.47,291500,18.67
2011-06-01,21.01,21.01,20.54,20.83,254900,19
2011-06-02,21.57,21.83,21.13,21.83,203500,19.92
2011-06-03,21.26,21.46,20.97,21.07,89900,19.22
2011-06-06,21.09,21.09,20.63,20.91,84400,19.08
2011-06-07,21.63,21.79,21.49,21.49,156600,19.61
2011-06-08,21.49,21.68,21.1,21.34,235500,19.47
2011-06-09,21.62,21.86,21.57,21.71,129800,19.81
2011-06-10,21.68,21.69,21.21,21.36,171700,19.49
2011-06-13,21.54,21.64,21.4,21.57,124800,19.68
2011-06-14,21.47,21.7,21.41,21.7,162400,19.8
2011-06-15,21.38,21.38,20.7,20.73,727500,18.91
2011-06-16,21.16,21.21,20.91,21.05,97800,19.2
2011-06-17,20.83,20.83,20.45,20.55,87400,18.75
2011-06-20,20.5,20.5,20.16,20.21,145800,18.44
2011-06-21,20.92,21.15,20.83,20.98,122500,19.14
2011-06-22,20.97,20.97,20.64,20.83,43600,19
2011-06-23,20.49,20.67,20.25,20.52,106900,18.72
2011-06-24,20.59,20.7,20.3,20.4,59800,18.61
2011-06-27,20.61,20.75,20.37,20.45,115400,18.66
2011-06-28,20.56,20.81,20.26,20.72,211500,18.9
2011-06-29,20.77,21.14,20.6,21.14,94200,19.29
2011-06-30,20.99,20.99,20.55,20.86,158000,19.03
2011-07-01,20.42,20.49,20.25,20.4,132000,18.61
2011-07-05,20.75,20.75,20.46,20.46,91600,18.67
2011-07-06,20.37,20.5,19.99,19.99,197000,18.24
2011-07-07,20.25,20.5,20.07,20.47,87000,18.67
2011-07-08,20.19,20.19,19.9,20.08,67800,18.32
2011-07-11,19.99,19.99,19.66,19.86,165900,18.12
2011-07-12,19.85,19.98,19.83,19.88,60300,18.14
2011-07-13,19.94,20.15,19.93,19.95,114100,18.2
2011-07-14,20.1,20.2,19.75,19.76,66400,18.03
2011-07-15,19.75,19.76,19.65,19.68,46700,17.95
2011-07-18,19.62,19.7,19.39,19.43,105600,17.73
2011-07-19,19.45,19.76,19.37,19.74,103200,18.01
2011-07-20,20.01,20.01,19.74,19.87,91400,18.13
2011-07-21,19.85,20.08,19.6,19.62,110700,17.9
2011-07-22,19.72,19.99,19.56,19.99,167800,18.24
2011-07-25,19.8,19.97,19.52,19.89,74800,18.15
2011-07-26,19.83,19.88,19.72,19.81,49400,18.07
2011-07-27,19.72,20,19.37,19.68,150700,17.95
2011-07-28,19.61,19.99,19.48,19.64,53100,17.92
2011-07-29,19.52,19.54,19.26,19.54,126200,17.83
2011-08-01,19.53,19.54,19.17,19.29,188300,17.6
2011-08-02,19.13,19.14,18.9,18.94,171500,17.28
2011-08-03,18.85,19.03,18.43,18.73,135100,17.09
2011-08-04,18.68,18.77,17.78,17.82,237700,16.26
2011-08-05,18.66,18.69,17.98,18.48,280700,16.86
2011-08-08,17.76,18.09,17.08,17.3,295900,15.78
2011-08-09,17.8,17.99,17,17.78,243000,16.22
2011-08-10,17.28,17.61,17.01,17.28,157700,15.76
2011-08-11,17.45,17.65,17.14,17.44,166500,15.91
2011-08-12,17.94,17.94,17.44,17.53,130500,15.99
2011-08-15,17.65,18.12,17.61,17.74,146700,16.18
2011-08-16,17.71,17.9,17.32,17.63,66200,16.08
2011-08-17,18.05,18.35,17.95,17.96,173600,16.38
2011-08-18,18.05,18.08,17.63,17.66,247500,16.11
2011-08-19,17.78,18.02,17.67,17.68,120500,16.13
2011-08-22,18.48,18.5,18.18,18.18,186900,16.59
2011-08-23,18.13,18.44,18.06,18.3,56300,16.7
2011-08-24,18.05,18.08,17.75,17.98,80900,16.4
2011-08-25,18.06,18.06,17.7,17.7,85400,16.15
2011-08-26,17.93,18.3,17.6,18.17,108500,16.58
2011-08-29,18.39,18.8,18.39,18.73,112000,17.09
2011-08-30,18.76,19.06,18.66,18.89,113500,17.23
2011-08-31,19.23,19.49,19.13,19.39,164500,17.69
2011-09-01,19.6,19.95,19.53,19.54,127600,17.83
2011-09-02,19.46,19.73,19.24,19.53,272000,17.82
2011-09-06,19.14,19.57,19.14,19.45,110900,17.74
2011-09-07,19.81,20.66,19.81,20.62,306300,18.81
2011-09-08,20.39,20.68,20.2,20.31,168300,18.53
2011-09-09,20.3,20.3,19.82,19.85,90000,18.11
2011-09-12,20.09,20.32,19.69,20,96800,18.25
2011-09-13,19.89,20.29,19.87,20.1,77000,18.34
2011-09-14,20.01,20.09,19.66,19.87,55600,18.13
2011-09-15,19.81,19.89,19.58,19.82,46200,18.08
2011-09-16,19.32,19.5,18.9,18.94,266800,17.28
2011-09-19,19.1,20.16,18.84,19.88,504800,18.14
2011-09-20,19.63,19.67,19.34,19.48,66600,17.77
2011-09-21,19.22,19.22,18.51,18.55,81500,16.92
2011-09-22,18.41,18.67,17.84,17.93,239100,16.36
2011-09-23,18.19,18.23,17.73,18.11,118500,16.52
2011-09-26,17.95,18.22,17.75,18.08,77300,16.49
2011-09-27,18.43,18.84,18.24,18.3,99700,16.7
2011-09-28,18.3,18.3,17.89,17.92,102100,16.35
2011-09-29,17.91,18.27,17.7,17.9,132700,16.33
2011-09-30,17.78,17.78,17.25,17.25,184100,15.74
2011-10-03,17.19,17.49,17,17.15,283200,15.65
2011-10-04,16.9,17.12,16.64,17.11,239100,15.61
2011-10-05,17.15,17.35,16.85,17.23,97000,15.72
2011-10-06,17.26,17.71,17.25,17.54,132000,16
2011-10-07,17.4,17.53,17.21,17.41,87000,15.88
2011-10-10,17.67,17.8,17.58,17.76,71900,16.2
2011-10-11,17.49,17.68,17.42,17.53,61700,15.99
2011-10-12,17.46,17.71,17.44,17.59,77200,16.05
2011-10-13,17.32,17.52,17.18,17.52,112600,15.98
2011-10-14,17.61,17.79,17.6,17.61,46300,16.07
2011-10-17,17.47,17.49,17.18,17.18,74200,15.67
2011-10-18,17.14,17.88,17.1,17.88,231600,16.31
2011-10-19,17.53,17.77,17.46,17.69,178300,16.14
2011-10-20,17.41,17.61,17.05,17.36,63900,15.84
2011-10-21,17.91,18.12,17.84,17.94,70800,16.37
2011-10-24,18.07,18.21,17.86,17.95,243400,16.38
2011-10-25,17.82,17.87,17.49,17.5,76100,15.97
2011-10-26,18.03,18.03,17.62,17.8,196300,16.24
2011-10-27,18.34,18.6,18.31,18.44,111100,16.82
2011-10-28,18.51,18.67,18.41,18.63,68400,17
2011-10-31,18.41,18.43,18.12,18.28,169200,16.68
2011-11-01,17.77,17.84,17.33,17.66,64500,16.11
2011-11-02,17.76,17.9,17.4,17.66,169400,16.11
2011-11-03,17.61,17.9,17.58,17.77,53400,16.21
2011-11-04,17.61,17.65,17.35,17.56,27400,16.02
2011-11-07,17.31,17.49,17.25,17.48,65000,15.95
2011-11-08,17.33,17.6,17.27,17.44,62500,15.91
2011-11-09,17.1,17.1,16.9,17.02,107600,15.53
2011-11-10,17.09,17.27,16.92,17.24,150000,15.73
2011-11-11,17.12,17.3,17.07,17.28,225000,15.76
2011-11-14,16.72,16.88,16.52,16.64,195600,15.18
2011-11-15,16.59,16.65,16.2,16.24,398200,14.82
2011-11-16,16.41,16.5,16.31,16.31,97400,14.88
2011-11-17,16.31,16.41,15.81,15.98,151100,14.58
2011-11-18,16,16,15.81,15.9,45200,14.51
2011-11-21,15.69,15.69,15.36,15.4,87200,14.05
2011-11-22,15.67,15.69,15.38,15.52,57900,14.16
2011-11-23,15.77,15.77,15.5,15.5,69000,14.14
2011-11-25,15.98,15.98,15.33,15.47,103100,14.11
2011-11-28,15.89,15.89,15.47,15.62,248300,14.25
2011-11-29,15.55,15.7,15.5,15.63,112100,14.26
2011-11-30,15.82,16.16,15.76,16.07,107200,14.66
2011-12-01,15.68,15.96,15.68,15.84,76900,14.45
2011-12-02,15.95,16.12,15.95,16.04,42000,14.63
2011-12-05,16.37,16.6,16.37,16.54,92300,15.09
2011-12-06,16.38,16.49,16.23,16.33,75400,14.9
2011-12-07,16.19,16.35,16.12,16.24,59800,14.82
2011-12-08,15.98,15.99,15.6,15.62,50400,14.25
2011-12-09,15.54,15.9,15.5,15.71,82700,14.33
2011-12-12,15.5,15.53,15.24,15.38,159400,14.03
2011-12-13,15.4,15.63,15.25,15.37,115000,14.02
2011-12-14,15.21,15.52,15.2,15.37,253600,14.02
2011-12-15,15.38,15.49,15.22,15.32,112700,13.98
2011-12-16,15.35,15.72,15.13,15.69,267900,14.31
2011-12-19,15.59,15.8,15.53,15.62,271100,14.25
2011-12-20,15.58,15.99,15.52,15.91,435700,14.51
2011-12-21,15.77,15.85,15.53,15.76,73900,14.38
2011-12-22,15.5,15.64,15.29,15.46,213200,14.1
2011-12-23,15.05,15.15,15,15.03,115400,13.86
2011-12-27,14.78,14.81,14.48,14.53,306600,13.4
2011-12-28,14.6,14.66,14.36,14.37,116700,13.25
2011-12-29,14.45,14.59,14.32,14.34,158900,13.22
2011-12-30,14.46,14.66,14.37,14.55,204300,13.42
2012-01-03,14.65,14.8,14.65,14.75,104900,13.6
2012-01-04,14.65,14.68,14.44,14.59,129000,13.45
2012-01-05,14.31,14.41,14.28,14.32,64100,13.2
2012-01-06,14.22,14.42,14.15,14.4,121300,13.28
2012-01-09,14.5,14.64,14.41,14.6,153000,13.46
2012-01-10,14.87,14.99,14.85,14.93,181200,13.77
2012-01-11,14.88,14.96,14.75,14.94,179800,13.77
2012-01-12,14.95,15.23,14.9,15.18,169800,14
2012-01-13,15.14,15.37,15.14,15.16,125500,13.98
2012-01-17,15.59,15.59,15.38,15.48,141900,14.27
2012-01-18,15.57,15.94,15.5,15.94,156000,14.7
2012-01-19,16.2,16.39,16.03,16.2,149600,14.94
2012-01-20,16.38,16.38,16.24,16.35,66600,15.07
2012-01-23,16.37,16.37,16.08,16.35,158700,15.07
2012-01-24,16.28,16.3,16.2,16.2,37400,14.94
2012-01-25,16.1,16.5,16.1,16.49,98100,15.2
2012-01-26,16.5,16.52,16.35,16.46,65600,15.18
2012-01-27,16.33,16.65,16.33,16.64,253100,15.34
2012-01-30,16.56,16.86,16.56,16.79,154300,15.48
2012-01-31,16.85,17.15,16.8,17.1,420100,15.77
2012-02-01,17.18,17.49,17.16,17.2,179300,15.86
2012-02-02,17.93,18.35,17.73,17.81,483300,16.42
2012-02-03,17.86,18,17.86,17.93,169900,16.53
2012-02-06,17.8,17.88,17.66,17.72,156300,16.34
2012-02-07,17.91,18.05,17.77,17.77,62500,16.38
2012-02-08,18.32,18.32,18,18.06,187300,16.65
2012-02-09,18.08,18.31,17.98,17.98,120600,16.58
2012-02-10,17.72,17.78,17.52,17.53,142800,16.16
2012-02-13,17.55,17.58,17.08,17.24,286200,15.9
2012-02-14,17.5,17.55,17.12,17.34,221600,15.99
2012-02-15,17.12,17.43,17.03,17.17,169300,15.83
2012-02-16,17.34,17.59,17.3,17.59,150300,16.22
2012-02-17,17.72,17.85,17.62,17.73,248800,16.35
2012-02-21,18.13,18.3,17.95,18.25,322900,16.83
2012-02-22,18.3,18.63,18.26,18.55,271900,17.1
2012-02-23,18.72,19.1,18.57,19.07,216500,17.58
2012-02-24,19.03,19.77,19.03,19.68,497000,18.15
2012-02-27,19.81,20.08,19.61,19.99,280400,18.43
2012-02-28,19.67,19.76,19.28,19.54,241800,18.02
2012-02-29,19.55,19.55,19.01,19.16,218700,17.67
2012-03-01,19.16,19.83,19.16,19.69,527400,18.15
2012-03-02,19.97,20.26,19.94,20.2,252000,18.62
2012-03-05,20.53,21.05,20.53,20.86,741200,19.23
2012-03-06,20.12,20.31,19.31,19.67,693600,18.14
2012-03-07,19.94,20.2,19.85,20.01,308400,18.45
2012-03-08,20.15,20.2,19.7,20.01,247600,18.45
2012-03-09,20.2,20.23,19.88,20.14,178700,18.57
2012-03-12,20.01,20.04,19.61,19.69,287300,18.15
2012-03-13,19.82,19.88,19.5,19.68,276400,18.15
2012-03-14,20.07,20.07,19.08,19.14,308000,17.65
2012-03-15,20,20.37,19.55,20.37,431600,18.78
2012-03-16,19.76,20.02,19.76,20.01,199700,18.45
2012-03-19,20.06,20.06,19.81,19.92,111200,18.37
2012-03-20,19.7,19.97,19.55,19.74,130400,18.2
2012-03-21,20.05,20.05,19.76,19.87,125600,18.32
2012-03-22,19.86,19.9,19.7,19.79,152900,18.25
2012-03-23,20,20.1,19.88,19.89,52800,18.34
2012-03-26,19.98,20.14,19.98,20.14,335300,18.57
2012-03-27,19.89,19.91,19.38,19.53,279400,18.01
2012-03-28,19.61,19.61,19.3,19.37,165800,17.86
2012-03-29,19.3,19.54,18.84,19.02,175000,17.54
2012-03-30,19.65,19.65,18.99,19.14,337700,17.65
2012-04-02,19.26,20.24,19.09,19.49,459600,17.97
2012-04-03,19.45,19.6,19.43,19.53,115000,18.01
2012-04-04,19.35,19.46,19.1,19.13,151900,17.64
2012-04-05,19.15,19.51,19.12,19.48,117200,17.96
2012-04-09,19.27,19.71,19.13,19.27,359400,17.77
2012-04-10,19.2,19.35,18.92,18.94,357000,17.46
2012-04-11,19.39,19.96,19.39,19.88,481400,18.33
2012-04-12,19.98,20.6,19.98,20.6,467300,18.99
2012-04-13,20.35,20.39,20.13,20.19,162300,18.62
2012-04-16,20.44,20.72,20.4,20.56,316400,18.96
2012-04-17,20.66,21.2,20.65,21.15,400100,19.5
2012-04-18,20.87,21,20.68,20.83,353600,19.21
2012-04-19,20.54,20.59,20.25,20.28,241000,18.7
2012-04-20,20.39,20.44,20.17,20.17,83700,18.6
2012-04-23,20.18,20.18,19.88,20.02,156400,18.46
2012-04-24,20.21,20.36,20.2,20.31,143300,18.73
2012-04-25,20.53,20.68,20.53,20.61,90000,19
2012-04-26,20.39,20.58,20.22,20.5,153400,18.9
2012-04-27,20.71,20.83,20.58,20.77,156000,19.15
2012-04-30,20.7,20.88,20.63,20.87,240000,19.24
2012-05-01,20.78,21.16,20.78,21.14,320200,19.49
2012-05-02,20.9,20.9,20.61,20.74,133000,19.12
2012-05-03,20.74,20.74,20.5,20.52,156000,18.92
2012-05-04,20.58,20.62,20.33,20.33,166700,18.74
2012-05-07,20.64,21.06,20.55,21.04,165000,19.4
2012-05-08,20.98,21.15,20.79,21.05,419600,19.41
2012-05-09,20.85,21.28,20.83,21.1,254600,19.45
2012-05-10,20.97,21.26,20.97,21.13,183200,19.48
2012-05-11,20.78,20.78,20.27,20.44,149000,18.85
2012-05-14,19.98,19.99,19.53,19.54,388800,18.02
2012-05-15,19.24,19.24,18.67,18.68,761600,17.22
2012-05-16,18.76,18.79,18.51,18.56,285200,17.11
2012-05-17,18.46,18.47,18.17,18.17,304800,16.75
2012-05-18,18.15,18.15,17.76,17.98,339400,16.58
2012-05-21,18.49,18.91,18.43,18.83,337800,17.36
2012-05-22,18.76,18.84,18.56,18.62,126600,17.17
2012-05-23,18.3,18.3,17.93,18.12,351000,16.71
2012-05-24,18.27,18.27,17.88,18.06,133900,16.65
2012-05-25,18.49,18.67,18.34,18.53,190200,17.08
2012-05-29,18.2,18.82,18.2,18.82,187200,17.35
2012-05-30,18.53,18.72,18.44,18.45,116200,17.01
2012-05-31,18.42,18.44,17.85,18.15,356300,16.73
2012-06-01,17.96,18.02,17.78,17.78,163200,16.39
2012-06-04,17.75,17.79,17.33,17.46,234300,16.1
2012-06-05,17.6,17.82,17.57,17.72,109300,16.34
2012-06-06,18.11,18.41,18.11,18.33,101200,16.9
2012-06-07,18.36,18.76,18.36,18.58,128300,17.13
2012-06-08,18.21,18.55,18.21,18.52,56900,17.08
2012-06-11,18.57,18.57,18.28,18.31,144300,16.88
2012-06-12,18.3,18.39,18.25,18.32,120700,16.89
2012-06-13,18.2,18.42,18,18.15,79900,16.73
2012-06-14,18.16,18.27,18.1,18.2,53600,16.78
2012-06-15,18.5,18.62,18.41,18.6,87100,17.15
2012-06-18,18.42,18.91,18.37,18.69,139100,17.23
2012-06-19,18.5,18.99,18.43,18.91,197000,17.44
2012-06-20,18.83,18.95,18.75,18.81,82600,17.34
2012-06-21,18.77,18.8,18.19,18.25,138800,16.83
2012-06-22,18.14,18.45,18.14,18.45,52300,17.01
2012-06-25,18.29,18.29,17.84,17.94,101900,16.54
2012-06-26,17.73,17.95,17.7,17.95,32400,16.55
2012-06-27,17.77,17.95,17.67,17.83,63700,16.44
2012-06-28,17.67,17.79,17.58,17.67,52500,16.29
2012-06-29,18.01,18.38,18.01,18.37,73200,16.94
2012-07-02,18.14,18.17,17.93,18.11,68200,16.7
2012-07-03,17.89,18.14,17.82,18.11,58700,16.7
2012-07-05,18.05,18.2,17.63,17.7,103400,16.32
2012-07-06,17.62,17.82,17.46,17.56,80200,16.19
2012-07-09,17.53,17.53,17.2,17.38,89200,16.02
2012-07-10,17.45,17.52,17,17.11,81100,15.78
2012-07-11,17.22,17.4,17.21,17.4,106600,16.04
2012-07-12,17.4,17.53,17.14,17.46,78800,16.1
2012-07-13,17.92,18.24,17.83,18.11,124000,16.7
2012-07-16,17.95,17.97,17.56,17.64,96100,16.26
2012-07-17,18.19,18.27,17.95,18.25,71800,16.83
2012-07-18,18.05,18.3,18,18.16,39400,16.74
2012-07-19,18.43,18.62,18.4,18.59,45100,17.14
2012-07-20,18.33,18.33,18.05,18.08,67800,16.67
2012-07-23,17.86,18,17.83,17.93,140800,16.53
2012-07-24,17.93,17.93,17.51,17.54,114400,16.17
2012-07-25,17.72,17.75,17.5,17.59,66700,16.22
2012-07-26,17.93,17.93,17.73,17.75,61000,16.37
2012-07-27,17.71,17.9,17.53,17.9,42200,16.5
2012-07-30,17.87,17.88,17.69,17.81,41500,16.42
2012-07-31,17.79,17.84,17.64,17.65,91900,16.27
2012-08-01,17.89,17.89,17.53,17.62,83500,16.25
2012-08-02,17.59,17.65,17.39,17.48,67600,16.12
2012-08-03,17.79,18.03,17.79,17.99,140600,16.59
2012-08-06,18.22,18.22,17.95,17.95,128000,16.55
2012-08-07,17.9,18.04,17.9,17.96,87500,16.56
2012-08-08,17.93,18.05,17.93,18.01,57100,16.61
2012-08-09,18.05,18.22,18.02,18.1,33800,16.69
2012-08-10,18.04,18.1,17.99,18.03,52800,16.62
2012-08-13,17.95,17.95,17.79,17.92,150400,16.52
2012-08-14,18.05,18.27,17.93,17.95,107800,16.55
2012-08-15,17.98,18.22,17.98,18.19,106400,16.77
2012-08-16,18.28,18.29,18.08,18.2,112400,16.78
2012-08-17,18.2,18.21,18.07,18.18,31300,16.76
2012-08-20,18.28,18.32,18.17,18.28,50300,16.85
2012-08-21,17.73,17.81,17.5,17.7,384700,16.32
2012-08-22,17.57,17.63,17.36,17.52,159300,16.15
2012-08-23,16.95,16.98,16.29,16.42,512400,15.14
2012-08-24,16.74,17.05,16.67,16.96,237200,15.64
2012-08-27,16.47,16.55,16.41,16.48,230000,15.19
2012-08-28,16.44,16.62,16.44,16.62,183700,15.32
2012-08-29,16.82,16.92,16.77,16.84,133900,15.53
2012-08-30,16.87,17,16.7,16.84,204200,15.53
2012-08-31,16.98,17.09,16.95,17.05,101900,15.72
2012-09-04,17.21,17.25,17.08,17.24,204700,15.9
2012-09-05,17.02,17.07,16.84,16.84,123700,15.53
2012-09-06,16.91,17.1,16.91,17,195400,15.67
2012-09-07,16.96,17,16.9,16.93,109700,15.61
2012-09-10,16.55,16.6,16.5,16.5,138400,15.21
2012-09-11,16.4,16.54,16.11,16.15,342100,14.89
2012-09-12,16.38,16.38,16.17,16.18,168300,14.92
2012-09-13,16.88,16.88,16.26,16.52,464200,15.23
2012-09-14,16.71,16.98,16.64,16.85,208700,15.54
2012-09-17,16.94,16.94,16.75,16.87,184300,15.55
2012-09-18,16.72,16.72,16.38,16.46,179300,15.18
2012-09-19,16.72,16.72,16.34,16.47,190400,15.19
2012-09-20,16.27,16.27,16.13,16.14,190000,14.88
2012-09-21,16.46,16.72,16.43,16.48,182400,15.19
2012-09-24,16.23,16.24,16.1,16.2,130700,14.94
2012-09-25,16.14,16.17,15.79,15.83,364300,14.6
2012-09-26,16.04,16.09,15.94,16.05,191400,14.8
2012-09-27,16.03,16.21,15.98,16.18,187000,14.92
2012-09-28,16.06,16.06,15.94,16.05,68800,14.8
2012-10-01,16.02,16.06,15.83,15.98,128100,14.73
2012-10-02,15.92,15.92,15.74,15.76,114700,14.53
2012-10-03,15.85,15.99,15.84,15.98,104100,14.73
2012-10-04,15.95,15.99,15.89,15.91,112100,14.67
2012-10-05,16.06,16.09,15.89,15.95,247600,14.71
2012-10-08,16,16.08,16,16.07,51500,14.82
2012-10-09,16.17,16.17,15.97,16.05,135900,14.8
2012-10-10,16.17,16.18,16.02,16.03,81200,14.78
2012-10-11,16.18,16.38,16.12,16.35,96400,15.07
2012-10-12,16.4,16.4,16.18,16.25,67400,14.98
2012-10-15,16.19,16.44,16.05,16.37,249000,15.09
2012-10-16,16.62,16.99,16.62,16.9,329500,15.58
2012-10-17,16.8,16.91,16.69,16.8,214400,15.49
2012-10-18,16.79,16.89,16.69,16.74,140700,15.43
2012-10-19,16.61,16.62,16.29,16.39,170100,15.11
2012-10-22,16.23,16.51,16.23,16.44,94800,15.16
2012-10-23,16.23,16.27,16.14,16.27,78800,15
2012-10-24,16.21,16.34,16.07,16.07,115600,14.82
2012-10-25,16.14,16.19,16.08,16.1,65300,14.84
2012-10-26,16.08,16.18,16.01,16.09,70600,14.84
2012-10-31,16,16.03,15.75,15.76,277600,14.53
2012-11-01,15.87,16.16,15.84,16.06,82900,14.81
2012-11-02,15.65,15.75,15.56,15.67,190300,14.45
2012-11-05,15.67,15.67,15.51,15.55,69900,14.34
2012-11-06,15.63,15.75,15.47,15.5,213100,14.29
2012-11-07,15.64,15.68,15.5,15.5,162900,14.29
2012-11-08,15.68,15.86,15.68,15.69,72000,14.47
2012-11-09,15.82,16,15.78,15.96,112200,14.72
2012-11-12,16,16.03,15.9,15.95,55300,14.71
2012-11-13,15.86,15.88,15.72,15.83,95800,14.6
2012-11-14,15.95,16,15.54,15.54,87800,14.33
2012-11-15,15.68,15.71,15.55,15.59,73800,14.37
2012-11-16,15.62,15.77,15.59,15.76,85800,14.53
2012-11-19,15.68,15.76,15.68,15.72,50600,14.49
2012-11-20,15.72,15.72,15.62,15.66,60400,14.44
2012-11-21,15.66,15.73,15.56,15.64,71300,14.42
2012-11-23,15.71,15.77,15.65,15.76,44300,14.53
2012-11-26,15.66,15.66,15.51,15.55,102200,14.34
2012-11-27,15.5,15.55,15.42,15.5,133100,14.29
2012-11-28,15.4,15.51,15.35,15.51,97900,14.3
2012-11-29,15.66,15.69,15.6,15.67,72800,14.45
2012-11-30,15.67,15.7,15.5,15.59,102100,14.37
2012-12-03,15.62,15.69,15.62,15.66,56000,14.44
2012-12-04,15.7,15.86,15.69,15.81,116500,14.58
2012-12-05,15.96,16.15,15.87,16.08,229200,14.83
2012-12-06,16.05,16.16,16,16.12,90900,14.86
2012-12-07,16.08,16.48,16.07,16.4,663000,15.12
2012-12-10,16.44,16.5,16.37,16.49,191200,15.2
2012-12-11,16.71,16.71,16.6,16.69,170400,15.39
2012-12-12,16.99,16.99,16.77,16.83,221300,15.52
2012-12-13,16.79,16.82,16.57,16.6,127700,15.31
2012-12-14,16.7,16.73,16.6,16.7,66500,15.4
2012-12-17,16.83,16.98,16.74,16.98,245600,15.66
2012-12-18,16.98,17,16.82,17,200900,15.67
2012-12-19,17,17.05,16.91,16.98,179900,15.66
2012-12-20,17.09,17.5,16.95,17.45,308800,16.09
2012-12-21,17.11,17.34,17.09,17.25,213800,15.9
2012-12-24,16.99,17.36,16.99,17.3,200900,16.3
2012-12-26,17.27,17.59,17.16,17.33,191000,16.33
2012-12-27,17.46,17.51,17.19,17.19,228000,16.19
2012-12-28,17.27,17.5,17.24,17.3,230500,16.3
2012-12-31,17.46,18.15,17.41,18,277200,16.96
2013-01-02,18.52,19.5,18.17,18.95,656400,17.85
2013-01-03,18.76,18.92,18.6,18.61,455600,17.53
2013-01-04,18.99,19.37,18.96,19.16,559600,18.05
2013-01-07,19.38,19.77,19.32,19.64,724200,18.5
2013-01-08,20.01,20.18,19.92,20.06,704500,18.9
2013-01-09,19.85,20,19.77,19.96,547200,18.8
2013-01-10,20.59,20.91,20.5,20.86,634800,19.65
2013-01-11,20.85,20.91,19.2,19.8,1369600,18.65
2013-01-14,19.58,19.98,19.58,19.82,501000,18.67
2013-01-15,20.1,20.14,19.79,19.91,538500,18.76
2013-01-16,19.93,20.46,19.93,20.36,438800,19.18
2013-01-17,20.2,20.5,20.04,20.43,492100,19.25
2013-01-18,20.4,20.4,20.14,20.23,411900,19.06
2013-01-22,19.91,20.06,19.62,19.88,701700,18.73
2013-01-23,19.8,20,19.64,19.72,333300,18.58
2013-01-24,20.23,20.38,19.88,20.05,366000,18.89
2013-01-25,20.53,20.89,20.5,20.79,648800,19.59
2013-01-28,21.25,21.56,21.2,21.46,1055100,20.22
2013-01-29,21.64,21.97,21.46,21.88,602000,20.61
2013-01-30,21.99,22.75,21.95,22.38,1023400,21.08
2013-01-31,22.26,22.26,21.31,21.4,1076400,20.16
2013-02-01,21.71,22.07,21.26,22.02,971600,20.74
2013-02-04,22.03,23.13,22.03,22.95,1492600,21.62
2013-02-05,22.87,22.88,22.42,22.55,846700,21.24
2013-02-06,23,23,22.3,22.78,816800,21.46
2013-02-07,22.9,22.9,22.22,22.28,779800,20.99
2013-02-08,22.37,22.99,22.37,22.96,649600,21.63
2013-02-11,23.1,23.59,23,23.58,681800,22.21
2013-02-12,23.45,23.58,23.36,23.42,389300,22.06
2013-02-13,23.48,23.49,23.15,23.3,597400,21.95
2013-02-14,23.1,23.3,23.01,23.14,373300,21.8
2013-02-15,23.12,23.49,23.12,23.27,556300,21.92
2013-02-19,23,23.2,22.89,23.05,716700,21.71
2013-02-20,23.07,23.29,22.9,22.91,659300,21.58
2013-02-21,22.05,22.06,20.67,21.15,1920400,19.92
2013-02-22,21.5,21.69,21.12,21.47,900700,20.23
2013-02-25,21.89,21.97,21.4,21.4,841200,20.16
2013-02-26,20.92,20.92,20.29,20.47,958400,19.28
2013-02-27,20.67,21.58,20.59,21.32,881000,20.08
2013-02-28,21.56,21.98,21.42,21.43,998800,20.19
2013-03-01,21.63,21.64,20.86,20.9,833600,19.69
2013-03-04,20.54,20.56,19.72,19.78,1331600,18.63
2013-03-05,19.67,20.34,19.67,20.02,878200,18.86
2013-03-06,20.55,21.15,20.45,20.65,1361400,19.45
2013-03-07,20.51,20.68,20.43,20.62,759100,19.43
2013-03-08,20.81,20.99,20.77,20.93,716800,19.72
2013-03-11,21.09,21.27,21.03,21.24,673200,20.01
2013-03-12,21.15,21.24,21,21.01,873000,19.79
2013-03-13,20.95,21.01,20.42,20.57,779300,19.38
2013-03-14,20.72,20.77,20.32,20.43,808700,19.25
2013-03-15,20.74,20.81,20.5,20.62,705200,19.43
2013-03-18,20.53,20.97,20.49,20.81,769900,19.6
2013-03-19,20.7,20.74,20.3,20.49,1140400,19.3
2013-03-20,20.71,20.99,20.58,20.9,733300,19.69
2013-03-21,20.95,21,20.81,20.9,588600,19.69
2013-03-22,20.67,20.71,20.17,20.67,995900,19.47
2013-03-25,20.84,20.9,20.62,20.7,654400,19.5
2013-03-26,20.8,20.87,20.52,20.79,546200,19.59
2013-03-27,20.64,20.73,20.58,20.58,265700,19.39
2013-03-28,20.43,20.47,20.31,20.41,385500,19.23
2013-04-01,20.81,20.85,20.53,20.56,750300,19.37
2013-04-02,20.9,21,20.8,20.86,562800,19.65
2013-04-03,20.68,20.8,20.43,20.49,311300,19.3
2013-04-04,20.4,20.48,20.29,20.48,512700,19.29
2013-04-05,20.53,20.55,20.25,20.45,357500,19.27
2013-04-08,20.64,20.7,20.46,20.6,177100,19.41
2013-04-09,20.44,20.51,19.9,20.14,1064900,18.97
2013-04-10,19.7,20.03,19.66,19.98,633700,18.82
2013-04-11,20.22,20.31,20.02,20.19,370900,19.02
2013-04-12,19.89,20.12,19.76,20.09,432000,18.93
2013-04-15,19.51,19.51,18.75,18.79,955300,17.7
2013-04-16,19.35,19.35,18.91,19.16,384700,18.05
2013-04-17,19.11,19.11,18.75,18.84,448400,17.75
2013-04-18,18.81,18.81,18.25,18.36,798200,17.3
2013-04-19,18.61,18.83,18.45,18.71,558300,17.63
2013-04-22,18.5,18.64,18.25,18.3,508000,17.24
2013-04-23,18.56,18.75,18.54,18.73,328300,17.64
2013-04-24,18.72,18.83,18.59,18.73,378600,17.64
2013-04-25,18.97,19.23,18.9,18.93,569700,17.83
2013-04-26,18.99,19.41,18.86,19.26,553100,18.14
2013-04-29,19.4,19.58,19.17,19.35,556600,18.23
2013-04-30,19.54,19.54,19.35,19.51,179200,18.38
2013-05-01,19.41,19.51,19.3,19.41,162400,18.29
2013-05-02,19.41,19.41,19.12,19.12,248800,18.01
2013-05-03,19.46,19.46,19.23,19.28,231400,18.16
2013-05-06,19.82,20.12,19.75,20.06,621000,18.9
2013-05-07,20.25,20.46,20.11,20.44,316100,19.26
2013-05-08,20.26,20.38,20.17,20.31,332700,19.13
2013-05-09,20.28,20.42,20.26,20.37,258600,19.19
2013-05-10,20.25,20.32,20.04,20.32,305200,19.14
2013-05-13,20.32,20.42,20.27,20.27,295100,19.1
2013-05-14,20.07,20.2,20,20.16,256200,18.99
2013-05-15,20.2,20.35,20.12,20.31,250200,19.13
2013-05-16,20.43,20.57,20.24,20.28,695600,19.1
2013-05-17,20.37,20.64,20.19,20.39,510900,19.21
2013-05-20,20.58,20.92,20.51,20.77,619400,19.57
2013-05-21,20.96,20.97,20.63,20.82,642600,19.61
2013-05-22,20.96,21.08,20.72,20.81,481400,19.6
2013-05-23,20.42,20.46,20.1,20.25,1871300,19.08
2013-05-24,20.36,20.86,20.23,20.77,454700,19.57
2013-05-28,21.25,21.5,21.19,21.37,574000,20.13
2013-05-29,21.36,21.36,20.94,21.03,391100,19.81
2013-05-30,21.28,21.47,21.15,21.44,466800,20.2
2013-05-31,21.41,21.41,20.91,21.12,470800,19.9
2013-06-03,20.99,21.18,20.85,21.11,208900,19.89
2013-06-04,20.88,20.94,20.68,20.84,367900,19.63
2013-06-05,20.85,20.85,20.38,20.38,293000,19.2
2013-06-06,20.72,20.86,20.62,20.83,247200,19.62
2013-06-07,20.96,21.59,20.85,21.49,1597800,20.24
2013-06-10,20.91,21.25,20.91,21.02,384300,19.8
2013-06-11,20.6,20.7,20.39,20.39,520000,19.21
2013-06-12,20.53,20.76,20.23,20.24,346800,19.07
2013-06-13,20.38,20.54,20.25,20.5,280300,19.31
2013-06-14,20.39,20.5,20.22,20.27,330200,19.1
2013-06-17,20.24,20.24,19.97,20.04,329200,18.88
2013-06-18,19.97,20.16,19.93,20.06,208100,18.9
2013-06-19,20.08,20.11,19.56,19.61,334700,18.47
2013-06-20,19.43,19.45,18.85,18.96,683400,17.86
2013-06-21,19.42,19.42,18.87,19.15,842800,18.04
2013-06-24,18.71,18.9,18.51,18.72,338200,17.64
2013-06-25,18.22,18.38,18.16,18.3,599700,17.24
2013-06-26,18.22,18.55,18.2,18.45,245000,17.38
2013-06-27,18.82,18.92,18.69,18.87,157900,17.78
2013-06-28,18.46,18.75,18.32,18.6,172800,17.52
2013-07-01,18.53,19.23,18.52,19.01,339800,17.91
2013-07-02,19.12,19.35,18.87,18.94,235200,17.84
2013-07-03,18.84,18.92,18.7,18.89,115000,17.8
2013-07-05,18.75,18.78,18.39,18.48,266800,17.41
2013-07-08,18.5,18.5,18.1,18.15,422500,17.1
2013-07-09,18.43,18.64,18.27,18.41,245500,17.34
2013-07-10,18.26,18.42,18.25,18.37,185700,17.31
2013-07-11,18.65,18.82,18.56,18.76,188300,17.67
2013-07-12,18.9,19.01,18.76,18.98,117500,17.88
2013-07-15,18.9,19.13,18.9,18.96,77000,17.86
2013-07-16,18.94,19.06,18.77,18.95,145500,17.85
2013-07-17,19.21,19.25,19.15,19.18,68300,18.07
2013-07-18,19,19.27,19,19.23,112600,18.12
2013-07-19,19.25,19.38,19.23,19.33,47500,18.21
2013-07-22,19.33,19.39,19.15,19.29,137100,18.17
2013-07-23,19.26,19.33,19.19,19.23,94500,18.12
2013-07-24,19.18,19.18,18.77,18.88,138100,17.79
2013-07-25,18.81,18.81,18.61,18.7,138800,17.62
2013-07-26,18.66,18.82,18.57,18.61,168600,17.53
2013-07-29,18.45,18.45,18.16,18.17,139100,17.12
2013-07-30,18.37,18.37,18.25,18.27,119900,17.21
2013-07-31,18.19,18.77,18.13,18.75,855900,17.66
2013-08-01,18.65,18.91,18.65,18.84,112800,17.75
2013-08-02,18.66,18.88,18.66,18.81,41400,17.72
2013-08-05,18.91,18.91,18.48,18.69,106700,17.61
2013-08-06,18.73,18.73,18.52,18.53,78400,17.46
2013-08-07,18.74,18.86,18.42,18.45,303900,17.38
2013-08-08,18.45,18.55,18.41,18.51,141900,17.44
2013-08-09,18.57,18.57,18.39,18.41,139200,17.34
2013-08-12,18.39,18.49,18.33,18.48,153700,17.41
2013-08-13,18.47,18.47,18.27,18.45,114100,17.38
2013-08-14,18.52,18.72,18.52,18.62,251900,17.54
2013-08-15,18.78,18.78,18.48,18.55,124400,17.48
2013-08-16,18.6,18.9,18.41,18.44,167800,17.37
2013-08-19,18.57,18.75,18.53,18.53,144100,17.46
2013-08-20,18.48,18.48,18.21,18.24,971000,17.18
2013-08-21,18.21,18.28,17.85,17.86,1042000,16.83
2013-08-22,18.05,18.18,17.96,17.97,389800,16.93
2013-08-23,17.85,17.93,17.68,17.78,409500,16.75
2013-08-26,17.69,17.89,17.69,17.72,172900,16.69
2013-08-27,17.5,17.52,17.13,17.15,692200,16.16
2013-08-28,17.17,17.2,17,17.11,215500,16.12
2013-08-29,17.11,17.13,17,17.03,191500,16.04
2013-08-30,17.15,17.31,17.13,17.25,125100,16.25
2013-09-03,17.33,17.48,17.12,17.2,287400,16.2
2013-09-04,17.1,17.33,17.06,17.28,203600,16.28
2013-09-05,17.41,17.62,17.36,17.57,114300,16.55
2013-09-06,17.67,17.79,17.52,17.71,289800,16.68
2013-09-09,17.61,17.84,17.57,17.83,183600,16.8
2013-09-10,17.81,18.03,17.81,18.01,134500,16.97
2013-09-11,18,18.23,17.92,18.22,198400,17.16
2013-09-12,18.13,18.13,17.95,18.03,161900,16.99
2013-09-13,18.05,18.2,18.05,18.2,53300,17.15
2013-09-16,18.16,18.16,18,18.01,184300,16.97
2013-09-17,17.89,17.97,17.84,17.9,102700,16.86
2013-09-18,17.84,18.21,17.6,18.2,280500,17.15
2013-09-19,18.04,18.26,18,18.17,118600,17.12
2013-09-20,18.2,18.2,18,18.14,112600,17.09
2013-09-23,18.12,18.2,18.1,18.2,79800,17.15
2013-09-24,18.2,18.24,18.06,18.23,83600,17.17
2013-09-25,18.3,18.37,18.22,18.34,169900,17.28
2013-09-26,18.35,18.46,18.15,18.24,124500,17.18
2013-09-27,18.27,18.3,18.05,18.07,82600,17.02
2013-09-30,18.13,18.25,17.83,17.91,221300,16.87
2013-10-01,18.06,18.2,18.01,18.16,148100,17.11
2013-10-02,18.2,18.37,18.19,18.35,86500,17.29
2013-10-03,18.24,18.36,18.1,18.22,178300,17.16
2013-10-04,18.25,18.59,18.25,18.59,236000,17.51
2013-10-07,18.51,18.78,18.45,18.7,215300,17.62
2013-10-08,18.74,18.77,18.42,18.57,522900,17.49
2013-10-09,18.67,18.8,18.6,18.75,74300,17.66
2013-10-10,18.82,18.86,18.65,18.86,172600,17.77
2013-10-11,18.78,18.86,18.6,18.81,55200,17.72
2013-10-14,18.75,18.85,18.6,18.81,65900,17.72
2013-10-15,18.77,18.8,18.66,18.73,78700,17.64
2013-10-16,18.81,19.13,18.8,19.13,259300,18.02
2013-10-17,19.13,19.28,19.03,19.21,177000,18.1
2013-10-18,19.29,19.34,19.14,19.33,274200,18.21
2013-10-21,19.35,19.35,19.11,19.35,287700,18.23
2013-10-22,19.41,19.46,19.2,19.29,234500,18.17
2013-10-23,19.13,19.2,19.05,19.14,120700,18.03
2013-10-24,19.02,19.15,19,19.1,103100,17.99
2013-10-25,19,19.26,19,19.26,156900,18.14
2013-10-28,19.12,19.17,18.99,19,70000,17.9
2013-10-29,19.07,19.2,19.04,19.04,67500,17.94
2013-10-30,19.04,19.1,18.72,18.84,141400,17.75
2013-10-31,18.72,19.03,18.71,18.98,176400,17.88
2013-11-01,18.94,19,18.71,18.83,71500,17.74
2013-11-04,18.83,19.07,18.65,19.05,99600,17.95
2013-11-05,19.12,19.12,18.96,19.01,67200,17.91
2013-11-06,19.11,19.27,19.11,19.14,70400,18.03
2013-11-07,19.23,19.23,18.87,18.93,110900,17.83
2013-11-08,18.92,18.93,18.78,18.83,97600,17.74
2013-11-11,18.84,18.99,18.72,18.78,223300,17.69
2013-11-12,18.83,18.83,18.69,18.69,78300,17.61
2013-11-13,18.79,18.92,18.63,18.83,138800,17.74
2013-11-14,18.86,19.1,18.78,19.06,220500,17.96
2013-11-15,19,19.43,19,19.39,218200,18.27
2013-11-18,19.49,19.69,19.3,19.67,356600,18.53
2013-11-19,19.67,19.7,19.53,19.59,120800,18.45
2013-11-20,19.67,19.67,19.37,19.37,140600,18.25
2013-11-21,19.47,19.48,19.37,19.39,188300,18.27
2013-11-22,19.4,19.52,19.3,19.51,117300,18.38
2013-11-25,19.44,19.48,19.38,19.46,189600,18.33
2013-11-26,19.51,19.6,19.4,19.58,105400,18.45
2013-11-27,20.39,20.39,19.41,19.57,118900,18.44
2013-11-29,19.66,19.66,19.58,19.58,51400,18.45
2013-12-02,19.66,19.83,19.35,19.36,166800,18.24
2013-12-03,19.49,19.56,19.33,19.41,132600,18.29
2013-12-04,19.4,19.56,19.4,19.56,114600,18.43
2013-12-05,19.31,19.55,19.31,19.47,225900,18.34
2013-12-06,19.42,19.6,19.42,19.59,98200,18.45
2013-12-09,19.69,19.69,19.55,19.65,85900,18.51
2013-12-10,19.5,19.66,19.49,19.62,154300,18.48
2013-12-11,19.43,19.43,18.89,18.89,330200,17.8
2013-12-12,19.03,19.07,18.85,19.01,176000,17.91
2013-12-13,19,19,18.82,18.96,108700,17.86
2013-12-16,19,19,18.78,18.82,173700,17.73
2013-12-17,18.8,18.94,18.76,18.9,101100,17.8
2013-12-18,18.93,19.15,18.79,19.09,118000,17.98
2013-12-19,19.03,19.19,18.89,19.04,65900,17.94
2013-12-20,19.12,19.12,18.89,19,89400,17.9
2013-12-23,18.63,18.77,18.34,18.53,293400,18.02
2013-12-24,18.5,18.55,18.43,18.54,71900,18.03
2013-12-26,18.49,18.7,18.4,18.63,142300,18.12
2013-12-27,18.43,18.69,18.43,18.53,142900,18.02
2013-12-30,18.36,18.67,18.36,18.62,341100,18.11
2013-12-31,18.69,18.96,18.62,18.79,237800,18.28
2014-01-02,18.65,18.78,18.42,18.58,162100,18.07
2014-01-03,18.66,18.76,18.44,18.53,136200,18.02
2014-01-06,18.59,18.63,18.5,18.55,130200,18.04
2014-01-07,18.68,18.95,18.55,18.93,205800,18.41
2014-01-08,19.2,19.25,18.8,18.92,331000,18.4
2014-01-09,19.07,19.19,19.06,19.09,376600,18.57
2014-01-10,19.15,19.35,19.04,19.3,245700,18.77
2014-01-13,19.37,19.37,19.1,19.2,220000,18.68
2014-01-14,19.35,19.6,19.26,19.55,285000,19.02
2014-01-15,19.5,19.82,19.5,19.8,819300,19.26
2014-01-16,19.95,21.38,19.95,20.75,1234900,20.18
2014-01-17,21.1,22.22,20.96,21.5,2097400,20.91
2014-01-21,21.9,22.16,21.27,21.46,1244300,20.87
2014-01-22,21.46,21.64,20.93,21.1,497200,20.52
2014-01-23,21,21.23,20.62,20.92,238100,20.35
2014-01-24,20.82,20.92,20.3,20.35,754900,19.8
2014-01-27,20.54,20.68,20.32,20.53,700600,19.97
2014-01-28,20.53,21.12,20.53,20.91,485900,20.34
2014-01-29,20.5,21.1,20.35,20.76,488700,20.19
2014-01-30,20.83,21.36,20.78,21.31,333400,20.73
2014-01-31,20.89,21.25,20.85,21.07,265200,20.5
2014-02-03,20.88,21.07,20.66,20.9,394200,20.33
2014-02-04,20.91,21.2,20.91,21.11,192200,20.53
2014-02-05,21.09,22.07,20.96,21.22,1060300,20.64
2014-02-06,21.25,21.5,20.55,20.76,1206100,20.19
2014-02-07,20.55,21.06,20.44,20.75,470600,20.18
2014-02-10,21.11,21.7,20.86,21.7,1148600,21.11
2014-02-11,21.56,22.1,21.4,22.05,695600,21.45
2014-02-12,22.05,22.47,22,22.42,485600,21.81
2014-02-13,22.5,22.99,22.25,22.85,742900,22.23
2014-02-14,22.67,22.72,22.03,22.24,370300,21.63
2014-02-18,22.27,22.7,22.27,22.55,204700,21.93
2014-02-19,22.69,22.85,22.31,22.45,658000,21.84
2014-02-20,22.11,22.18,21.73,22.03,338500,21.43
2014-02-21,21.99,22,21.59,21.75,304000,21.16
2014-02-24,22.5,22.5,22,22.02,194800,21.42
2014-02-25,22.24,22.3,21.86,21.98,444500,21.38
2014-02-26,23.03,23.15,22.01,22.04,113800,21.44
2014-02-27,22.05,22.11,21.92,21.92,173000,21.32
2014-02-28,22.11,22.16,21.86,21.86,277600,21.26
2014-03-03,21.69,21.75,21.12,21.15,295500,20.57
2014-03-04,21.39,21.61,21.19,21.51,316600,20.92
2014-03-05,21.79,21.82,21.13,21.17,389000,20.59
2014-03-06,21.63,21.63,21.36,21.48,147600,20.89
2014-03-07,21.69,21.86,21.51,21.82,433700,21.22
2014-03-10,22.01,22.13,22,22.12,270200,21.52
2014-03-11,22.33,22.5,22.19,22.23,318600,21.62
2014-03-12,22.03,22.13,21.91,22.03,187400,21.43
2014-03-13,22.17,22.4,21.77,21.94,190500,21.34
2014-03-14,21.92,22.05,21.8,21.99,230200,21.39
2014-03-17,22.21,22.4,22,22.11,255600,21.51
2014-03-18,22.09,22.23,21.89,22.05,304400,21.45
2014-03-19,22.1,22.22,21.89,21.96,190500,21.36
2014-03-20,21.92,22.05,21.84,21.9,100400,21.3
2014-03-21,22.08,22.12,21.8,21.87,189600,21.27
2014-03-24,22.05,22.22,21.9,22.06,151100,21.46
2014-03-25,21.88,22,21.62,21.73,352800,21.14
2014-03-26,21.4,21.44,21,21.11,441900,20.53
2014-03-27,21.22,21.49,21.2,21.39,260100,20.81
2014-03-28,21.5,21.81,21.5,21.7,169700,21.11
2014-03-31,21.5,21.83,21.23,21.69,221100,21.1
2014-04-01,21.33,21.4,21.13,21.31,205600,20.73
2014-04-02,21.2,21.73,21.2,21.72,644800,21.13
2014-04-03,21.62,21.8,21.25,21.34,374000,20.76
2014-04-04,21.52,21.74,21.4,21.54,335300,20.95
2014-04-07,21.77,22.32,21.77,22.18,570400,21.58
2014-04-08,22.19,22.39,21.98,21.99,559900,21.39
2014-04-09,22.18,22.21,21.92,22.19,310500,21.58
2014-04-10,22.04,22.16,21.56,21.6,208400,21.01
2014-04-11,21.6,21.9,21.43,21.66,142700,21.07
2014-04-14,21.45,21.55,21.26,21.49,130900,20.9
2014-04-15,21.2,21.2,20.38,20.74,1026400,20.17
2014-04-16,20.43,20.63,20.21,20.33,520400,19.78
2014-04-17,20.5,20.77,20.33,20.7,316700,20.14
2014-04-21,19.99,20.12,19.8,20.07,439600,19.52
2014-04-22,20.32,20.5,20.17,20.27,269000,19.72
2014-04-23,20.28,20.32,19.95,20.07,180700,19.52
2014-04-24,20.3,20.3,19.81,19.87,445700,19.33
2014-04-25,20.08,20.23,19.88,20.2,315800,19.65
2014-04-28,20,20.16,19.95,20.09,141000,19.54
2014-04-29,20.09,20.24,20,20.06,198100,19.51
2014-04-30,20.07,20.28,20.05,20.08,328700,19.53
2014-05-01,20.2,20.2,19.75,19.79,540700,19.25
2014-05-02,19.92,20.04,19.82,19.86,311700,19.32
2014-05-05,19.56,19.62,19.26,19.6,405900,19.07
2014-05-06,19.4,19.43,19.16,19.21,417400,18.69
2014-05-07,19.5,19.65,19.38,19.38,326000,18.85
2014-05-08,18.75,18.85,18.51,18.58,1528000,18.07
2014-05-09,19,19.09,18.96,19.05,471800,18.53
2014-05-12,18.73,19.22,18.71,19.21,1000900,18.69
2014-05-13,18.99,19.2,18.94,19.19,914700,18.67
2014-05-14,19.42,19.77,19.27,19.69,622000,19.15
2014-05-15,19.49,19.58,19.14,19.22,1212200,18.7
2014-05-16,19.51,19.65,19.25,19.32,340200,18.79
2014-05-19,19.61,19.94,19.53,19.73,418300,19.19
2014-05-20,19.79,19.8,19.62,19.66,223000,19.12
2014-05-21,19.95,20.21,19.89,20.18,409200,19.63
2014-05-22,20.05,20.09,19.69,20.03,430100,19.48
2014-05-23,20.03,20.18,19.91,20.08,212600,19.53
2014-05-27,20.29,20.54,20.28,20.49,715300,19.93
2014-05-28,20.5,20.71,20.45,20.63,624200,20.07
2014-05-29,20.76,20.78,20.21,20.27,672000,19.72
2014-05-30,20.23,20.57,20.23,20.27,290200,19.72
2014-06-02,20.45,20.45,20.2,20.3,80100,19.75
2014-06-03,20.3,20.47,20.3,20.45,243800,19.89
2014-06-04,20.25,20.25,20,20.05,223100,19.5
2014-06-05,20.27,20.31,20.09,20.27,128900,19.72
2014-06-06,20.3,20.84,20.3,20.77,610200,20.2
2014-06-09,20.86,20.87,20.7,20.81,216400,20.24
2014-06-10,20.8,20.8,20.54,20.68,376300,20.12
2014-06-11,20.59,20.76,20.54,20.72,192000,20.15
2014-06-12,20.72,20.84,20.63,20.7,282500,20.14
2014-06-13,20.63,20.83,20.63,20.82,425900,20.25
2014-06-16,20.71,20.94,20.68,20.93,216100,20.36
2014-06-17,20.71,20.93,20.7,20.78,220900,20.21
2014-06-18,20.84,21.16,20.78,21.1,286300,20.52
2014-06-19,21,21,20.68,20.76,1302300,20.19
2014-06-20,20.62,20.75,20.1,20.16,414400,19.61
2014-06-23,20.45,20.45,20.28,20.39,153600,19.83
2014-06-24,20.55,20.6,20.42,20.55,684500,19.99
2014-06-25,20.65,20.75,20.55,20.62,149200,20.06
2014-06-26,20.75,20.75,20.52,20.67,375500,20.11
2014-06-27,20.61,20.85,20.61,20.77,174100,20.2
2014-06-30,20.72,20.84,20.55,20.8,365300,20.23
2014-07-01,20.86,21.05,20.8,20.94,237800,20.37
2014-07-02,20.82,21.08,20.8,20.93,339700,20.36
2014-07-03,21.02,21.08,20.95,21.03,151600,20.46
2014-07-07,21.26,21.5,21.1,21.44,139800,20.86
2014-07-08,21.39,21.44,21.21,21.43,176000,20.85
2014-07-09,21.43,21.53,21.32,21.43,1e+05,20.85
2014-07-10,21.2,21.25,20.83,21.06,331800,20.49
2014-07-11,21.1,21.27,21.06,21.2,119700,20.62
2014-07-14,21.31,21.34,21.1,21.32,116700,20.74
2014-07-15,21.28,21.59,21.21,21.45,128300,20.87
2014-07-16,21.45,21.7,21.45,21.62,267200,21.03
2014-07-17,21.57,21.7,21.25,21.49,272900,20.9
2014-07-18,21.53,21.69,21.52,21.63,94800,21.04
2014-07-21,21.73,21.75,21.45,21.49,123100,20.9
2014-07-22,21.51,21.7,21.49,21.67,327800,21.08
2014-07-23,21.67,21.97,21.53,21.97,285400,21.37
2014-07-24,21.94,21.97,21.67,21.83,225000,21.23
2014-07-25,21.69,21.87,21.69,21.77,260300,21.18
2014-07-28,21.53,21.53,21.22,21.39,259400,20.81
2014-07-29,21.43,21.47,21.27,21.36,103700,20.78
2014-07-30,21.3,21.4,21.07,21.15,201700,20.57
2014-07-31,21.13,21.21,20.9,20.93,511200,20.36
2014-08-01,20.93,21.2,20.91,21.04,462000,20.47
2014-08-04,20.97,21.45,20.97,21.35,213600,20.77
2014-08-05,21.32,21.59,21.32,21.39,226600,20.81
2014-08-06,21.3,21.59,21.3,21.48,171200,20.89
2014-08-07,21.41,21.67,21.29,21.29,192600,20.71
2014-08-08,21.24,21.45,21.2,21.35,535100,20.77
2014-08-11,21.35,21.4,21.2,21.26,120000,20.68
2014-08-12,21.25,21.51,21.2,21.35,250800,20.77
2014-08-13,21.48,21.73,21.48,21.68,152900,21.09
2014-08-14,21.84,21.99,21.72,21.93,460000,21.33
2014-08-15,21.94,21.98,21.6,21.78,187900,21.19
2014-08-18,21.84,22.14,21.84,22.08,218900,21.48
2014-08-19,22.06,22.08,21.87,21.97,273400,21.37
2014-08-20,21.83,22.1,21.83,21.98,73300,21.38
2014-08-21,21.99,22.15,21.99,22.04,148800,21.44
2014-08-22,22.21,22.4,22.18,22.34,307400,21.73
2014-08-25,22.44,22.74,22.44,22.68,632400,22.06
2014-08-26,22.68,23.05,22.65,22.85,463000,22.23
2014-08-27,22.86,22.98,22.85,22.88,199600,22.26
2014-08-28,22.78,22.96,22.74,22.87,279700,22.25
2014-08-29,22.89,23.1,22.89,23.1,211800,22.47
2014-09-02,23.2,23.29,23.1,23.25,620300,22.62
2014-09-03,23.3,23.82,23.2,23.66,556200,23.01
2014-09-04,23.56,23.57,23.4,23.47,399300,22.83
2014-09-05,23.52,23.57,23.44,23.48,251400,22.84
2014-09-08,23.52,23.58,23.47,23.51,188200,22.87
2014-09-09,23.3,23.3,22.84,22.87,867300,22.25
2014-09-10,22.73,22.97,22.65,22.93,511300,22.3
2014-09-11,22.82,22.93,22.73,22.81,261800,22.19
2014-09-12,22.84,23,22.81,22.86,207700,22.24
2014-09-15,22.81,22.95,22.74,22.82,150200,22.2
2014-09-16,22.84,22.96,22.64,22.92,398600,22.29
2014-09-17,22.94,22.98,22.75,22.89,186700,22.27
2014-09-18,22.55,22.8,22.5,22.57,239600,21.95
2014-09-19,22.59,22.73,22.14,22.35,641200,21.74
2014-09-22,22.11,22.38,22.11,22.29,382800,21.68
2014-09-23,22.3,22.49,22.18,22.34,370800,21.73
2014-09-24,22.35,22.54,22.25,22.47,131000,21.86
2014-09-25,22.33,22.44,22.15,22.22,122500,21.61
2014-09-26,22.22,22.35,22.15,22.19,192500,21.58
2014-09-29,21.95,22,21.5,21.89,229700,21.29
2014-09-30,21.88,21.98,21.64,21.9,320900,21.3
2014-10-01,22.29,22.38,21.86,22.04,290300,21.44
2014-10-02,22,22.54,21.93,22.42,386300,21.81
2014-10-03,22.47,22.47,22.22,22.43,128900,21.82
2014-10-06,22.47,22.63,22.4,22.46,158000,21.85
2014-10-07,22.5,22.54,22.13,22.14,242900,21.54
2014-10-08,22.13,22.22,22.01,22.18,525800,21.58
2014-10-09,22.07,22.32,21.93,21.99,401500,21.39
2014-10-10,21.8,21.85,21.41,21.44,442200,20.86
2014-10-13,21.51,21.76,21.42,21.43,140900,20.85
2014-10-14,21.4,21.61,21.36,21.43,641200,20.85
2014-10-15,21.33,21.33,20.85,21.17,597100,20.59
2014-10-16,20.59,20.77,20.46,20.63,555000,20.07
2014-10-17,20.89,20.98,20.65,20.85,679800,20.28
2014-10-20,20.96,20.97,20.71,20.83,596400,20.26
2014-10-21,20.9,21.24,20.9,21.19,380500,20.61
2014-10-22,21.25,21.33,21.19,21.21,241300,20.63
2014-10-23,21.13,21.2,21.1,21.13,153300,20.55
2014-10-24,21.06,21.15,20.95,21.11,129800,20.53
2014-10-27,20.51,20.63,20.4,20.6,290300,20.04
2014-10-28,20.68,20.85,20.64,20.8,262700,20.23
2014-10-29,20.99,21,20.8,20.9,123400,20.33
2014-10-30,20.82,21.06,20.71,21.05,144400,20.48
2014-10-31,21.34,21.39,21.21,21.37,258400,20.79
2014-11-03,21.47,21.61,21.37,21.56,762300,20.97
2014-11-04,21.36,21.36,21.15,21.25,333700,20.67
2014-11-05,21.25,21.29,21.08,21.21,277800,20.63
2014-11-06,21.21,21.37,21.2,21.36,372500,20.78
2014-11-07,21.3,21.45,21.3,21.34,162300,20.76
2014-11-10,21.37,21.42,21.05,21.1,1060400,20.52
2014-11-11,21.1,21.18,21.03,21.07,220700,20.5
2014-11-12,21.16,21.31,21.08,21.25,492800,20.67
2014-11-13,21.13,21.13,21,21.04,126500,20.47
2014-11-14,21.1,21.13,21,21.11,120000,20.53
2014-11-17,21.11,21.36,21.03,21.35,512800,20.77
2014-11-18,21.11,21.11,20.91,21.06,280600,20.49
2014-11-19,20.88,20.93,20.68,20.87,340300,20.3
2014-11-20,20.99,21.17,20.99,21.04,366200,20.47
2014-11-21,21.2,21.21,21.04,21.15,263300,20.57
2014-11-24,20.98,21.03,20.78,20.95,373100,20.38
2014-11-25,21.01,21.22,20.9,20.94,160600,20.37
2014-11-26,20.75,20.84,20.69,20.75,203500,20.18
2014-11-28,20.55,20.57,20.36,20.44,221000,19.88
2014-12-01,20.44,20.48,20.35,20.42,231600,19.86
2014-12-02,20.41,20.51,20.33,20.51,217700,19.95
2014-12-03,20.58,20.62,20.52,20.52,237100,19.96
2014-12-04,20.59,20.59,20.29,20.3,512700,19.75
2014-12-05,20.4,20.63,20.4,20.57,141600,20.01
2014-12-08,20.5,20.54,20.16,20.16,358100,19.61
2014-12-09,19.9,19.9,19.55,19.6,702500,19.07
2014-12-10,19.71,19.84,19.53,19.6,418300,19.07
2014-12-11,19.5,19.65,19.4,19.61,798900,19.08
2014-12-12,19.63,19.64,19.5,19.53,180400,19
2014-12-15,19.57,19.64,19.15,19.19,404900,18.67
2014-12-16,19.05,19.38,18.7,18.72,794000,18.21
2014-12-17,18.63,18.64,18.35,18.54,1087400,18.03
2014-12-18,18.86,19.11,18.74,19.1,782200,18.58
2014-12-19,19.13,19.13,18.63,18.7,342600,18.19
2014-12-22,18.66,18.78,18.45,18.5,425500,18.5
2014-12-23,18.6,18.7,18.53,18.63,197800,18.63
2014-12-24,18.54,18.63,18.51,18.59,329500,18.59
2014-12-26,18.46,18.68,18.45,18.52,203900,18.52
2014-12-29,18.34,18.49,18.32,18.47,442000,18.47
2014-12-30,18.66,18.87,18.55,18.87,646500,18.87
2014-12-31,19.17,19.35,19.16,19.22,270300,19.22
2015-01-02,19.19,19.33,18.85,18.99,1005700,18.99
2015-01-05,19,19.05,18.63,18.63,566800,18.63
2015-01-06,18.87,19,18.75,18.89,247300,18.89
2015-01-07,18.97,18.99,18.76,18.84,235000,18.84
2015-01-08,18.88,18.88,18.78,18.86,155000,18.86
2015-01-09,19.13,19.13,18.84,18.99,246800,18.99
2015-01-12,18.92,18.95,18.73,18.85,173000,18.85
2015-01-13,19.03,19.03,18.72,18.76,267000,18.76
2015-01-14,18.77,18.79,18.59,18.61,293100,18.61
2015-01-15,18.83,18.89,18.62,18.63,166800,18.63
2015-01-16,18.72,18.9,18.72,18.86,156000,18.86
2015-01-20,18.62,18.64,18.5,18.61,261100,18.61
2015-01-21,18.6,18.6,18.35,18.37,719000,18.37
2015-01-22,18.54,18.68,18.46,18.68,341600,18.68
2015-01-23,18.68,18.68,18.58,18.65,175500,18.65
