"Index","ECH.Open","ECH.High","ECH.Low","ECH.Close","ECH.Volume","ECH.Adjusted"
2007-11-20,47.69,48.33,47.39,47.39,400,43.06
2007-11-21,46.26,46.26,45.38,46,37600,41.8
2007-11-23,46.63,46.85,46.52,46.69,15800,42.43
2007-11-26,46.75,46.93,45.68,45.78,36700,41.6
2007-11-27,45.48,46,45.34,45.96,19500,41.76
2007-11-28,47.07,47.92,46.92,47.85,12900,43.48
2007-11-29,48.47,48.91,48.33,48.5,87900,44.07
2007-11-30,49.66,50.63,49.31,49.41,32600,44.9
2007-12-03,49.56,49.56,49.12,49.28,81700,44.78
2007-12-04,48.64,48.8,48.31,48.31,14900,43.9
2007-12-05,49.18,50.03,49.17,50.03,20200,45.46
2007-12-06,50.4,51.52,50.35,51.4,137900,46.71
2007-12-07,51.82,51.82,51.34,51.4,76000,46.71
2007-12-10,51.35,51.54,51.04,51.08,15100,46.42
2007-12-11,50.68,51.48,49.51,49.53,32300,45.01
2007-12-12,50.08,50.43,48.26,48.51,47800,44.08
2007-12-13,47.47,47.48,46.8,47.35,43700,43.03
2007-12-14,46.66,47.57,46.37,47.37,28000,43.05
2007-12-17,46.73,47,45.75,45.88,8900,41.69
2007-12-18,46.91,46.91,45.7,46.21,34600,41.99
2007-12-19,46.5,46.54,46.22,46.36,7300,42.13
2007-12-20,47.5,48.32,46.87,47.82,21500,43.45
2007-12-21,49.46,49.46,48.6,48.98,33200,44.51
2007-12-24,49.2,49.22,48.71,48.9,25600,44.48
2007-12-26,48.61,48.9,48.53,48.9,8000,44.48
2007-12-27,48.87,49.09,48.44,48.44,36400,44.06
2007-12-28,48.5,48.79,48.43,48.68,8000,44.28
2007-12-31,48.4,48.58,48.37,48.57,76300,44.18
2008-01-02,48.55,48.55,47.48,47.61,29800,43.31
2008-01-03,47.43,47.86,47.35,47.72,43900,43.41
2008-01-04,46.96,46.96,46.08,46.39,15800,42.2
2008-01-07,46.15,46.29,45.37,45.59,28100,41.47
2008-01-08,45.87,46.02,45.36,45.46,13200,41.35
2008-01-09,44.45,45.2,44.33,45.15,105700,41.07
2008-01-10,45.46,46.49,45.35,46.4,89400,42.21
2008-01-11,47.31,47.31,46.67,47.08,26700,42.83
2008-01-14,49.58,49.58,47.06,47.34,34300,43.06
2008-01-15,47.35,47.35,44.99,44.99,38200,40.92
2008-01-16,44.1,44.56,43.4,44.14,42700,40.15
2008-01-17,44.85,44.85,42.34,42.34,52800,38.51
2008-01-18,43.09,43.26,42.11,42.38,58200,38.55
2008-01-22,39.95,43.91,39.9,42.89,29700,39.01
2008-01-23,40.31,43.69,40,41.1,8700,37.39
2008-01-24,43.79,45.17,43.79,45.08,30200,41.01
2008-01-25,48.41,48.41,44.44,44.44,14400,40.42
2008-01-28,44.22,45.41,44.22,45.41,49600,41.31
2008-01-29,47.36,47.36,46.27,46.63,37500,42.42
2008-01-30,47.36,48,46.61,46.78,23900,42.55
2008-01-31,46.33,47.71,45.79,47.71,142900,43.4
2008-02-01,47.55,47.88,47.21,47.76,21700,43.44
2008-02-04,48.09,48.22,47.35,47.77,45400,43.45
2008-02-05,46.72,46.72,45,45.02,14700,40.95
2008-02-06,45.2,45.75,45,45.41,58100,41.31
2008-02-07,44.75,45.18,44.49,44.77,24700,40.72
2008-02-08,45.92,45.92,45.19,45.77,35900,41.63
2008-02-11,45.89,46.45,45.77,46.45,15300,42.25
2008-02-12,47.42,47.93,47.2,47.87,60100,43.54
2008-02-13,48.22,48.82,47.88,48.75,44400,44.34
2008-02-14,48.53,48.8,47.99,47.99,30700,43.65
2008-02-15,47.46,47.62,47.2,47.42,45400,43.13
2008-02-19,48.98,49,47.75,47.75,27900,43.43
2008-02-20,47.72,48.75,47.69,48.75,7400,44.34
2008-02-21,48.69,49.12,48.54,48.77,10300,44.36
2008-02-22,49.26,49.26,48.52,49.16,36400,44.72
2008-02-25,49.06,49.43,48.48,49.34,40000,44.88
2008-02-26,49.38,49.67,48.99,49.27,45400,44.82
2008-02-27,49.37,49.9,49.13,49.74,26600,45.24
2008-02-28,50.12,50.61,50.05,50.27,21100,45.73
2008-02-29,49.98,49.98,48.9,48.98,57800,44.55
2008-03-03,48.73,48.73,48.1,48.18,40600,43.83
2008-03-04,48.1,48.1,46.24,47.5,19700,43.21
2008-03-05,48.02,49.31,47.9,49.2,79200,44.75
2008-03-06,49.23,49.23,48.26,48.26,46300,43.9
2008-03-07,48.47,49,48.46,48.58,29600,44.19
2008-03-10,49.18,49.18,48.2,48.2,18000,43.84
2008-03-11,50.09,50.75,49.61,50.55,108600,45.98
2008-03-12,50.95,52.73,50.5,52.06,74600,47.36
2008-03-13,50.98,52.15,50.86,51.79,32900,47.11
2008-03-14,52.87,52.87,51.03,51.34,45000,46.7
2008-03-17,50.4,51.16,48.01,50.9,45400,46.3
2008-03-18,52.38,52.85,51.43,52.23,43500,47.51
2008-03-19,52.05,52.84,50.59,51.2,68000,46.57
2008-03-20,50.89,50.89,49.58,49.98,28600,45.46
2008-03-24,49.66,50.55,49.45,50.43,25700,45.87
2008-03-25,50.62,51.18,50.3,50.96,37500,46.35
2008-03-26,50.95,51.09,50.55,50.99,43800,46.38
2008-03-27,51.43,52.27,51.32,51.82,49500,47.14
2008-03-28,53,53,51.8,52.09,18000,47.38
2008-03-31,52.17,52.98,51.9,52.74,24100,47.97
2008-04-01,53.6,53.7,52.8,53,30000,48.21
2008-04-02,53.3,53.37,52.87,53.14,70100,48.34
2008-04-03,52.68,53.18,52.51,52.99,22100,48.2
2008-04-04,52.88,54.05,52.88,53.95,128600,49.07
2008-04-07,54.9,54.9,53.79,54.22,49900,49.32
2008-04-08,53.98,54.07,53.55,53.86,26600,48.99
2008-04-09,53.95,54.05,53.55,53.55,28200,48.71
2008-04-10,54.03,54.33,53.9,54.08,31900,49.19
2008-04-11,53.5,53.54,51.31,52.12,111700,47.41
2008-04-14,51.89,52.64,51.85,52.5,25600,47.76
2008-04-15,52.46,53.11,52.26,52.5,57200,47.76
2008-04-16,52.6,53.39,52.6,53.22,63000,48.41
2008-04-17,53.12,53.64,52.66,53.64,37700,48.79
2008-04-18,53.39,53.92,53.05,53.72,66500,48.87
2008-04-21,53.83,54.17,53.34,54.17,27400,49.27
2008-04-22,54.99,54.99,53.73,54.12,58200,49.23
2008-04-23,54.39,54.72,53.53,54.2,31000,49.3
2008-04-24,54.31,54.53,53,53.16,47600,48.36
2008-04-25,53.17,53.45,52.92,53.19,44000,48.38
2008-04-28,53.53,53.53,52.62,53.08,48400,48.28
2008-04-29,52.55,52.55,51.26,51.26,46000,46.63
2008-04-30,51.13,52.79,51.13,51.67,32000,47
2008-05-01,51.72,51.95,51.31,51.86,33200,47.17
2008-05-02,51.65,51.8,51.23,51.55,55100,46.89
2008-05-05,52.06,52.06,50.8,51.32,55300,46.68
2008-05-06,51.1,51.3,50.5,50.7,25400,46.12
2008-05-07,50.99,51,49.13,49.38,102600,44.92
2008-05-08,49.7,49.71,49.01,49.33,35900,44.87
2008-05-09,49.33,49.55,48.58,49,58600,44.57
2008-05-12,49.61,49.61,49.03,49.15,78700,44.71
2008-05-13,49.4,49.4,48.73,48.92,49200,44.5
2008-05-14,48.8,49.73,48.8,49.62,73300,45.14
2008-05-15,49.9,49.9,49.29,49.73,27300,45.24
2008-05-16,50.27,50.91,50.19,50.9,81800,46.3
2008-05-19,51.22,51.53,51,51.33,54600,46.69
2008-05-20,51,51.33,50.73,51.15,28400,46.53
2008-05-21,51.5,51.51,50.01,50.15,58600,45.62
2008-05-22,51,51.05,50.16,51.05,28600,46.44
2008-05-23,51.35,51.36,50.71,51.13,38900,46.51
2008-05-27,51.26,51.33,50.52,50.71,26600,46.13
2008-05-28,51.85,51.85,50.66,50.75,15200,46.16
2008-05-29,51.5,52,51.36,51.72,27100,47.05
2008-05-30,51.89,51.89,50.87,51.45,114900,46.8
2008-06-02,51.21,51.28,50.26,50.38,38300,45.83
2008-06-03,50.22,50.88,50.2,50.2,28200,45.66
2008-06-04,50.32,50.32,49.59,49.63,36000,45.14
2008-06-05,50.19,51.5,50.19,51.31,37000,46.67
2008-06-06,51.2,51.39,49.99,50,14900,45.48
2008-06-09,49.4,50.72,48.29,49.84,43600,45.34
2008-06-10,48.32,51.29,48.32,49.96,24300,45.45
2008-06-11,51.78,51.78,48.83,48.84,22400,44.43
2008-06-12,48.25,49.65,48,49.1,27200,44.66
2008-06-13,49.11,49.48,48.84,49.19,38400,44.74
2008-06-16,49,49.39,48.68,48.68,25600,44.28
2008-06-17,48.7,50.5,48.51,50.22,55100,45.68
2008-06-18,50.22,50.72,49.09,50.08,23200,45.55
2008-06-19,50.15,51.06,50.15,50.8,16300,46.21
2008-06-20,51.47,51.47,49.36,49.57,11700,45.09
2008-06-23,49,49.46,48.54,48.54,7600,44.15
2008-06-24,48.54,49.27,47.2,48.78,17000,44.37
2008-06-25,49.2,49.2,47.55,48.15,8800,44.28
2008-06-26,47.17,47.79,46.46,46.82,12900,43.06
2008-06-27,45.85,46.8,45,46.21,18200,42.5
2008-06-30,45.11,46.08,45.09,45.67,137500,42
2008-07-01,43.57,44.68,43.57,44.11,32900,40.57
2008-07-02,44.82,45.59,43.76,43.86,23900,40.34
2008-07-03,43.46,43.99,41.72,42.67,75800,39.24
2008-07-07,41.33,43.97,41.33,43.78,57000,40.26
2008-07-08,42.73,43.99,42.73,43.99,43200,40.46
2008-07-09,43.74,44.81,43.74,44.06,14000,40.52
2008-07-10,43.8,44.25,42.81,43.82,12500,40.3
2008-07-11,42.09,43.59,42.09,42.85,7500,39.41
2008-07-14,42.87,44.23,42.87,43.28,30900,39.8
2008-07-15,42.87,43.75,42.87,43.33,17000,39.85
2008-07-16,43.11,44.86,43.11,44.86,46400,41.26
2008-07-17,45.07,45.79,44.58,44.62,63400,41.04
2008-07-18,44.7,45.11,44.07,44.48,51100,40.91
2008-07-21,44.54,46.14,44.54,46.09,19700,42.39
2008-07-22,45,46.5,45,45.31,8300,41.67
2008-07-23,45,46.33,45,46.15,36500,42.44
2008-07-24,46.5,48.27,46.2,46.47,31600,42.74
2008-07-25,46.44,47.35,46.17,46.51,23700,42.77
2008-07-28,46.92,47.18,46.31,46.31,39000,42.59
2008-07-29,46.58,46.75,46.4,46.75,5000,42.99
2008-07-30,46.55,47.79,46.44,47.09,32400,43.31
2008-07-31,47.35,48.59,46.7,47.36,28000,43.56
2008-08-01,47.75,48.65,46.92,47.17,47300,43.38
2008-08-04,46.95,46.95,45.92,45.97,25900,42.28
2008-08-05,46.79,46.79,45.73,45.82,38900,42.14
2008-08-06,46.28,46.62,45.61,46.12,37500,42.42
2008-08-07,46.37,46.61,45.9,46.25,25400,42.54
2008-08-08,45.4,46.16,45.4,45.78,72700,42.1
2008-08-11,45.21,45.21,44.14,44.14,43600,40.59
2008-08-12,43.26,44.9,43.26,44.44,17800,40.87
2008-08-13,45.59,45.59,43.97,44.53,8500,40.95
2008-08-14,45,45,44.01,44.36,16300,40.8
2008-08-15,45.03,45.03,44.46,44.7,20100,41.11
2008-08-18,44.47,44.47,43.93,44.03,13200,40.49
2008-08-19,43.03,43.3,42.77,42.9,30700,39.45
2008-08-20,42.88,43.08,42.49,42.7,12600,39.27
2008-08-21,42.84,43.22,42.79,43.02,19200,39.56
2008-08-22,42.89,43.9,42.89,43.73,22900,40.22
2008-08-25,43.77,44.08,43.41,43.72,25100,40.21
2008-08-26,43.11,43.96,43.09,43.6,40000,40.1
2008-08-27,43.32,44.47,42.06,44.4,17400,40.83
2008-08-28,44.75,44.75,44.15,44.49,5500,40.92
2008-08-29,44.84,44.84,44.25,44.52,21600,40.94
2008-09-02,44.97,44.97,44.21,44.46,26300,40.89
2008-09-03,44.53,44.53,43.55,43.55,15500,40.05
2008-09-04,44.07,44.07,42.46,42.99,20300,39.54
2008-09-05,41.57,41.96,40.81,41.54,112300,38.2
2008-09-08,43.41,43.49,41.17,41.19,26300,37.88
2008-09-09,40.82,41.27,40.53,40.8,57800,37.52
2008-09-10,40.84,41.08,40.48,40.86,4100,37.58
2008-09-11,40.46,41.22,40.3,41.22,40500,37.91
2008-09-12,41.08,42.31,41.03,41.89,33100,38.53
2008-09-15,40.06,41.79,40.05,41.53,6300,38.19
2008-09-16,39.39,40.53,39.15,40,22700,36.79
2008-09-17,39.86,39.9,37.86,37.86,22600,34.82
2008-09-18,38.27,40.45,37.22,40.45,45600,37.2
2008-09-19,40.4,42.4,40.4,41.88,2400,38.52
2008-09-22,40.96,41.54,40.66,40.8,26200,37.52
2008-09-23,40.64,41.08,40.04,40.73,32700,37.46
2008-09-24,40.7,41.16,40.44,40.54,25900,37.28
2008-09-25,40,41.88,40,41.62,14700,38.28
2008-09-26,40.14,41.71,40.14,40.92,7300,37.63
2008-09-29,40.22,40.22,36.58,36.58,58000,33.64
2008-09-30,36.65,39.73,36.65,39.73,109900,36.54
2008-10-01,38.87,39.59,38.4,38.74,6400,35.63
2008-10-02,38.02,40.81,37.07,37.98,306600,34.93
2008-10-03,38.07,39.22,36.68,37.69,123800,34.66
2008-10-06,35.67,35.67,32.33,33.14,90200,30.48
2008-10-07,31.82,33.95,31.79,31.79,36600,29.24
2008-10-08,28.87,31.89,28.5,29.25,26200,26.9
2008-10-09,31.76,31.92,27.99,27.99,87000,25.74
2008-10-10,25.48,26.3,25.48,25.5,141600,23.45
2008-10-13,26.39,30.57,26.39,29.5,62200,27.13
2008-10-14,36.14,36.32,30.2,32.04,61700,29.47
2008-10-15,29.43,30.54,28.85,29.85,13700,27.45
2008-10-16,30.27,31.63,28.51,31,60700,28.51
2008-10-17,29.64,31.83,29.64,31.16,5500,28.66
2008-10-20,32.75,33.2,29.53,30.19,32600,27.77
2008-10-21,31.58,31.75,31.33,31.47,75900,28.94
2008-10-22,28.91,30.8,27.77,28.57,31100,26.28
2008-10-23,30.05,30.05,28.07,29.04,112400,26.71
2008-10-24,24,28,23.77,27.38,20200,25.18
2008-10-27,26.06,27.88,26,26,40000,23.91
2008-10-28,26.66,29.62,26.66,28.53,30900,26.24
2008-10-29,30.59,30.62,27.86,28.92,31600,26.6
2008-10-30,29.15,29.68,29.01,29.68,25900,27.3
2008-10-31,29.61,30.32,28.99,30.32,43300,27.88
2008-11-03,29.37,31.13,29.37,31.13,36900,28.63
2008-11-04,31.45,33.15,31.45,32.66,16500,30.04
2008-11-05,31.97,33,31.61,32.31,70400,29.71
2008-11-06,31.45,31.94,31,31,4600,28.51
2008-11-07,31.53,32.38,31.44,32.38,29800,29.78
2008-11-10,33.32,33.6,32.59,33,18900,30.35
2008-11-11,34.45,34.45,30.05,32.53,167400,29.92
2008-11-12,31.42,31.69,30.51,31,122200,28.51
2008-11-13,30.56,32.74,30.56,32.74,57400,30.11
2008-11-14,36.93,36.93,31.51,31.51,53900,28.98
2008-11-17,31.91,31.91,29.97,31.4,16300,28.88
2008-11-18,31.18,31.86,30.33,31.86,17800,29.3
2008-11-19,31.48,31.48,29.38,29.38,81200,27.02
2008-11-20,29.95,29.95,27.79,28,249100,25.75
2008-11-21,27.49,28.97,26.5,27.01,9800,24.84
2008-11-24,26.51,28.88,26.51,27.27,6200,25.08
2008-11-25,29,29.12,27.82,28.45,80900,26.16
2008-11-26,28.51,29.69,28.51,29.69,5800,27.31
2008-11-28,29.68,29.68,28.74,29.49,31300,27.12
2008-12-01,28.19,28.19,26.51,26.51,206500,24.38
2008-12-02,27.16,27.77,27.06,27.07,17200,24.9
2008-12-03,25.85,27.25,25.85,27.25,11300,25.06
2008-12-04,26.37,27.5,26.37,27.26,32900,25.07
2008-12-05,26.65,27.11,26.05,26.05,13500,23.96
2008-12-08,26.75,28.31,26.75,27.89,35500,25.65
2008-12-09,27.66,27.92,27.17,27.17,29900,24.99
2008-12-10,27.91,28,27.14,27.14,21400,24.96
2008-12-11,27.91,28.45,27.6,28.19,85300,25.93
2008-12-12,25.47,28.67,25.47,27.96,19100,25.71
2008-12-15,28.43,28.92,28.11,28.5,15800,26.21
2008-12-16,28.49,29.19,28.36,28.81,174500,26.5
2008-12-17,29,29.94,29,29.5,14000,27.13
2008-12-18,30,30,29.04,29.05,5800,26.72
2008-12-19,29.33,29.66,29.24,29.25,14300,26.9
2008-12-22,30.35,30.35,29.18,29.18,4600,26.84
2008-12-23,29.06,29.44,29.06,29.25,10300,27.01
2008-12-24,29.42,30.23,29.38,30.23,6300,27.91
2008-12-26,30.34,30.34,29.33,29.82,15700,27.53
2008-12-29,29.63,29.94,29.32,29.35,8400,27.1
2008-12-30,29.6,29.66,29.07,29.38,6000,27.13
2008-12-31,30.28,30.28,29.43,29.82,14000,27.53
2009-01-02,29.5,30.35,29.5,30.35,45600,28.02
2009-01-05,30.62,30.62,30.15,30.3,56600,27.97
2009-01-06,31.58,31.62,31,31.35,113900,28.94
2009-01-07,31.86,31.86,30.86,30.99,9400,28.61
2009-01-08,30.91,31.27,30.9,31.27,14600,28.87
2009-01-09,31.61,32.09,31.59,31.9,30800,29.45
2009-01-12,32.1,32.36,31.53,32.36,44900,29.88
2009-01-13,31.18,32,31.18,32,58500,29.54
2009-01-14,32.57,32.59,30.25,31,52700,28.62
2009-01-15,30.28,32.75,30.28,31.49,19800,29.07
2009-01-16,31.57,32.35,31.55,32.04,35000,29.58
2009-01-20,31.67,31.85,30.8,30.8,38100,28.44
2009-01-21,30.91,31.58,30.91,31.2,20300,28.81
2009-01-22,31.45,32,31.21,32,17000,29.54
2009-01-23,30.84,32.48,30.83,32.48,24400,29.99
2009-01-26,32.93,32.95,32.1,32.9,28400,30.38
2009-01-27,32.4,33.45,32.4,33.3,50300,30.74
2009-01-28,33.75,33.92,33.44,33.78,20900,31.19
2009-01-29,35.2,35.2,33.34,33.79,313700,31.2
2009-01-30,34,34,33.36,33.65,148100,31.07
2009-02-02,32.97,33.43,32.6,33.05,116900,30.51
2009-02-03,33.55,33.77,33.23,33.29,90800,30.74
2009-02-04,34.35,34.51,33.62,33.69,67800,31.1
2009-02-05,33.64,34.73,33.64,34.73,107300,32.06
2009-02-06,35.28,37.11,34.97,35.69,129700,32.95
2009-02-09,35.4,36.18,35.4,36.16,132100,33.38
2009-02-10,36.1,37.62,34.79,35.27,239400,32.56
2009-02-11,35.67,35.67,34.95,35.3,206000,32.59
2009-02-12,35.65,36.36,35.23,36.36,118100,33.57
2009-02-13,36.37,36.67,35.89,36.18,109200,33.4
2009-02-17,35.5,35.74,34.78,35.25,101500,32.54
2009-02-18,35.25,35.5,34.93,35.35,69000,32.64
2009-02-19,35.46,35.46,34.59,34.66,41700,32
2009-02-20,33.58,34,33.01,33.72,123300,31.13
2009-02-23,33.75,33.89,32.57,33.18,204600,30.63
2009-02-24,32.91,34.16,32.91,33.83,149500,31.23
2009-02-25,33.75,34.1,33.5,33.7,35700,31.11
2009-02-26,34.75,34.75,33.3,33.3,75700,30.74
2009-02-27,33.22,33.5,32.68,33.5,97900,30.93
2009-03-02,32.82,32.82,30.25,31.28,166000,28.88
2009-03-03,32.24,32.24,30.52,30.7,140000,28.34
2009-03-04,31.2,32.12,31.06,31.88,91000,29.43
2009-03-05,31.6,31.6,30.37,30.75,76600,28.39
2009-03-06,30.73,31.88,30.02,31.88,96200,29.43
2009-03-09,32.24,32.24,30.83,31.04,30600,28.66
2009-03-10,31.32,32.71,31.31,32.63,177500,30.13
2009-03-11,33.1,33.1,32.14,32.62,85500,30.12
2009-03-12,32.49,32.89,32.12,32.8,204900,30.28
2009-03-13,33.25,33.25,32.9,33.15,91600,30.61
2009-03-16,33.68,35.02,33.5,33.61,128100,31.03
2009-03-17,33.89,33.9,33.59,33.85,155300,31.25
2009-03-18,33.77,34.5,33.38,33.94,247200,31.34
2009-03-19,34.45,35.17,34,34.1,82600,31.48
2009-03-20,34.43,34.43,33.81,33.81,128000,31.22
2009-03-23,35.99,35.99,33.5,35.24,56300,32.54
2009-03-24,35.4,35.95,35.06,35.28,241300,32.57
2009-03-25,35.97,36,35.28,35.56,285700,32.83
2009-03-26,36.29,36.29,35.41,35.85,204600,33.1
2009-03-27,35.97,35.99,35.39,35.48,142500,32.76
2009-03-30,35.11,36,33.95,34.21,215300,31.58
2009-03-31,34.4,35.19,33.84,34.52,121300,31.87
2009-04-01,34.47,34.65,34.22,34.44,171000,31.8
2009-04-02,34.77,44.18,34.77,35.48,160000,32.76
2009-04-03,35.99,36.49,35,35.25,118600,32.54
2009-04-06,35.3,35.75,34.66,35.05,76700,32.36
2009-04-07,34.38,34.97,34.38,34.9,165900,32.22
2009-04-08,34.91,35.28,34.9,35.11,38700,32.42
2009-04-09,35.51,36.24,35.51,36.15,64000,33.38
2009-04-13,36.31,36.68,35.69,36.68,233100,33.86
2009-04-14,37,37.24,36.4,36.77,364800,33.95
2009-04-15,37.06,37.06,36.42,36.71,70800,33.89
2009-04-16,37.24,37.6,36.78,37.43,178700,34.56
2009-04-17,38.1,38.1,37,37.16,107700,34.31
2009-04-20,37.59,37.59,36.02,36.11,71200,33.34
2009-04-21,36.39,36.45,35.74,36.37,71800,33.58
2009-04-22,36.3,37.02,36.29,36.7,56100,33.88
2009-04-23,36.64,37.09,36.48,36.89,67200,34.06
2009-04-24,37.05,37.61,36.47,36.71,98600,33.89
2009-04-27,35.78,36.59,35.23,35.25,73000,32.54
2009-04-28,35,35.54,34.75,35.45,156700,32.73
2009-04-29,35.49,37.33,35.49,37.2,90600,34.35
2009-04-30,37.45,38.12,36.51,36.97,107000,34.13
2009-05-01,36.97,37.91,36.52,37.52,95800,34.64
2009-05-04,37.25,38.51,37.04,38.37,137000,35.43
2009-05-05,39.18,39.18,37.5,38.67,205900,35.7
2009-05-06,39.15,39.15,38.55,39.1,101200,36.1
2009-05-07,39.97,39.99,39.32,39.88,99100,36.82
2009-05-08,39.99,41.25,39.99,40.81,85900,37.68
2009-05-11,40.07,41.12,39.76,40.75,42700,37.62
2009-05-12,41.27,41.27,40.55,41.01,318800,37.86
2009-05-13,40.63,40.87,40,40.12,80900,37.04
2009-05-14,40,41.41,39.99,41.31,94000,38.14
2009-05-15,41.26,42.06,41.04,41.68,77500,38.48
2009-05-18,42.67,43.5,42.21,43.4,135500,40.07
2009-05-19,43.97,43.97,43.03,43.03,138300,39.73
2009-05-20,43.47,43.92,43.21,43.3,104500,39.98
2009-05-21,43.28,43.28,41.94,42.34,63300,39.09
2009-05-22,42.77,43.09,42.2,43.09,46200,39.78
2009-05-26,42.98,44.08,42.98,44.06,144700,40.68
2009-05-27,44.18,44.38,42.81,43.02,110300,39.72
2009-05-28,43.53,43.72,42.83,43.69,101500,40.34
2009-05-29,44.43,44.77,44,44.24,76800,40.84
2009-06-01,44.79,45.42,44.71,45.42,143400,41.93
2009-06-02,45.29,45.29,44.51,45.25,268200,41.78
2009-06-03,44.94,44.94,43.89,43.89,179500,40.52
2009-06-04,44.24,44.86,44.24,44.78,67000,41.34
2009-06-05,45.48,45.7,44.55,44.99,133600,41.54
2009-06-08,44.88,44.88,44.37,44.87,93200,41.43
2009-06-09,44.99,45.31,44.89,45.09,111400,41.63
2009-06-10,45.63,45.8,45.24,45.7,216600,42.19
2009-06-11,45.8,47.97,45.67,46.29,178400,42.74
2009-06-12,46.24,46.48,45.68,45.68,143200,42.17
2009-06-15,45.72,46.05,44.75,45.61,125700,42.11
2009-06-16,46.77,47.1,45.65,45.88,434100,42.36
2009-06-17,45.51,45.78,44.65,45.22,274600,41.75
2009-06-18,45,46.27,44.93,45.74,190100,42.23
2009-06-19,46.16,46.7,46.04,46.7,118400,43.12
2009-06-22,46.68,46.74,45,45.16,229500,41.69
2009-06-23,44.92,45.07,43.63,44.5,438600,41.46
2009-06-24,44.52,45.18,44,44.35,89100,41.32
2009-06-25,44.01,45.09,43.9,44.95,70400,41.88
2009-06-26,44.88,45.78,44.88,45.67,66500,42.55
2009-06-29,45.97,46.25,45.76,46.07,128800,42.93
2009-06-30,46.03,46.25,45.07,45.3,130200,42.21
2009-07-01,45.76,45.99,45.24,45.3,78300,42.21
2009-07-02,44.75,44.98,44.26,44.98,90200,41.91
2009-07-06,44.52,45.05,44.28,45.05,100100,41.98
2009-07-07,45,45.34,44.31,44.35,169400,41.32
2009-07-08,44.35,44.43,43.32,43.57,256100,40.6
2009-07-09,43.79,44,43.4,43.58,149100,40.61
2009-07-10,43.16,43.6,42.83,43.16,139500,40.22
2009-07-13,43.33,44.37,43,44.37,134300,41.34
2009-07-14,44.52,44.88,44.25,44.88,94600,41.82
2009-07-15,45.32,46.73,45.29,46.69,199500,43.5
2009-07-16,46.72,47.33,46.4,47.2,153600,43.98
2009-07-17,47.56,47.56,46.95,47.25,105500,44.03
2009-07-20,47.96,48.54,47.3,47.8,340200,44.54
2009-07-21,47.9,48.97,47.53,47.8,390900,44.54
2009-07-22,47.99,47.99,47,47.05,408800,43.84
2009-07-23,47.08,47.98,46.9,47.52,420300,44.28
2009-07-24,47.52,47.84,46.87,47.57,276700,44.32
2009-07-27,47.27,47.34,46.52,46.75,335500,43.56
2009-07-28,46.28,46.97,45.85,46.08,362500,42.94
2009-07-29,45.83,46.51,45.83,46.39,159500,43.22
2009-07-30,46.61,46.99,46.5,46.6,136000,43.42
2009-07-31,46.81,46.81,45.79,46.55,121100,43.37
2009-08-03,46.88,47.42,46.82,47.29,220300,44.06
2009-08-04,46.28,47.5,46.28,47.44,188300,44.2
2009-08-05,47.5,47.58,46.91,47.4,283800,44.17
2009-08-06,47.52,47.66,46.97,47.34,369400,44.11
2009-08-07,47.41,47.44,46.75,47.12,158500,43.91
2009-08-10,46.88,47,46.4,46.7,233800,43.51
2009-08-11,46.42,46.42,45.79,46.15,77800,43
2009-08-12,45.88,46.62,45.88,46.43,129600,43.26
2009-08-13,46.74,46.89,46.43,46.6,113600,43.42
2009-08-14,46.67,46.72,45.92,46.44,71300,43.27
2009-08-17,45.07,45.31,40.67,45,474000,41.93
2009-08-18,45,45.67,45,45.62,147200,42.51
2009-08-19,45.32,46.11,45.04,45.77,98300,42.65
2009-08-20,45.72,46.37,45.72,46.35,67700,43.19
2009-08-21,46.82,47.05,46.36,46.37,42100,43.21
2009-08-24,46.3,46.53,45.6,45.72,133000,42.6
2009-08-25,46,46.45,45.53,46.19,132400,43.04
2009-08-26,45.89,46.2,45.53,46.12,53700,42.97
2009-08-27,46.22,46.22,45.05,45.49,1066800,42.39
2009-08-28,45.51,45.61,44.7,45.25,477100,42.16
2009-08-31,44.53,44.9,44.13,44.5,279900,41.46
2009-09-01,44.02,44.62,42.97,43.25,402900,40.3
2009-09-02,43.12,43.73,43.06,43.67,242600,40.69
2009-09-03,44,44.41,43.6,44.33,198200,41.31
2009-09-04,44.51,44.85,44.49,44.81,50700,41.75
2009-09-08,44.61,44.88,44.58,44.88,109700,41.82
2009-09-09,45.22,45.24,44.8,45.07,224100,42
2009-09-10,44.74,45.37,44.58,45.36,149200,42.27
2009-09-11,45.35,45.78,45.35,45.78,151100,42.66
2009-09-14,45.33,45.38,45.1,45.35,69900,42.26
2009-09-15,45.17,45.57,45.16,45.4,101000,42.3
2009-09-16,45.69,46.65,45.57,46.65,63900,43.47
2009-09-17,46.49,46.85,46.4,46.78,206800,43.59
2009-09-18,46.85,47.16,46.75,47.15,188400,43.93
2009-09-21,46.82,47.14,46.52,46.9,65400,43.7
2009-09-22,47.35,47.49,47.23,47.45,69100,44.21
2009-09-23,47.57,48,47.51,47.81,61600,44.55
2009-09-24,48.09,48.09,47.28,47.54,103000,44.3
2009-09-25,47.35,47.47,47.03,47.4,50100,44.17
2009-09-28,47.33,48.09,47.33,47.82,37500,44.56
2009-09-29,47.96,48.17,47.66,47.81,44300,44.55
2009-09-30,48.2,48.2,47.36,47.89,109300,44.62
2009-10-01,47.75,47.77,46.9,47.11,113800,43.9
2009-10-02,46.36,47.19,45.91,46.98,64000,43.77
2009-10-05,46.9,47.3,46.79,47.24,45200,44.02
2009-10-06,47.83,47.99,47.4,47.78,147600,44.52
2009-10-07,48.14,48.14,47.75,47.78,64700,44.52
2009-10-08,48.34,48.7,48.02,48.1,130000,44.82
2009-10-09,48.15,48.3,47.8,48.3,39400,45
2009-10-12,48.82,48.9,48.22,48.76,33800,45.43
2009-10-13,48.87,48.89,48.46,48.88,37400,45.55
2009-10-14,49.56,49.61,48.78,49.19,70000,45.83
2009-10-15,48.57,49.24,48.57,49.08,77700,45.73
2009-10-16,48.6,49.3,48.6,49.1,114900,45.75
2009-10-19,49.42,49.94,49.36,49.71,112400,46.32
2009-10-20,49.94,49.96,49.5,49.85,84000,46.45
2009-10-21,49.6,49.99,49.47,49.48,139200,46.1
2009-10-22,49.78,50,49.52,49.96,42600,46.55
2009-10-23,50.08,50.7,50.08,50.28,69600,46.85
2009-10-26,50.48,50.8,49.51,49.72,44900,46.33
2009-10-27,49.87,49.96,49.41,49.41,39000,46.04
2009-10-28,49.4,49.43,48.57,48.61,110200,45.29
2009-10-29,49.12,49.73,48.92,49.73,258900,46.34
2009-10-30,49.78,49.78,48,48.12,113600,44.84
2009-11-02,49.32,49.32,48.23,48.44,51600,45.14
2009-11-03,47.83,48.4,47.25,48.4,79700,45.1
2009-11-04,49.56,49.56,48.97,49.19,90900,45.83
2009-11-05,50,50.43,49.84,50.32,93100,46.89
2009-11-06,49.59,50.53,49.59,50.53,37700,47.08
2009-11-09,51.44,52.12,51,51.95,137200,48.41
2009-11-10,51.9,52.42,51.89,52.26,216000,48.69
2009-11-11,52.6,52.6,51.64,51.7,145100,48.17
2009-11-12,51.76,51.76,51.03,51.35,226000,47.85
2009-11-13,51.73,52.07,51.66,51.96,73600,48.41
2009-11-16,52.44,52.6,52.07,52.4,209200,48.82
2009-11-17,52.5,52.76,51.7,51.81,50200,48.28
2009-11-18,52.08,52.39,51.41,51.6,105400,48.08
2009-11-19,50.69,51.1,50.16,51.1,45500,47.61
2009-11-20,51,51.94,50.32,51.31,71700,47.81
2009-11-23,51.65,52.56,51.54,51.67,76400,48.14
2009-11-24,51.29,51.68,51.09,51.48,58000,47.97
2009-11-25,51.65,51.92,51.01,51.68,35300,48.15
2009-11-27,50.75,51.26,49.51,51.24,45400,47.74
2009-11-30,51.25,51.51,50.54,51.4,69200,47.89
2009-12-01,52.01,52.44,51.68,52.34,244800,48.77
2009-12-02,52.57,52.57,51.76,51.79,103500,48.26
2009-12-03,51.86,52.59,51.58,51.69,28600,48.16
2009-12-04,52.15,52.4,51.82,52.21,48500,48.65
2009-12-07,52.2,52.27,51.87,51.87,25700,48.33
2009-12-08,51.46,52,50.8,51.44,196500,47.93
2009-12-09,51.34,51.96,51.34,51.96,64900,48.41
2009-12-10,52.92,53.2,52.61,52.99,98100,49.37
2009-12-11,53.76,54.25,53.31,54.25,150400,50.55
2009-12-14,54.1,54.77,53.9,54.54,212300,50.82
2009-12-15,54.25,54.58,54.25,54.35,122100,50.64
2009-12-16,55,55,54.3,54.41,201500,50.7
2009-12-17,53.64,54.32,53.6,54.21,72300,50.51
2009-12-18,54.51,54.51,53.5,54.39,104900,50.68
2009-12-21,54.2,54.63,54.01,54.6,54700,50.87
2009-12-22,54.34,54.34,53.85,53.86,234300,50.36
2009-12-23,54.19,54.19,53.61,54.07,37700,50.55
2009-12-24,54.47,54.47,54.16,54.16,105000,50.64
2009-12-28,54.31,54.68,54.26,54.5,47400,50.95
2009-12-29,55.26,55.26,54.52,54.75,32200,51.19
2009-12-30,55.2,55.48,54.57,55.33,47400,51.73
2009-12-31,55.41,55.41,54.77,54.79,39400,51.23
2010-01-04,55.57,56.3,55.02,56.1,91800,52.45
2010-01-05,56.36,56.55,56.1,56.33,122300,52.67
2010-01-06,56.77,57.33,56.64,57.24,118500,53.52
2010-01-07,57.22,58.58,57.15,58.58,653300,54.77
2010-01-08,58.7,59.45,58.43,59.38,336000,55.52
2010-01-11,60.2,60.2,59.43,59.58,361400,55.7
2010-01-12,59.18,59.69,58.75,59.42,266000,55.55
2010-01-13,59.46,59.79,58.94,59.41,229200,55.54
2010-01-14,59.73,59.8,59.41,59.78,246200,55.89
2010-01-15,59.8,60.17,59.41,60.04,275900,56.13
2010-01-19,60.28,60.94,59.79,60.45,154600,56.52
2010-01-20,60.05,60.14,59.44,60.01,191500,56.11
2010-01-21,59.87,59.9,58.61,58.64,189200,54.82
2010-01-22,57.98,58.43,57.45,57.8,257400,54.04
2010-01-25,58.79,58.87,58.03,58.4,251600,54.6
2010-01-26,58,58.19,57.03,57.63,307700,53.88
2010-01-27,57,57.39,56.02,56.33,222800,52.67
2010-01-28,56,56,54.77,55.22,390100,51.63
2010-01-29,55.83,56.66,55.77,55.77,298800,52.14
2010-02-01,56.45,56.92,55.8,56.74,191000,53.05
2010-02-02,57.7,57.7,56.53,56.98,224100,53.27
2010-02-03,56,56.2,55.35,55.62,340300,52
2010-02-04,54.51,55,53.03,53.26,458700,49.8
2010-02-05,53.41,53.71,52.19,53.13,343000,49.67
2010-02-08,53.07,53.59,52.73,52.85,105900,49.41
2010-02-09,53.48,53.98,53.42,53.68,162900,50.19
2010-02-10,53.97,54.19,53.52,53.85,139000,50.35
2010-02-11,54.12,55.47,53.9,55.01,176600,51.43
2010-02-12,54.76,55.64,54.71,55.32,103800,51.72
2010-02-16,55.1,56.92,55.09,56.7,80700,53.01
2010-02-17,56.99,57.01,56.45,56.84,85400,53.14
2010-02-18,56.55,56.72,56.21,56.46,165100,52.79
2010-02-19,55.92,56.6,55.92,56.22,71600,52.56
2010-02-22,56.71,56.79,56.17,56.59,135700,52.91
2010-02-23,56.46,56.46,55.58,55.76,97700,52.13
2010-02-24,56.11,56.11,55.51,55.77,106200,52.14
2010-02-25,55.47,55.7,55.11,55.7,85500,52.08
2010-02-26,55.57,56.82,55.57,56.75,135000,53.06
2010-03-01,54.53,56.14,54.52,55.93,455700,52.29
2010-03-02,55.95,56.49,55.51,55.87,394500,52.24
2010-03-03,55.82,55.99,55.5,55.63,152400,52.01
2010-03-04,55.94,56.44,55.94,56.25,125700,52.59
2010-03-05,57.19,57.87,57.16,57.87,165900,54.11
2010-03-08,58.26,58.26,57.37,57.75,165500,53.99
2010-03-09,57.52,57.55,57.02,57.23,127800,53.51
2010-03-10,57,57.33,56.57,56.98,109900,53.27
2010-03-11,56.72,57.06,56.34,57,94400,53.29
2010-03-12,57.48,57.89,56.83,57.45,63000,53.71
2010-03-15,57.24,57.27,56.27,56.31,74600,52.65
2010-03-16,56.56,56.6,55.5,55.74,315700,52.11
2010-03-17,55.72,56.49,55.4,55.67,146700,52.05
2010-03-18,55.93,55.93,55.16,55.32,136100,51.72
2010-03-19,54.88,55.4,54.27,54.88,166300,51.31
2010-03-22,54.34,54.34,53.68,54.29,175500,50.76
2010-03-23,54.12,54.44,54.06,54.41,133700,50.87
2010-03-24,54.09,54.47,53.86,53.89,97200,50.38
2010-03-25,54.66,54.89,53.9,53.9,105200,50.39
2010-03-26,54.3,54.33,53.54,53.64,156100,50.15
2010-03-29,53.62,54.1,53.61,54,144800,50.49
2010-03-30,54.51,54.85,54.41,54.61,187400,51.06
2010-03-31,55.13,55.15,54.55,54.94,140000,51.37
2010-04-01,55.5,55.88,55.37,55.56,98300,51.95
2010-04-05,55.69,56.28,55.67,56.21,134400,52.55
2010-04-06,56.19,56.75,55.98,56.71,89400,53.02
2010-04-07,56.88,57.07,56.55,57.03,300200,53.32
2010-04-08,56.63,56.94,56.48,56.53,186100,52.85
2010-04-09,56.83,56.98,56.6,56.98,60100,53.27
2010-04-12,56.94,56.98,56.45,56.45,158400,52.78
2010-04-13,56.65,56.77,56.1,56.11,57000,52.46
2010-04-14,56.63,56.7,55.93,56.16,264900,52.51
2010-04-15,55.91,56.14,55.73,55.85,113000,52.22
2010-04-16,55.59,55.85,54.9,55.31,64500,51.71
2010-04-19,54.53,55.2,54.51,55.14,217400,51.55
2010-04-20,55.24,55.5,54.76,55.26,74000,51.66
2010-04-21,55.38,55.88,55.19,55.44,104900,51.83
2010-04-22,55.04,55.84,55.04,55.83,293200,52.2
2010-04-23,55.64,55.99,55.63,55.96,44300,52.32
2010-04-26,55.98,56.11,55.83,55.95,87100,52.31
2010-04-27,55.59,55.85,54.58,54.66,85900,51.1
2010-04-28,54.87,55.48,54,55.1,169400,51.52
2010-04-29,55.28,56.32,55.28,55.86,60400,52.23
2010-04-30,56.21,56.6,55.98,56.45,111300,52.78
2010-05-03,56.33,56.92,56.32,56.66,64300,52.97
2010-05-04,55.87,56.69,55.43,55.43,153200,51.82
2010-05-05,54.45,55.13,53.6,54.8,241900,51.23
2010-05-06,54.51,55.04,27.27,53.33,270200,49.86
2010-05-07,54.05,54.37,52.49,53.22,235600,49.76
2010-05-10,55.61,55.99,54.56,54.85,158300,51.28
2010-05-11,54.06,55.39,53.37,55.24,121200,51.65
2010-05-12,55.77,56.19,55.08,55.84,160700,52.21
2010-05-13,56.12,56.12,55.42,55.78,103600,52.15
2010-05-14,55.38,55.38,54.24,54.37,77900,50.83
2010-05-17,54.51,54.92,53.08,53.86,2e+05,50.36
2010-05-18,54.78,56.5,53.38,53.41,119300,49.94
2010-05-19,52.97,53.22,52.26,53.13,65100,49.67
2010-05-20,51.53,52.83,50.48,52.15,215900,48.76
2010-05-21,51,53.12,51,53.12,117200,49.66
2010-05-24,53.2,53.22,52.39,52.79,140800,49.36
2010-05-25,52.23,52.23,51.1,51.78,111700,48.41
2010-05-26,52.11,53.57,52.11,53.34,120700,49.87
2010-05-27,54.26,55.03,53.41,55.03,131300,51.45
2010-05-28,55.4,55.41,54.4,55.41,154500,51.81
2010-06-01,54.58,55.9,54.58,54.87,185200,51.3
2010-06-02,54.87,55.73,54.62,55.69,204600,52.07
2010-06-03,56,56.1,55.09,55.58,160500,51.96
2010-06-04,53.9,54.91,53.79,54.52,139700,50.97
2010-06-07,54.41,54.47,53.79,53.87,81800,50.37
2010-06-08,54.23,54.73,53.56,54.54,232500,50.99
2010-06-09,54.97,55.58,54.67,55.43,166800,51.82
2010-06-10,55.98,56.34,55.89,56.23,164000,52.57
2010-06-11,55.92,56.78,55.7,56.77,188200,53.08
2010-06-14,57.4,57.83,56.44,56.56,232600,52.88
2010-06-15,57.48,58.12,56.87,58.12,361200,54.34
2010-06-16,57.88,58.98,57.22,58.98,448100,55.14
2010-06-17,59.05,59.24,58.3,59.23,196000,55.38
2010-06-18,59.25,59.4,58.81,59.29,180100,55.43
2010-06-21,60.28,60.3,59.3,59.42,342900,55.55
2010-06-22,59.54,59.55,58.65,58.87,243300,55.04
2010-06-23,58.51,58.51,57.03,57.82,97900,54.53
2010-06-24,57.86,57.91,57.01,57.46,154600,54.19
2010-06-25,57.23,58.2,57.23,58.1,77800,54.79
2010-06-28,58.39,58.39,57.81,57.94,46300,54.64
2010-06-29,56.83,57.2,56.21,56.98,220300,53.74
2010-06-30,56.57,57.06,56.47,56.69,152300,53.46
2010-07-01,56.24,56.82,55.59,56.75,386200,53.52
2010-07-02,56.98,57.93,56.76,57.42,141600,54.15
2010-07-06,58.1,58.5,57.27,57.91,204000,54.61
2010-07-07,57.69,58.88,57.62,58.87,148100,55.52
2010-07-08,59.1,59.35,58.66,59.08,330500,55.72
2010-07-09,59.1,59.55,58.9,59.21,129000,55.84
2010-07-12,59.12,59.32,58.64,58.97,417800,55.61
2010-07-13,59.51,59.7,59.29,59.64,258900,56.24
2010-07-14,59.4,60.11,59.38,60.08,290800,56.66
2010-07-15,59.99,60.34,59.55,60.19,145600,56.76
2010-07-16,60,60,58.68,58.7,141300,55.36
2010-07-19,59.68,60.37,59.03,59.95,163800,56.54
2010-07-20,59.74,60.78,59.44,60.77,167400,57.31
2010-07-21,60.85,62.16,60.85,61.99,312800,58.46
2010-07-22,62.6,63.31,62.3,62.6,209700,59.04
2010-07-23,62.82,63.14,62.42,63.1,187600,59.51
2010-07-26,63.48,63.61,63,63.5,291200,59.88
2010-07-27,64.23,64.41,63.65,63.83,204100,60.2
2010-07-28,63.85,63.85,62.7,62.85,322700,59.27
2010-07-29,63.43,63.43,62.35,62.56,360600,59
2010-07-30,62.08,62.99,61.62,62.65,304600,59.08
2010-08-02,63.63,64.5,63.53,64.14,395600,60.49
2010-08-03,64.18,64.69,64,64.36,290100,60.7
2010-08-04,64.03,64.7,64.03,64.65,319300,60.97
2010-08-05,64.57,65.03,64.4,64.94,392300,61.24
2010-08-06,64.7,65.39,64.11,65.35,475600,61.63
2010-08-09,65.95,66.11,65.51,66,250500,62.24
2010-08-10,65.21,66.06,64.89,66.02,399500,62.26
2010-08-11,64.96,65.55,64.09,64.27,211800,60.61
2010-08-12,63.78,64.89,63.5,64.45,297900,60.78
2010-08-13,64.79,65.9,64.71,65.69,240100,61.95
2010-08-16,65.94,66.68,65.8,66.68,187500,62.88
2010-08-17,67.15,67.55,67.02,67.4,200500,63.56
2010-08-18,67.63,67.9,67.33,67.65,303700,63.8
2010-08-19,67.75,67.8,66.56,67.16,277700,63.34
2010-08-20,66.97,67.79,66.66,67.78,138300,63.92
2010-08-23,67.87,68.31,67.44,67.62,299000,63.77
2010-08-24,67.07,67.42,66.31,67.38,288300,63.54
2010-08-25,66.75,66.87,66.07,66.41,150200,62.63
2010-08-26,66.94,67.46,66.16,66.53,315900,62.74
2010-08-27,66.81,67.7,66.55,67.37,176000,63.53
2010-08-30,67.49,68.08,67.32,67.47,288600,63.63
2010-08-31,67.4,67.71,67,67.65,201700,63.8
2010-09-01,68.51,69.88,68.41,69.84,415400,65.86
2010-09-02,70.06,70.42,69.22,69.87,234200,65.89
2010-09-03,70.5,70.69,70.1,70.31,293500,66.31
2010-09-07,70.27,70.35,69.36,69.77,329100,65.8
2010-09-08,69.8,70.87,69.8,70.7,525300,66.67
2010-09-09,71.25,71.77,71.05,71.37,392500,67.31
2010-09-10,71.78,71.78,71.29,71.53,271900,67.46
2010-09-13,72.24,72.57,71.89,72.36,299800,68.24
2010-09-14,72.85,73.01,72.3,72.99,305600,68.83
2010-09-15,72.88,73.21,72.78,73.18,301800,69.01
2010-09-16,73.03,73.29,72.34,72.6,270600,68.47
2010-09-17,72.66,73,72.26,72.8,261400,68.66
2010-09-20,72.98,73.75,72.93,73.67,542800,69.48
2010-09-21,73.24,73.5,72.35,72.64,451100,68.5
2010-09-22,73.2,73.3,72.58,72.74,224600,68.6
2010-09-23,72.59,73.07,72.4,72.64,149600,68.5
2010-09-24,73.37,73.69,72.4,72.84,255600,68.69
2010-09-27,73.09,73.95,73.03,73.83,273500,69.63
2010-09-28,73.98,74.32,73.46,74.15,295000,69.93
2010-09-29,74.15,74.33,73.4,73.5,441100,69.32
2010-09-30,73.99,74.44,73.25,74.02,431900,69.81
2010-10-01,74.53,75.07,74.41,74.57,313200,70.32
2010-10-04,74.41,74.88,73.62,74.04,281000,69.82
2010-10-05,74.61,74.68,74,74.2,453900,69.98
2010-10-06,74.55,74.66,73.72,74.18,347800,69.96
2010-10-07,74.49,74.5,72.51,72.64,488900,68.5
2010-10-08,72.65,73.13,72.14,72.84,319800,68.69
2010-10-11,73.01,76.05,72.6,72.77,209200,68.63
2010-10-12,72.67,73.28,72.64,72.71,645400,68.57
2010-10-13,73.61,75.25,73.57,75,612800,70.73
2010-10-14,74.95,75.22,74.24,74.89,432000,70.63
2010-10-15,75.5,75.5,74,74.26,224200,70.03
2010-10-18,73.43,74.26,73.43,73.5,258700,69.32
2010-10-19,72.67,73.35,72.65,73.12,307700,68.96
2010-10-20,73.47,74.37,73.25,73.8,269800,69.6
2010-10-21,74.02,74.28,73.52,73.8,283800,69.6
2010-10-22,73.8,74,73.29,73.78,99800,69.58
2010-10-25,74.14,74.27,73.81,74.11,193300,69.89
2010-10-26,73.57,73.86,73.2,73.64,248900,69.45
2010-10-27,73.44,74.21,72.9,74.21,240100,69.98
2010-10-28,74.71,75.18,74.4,74.95,175000,70.68
2010-10-29,75.3,75.85,75.2,75.84,225100,71.52
2010-11-01,75.92,76.42,75.75,76.1,275100,71.77
2010-11-02,76.57,77.35,76,77.32,211700,72.92
2010-11-03,77.77,77.86,76.1,76.46,919000,72.11
2010-11-04,78.11,78.18,77.5,77.91,399300,73.47
2010-11-05,78.18,78.47,78,78.23,215300,73.78
2010-11-08,78.19,78.52,76.29,78.3,460900,73.84
2010-11-09,79.18,79.82,78.71,79.23,453900,74.72
2010-11-10,79.08,79.11,78.22,78.96,261400,74.46
2010-11-11,78.81,78.95,78.4,78.5,99500,74.03
2010-11-12,78.21,78.23,77.06,77.43,186100,73.02
2010-11-15,77.5,77.72,76.55,76.55,272900,72.19
2010-11-16,76.01,76.14,74.84,75.41,630100,71.12
2010-11-17,75.25,75.86,75,75.29,245300,71
2010-11-18,76.33,76.99,76.33,76.63,166200,72.27
2010-11-19,76.77,77.83,76.49,77.8,150300,73.37
2010-11-22,77.8,78.5,77.15,78.48,191800,74.01
2010-11-23,77.11,77.27,76.58,77.03,382200,72.64
2010-11-24,77.52,78.25,77.51,78.18,216500,73.73
2010-11-26,77.54,77.56,77.07,77.12,42600,72.73
2010-11-29,76.95,77.05,76.16,76.78,128300,72.41
2010-11-30,76.57,77,76,76.63,262100,72.27
2010-12-01,77.27,77.66,77,77.2,185100,72.8
2010-12-02,77.49,77.75,77.23,77.57,219500,73.15
2010-12-03,77.53,78.42,77.23,78.39,214500,73.93
2010-12-06,78.25,78.29,77.63,77.63,226700,73.21
2010-12-07,78.58,79,78.07,78.11,169300,73.66
2010-12-08,78.32,78.6,77.52,77.81,171500,73.38
2010-12-09,78.48,78.92,77.93,78.07,193200,73.62
2010-12-10,78.37,78.66,77.76,78.07,151400,73.62
2010-12-13,78.17,78.5,77.9,78.18,222500,73.73
2010-12-14,78.27,78.8,78.2,78.72,113400,74.24
2010-12-15,78.55,79.42,78.55,79.35,128700,74.83
2010-12-16,79.51,79.64,78.85,79.63,119200,75.1
2010-12-17,79.61,80.27,79.32,80.27,304800,75.7
2010-12-20,80.25,80.38,79.7,80.19,281300,75.62
2010-12-21,79.96,80.17,79.45,79.7,234200,75.16
2010-12-22,79.09,79.09,78,78.66,194700,74.18
2010-12-23,78.04,78.58,77.95,78.37,126100,73.91
2010-12-27,77.95,78,77.13,77.4,217600,72.99
2010-12-28,77.64,77.99,76.77,76.9,570300,72.52
2010-12-29,77.37,78.05,77.37,77.83,138700,73.43
2010-12-30,78.07,79.15,78.07,79.15,202700,74.68
2010-12-31,79.33,79.66,79.02,79.6,102400,75.1
2011-01-03,79.8,80.27,79.29,80.27,237000,75.73
2011-01-04,77.5,77.76,76.91,77.4,466700,73.02
2011-01-05,76.43,76.45,75.63,76.21,455100,71.9
2011-01-06,76.28,76.34,75.13,75.38,489700,71.12
2011-01-07,75.16,75.77,73.28,73.28,722000,69.14
2011-01-10,73.29,73.43,71.85,72.1,1043400,68.02
2011-01-11,72.61,72.92,71.63,71.73,284700,67.68
2011-01-12,72.48,73.6,72.3,73.43,376100,69.28
2011-01-13,73.9,74.71,73.9,74.5,278600,70.29
2011-01-14,74.33,74.71,74.15,74.4,187000,70.19
2011-01-18,74.4,74.63,74.13,74.15,199500,69.96
2011-01-19,74.13,74.22,73.18,73.33,204400,69.18
2011-01-20,73.03,73.61,72.7,73.33,1717900,69.18
2011-01-21,73.99,73.99,73.45,73.58,1005500,69.42
2011-01-24,73.5,73.99,73.3,73.8,364700,69.63
2011-01-25,73.77,73.77,72.59,73.32,354100,69.18
2011-01-26,73.37,74.12,73.37,73.59,223000,69.43
2011-01-27,73.9,74.04,73.09,73.2,456000,69.06
2011-01-28,73.01,73.09,71.1,71.27,434700,67.24
2011-01-31,71.56,72.54,71.36,71.36,615700,67.33
2011-02-01,72.95,73.51,72.51,72.76,392600,68.65
2011-02-02,72.55,72.76,71.25,71.49,276100,67.45
2011-02-03,71,71,70.11,70.83,344400,66.83
2011-02-04,70.9,71.49,69.87,71.08,522000,67.06
2011-02-07,71.77,71.77,70.6,70.79,186000,66.79
2011-02-08,70.56,70.84,70.01,70.01,325400,66.05
2011-02-09,69.62,69.9,68.75,69.05,604900,65.15
2011-02-10,68.71,70.22,68.63,69.81,336900,65.86
2011-02-11,70.06,72,70.06,71.84,588000,67.78
2011-02-14,72.49,72.91,72.35,72.49,315300,68.39
2011-02-15,72.64,73.16,71.37,71.39,274300,67.35
2011-02-16,71.38,72.24,71,71.2,178900,67.17
2011-02-17,71.33,71.33,70.5,70.87,139700,66.86
2011-02-18,70.57,70.77,70.01,70.49,142000,66.51
2011-02-22,69.04,69.84,68.13,68.4,317700,64.53
2011-02-23,68.13,68.42,66.35,67.15,614300,63.35
2011-02-24,66.76,66.95,66.37,66.91,406000,63.13
2011-02-25,68.01,68.47,67.84,67.85,362400,64.01
2011-02-28,69.12,69.88,68.93,69.88,401700,65.93
2011-03-01,69.12,69.32,68.26,68.87,288200,64.98
2011-03-02,68.07,68.83,67.9,68.65,176800,64.77
2011-03-03,69.78,71.08,69.77,70.91,190200,66.9
2011-03-04,71.19,71.67,70.6,71.06,211800,67.04
2011-03-07,70.79,70.9,69.86,70.41,207400,66.43
2011-03-08,70.11,70.45,69.75,70.04,160600,66.08
2011-03-09,69.81,69.81,68.87,69.26,155200,65.34
2011-03-10,67.44,67.49,66.89,67.23,241900,63.43
2011-03-11,66.67,67.37,66.37,67.31,240500,63.5
2011-03-14,66.91,67.05,66.35,66.89,205500,63.11
2011-03-15,64.97,67.48,64.32,67.39,371500,63.58
2011-03-16,67.46,67.46,65.5,66.52,240400,62.76
2011-03-17,66.97,67.05,65.33,65.47,1214300,61.77
2011-03-18,66.48,66.66,65.26,65.74,576900,62.02
2011-03-21,66.94,68.04,66.42,67.77,301400,63.94
2011-03-22,68.2,69.22,67.66,69.02,357200,65.12
2011-03-23,68.76,70.18,68.59,69.8,420900,65.85
2011-03-24,70.38,71.3,70.31,71.07,501800,67.05
2011-03-25,71.14,71.58,70.88,71.42,334100,67.38
2011-03-28,71.31,71.35,70.65,71.22,332900,67.19
2011-03-29,71.26,71.26,70.25,70.4,212000,66.42
2011-03-30,70.97,71.2,70.4,70.91,275000,66.9
2011-03-31,70.97,72.17,70.94,71.84,302100,67.78
2011-04-01,72.47,73.86,72.47,73.61,515600,69.45
2011-04-04,74.06,74.7,73.94,74.3,271400,70.1
2011-04-05,74.24,75.25,74.12,74.81,188600,70.58
2011-04-06,75.76,76,74.58,74.58,234500,70.36
2011-04-07,74.51,75.23,74.13,74.13,165800,69.94
2011-04-08,74.92,74.97,74.47,74.71,277400,70.49
2011-04-11,74.83,74.83,73.55,73.55,174400,69.39
2011-04-12,72.97,73,72.15,72.15,384700,68.07
2011-04-13,73.07,73.78,72.66,72.98,220300,68.85
2011-04-14,72.27,73.8,72.07,73.8,205900,69.63
2011-04-15,73.64,74.02,73.48,74.02,118900,69.84
2011-04-18,72.5,72.96,72.04,72.53,106600,68.43
2011-04-19,73.31,73.98,73.26,73.77,332600,69.6
2011-04-20,74.63,75.12,74.47,74.8,218600,70.57
2011-04-21,75.48,75.84,75.07,75.59,73300,71.32
2011-04-25,75.92,75.92,75.25,75.73,55200,71.45
2011-04-26,75.76,77,75.76,76.93,196100,72.58
2011-04-27,77.03,77.38,76.49,77.28,298900,72.91
2011-04-28,76.93,77.32,76.76,77.21,232000,72.85
2011-04-29,77.17,78.42,77.16,78.24,179000,73.82
2011-05-02,78.3,78.35,77.72,77.96,316800,73.55
2011-05-03,77.69,78.29,77.28,78.04,174000,73.63
2011-05-04,77.97,77.99,76.03,76.21,406200,71.9
2011-05-05,75.54,76.15,75.31,75.67,276700,71.39
2011-05-06,76.5,76.9,75.85,76.76,425800,72.42
2011-05-09,76.81,77.46,76.25,76.47,140000,72.15
2011-05-10,76.66,77.63,76.66,77.52,142700,73.14
2011-05-11,77.65,77.65,76.33,76.5,199500,72.18
2011-05-12,76.05,77.38,75.79,77,293000,72.65
2011-05-13,77.64,77.9,76.29,77.06,246500,72.7
2011-05-16,76.93,77.25,76,76.15,178100,71.85
2011-05-17,75.82,76.43,75.61,76.15,350100,71.85
2011-05-18,76.5,77.33,75.97,76.8,143500,72.46
2011-05-19,76.97,77.63,76.25,76.26,177900,71.95
2011-05-20,75.94,76.89,75.75,76.48,88300,72.16
2011-05-23,75.32,75.42,74.63,75.29,104500,71.03
2011-05-24,75.66,76.05,74.99,75.04,272900,70.8
2011-05-25,74.98,75.81,74.98,75.38,60000,71.12
2011-05-26,75.79,76.63,75.64,76.6,92800,72.27
2011-05-27,77.01,77.17,76.58,76.65,101500,72.32
2011-05-31,78.05,78.35,76.84,77,399900,72.65
2011-06-01,76.66,77.03,76.08,76.32,248300,72.01
2011-06-02,76.64,77.2,76.2,77.13,254300,72.77
2011-06-03,76.14,77.05,76,77,93300,72.65
2011-06-06,76.6,76.77,75.65,75.77,87000,71.49
2011-06-07,76.4,76.83,76,76.06,129200,71.76
2011-06-08,75.61,76.24,75.5,75.8,102400,71.51
2011-06-09,75.82,76.33,75.04,75.2,147400,70.95
2011-06-10,74.54,75.38,74.13,74.43,298000,70.22
2011-06-13,74.51,74.52,73.04,73.12,210500,68.99
2011-06-14,73.85,74.27,73,73.01,224300,68.88
2011-06-15,72.53,72.8,70.84,71.65,299000,67.6
2011-06-16,71.13,71.36,70.32,70.98,343200,66.97
2011-06-17,71.12,72.15,71.01,71.82,179000,67.76
2011-06-20,71.25,72.22,70.54,71.87,166700,67.81
2011-06-21,72.27,73.48,71.89,73.4,428700,69.25
2011-06-22,72.12,73,72.09,72.33,140600,69.13
2011-06-23,71.33,71.8,70.85,71.78,156100,68.61
2011-06-24,72.19,72.21,71.44,71.55,126300,68.39
2011-06-27,72.37,72.66,71.14,72.54,99600,69.33
2011-06-28,72.59,73.7,72.05,73.65,454700,70.39
2011-06-29,73.54,74.5,73.49,74.5,362000,71.21
2011-06-30,74.98,75.37,74.08,75.37,341300,72.04
2011-07-01,74.98,75.83,74.71,75.71,455900,72.36
2011-07-05,75.15,75.71,74.76,75.52,196900,72.18
2011-07-06,75.42,75.42,74.75,75.09,244900,71.77
2011-07-07,75.72,76.05,75.47,75.79,196400,72.44
2011-07-08,75.11,75.3,74.33,74.89,274200,71.58
2011-07-11,74.01,74.4,73.42,74.29,284300,71
2011-07-12,73.72,74.59,73.67,73.85,384300,70.58
2011-07-13,74.4,75.2,74.06,74.31,145700,71.02
2011-07-14,75.29,75.29,74.01,74.6,282400,71.3
2011-07-15,74.74,74.97,74.06,74.49,151800,71.2
2011-07-18,74,74.35,73.5,73.79,152500,70.53
2011-07-19,74.13,74.62,73.34,73.64,573900,70.38
2011-07-20,74.41,74.41,72.08,72.36,323200,69.16
2011-07-21,72.51,73.33,72.16,72.98,217000,69.75
2011-07-22,72.81,73.51,72.45,72.47,420000,69.26
2011-07-25,72.08,72.41,71.9,72.18,294300,68.99
2011-07-26,72.45,72.75,71.12,71.36,899700,68.2
2011-07-27,71.54,71.82,69.73,69.98,346500,66.89
2011-07-28,69.85,70.93,69.51,70.07,218400,66.97
2011-07-29,69.5,70.15,68.8,69.6,331300,66.52
2011-08-01,70.83,71.22,70.1,71,217900,67.86
2011-08-02,70.43,71,69,69.05,191700,66
2011-08-03,68.86,69.17,66.98,68.11,435300,65.1
2011-08-04,66.7,67.09,64.05,64.41,495900,61.56
2011-08-05,64.9,65.81,61.43,63.06,493100,60.27
2011-08-08,61.19,61.19,57.06,57.39,684500,54.85
2011-08-09,58.52,62.06,57.46,61.82,736600,59.09
2011-08-10,60.22,63.43,59.36,62.16,413500,59.41
2011-08-11,63.27,65.62,62.03,64.71,338700,61.85
2011-08-12,64.79,66.56,64.79,65.05,169700,62.17
2011-08-15,65.93,66.38,65.4,66.04,82200,63.12
2011-08-16,65.49,65.49,63.94,64.19,126400,61.35
2011-08-17,65.18,65.63,64.43,65.18,239200,62.3
2011-08-18,62.74,64,62.01,63.54,238800,60.73
2011-08-19,62.63,64.24,62.5,63.23,203700,60.43
2011-08-22,65.58,65.98,63.16,63.46,96700,60.65
2011-08-23,63.93,64.92,63.54,64.92,91600,62.05
2011-08-24,64.95,65.75,64.17,64.69,230700,61.83
2011-08-25,64.72,64.88,63.29,64.01,192000,61.18
2011-08-26,63.38,64.39,62.57,64.39,140300,61.54
2011-08-29,65.63,65.71,65.17,65.6,334200,62.7
2011-08-30,65.27,66.35,65.11,66.04,62400,63.12
2011-08-31,67.02,67.73,66.64,67.6,559600,64.61
2011-09-01,67.51,68.01,66.78,67.35,193200,64.37
2011-09-02,66.56,67.56,66.51,66.85,170200,63.89
2011-09-06,63.62,64.36,62.61,64.22,255300,61.38
2011-09-07,64.81,65.93,64.74,65.88,122300,62.97
2011-09-08,65.21,65.83,64.86,65.31,72600,62.42
2011-09-09,64.67,64.67,62.78,63.18,69100,60.39
2011-09-12,61.34,61.74,60,61.35,194400,58.64
2011-09-13,61.42,61.82,60.68,61.26,111500,58.55
2011-09-14,61.25,61.55,60.41,60.85,188600,58.16
2011-09-15,61.22,62.38,60.93,61.12,271200,58.42
2011-09-16,60.97,61.16,60.17,60.47,134600,57.8
2011-09-19,59.04,60.3,58.75,59.72,241500,57.08
2011-09-20,59.53,60.17,59.14,59.53,213200,56.9
2011-09-21,59.03,59.08,57.07,57.07,384100,54.55
2011-09-22,53.02,53.61,52.09,52.68,840200,50.35
2011-09-23,52.56,53.51,52,52.62,869800,50.29
2011-09-26,54.61,54.61,53.14,54.09,469200,51.7
2011-09-27,55.68,56.61,55.43,55.79,533300,53.32
2011-09-28,55.74,55.94,53.83,53.87,564900,51.49
2011-09-29,56.04,56.04,54.08,54.81,316300,52.39
2011-09-30,54.14,54.14,52.59,53.2,479400,50.85
2011-10-03,52.8,53.26,50.92,51.16,482100,48.9
2011-10-04,49.96,50.34,48.25,50.31,448200,48.08
2011-10-05,50.45,51.09,50.11,50.94,397400,48.69
2011-10-06,51.2,54,51.2,53.93,416800,51.54
2011-10-07,55.32,55.6,52.99,53.49,331700,51.12
2011-10-10,54.83,55.7,54.76,55.53,134800,53.07
2011-10-11,54.92,56.19,54.92,56.1,149600,53.62
2011-10-12,57.31,58.2,57.17,57.76,354600,55.21
2011-10-13,57.36,57.81,56.28,57.77,160900,55.22
2011-10-14,58.83,59.49,57.97,58.55,201000,55.96
2011-10-17,58.11,58.11,57.28,57.72,206300,55.17
2011-10-18,57.42,58.54,56.38,58.45,301000,55.86
2011-10-19,58.17,58.6,57.9,58.12,89900,55.55
2011-10-20,57.8,58.28,56.7,56.93,144200,54.41
2011-10-21,57.97,58.6,57.87,58.39,134400,55.81
2011-10-24,59.25,61,59.25,60.92,276600,58.23
2011-10-25,60.14,60.32,59.33,59.83,137300,57.18
2011-10-26,60.38,61,59.92,60.64,128800,57.96
2011-10-27,62.85,64.46,62.85,63.83,228000,61.01
2011-10-28,62.76,64.73,62.32,64.66,266700,61.8
2011-10-31,63.31,63.52,62.66,62.87,482700,60.09
2011-11-01,60.21,61.45,60,60.87,190000,58.18
2011-11-02,61.43,62.19,61.24,62.19,175600,59.44
2011-11-03,62.94,63.33,62.34,63.24,82800,60.44
2011-11-04,63,63.13,62.19,62.29,110800,59.54
2011-11-07,62.22,63.43,62.13,63.26,83600,60.46
2011-11-08,63.75,64.15,63.36,63.94,101700,61.11
2011-11-09,62.68,62.9,62,62.42,154000,59.66
2011-11-10,63.11,63.51,61.73,61.83,273500,59.1
2011-11-11,62.64,63.43,62.47,63.39,326100,60.59
2011-11-14,62.85,63.06,62.43,62.55,100600,59.78
2011-11-15,61.83,62.06,61.15,61.73,156300,59
2011-11-16,60.74,62.05,60.65,61.17,132600,58.46
2011-11-17,61.42,61.71,60.25,60.57,163600,57.89
2011-11-18,60.63,60.97,59.7,59.92,184300,57.27
2011-11-21,58.75,58.75,57.35,58.07,116400,55.5
2011-11-22,57.37,58.3,57.04,57.56,191400,55.01
2011-11-23,56.36,56.36,54.88,55.04,618600,52.61
2011-11-25,54.6,55.18,54.2,54.54,201900,52.13
2011-11-28,56.08,56.66,55.88,56.49,147700,53.99
2011-11-29,56.12,56.5,55.85,55.88,102100,53.41
2011-11-30,58.28,59.22,58.15,58.83,384900,56.23
2011-12-01,58.49,59.21,57.85,58.05,323500,55.48
2011-12-02,58.95,59,58.08,58.35,171400,55.77
2011-12-05,58.62,58.91,57.41,57.82,190100,55.26
2011-12-06,57.48,58.38,57.38,58.27,177900,55.69
2011-12-07,58.49,59.98,58.47,59.81,256300,57.16
2011-12-08,58.78,59.24,57.69,57.79,142200,55.23
2011-12-09,57.81,59.41,57.81,58.98,199500,56.37
2011-12-12,58.36,58.68,57.89,58.22,241300,55.65
2011-12-13,58.8,59.01,57.77,57.99,112700,55.43
2011-12-14,57.5,57.74,56.73,56.89,142200,54.37
2011-12-15,57.4,58.08,56.94,57.1,193400,54.57
2011-12-16,57.35,57.84,57.09,57.7,108500,55.15
2011-12-19,57.62,57.74,56.85,56.91,65200,54.39
2011-12-20,57.84,58.19,57.5,58.05,244000,55.53
2011-12-21,57.67,58.04,57.38,57.97,75000,55.45
2011-12-22,58.08,58.84,57.72,58.31,72000,55.77
2011-12-23,57.7,58.6,57.7,58.48,87100,55.94
2011-12-27,58.19,58.19,57.38,57.6,185400,55.1
2011-12-28,57.61,57.67,56.74,56.99,203800,54.55
2011-12-29,57.15,57.54,56.61,57.4,213500,54.94
2011-12-30,57.58,57.84,57.28,57.71,172500,55.24
2012-01-03,58.31,58.82,58.3,58.43,265000,55.93
2012-01-04,58.4,59.3,58.25,59.3,254800,56.76
2012-01-05,58.91,59.37,58.62,59.33,222900,56.79
2012-01-06,59.35,59.35,58.98,59.18,103700,56.65
2012-01-09,59.06,59.31,58.64,59.29,134900,56.75
2012-01-10,59.53,59.99,59.53,59.71,131700,57.15
2012-01-11,59.67,60.18,59.5,60.09,36100,57.52
2012-01-12,60.54,60.91,60.4,60.77,53200,58.17
2012-01-13,60.22,60.69,60.08,60.17,28800,57.59
2012-01-17,61,61.68,60.81,60.87,117500,58.26
2012-01-18,60.92,61.89,60.82,61.83,137000,59.18
2012-01-19,62.26,62.87,62.06,62.64,111800,59.96
2012-01-20,62.53,62.68,62.09,62.68,82000,60
2012-01-23,62.83,63.12,62.54,62.71,171200,60.03
2012-01-24,62.26,62.26,61.32,62.26,175800,59.59
2012-01-25,61.62,62.08,61.06,62.06,143300,59.4
2012-01-26,62.38,62.78,62.01,62.33,100900,59.66
2012-01-27,62.21,62.8,62.19,62.68,67400,60
2012-01-30,61.86,62.11,61.49,61.94,117500,59.29
2012-01-31,62.46,62.59,61.92,62.22,163900,59.56
2012-02-01,62.38,63.71,62.36,63.71,146500,60.98
2012-02-02,63.56,64.79,63.55,64.62,136800,61.85
2012-02-03,65.01,66.06,64.93,65.63,1932500,62.82
2012-02-06,65.32,65.52,65.05,65.39,119600,62.59
2012-02-07,65.22,66.07,65.08,65.78,675100,62.96
2012-02-08,65.94,65.98,65.57,65.95,69400,63.13
2012-02-09,66.26,66.69,65.93,66.45,196500,63.61
2012-02-10,65.89,66.14,65.69,66.14,144900,63.31
2012-02-13,66.58,66.77,66.22,66.37,91000,63.53
2012-02-14,66,66.28,65.61,66.17,73200,63.34
2012-02-15,66.47,66.64,66.01,66.12,106500,63.29
2012-02-16,65.99,66.74,65.57,66.73,67900,63.87
2012-02-17,66.97,67.62,66.94,67.62,65400,64.73
2012-02-21,67.63,67.91,67.14,67.51,327700,64.62
2012-02-22,67,67.26,66.66,67.18,91700,64.3
2012-02-23,67.52,67.52,66.99,67.14,64200,64.27
2012-02-24,67.18,67.61,67.18,67.56,101300,64.67
2012-02-27,67,67.52,67,67.45,64800,64.56
2012-02-28,67.66,68.41,67.53,68.4,68200,65.47
2012-02-29,69.26,69.26,67.78,67.9,246400,64.99
2012-03-01,68.06,68.42,67.66,68.38,320000,65.45
2012-03-02,67.97,68.2,67.57,67.79,60900,64.89
2012-03-05,67.56,67.63,66.72,66.77,174100,63.91
2012-03-06,65.78,65.78,65.12,65.27,768600,62.48
2012-03-07,65.4,65.74,65.29,65.31,353400,62.51
2012-03-08,66.2,66.72,66.2,66.66,79600,63.81
2012-03-09,66.8,67.11,66.59,66.64,52900,63.79
2012-03-12,66.62,66.73,66.42,66.73,91400,63.87
2012-03-13,66.83,67.83,66.48,67.83,542000,64.93
2012-03-14,67.2,67.42,66.74,66.93,97000,64.07
2012-03-15,67.28,67.88,67.09,67.81,115200,64.91
2012-03-16,68.09,68.46,67.92,67.92,63400,65.01
2012-03-19,68,68.83,67.9,68.71,63100,65.77
2012-03-20,67.99,68.48,67.57,68.18,83500,65.26
2012-03-21,68.41,68.5,67.97,68.13,47800,65.21
2012-03-22,67.44,67.66,67.01,67.21,81900,64.33
2012-03-23,67.05,67.48,66.89,67.38,83900,64.5
2012-03-26,68.09,68.94,68.06,68.94,121800,65.99
2012-03-27,68.69,69.09,68.69,68.94,96600,65.99
2012-03-28,68.46,68.63,68.08,68.27,44600,65.35
2012-03-29,67.75,68.04,67.53,67.98,117700,65.07
2012-03-30,68.69,68.96,68.16,68.3,128100,65.38
2012-04-02,68.24,69.6,68.1,69.51,273400,66.53
2012-04-03,69.41,69.58,68.97,69.19,115500,66.23
2012-04-04,68.58,68.59,68.04,68.58,177700,65.64
2012-04-05,67.95,68.97,67.95,68.75,237000,65.81
2012-04-09,67.82,68.27,67.74,67.74,146600,64.84
2012-04-10,67.76,67.8,66.52,66.59,169500,63.74
2012-04-11,67.38,67.51,66.47,66.47,113500,63.62
2012-04-12,67.01,67.52,66.98,67.3,119300,64.42
2012-04-13,67.11,67.11,66.26,66.26,105500,63.42
2012-04-16,66.43,66.99,65.52,65.85,161600,63.03
2012-04-17,66.66,66.9,66.43,66.73,110600,63.87
2012-04-18,66.07,66.21,65.57,65.86,138300,63.04
2012-04-19,65.89,66.56,65.86,66.49,127700,63.64
2012-04-20,66.79,67.36,66.55,67.07,223300,64.2
2012-04-23,66.09,66.56,65.72,66.56,103400,63.71
2012-04-24,66.46,66.9,66.46,66.6,152800,63.75
2012-04-25,66.92,67.2,66.8,66.88,144600,64.02
2012-04-26,66.61,67.26,66.41,67.01,184700,64.14
2012-04-27,67.6,67.65,67.15,67.51,136100,64.62
2012-04-30,67.2,67.6,66.89,67.35,215000,64.47
2012-05-01,67.34,68.55,67.2,67.81,96700,64.91
2012-05-02,67.35,67.54,66.61,67,191000,64.13
2012-05-03,67.29,67.53,66.56,66.69,186000,63.84
2012-05-04,66.35,67,66.03,66.62,264300,63.77
2012-05-07,66.46,66.95,65.44,66.85,364000,63.99
2012-05-08,66.97,66.97,65.77,66.27,172500,63.43
2012-05-09,64.9,65.63,64.54,65.21,174400,62.42
2012-05-10,65.73,65.73,65.18,65.41,164600,62.61
2012-05-11,64.53,65.79,64.02,65.39,301200,62.59
2012-05-14,64.17,64.5,63.41,63.43,284900,60.71
2012-05-15,63.55,63.55,61.77,61.97,266000,59.32
2012-05-16,61.55,62.32,60.8,60.89,333600,58.28
2012-05-17,60.73,60.73,59.77,59.97,151600,57.4
2012-05-18,60.41,60.44,59.18,59.35,187700,56.81
2012-05-21,59.49,60.3,59.29,60.11,186500,57.54
2012-05-22,60.35,60.45,58.7,59.2,1033400,56.67
2012-05-23,58.67,58.94,57.58,58.88,458000,56.36
2012-05-24,59.03,59.54,58.57,59.01,345900,56.48
2012-05-25,58.72,59.33,58.67,59.29,116500,56.75
2012-05-29,59.53,60,59.22,59.59,228200,57.04
2012-05-30,58.24,58.89,58.2,58.83,111600,56.31
2012-05-31,58.96,59.68,57.83,59.55,387500,57
2012-06-01,58.17,58.95,58,58.32,231900,55.82
2012-06-04,58.33,58.69,57.83,58.03,287900,55.55
2012-06-05,58.21,58.47,58.08,58.31,150600,55.81
2012-06-06,58.63,59.81,58.63,59.77,178800,57.21
2012-06-07,60.73,61.5,60.58,60.82,149000,58.22
2012-06-08,60.34,61.53,59.67,61.52,71800,58.89
2012-06-11,62.15,62.21,60.52,60.56,170100,57.97
2012-06-12,60.29,60.85,60.29,60.49,91200,57.9
2012-06-13,60.06,60.65,59.92,59.99,174700,57.42
2012-06-14,59.84,60.61,59.84,60.53,119600,57.94
2012-06-15,60.94,61.34,60.43,61.3,139300,58.68
2012-06-18,61.15,61.76,61.15,61.73,118100,59.09
2012-06-19,62.28,62.6,62.01,62.01,229800,59.36
2012-06-20,62.3,62.87,61.78,62.83,157900,60.14
2012-06-21,61.32,61.85,60.42,60.48,147300,58.71
2012-06-22,60.82,60.98,59.66,60.52,162600,58.75
2012-06-25,60.05,60.05,59.04,59.07,109600,57.35
2012-06-26,59.05,59.52,59.05,59.38,152700,57.65
2012-06-27,59.28,60.12,59.28,59.8,101900,58.05
2012-06-28,59.42,59.55,59,59.45,81400,57.71
2012-06-29,61.11,61.57,60.69,61.49,175700,59.69
2012-07-02,61.47,61.6,61.19,61.6,136000,59.8
2012-07-03,61.74,62.48,61.41,62.32,97600,60.5
2012-07-05,61.82,62.48,61.74,62.41,212500,60.59
2012-07-06,61.58,61.85,61.41,61.77,78800,59.97
2012-07-09,61.35,61.94,61.35,61.73,56100,59.93
2012-07-10,62.13,62.27,61.21,61.37,94900,59.58
2012-07-11,61.62,61.92,61.46,61.84,152800,60.03
2012-07-12,61.24,61.84,61.24,61.29,169900,59.5
2012-07-13,61.75,62.34,61.75,62.1,69800,60.29
2012-07-16,62.32,62.32,61.84,62.04,125200,60.23
2012-07-17,62.17,63.17,62.08,62.5,116000,60.68
2012-07-18,62.12,62.98,62.12,62.88,81100,61.04
2012-07-19,63.33,63.41,62.88,63.33,216800,61.48
2012-07-20,62.68,63.09,62.63,62.79,216400,60.96
2012-07-23,61.38,62.33,61.31,61.74,97700,59.94
2012-07-24,61.52,61.73,60.99,61.25,233400,59.46
2012-07-25,61.25,61.67,61.1,61.14,195400,59.36
2012-07-26,61.78,62.39,60.84,60.94,156400,59.16
2012-07-27,61.4,61.66,60.69,61.66,148900,59.86
2012-07-30,61.28,61.9,61.28,61.6,64600,59.8
2012-07-31,61.48,61.68,61.2,61.24,60500,59.45
2012-08-01,61.02,61.29,59.62,59.76,483600,58.02
2012-08-02,59.11,59.59,58.89,59.09,245300,57.37
2012-08-03,59.68,60.68,59.51,60.55,217200,58.78
2012-08-06,60.66,61.07,60.57,60.83,85100,59.05
2012-08-07,61.41,61.5,60.08,60.1,125200,58.35
2012-08-08,60.25,60.81,60.25,60.68,95300,58.91
2012-08-09,60.68,60.99,60.32,60.58,137200,58.81
2012-08-10,60.18,60.65,60.12,60.32,60100,58.56
2012-08-13,60.17,60.19,59.66,60.18,120000,58.42
2012-08-14,60.2,60.32,59.71,60.14,134100,58.38
2012-08-15,60.01,60.34,59.97,60.27,26700,58.51
2012-08-16,59.98,60.73,59.83,60.57,111000,58.8
2012-08-17,60.29,61.42,60.26,61.32,145200,59.53
2012-08-20,60.92,61.9,60.82,61.37,205000,59.58
2012-08-21,61.71,61.94,61.37,61.56,143400,59.76
2012-08-22,61.24,61.48,60.96,61.1,157900,59.32
2012-08-23,60.94,61.04,60.45,61.01,121400,59.23
2012-08-24,60.62,61.05,60.39,60.67,92000,58.9
2012-08-27,60.66,60.66,59.99,60.09,64600,58.34
2012-08-28,59.79,60.48,59.64,60.41,112100,58.65
2012-08-29,60.12,60.32,60,60,39700,58.25
2012-08-30,59.84,59.96,59.41,59.69,195700,57.95
2012-08-31,60.14,60.27,59.61,60.1,214000,58.35
2012-09-04,59.85,59.93,59.27,59.37,142800,57.64
2012-09-05,59.28,59.58,59.16,59.28,82500,57.55
2012-09-06,59.83,60.52,59.65,60.21,82400,58.45
2012-09-07,60.92,61.22,60.68,61.12,152800,59.34
2012-09-10,61.14,61.34,60.64,60.86,97400,59.08
2012-09-11,61.25,61.5,61.15,61.29,113600,59.5
2012-09-12,61.82,62.01,60.93,61.21,118100,59.42
2012-09-13,61.36,62.36,61.09,62.32,220200,60.5
2012-09-14,62.44,62.84,62.27,62.39,124300,60.57
2012-09-17,62.46,62.64,62.2,62.42,153500,60.6
2012-09-18,62.14,62.52,62.04,62.35,88500,60.53
2012-09-19,62.25,62.7,62.19,62.56,90800,60.73
2012-09-20,61.81,62.73,61.81,62.73,213700,60.9
2012-09-21,62.7,62.85,62.19,62.26,48500,60.44
2012-09-24,62.23,62.26,61.49,61.65,128900,59.85
2012-09-25,61.88,62.33,61.81,61.82,59200,60.02
2012-09-26,61.53,62.22,61.38,61.98,149000,60.17
2012-09-27,62.47,62.63,62.1,62.25,54900,60.43
2012-09-28,62.22,62.22,61.64,62.12,67300,60.31
2012-10-01,62.28,62.5,62.08,62.19,105100,60.37
2012-10-02,62.41,62.78,62.26,62.6,68400,60.77
2012-10-03,62.76,62.76,62.17,62.24,116000,60.42
2012-10-04,62.46,62.99,62.3,62.88,141200,61.04
2012-10-05,63.36,63.57,63.21,63.23,161700,61.38
2012-10-08,62.96,63.35,62.71,63.26,46200,61.41
2012-10-09,63.15,63.25,62.22,62.31,99900,60.49
2012-10-10,62.25,62.55,61.94,62.04,88600,60.23
2012-10-11,62.74,62.84,62.33,62.38,108800,60.56
2012-10-12,62.6,62.66,62.33,62.55,64900,60.72
2012-10-15,62.63,62.92,62.44,62.82,33200,60.99
2012-10-16,63.18,63.4,63.04,63.29,104200,61.44
2012-10-17,63.52,63.59,63.28,63.44,117900,61.59
2012-10-18,63.16,63.62,63.16,63.59,181700,61.73
2012-10-19,63.08,63.08,62.17,62.36,67900,60.54
2012-10-22,62,62.13,61.5,61.87,83300,60.06
2012-10-23,61,61.13,60.54,60.7,154100,58.93
2012-10-24,61.1,61.29,60.85,60.9,246400,59.12
2012-10-25,61.58,61.99,61.24,61.5,113000,59.7
2012-10-26,61.47,61.67,60.99,61.45,551400,59.66
2012-10-31,61.8,61.8,61.4,61.55,119800,59.75
2012-11-01,61.44,62.49,61.42,62.4,149600,60.58
2012-11-02,62.61,62.69,61.97,62.1,129500,60.29
2012-11-05,61.73,62.02,61.42,62.02,127400,60.21
2012-11-06,62,62.27,61.92,62.17,93300,60.36
2012-11-07,61.52,62.02,61.4,61.81,170100,60.01
2012-11-08,61.83,62,61.5,61.65,161100,59.85
2012-11-09,61.21,61.56,61.19,61.44,129000,59.65
2012-11-12,61.17,61.45,60.96,60.99,278100,59.21
2012-11-13,60.54,60.56,59.91,60.31,159300,58.55
2012-11-14,60.22,60.54,59.57,59.74,168800,58
2012-11-15,59.82,60.4,59.66,60.18,315500,58.42
2012-11-16,60.01,60.43,59.82,60.36,119000,58.6
2012-11-19,60.6,61.07,60.6,61.05,75400,59.27
2012-11-20,60.69,61.21,60.69,61.2,172600,59.41
2012-11-21,60.66,60.92,60.33,60.43,105400,58.67
2012-11-23,60.38,60.62,59.97,60.23,44700,58.47
2012-11-26,59.82,59.99,59.13,59.88,82100,58.13
2012-11-27,59.95,60.01,59.5,59.52,159600,57.78
2012-11-28,59,59.79,59,59.71,93100,57.97
2012-11-29,59.81,60.28,59.76,60.19,127600,58.43
2012-11-30,60.15,60.31,59.75,60.06,211600,58.31
2012-12-03,60.01,60.24,59.94,60.01,35700,58.26
2012-12-04,59.81,60.2,59.75,59.88,238600,58.13
2012-12-05,59.77,60.45,59.77,60.17,169100,58.41
2012-12-06,60.06,60.67,60.06,60.63,140900,58.86
2012-12-07,60.37,60.57,60.13,60.32,163800,58.56
2012-12-10,60.53,60.62,60.23,60.62,169700,58.85
2012-12-11,60.64,61.5,60.63,61.29,159900,59.5
2012-12-12,61.32,61.85,61.32,61.71,155900,59.91
2012-12-13,61.6,61.84,61.44,61.76,89100,59.96
2012-12-14,61.88,62.39,61.67,62.33,72500,60.51
2012-12-17,62.17,62.76,62.08,62.69,319600,60.86
2012-12-18,62.7,63.13,62.43,63.08,219200,61.3
2012-12-19,63,63.01,62.69,62.73,115900,60.96
2012-12-20,62.77,63.02,62.23,62.86,403900,61.09
2012-12-21,62.52,62.79,61.93,62.49,143300,60.73
2012-12-24,62.47,62.59,62.35,62.42,28100,60.66
2012-12-26,62.22,62.71,62.22,62.48,27600,60.72
2012-12-27,62.67,62.75,62.26,62.52,96700,60.78
2012-12-28,62.22,62.72,62.19,62.5,60400,60.76
2012-12-31,62.2,63.35,62.2,63.24,83700,61.48
2013-01-02,63.52,64.44,63.16,64.09,258400,62.31
2013-01-03,64,64.35,63.88,64.06,122700,62.28
2013-01-04,64.18,64.91,64.03,64.71,79900,62.91
2013-01-07,64.79,65.19,64.62,65.19,241300,63.38
2013-01-08,64.78,64.79,64.24,64.76,244900,62.96
2013-01-09,64.9,65.23,64.84,65.22,116500,63.41
2013-01-10,65.55,65.97,65.43,65.8,79500,63.97
2013-01-11,65.59,65.73,65.18,65.3,142500,63.48
2013-01-14,65.51,65.6,64.94,65.42,238200,63.6
2013-01-15,65,65.24,64.86,65.24,145300,63.42
2013-01-16,65.08,65.54,64.87,65.4,151900,63.58
2013-01-17,65.79,66.2,65.64,65.97,103900,64.13
2013-01-18,66.33,67,66.14,66.88,206800,65.02
2013-01-22,66.81,67.12,66.54,66.98,87500,65.12
2013-01-23,67.16,67.29,66.55,66.7,109700,64.84
2013-01-24,66.33,66.47,66.05,66.4,131800,64.55
2013-01-25,66.06,66.33,66,66.24,191900,64.4
2013-01-28,66.46,66.62,65.82,66.15,142300,64.31
2013-01-29,66,66.59,66,66.52,115700,64.67
2013-01-30,66.53,66.87,66.27,66.71,67000,64.85
2013-01-31,67,67.15,66.52,66.94,182100,65.08
2013-02-01,67.56,67.62,67.02,67.16,134900,65.29
2013-02-04,67.1,67.1,66.55,66.9,279600,65.04
2013-02-05,66.8,67.38,66.8,67.2,584100,65.33
2013-02-06,67.24,67.45,67,67.38,101300,65.51
2013-02-07,67.28,67.47,67.02,67.31,136500,65.44
2013-02-08,67.65,67.65,67.17,67.51,368700,65.63
2013-02-11,67.55,67.6,67.22,67.5,83700,65.62
2013-02-12,67.62,67.68,67.42,67.49,125500,65.61
2013-02-13,67.91,68.02,67.71,67.81,268200,65.92
2013-02-14,67.71,67.77,67.38,67.57,306600,65.69
2013-02-15,67.72,67.72,67.25,67.46,66700,65.58
2013-02-19,67.14,67.51,67.14,67.3,442700,65.43
2013-02-20,67.19,67.27,66.09,66.16,206900,64.32
2013-02-21,65.49,65.93,65.18,65.66,232800,63.83
2013-02-22,65.93,66.21,65.74,65.96,161400,64.12
2013-02-25,66.21,66.42,65.08,65.14,162100,63.33
2013-02-26,65.18,65.52,65.17,65.47,96000,63.65
2013-02-27,65.85,65.96,65.47,65.88,158300,64.05
2013-02-28,66.06,66.27,65.56,66.09,153100,64.25
2013-03-01,65.88,66.37,65.81,66.36,262300,64.51
2013-03-04,65.95,66.62,65.86,66.54,270200,64.69
2013-03-05,66.82,67.18,66.66,66.72,206600,64.86
2013-03-06,66.66,66.7,65.95,66.02,176200,64.18
2013-03-07,66.05,66.23,65.79,66.02,86000,64.18
2013-03-08,65.88,66.56,65.88,66.55,146600,64.7
2013-03-11,66.46,66.78,66.22,66.37,102900,64.52
2013-03-12,66.14,66.36,65.9,65.98,111600,64.14
2013-03-13,65.85,66.15,65.52,65.59,133200,63.76
2013-03-14,65.82,66,65,65.04,211800,63.23
2013-03-15,65.03,65.1,64.4,64.44,260100,62.65
2013-03-18,64.1,64.37,63.5,64.31,123700,62.52
2013-03-19,64.33,64.81,64.24,64.34,350800,62.55
2013-03-20,64.62,65.05,64.54,64.96,272000,63.15
2013-03-21,64.7,64.99,64.52,64.71,254700,62.91
2013-03-22,64.79,65.2,64.79,64.86,187600,63.06
2013-03-25,64.97,65.1,64.12,64.39,151800,62.6
2013-03-26,64.6,65.13,64.57,65.04,555500,63.23
2013-03-27,64.86,65.03,64.56,64.72,121800,62.92
2013-03-28,64.74,65.03,64.68,64.91,117800,63.1
2013-04-01,64.86,64.9,64.19,64.34,104200,62.55
2013-04-02,64.55,64.55,63.96,64.06,345300,62.28
2013-04-03,63.78,64.1,62.89,63.26,742500,61.5
2013-04-04,63.24,63.61,63,63.26,228000,61.5
2013-04-05,62.99,62.99,62.61,62.73,129900,60.98
2013-04-08,63.54,63.54,63.09,63.42,89800,61.66
2013-04-09,63.5,64.06,63.48,63.76,327000,61.99
2013-04-10,64.11,64.23,63.59,63.63,94100,61.86
2013-04-11,63.43,63.73,63.31,63.32,102800,61.56
2013-04-12,63.04,63.57,62.9,63.1,192300,61.34
2013-04-15,62.55,62.56,60.96,61.07,326000,59.37
2013-04-16,61.72,62.09,61.71,61.86,106800,60.14
2013-04-17,61.58,61.61,60.61,61.1,162600,59.4
2013-04-18,61.28,61.64,61.13,61.56,95600,59.85
2013-04-19,61.94,61.99,61.47,61.88,123900,60.16
2013-04-22,61.81,62.23,61.47,61.61,106100,59.9
2013-04-23,61.63,62.29,61.63,62.29,279500,60.56
2013-04-24,62.26,62.59,62.22,62.5,166600,60.76
2013-04-25,62.64,63.01,62.37,62.94,219700,61.19
2013-04-26,62.59,62.84,62.25,62.33,203200,60.6
2013-04-29,62.7,62.95,62.09,62.25,190100,60.52
2013-04-30,62.07,62.82,61.79,62.74,127500,60.99
2013-05-01,62.78,62.78,62,62.1,67200,60.37
2013-05-02,62.03,62.77,62,62.69,162600,60.95
2013-05-03,63.19,64.62,63.1,63.42,102600,61.66
2013-05-06,63.8,63.81,63.24,63.48,100900,61.71
2013-05-07,63.6,63.69,63.42,63.47,156500,61.7
2013-05-08,63.3,63.64,63.3,63.62,166800,61.85
2013-05-09,63.33,63.67,63.22,63.37,105200,61.61
2013-05-10,63,63.35,62.8,62.8,72500,61.05
2013-05-13,62.36,62.78,61.88,61.91,83700,60.19
2013-05-14,61.64,61.99,61.39,61.85,81800,60.13
2013-05-15,61.54,61.83,61.41,61.64,228000,59.92
2013-05-16,61.51,61.86,60.77,60.84,443100,59.15
2013-05-17,60.67,60.91,60.22,60.57,245100,58.88
2013-05-20,60.64,60.93,60,60.05,126500,58.38
2013-05-21,59.85,60.05,59.36,59.81,155200,58.15
2013-05-22,60.2,60.49,59.32,59.82,384300,58.16
2013-05-23,59.4,59.57,58.84,59.55,218700,57.89
2013-05-24,58.98,59.47,58.55,58.67,190400,57.04
2013-05-28,58.7,58.87,57.59,57.64,182200,56.04
2013-05-29,57.65,57.69,57.36,57.41,272500,55.81
2013-05-30,57.33,57.65,56.92,56.94,191600,55.36
2013-05-31,56.57,57.53,56.32,57.24,637800,55.65
2013-06-03,57.07,57.08,56.57,57,324100,55.41
2013-06-04,57.3,57.34,56.79,57.07,113000,55.48
2013-06-05,56.9,57.16,56.45,56.48,120500,54.91
2013-06-06,56.58,57.09,56.2,56.46,98100,54.89
2013-06-07,56.27,56.96,56.05,56.26,187400,54.69
2013-06-10,55.9,55.99,54.47,54.53,181600,53.01
2013-06-11,54.34,54.53,53.77,53.89,308800,52.39
2013-06-12,54.35,54.8,53.55,53.72,229100,52.23
2013-06-13,53.83,55.77,53.7,55.66,303100,54.11
2013-06-14,55.69,55.88,55.2,55.34,253100,53.8
2013-06-17,55.47,56,55.26,55.35,252500,53.81
2013-06-18,54.94,55.41,54.62,54.78,167800,53.26
2013-06-19,54.71,54.84,53.38,53.42,183700,51.93
2013-06-20,52.55,52.95,49.8,50.15,723800,48.75
2013-06-21,50.83,51.33,50.25,51.13,442700,49.71
2013-06-24,50.5,50.63,49.34,50.39,297100,48.99
2013-06-25,51.38,52.39,50.9,52.01,564100,50.56
2013-06-26,52.61,53.48,52.2,53.34,471200,51.86
2013-06-27,52.94,53.71,52.82,53.55,240900,52.68
2013-06-28,52.66,54.09,52.54,53.79,592000,52.91
2013-07-01,54.46,54.46,53.1,53.16,130800,52.29
2013-07-02,53.36,53.38,51.8,52.03,274000,51.18
2013-07-03,52,52.06,51.32,51.86,257400,51.02
2013-07-05,52.39,52.39,50.51,50.68,183300,49.85
2013-07-08,50.94,51.54,50.68,50.75,189400,49.92
2013-07-09,51,51.04,50.26,50.62,150300,49.8
2013-07-10,50.47,50.91,49.79,49.79,189800,48.98
2013-07-11,50.85,50.95,50.24,50.48,235500,49.66
2013-07-12,50.09,50.31,49.68,49.98,485300,49.17
2013-07-15,50.3,51.48,50.3,51.21,338900,50.38
2013-07-16,51.45,51.73,51.15,51.47,134700,50.63
2013-07-17,52.02,52.84,51.95,52.73,252500,51.87
2013-07-18,52.4,53.45,52.4,53.04,221600,52.18
2013-07-19,52.54,52.65,51.59,51.63,176300,50.79
2013-07-22,51.92,52.11,51.66,51.7,54700,50.86
2013-07-23,52.09,52.09,51.65,51.99,117700,51.14
2013-07-24,51.68,51.88,51.34,51.39,204600,50.55
2013-07-25,51.22,51.64,51.22,51.57,127300,50.73
2013-07-26,51.55,51.55,50.61,50.81,73200,49.98
2013-07-29,50.24,50.65,50.06,50.2,103500,49.38
2013-07-30,49.94,49.97,48.8,48.85,138500,48.05
2013-07-31,48.57,49.22,48.3,48.63,176800,47.84
2013-08-01,48.81,49.91,48.42,49.87,366700,49.06
2013-08-02,50.01,50.59,49.85,50.22,180700,49.4
2013-08-05,50.17,50.3,49.25,49.39,87500,48.59
2013-08-06,49.39,49.58,48.39,48.42,120800,47.63
2013-08-07,48.11,48.38,47.73,47.76,192500,46.98
2013-08-08,48.19,49.74,47.99,49.67,215000,48.86
2013-08-09,49.18,50.53,49.18,50.41,183800,49.59
2013-08-12,50.42,50.83,50.42,50.65,103500,49.83
2013-08-13,50.65,50.65,49.78,49.9,97100,49.09
2013-08-14,50.19,50.41,49.68,49.79,97000,48.98
2013-08-15,49.41,49.55,49.1,49.41,78100,48.61
2013-08-16,49.25,49.9,48.68,48.7,41400,47.91
2013-08-19,48.5,48.54,47.58,47.68,311200,46.9
2013-08-20,47.58,48.19,47.58,47.8,293400,47.02
2013-08-21,47.34,47.75,46.67,46.7,291300,45.94
2013-08-22,47.16,47.61,47.11,47.18,105900,46.41
2013-08-23,47.48,48.03,47.36,47.99,64700,47.21
2013-08-26,47.69,48.42,47.34,47.45,146000,46.68
2013-08-27,46.71,47.36,46.03,46.06,238400,45.31
2013-08-28,46.02,46.52,45.84,45.94,177000,45.19
2013-08-29,45.92,46.81,45.92,46.54,117900,45.78
2013-08-30,46.48,47.43,46.4,47.34,176000,46.57
2013-09-03,47.65,48,47.15,47.24,232300,46.47
2013-09-04,47.35,47.8,47.26,47.8,285800,47.02
2013-09-05,47.8,49.33,47.25,49.12,519000,48.32
2013-09-06,49.5,50.77,49.48,50.68,1052000,49.85
2013-09-09,51.08,52.18,50.79,51.96,1099600,51.11
2013-09-10,52.16,52.92,51.47,51.74,916400,50.9
2013-09-11,51.7,51.98,51.25,51.51,1823000,50.67
2013-09-12,51.8,51.91,50.43,50.46,263600,49.64
2013-09-13,50.3,50.57,49.78,49.94,198200,49.13
2013-09-16,50.49,50.87,50.31,50.75,166900,49.92
2013-09-17,50.64,50.84,50.39,50.69,223000,49.86
2013-09-18,51.04,53.8,50.44,53.38,377700,52.51
2013-09-19,53.54,54.5,53.16,53.63,465500,52.76
2013-09-20,53.5,53.5,52.4,52.41,188200,51.56
2013-09-23,51.66,53.72,51.53,53.4,306600,52.53
2013-09-24,53.5,53.5,52.24,52.36,227900,51.51
2013-09-25,52,52.73,51.5,51.69,302800,50.85
2013-09-26,52.02,52.42,51.83,52.04,176500,51.19
2013-09-27,51.43,52.01,51.11,51.27,196100,50.44
2013-09-30,50.47,50.99,49.94,50.17,385000,49.35
2013-10-01,50.47,51.02,50.28,51,236400,50.17
2013-10-02,50.74,51.41,50.36,51.39,238800,50.55
2013-10-03,51.09,51.72,50.89,51.3,138500,50.46
2013-10-04,51.25,51.87,51.25,51.75,148900,50.91
2013-10-07,51.2,51.5,51.02,51.08,86800,50.25
2013-10-08,51.08,51.48,50.43,50.51,158500,49.69
2013-10-09,50.54,51.05,50.03,50.21,442300,49.39
2013-10-10,50.6,51.99,50.6,51.97,343200,51.12
2013-10-11,51.43,51.74,51.08,51.26,705500,50.43
2013-10-14,51.1,51.79,50.9,51.77,247200,50.93
2013-10-15,51.31,51.76,51.28,51.4,162000,50.56
2013-10-16,51.53,52.04,51.5,51.7,169300,50.86
2013-10-17,51.88,52.07,51.29,51.68,195500,50.84
2013-10-18,52,52.37,51.37,51.52,179800,50.68
2013-10-21,51.21,51.54,51.21,51.49,64600,50.65
2013-10-22,51.89,52.66,51.65,52.37,726600,51.52
2013-10-23,51.94,52.3,51.64,51.66,1004300,50.82
2013-10-24,51.98,52.1,51.43,51.73,425900,50.89
2013-10-25,51.19,51.63,51.19,51.63,245400,50.79
2013-10-28,51.25,51.39,51.09,51.22,67300,50.39
2013-10-29,51,51.31,50.53,50.77,98600,49.94
2013-10-30,50.84,51.27,50.68,51.07,137200,50.24
2013-10-31,50.69,51.05,50.01,50.03,173100,49.22
2013-11-01,50.02,50.47,49.61,50.02,97000,49.21
2013-11-04,50.04,51.1,50.04,51.04,610700,50.21
2013-11-05,51,51.1,50.1,50.14,343300,49.32
2013-11-06,50.49,50.76,50.1,50.15,128100,49.33
2013-11-07,50.09,50.37,49.48,49.54,177100,48.73
2013-11-08,49.23,49.42,48.27,48.58,419000,47.79
2013-11-11,48.29,48.79,47.8,47.91,190300,47.13
2013-11-12,47.92,48.39,47.83,47.94,214600,47.16
2013-11-13,47.4,48,47,47.89,332200,47.11
2013-11-14,47.91,48.61,47.51,48.6,370700,47.81
2013-11-15,48.74,49.15,48.2,48.98,275600,48.18
2013-11-18,49.2,49.77,49.15,49.5,426100,48.69
2013-11-19,49.7,49.7,48.53,48.57,131900,47.78
2013-11-20,48.29,48.56,47.85,48,209600,47.22
2013-11-21,47.52,47.95,47.26,47.29,140500,46.52
2013-11-22,47.16,47.78,47.16,47.51,229400,46.74
2013-11-25,47.73,47.93,46.97,47.01,148900,46.24
2013-11-26,46.84,47.1,46.5,46.91,287800,46.15
2013-11-27,46.92,47.25,46.71,46.96,110800,46.2
2013-11-29,46.88,47.58,46.88,47.49,186000,46.72
2013-12-02,47.88,47.88,46.19,46.28,807200,45.53
2013-12-03,46.28,46.34,45.94,46.07,364600,45.32
2013-12-04,46.07,46.23,45.75,46.09,197200,45.34
2013-12-05,46.49,46.68,46.13,46.49,191500,45.73
2013-12-06,46.82,47.15,46.56,46.75,239400,45.99
2013-12-09,46.6,47,46.34,46.41,113800,45.65
2013-12-10,46.39,46.46,46,46.24,77000,45.49
2013-12-11,46.03,46.24,45.65,45.67,86100,44.93
2013-12-12,45.24,45.71,45.24,45.59,213300,44.85
2013-12-13,45.7,45.99,45.59,45.84,60800,45.09
2013-12-16,45.88,46.81,45.7,46.68,407500,45.92
2013-12-17,46.75,46.97,46.3,46.35,77700,45.6
2013-12-18,46.25,46.89,45.61,46.71,301400,45.98
2013-12-19,46.28,46.6,45.81,46.11,168900,45.38
2013-12-20,46.45,46.45,45.7,45.7,347500,44.98
2013-12-23,46.45,46.62,46,46.5,119700,45.77
2013-12-24,46.04,46.47,45.96,46.16,57800,45.43
2013-12-26,46.05,46.35,46.05,46.17,375600,45.44
2013-12-27,46.35,46.9,46.33,46.9,168900,46.19
2013-12-30,46.91,47.15,46.83,47,144700,46.29
2013-12-31,46.8,47.71,46.8,47.51,91000,46.79
2014-01-02,47,47.24,45.91,46.07,252400,45.37
2014-01-03,46.34,46.67,46.01,46.16,124800,45.46
2014-01-06,46.07,46.6,45.89,45.89,61000,45.19
2014-01-07,46.3,46.3,45.88,45.88,48500,45.18
2014-01-08,45.74,46.05,45.62,45.7,98000,45.01
2014-01-09,45.7,45.84,45.1,45.47,303900,44.78
2014-01-10,45.2,45.87,45.01,45.53,247400,44.84
2014-01-13,45.51,45.93,45.13,45.27,236400,44.58
2014-01-14,45.2,45.43,45.03,45.21,279000,44.52
2014-01-15,45.15,45.92,45.15,45.88,704700,45.18
2014-01-16,45.38,45.65,45.29,45.5,133100,44.81
2014-01-17,45.28,45.71,45.2,45.55,140800,44.86
2014-01-21,45.51,45.51,44.49,44.6,461100,43.92
2014-01-22,44.65,45.28,44.5,45.25,100900,44.56
2014-01-23,44.99,44.99,44,44.17,175000,43.5
2014-01-24,43.65,43.74,42.35,42.46,835000,41.81
2014-01-27,42.7,43.01,42,42.02,347200,41.38
2014-01-28,42.02,42.38,41.89,41.89,330700,41.25
2014-01-29,41.5,41.51,40.41,40.55,650200,39.93
2014-01-30,41.4,41.5,40.75,40.84,428300,40.22
2014-01-31,40.42,40.8,40,40.63,659500,40.01
2014-02-03,40.63,40.68,39.62,39.76,277300,39.16
2014-02-04,40.15,40.74,40.01,40.5,228400,39.88
2014-02-05,40.85,40.85,40.12,40.37,127600,39.76
2014-02-06,40.73,41.44,40.73,41.37,229200,40.74
2014-02-07,41.45,42.08,41.45,41.54,217900,40.91
2014-02-10,41.88,41.88,41.18,41.38,219500,40.75
2014-02-11,41.73,42.54,41.55,42.4,151100,41.76
2014-02-12,42.87,43.23,42.44,43.07,262900,42.42
2014-02-13,42.46,43.58,42.46,43.53,152400,42.87
2014-02-14,44,44.36,43.49,44.32,174400,43.65
2014-02-18,44.31,44.4,43.75,43.91,174300,43.24
2014-02-19,43.3,43.59,42.52,42.97,147600,42.32
2014-02-20,43.08,43.41,42.65,43.2,181400,42.54
2014-02-21,42.84,43.58,42.84,43.24,107200,42.58
2014-02-24,43.42,43.57,43.2,43.46,84600,42.8
2014-02-25,43.39,43.39,42.92,42.97,154900,42.32
2014-02-26,42.92,43.48,42.84,43.27,58700,42.61
2014-02-27,43.28,43.73,43.09,43.71,81300,43.05
2014-02-28,43.93,44.01,43.64,43.79,156500,43.12
2014-03-03,42.93,43.5,42.85,42.95,117900,42.3
2014-03-04,43.43,44.28,43.43,43.71,140700,43.05
2014-03-05,43.96,44.07,43.45,43.84,392600,43.17
2014-03-06,44.27,44.75,44.11,44.5,214600,43.82
2014-03-07,44.39,44.57,43.24,43.37,179000,42.71
2014-03-10,43.04,43.13,42.12,42.4,647500,41.76
2014-03-11,42.15,42.7,41.6,41.81,833300,41.17
2014-03-12,41.21,42.09,41.14,41.77,120100,41.14
2014-03-13,42.15,42.26,41.43,41.72,329200,41.09
2014-03-14,41.64,42.13,41.51,41.83,95800,41.19
2014-03-17,41.8,42.25,41.69,42.17,120500,41.53
2014-03-18,42.25,43.1,42.17,42.94,225500,42.29
2014-03-19,42.99,42.99,42.15,42.47,250800,41.82
2014-03-20,41.98,42.96,41.98,42.9,86800,42.25
2014-03-21,43.38,43.8,43.12,43.12,455000,42.46
2014-03-24,43.21,43.44,42.83,43.44,145000,42.78
2014-03-25,43.74,44.3,43.74,44.24,229600,43.57
2014-03-26,44.67,44.91,44.3,44.65,240400,43.97
2014-03-27,44.56,45.37,44.07,45.25,210800,44.56
2014-03-28,45.49,45.96,45.42,45.7,565500,45.01
2014-03-31,45.51,45.98,45.43,45.55,192700,44.86
2014-04-01,45.42,46.05,45.42,45.92,151100,45.22
2014-04-02,45.6,46.03,45.26,45.96,90000,45.26
2014-04-03,45.9,46.05,44.95,45.26,276000,44.57
2014-04-04,45.33,46.15,45.15,45.21,335200,44.52
2014-04-07,45.31,45.65,45.06,45.57,112900,44.88
2014-04-08,45.9,46.83,45.61,46.66,262200,45.95
2014-04-09,46.55,46.94,46.09,46.88,360700,46.17
2014-04-10,47,47.21,46.69,46.86,345600,46.15
2014-04-11,46.19,46.67,45.92,46.6,151600,45.89
2014-04-14,47,47.05,46.57,46.84,97000,46.13
2014-04-15,46.67,46.67,45.65,46.1,292500,45.4
2014-04-16,46.52,46.96,46.31,46.84,161800,46.13
2014-04-17,46.53,46.83,46.31,46.72,48500,46.01
2014-04-21,46.96,46.96,46.24,46.35,283700,45.65
2014-04-22,46.17,46.21,45.69,45.92,142500,45.22
2014-04-23,45.93,45.93,45.26,45.55,327800,44.86
2014-04-24,45.7,46.35,45.65,45.92,64700,45.22
2014-04-25,46,46,45.3,45.43,456500,44.74
2014-04-28,45.35,45.51,45.1,45.39,180900,44.7
2014-04-29,45.46,45.96,45.03,45.69,192600,45
2014-04-30,45.23,46.18,45.07,46.03,129000,45.33
2014-05-01,46,46.61,46,46.42,133000,45.71
2014-05-02,46.42,46.78,46.09,46.5,109600,45.79
2014-05-05,46.55,46.55,45.81,46.05,230700,45.35
2014-05-06,46,46,45.53,45.69,219900,45
2014-05-07,45.7,46.16,45.49,46.14,123200,45.44
2014-05-08,46.51,47.15,46.17,46.65,127600,45.94
2014-05-09,46.85,46.85,46.4,46.55,56800,45.84
2014-05-12,46.98,47.2,46.82,47.2,91100,46.48
2014-05-13,47.21,47.84,47.14,47.84,205500,47.11
2014-05-14,47.8,47.85,47.39,47.55,221000,46.83
2014-05-15,47.25,47.42,46.84,47.18,73500,46.46
2014-05-16,47.44,47.7,47.16,47.4,176600,46.68
2014-05-19,47.51,47.83,47.27,47.27,208900,46.55
2014-05-20,47.07,47.51,46.15,46.3,135900,45.6
2014-05-21,46.4,46.86,46.4,46.7,142600,45.99
2014-05-22,46.61,47.19,46.61,46.94,106100,46.23
2014-05-23,46.79,47.21,46.79,47.01,138800,46.3
2014-05-27,47,47.32,46.51,46.6,119300,45.89
2014-05-28,46.6,47.22,46.52,47.17,130800,46.45
2014-05-29,47.2,47.63,47.2,47.45,99300,46.73
2014-05-30,47.2,47.49,46.77,46.87,245500,46.16
2014-06-02,47.24,47.24,46.53,46.73,176900,46.02
2014-06-03,47.06,47.43,46.67,47.07,171500,46.35
2014-06-04,46.77,47,46.57,46.96,133700,46.25
2014-06-05,47.1,47.33,46.93,47.06,164600,46.34
2014-06-06,47.49,47.59,47.15,47.29,406400,46.57
2014-06-09,47.55,47.63,46.94,47,138600,46.29
2014-06-10,46.95,47,46.58,46.97,151900,46.26
2014-06-11,46.79,46.8,46.27,46.46,193700,45.75
2014-06-12,46.63,46.74,46.07,46.21,192600,45.51
2014-06-13,46.1,46.23,45.64,45.81,95000,45.11
2014-06-16,45.69,45.75,45.47,45.58,85000,44.89
2014-06-17,45.44,45.44,44.89,45.07,186000,44.39
2014-06-18,45.07,45.92,44.96,45.88,444600,45.18
2014-06-19,45.76,46.17,45.61,46.17,322200,45.47
2014-06-20,45.95,46.06,45.59,46,142900,45.3
2014-06-23,46.02,46.3,45.84,46.18,74700,45.48
2014-06-24,46.12,46.82,46.12,46.44,219000,45.73
2014-06-25,46.01,46.01,45.77,45.88,87100,45.81
2014-06-26,46.06,46.06,45.51,45.86,133500,45.79
2014-06-27,45.75,45.77,45.47,45.56,159600,45.49
2014-06-30,45.48,45.56,45.23,45.37,131600,45.3
2014-07-01,45.47,45.79,45.37,45.54,135600,45.47
2014-07-02,45.55,45.78,45.2,45.74,248800,45.67
2014-07-03,45.59,46.13,45.37,46.08,65200,46.01
2014-07-07,45.99,46,45.52,45.75,140200,45.68
2014-07-08,45.98,45.98,45.5,45.87,224800,45.8
2014-07-09,45.85,46.78,45.66,46.68,528400,46.61
2014-07-10,46.08,46.68,45.9,46.59,218800,46.52
2014-07-11,46.39,46.76,46.25,46.67,597800,46.6
2014-07-14,46.75,46.95,46.51,46.62,378000,46.55
2014-07-15,46.7,46.8,46.24,46.42,83100,46.35
2014-07-16,46.45,46.74,46.12,46.44,157100,46.37
2014-07-17,45.78,46.09,45.26,45.39,198500,45.32
2014-07-18,45.41,45.6,45.1,45.2,153900,45.13
2014-07-21,45.04,45.58,44.95,45.47,322800,45.4
2014-07-22,45.83,45.99,45.28,45.43,296700,45.36
2014-07-23,45.31,45.57,45.17,45.19,302800,45.12
2014-07-24,45.45,45.53,45.23,45.5,179900,45.43
2014-07-25,45.16,45.5,45.13,45.28,53900,45.21
2014-07-28,45.29,45.39,45,45.25,68600,45.18
2014-07-29,45.3,45.3,44.81,44.88,104700,44.81
2014-07-30,44.77,44.82,44.02,44.05,394900,43.98
2014-07-31,43.8,44,42.91,43.5,299500,43.43
2014-08-01,43.48,44.11,43.45,43.86,124900,43.79
2014-08-04,44.14,44.54,43.91,44.51,177600,44.44
2014-08-05,44,44.39,43.62,43.84,231900,43.77
2014-08-06,43.65,43.99,43.62,43.74,180800,43.67
2014-08-07,44.06,44.06,43.6,43.65,178400,43.58
2014-08-08,43.9,43.9,43.41,43.49,376600,43.42
2014-08-11,43.8,44.09,43.61,44.05,414000,43.98
2014-08-12,44.01,44.34,43.8,44.02,243000,43.95
2014-08-13,44.3,44.34,43.92,44.26,197300,44.19
2014-08-14,44.31,44.41,43.88,44.02,359100,43.95
2014-08-15,44.37,44.56,43.78,44.03,139600,43.96
2014-08-18,44.16,44.41,43.94,44.01,129500,43.94
2014-08-19,44.02,44.11,43.55,43.73,139500,43.66
2014-08-20,43.62,43.83,43.41,43.71,213200,43.64
2014-08-21,43.78,44.02,43.74,43.78,179300,43.71
2014-08-22,43.83,43.83,43.26,43.38,396700,43.31
2014-08-25,43.49,43.51,43.23,43.31,269400,43.25
2014-08-26,43.41,43.44,43.2,43.3,146500,43.24
2014-08-27,43.45,43.48,43,43.31,100200,43.25
2014-08-28,43.01,43.03,42.65,42.82,343200,42.76
2014-08-29,42.83,43.55,42.8,43.36,1312200,43.29
2014-09-02,43.44,44.18,43.19,44,549800,43.93
2014-09-03,44.3,44.64,44.12,44.5,254100,44.43
2014-09-04,44.61,44.78,44.14,44.21,218300,44.14
2014-09-05,44.45,44.74,44.32,44.53,144900,44.46
2014-09-08,44.67,44.68,44.22,44.32,187700,44.25
2014-09-09,43.91,44.19,43.86,44.09,128900,44.02
2014-09-10,43.84,44.31,43.82,44.17,119200,44.1
2014-09-11,43.99,44.12,43.63,43.66,208500,43.59
2014-09-12,43.73,43.73,43.02,43.16,382600,43.1
2014-09-15,43,43.39,42.59,42.8,456200,42.74
2014-09-16,42.8,43.55,42.64,43.23,369700,43.17
2014-09-17,43.26,43.42,43.06,43.09,148000,43.03
2014-09-18,43.25,43.31,43.06,43.07,139700,43.01
2014-09-19,43.31,43.6,42.61,42.74,167800,42.68
2014-09-22,42.97,43.17,42.6,42.7,79600,42.64
2014-09-23,42.54,42.68,42.23,42.41,207800,42.35
2014-09-24,42.49,42.97,42.27,42.91,511300,42.85
2014-09-25,42.79,42.85,42.59,42.73,140900,42.67
2014-09-26,42.75,42.91,42.6,42.79,287900,42.73
2014-09-29,42.41,42.43,41.88,42.32,431600,42.26
2014-09-30,42.2,42.68,42.2,42.64,594700,42.58
2014-10-01,42.55,42.56,41.95,42.09,598700,42.03
2014-10-02,42.25,42.29,41.43,41.9,513300,41.84
2014-10-03,41.86,42.52,41.74,42.41,203700,42.35
2014-10-06,42.71,42.9,42.52,42.7,734500,42.64
2014-10-07,42.79,43.12,42.4,42.41,344900,42.35
2014-10-08,42.58,42.83,42.27,42.71,401600,42.65
2014-10-09,42.7,42.7,41.79,42.07,397900,42.01
2014-10-10,41.82,41.96,41.07,41.21,338600,41.15
2014-10-13,41.8,42.24,41.75,41.79,377100,41.73
2014-10-14,42.01,42.18,41.68,41.79,282900,41.73
2014-10-15,41.6,41.81,40.8,41.36,385200,41.3
2014-10-16,40.64,41.21,40.51,40.89,181100,40.83
2014-10-17,41.39,41.71,40.81,41.02,136600,40.96
2014-10-20,40.88,41.17,40.82,41.08,116600,41.02
2014-10-21,41.49,41.92,41.4,41.76,181100,41.7
2014-10-22,41.77,41.85,41.41,41.45,222600,41.39
2014-10-23,41.63,41.91,41.45,41.56,143400,41.5
2014-10-24,41.58,41.96,41.58,41.96,206500,41.9
2014-10-27,41.51,41.64,41.27,41.45,78900,41.39
2014-10-28,41.77,42.1,41.72,42.09,313800,42.03
2014-10-29,42.22,42.23,41.83,41.85,675800,41.79
2014-10-30,42.18,42.53,42.18,42.37,203200,42.31
2014-10-31,42.24,42.71,42.21,42.64,336300,42.58
2014-11-03,42.4,42.7,42.12,42.54,219700,42.48
2014-11-04,42.6,42.6,42.16,42.32,337100,42.26
2014-11-05,42.27,42.47,42.04,42.09,245400,42.03
2014-11-06,42.05,42.23,41.75,41.77,97100,41.71
2014-11-07,42.01,42.35,42,42.14,399100,42.08
2014-11-10,42.26,42.39,42.03,42.15,368300,42.09
2014-11-11,41.87,42.03,41.76,41.85,309200,41.79
2014-11-12,41.84,42.1,41.72,41.95,326200,41.89
2014-11-13,41.87,42.17,41.81,42.1,160300,42.04
2014-11-14,41.87,42.08,41.84,42.06,144600,42
2014-11-17,41.95,42.15,41.9,42.02,171600,41.96
2014-11-18,41.99,42.14,41.8,42.05,75900,41.99
2014-11-19,42.21,42.41,42.12,42.32,110700,42.26
2014-11-20,42.29,42.41,42.02,42.3,90000,42.24
2014-11-21,42.98,43.31,42.9,43.23,394000,43.17
2014-11-24,43.14,43.28,42.65,42.84,194100,42.78
2014-11-25,42.6,42.72,42.31,42.43,193900,42.37
2014-11-26,42.48,42.52,42.22,42.29,679800,42.23
2014-11-28,41.92,42.3,41.63,41.66,330000,41.6
2014-12-01,41.45,41.67,41.02,41.09,725300,41.03
2014-12-02,41.17,41.41,41,41.02,273300,40.96
2014-12-03,41.2,41.32,41.06,41.09,320600,41.03
2014-12-04,41.08,41.18,40.96,41.11,301400,41.05
2014-12-05,41.05,41.34,40.98,41.18,213000,41.12
2014-12-08,41.13,41.13,40.63,40.8,156400,40.74
2014-12-09,40.52,40.52,40.19,40.24,810700,40.18
2014-12-10,40.19,40.28,39.56,39.69,389600,39.63
2014-12-11,39.8,39.81,39.16,39.34,163800,39.28
2014-12-12,39.34,39.64,38.83,38.92,121500,38.86
2014-12-15,39.07,39.2,38.15,38.38,385800,38.32
2014-12-16,37.81,38.43,37.62,37.98,328800,37.92
2014-12-17,38.04,39.54,38.04,39.13,437900,39.13
2014-12-18,39.94,40,39.34,39.63,208800,39.63
2014-12-19,39.49,39.78,39.2,39.34,646300,39.34
2014-12-22,39.52,39.72,39.29,39.34,87600,39.34
2014-12-23,39.52,39.94,39.37,39.41,146800,39.41
2014-12-24,39.52,39.63,39.38,39.6,28100,39.6
2014-12-26,39.72,39.98,39.5,39.66,127300,39.66
2014-12-29,39.76,40.38,39.7,40.05,165300,40.05
2014-12-30,40.08,40.33,39.82,39.87,450600,39.87
2014-12-31,39.98,39.98,39.81,39.89,73500,39.89
2015-01-02,39.82,39.89,39.28,39.41,257000,39.41
2015-01-05,39.15,39.33,38.68,38.7,355800,38.7
2015-01-06,38.75,39.01,38.53,38.59,262300,38.59
2015-01-07,38.87,39.03,38.75,38.78,373700,38.78
2015-01-08,39.1,39.2,38.92,39.04,139900,39.04
2015-01-09,38.95,39.09,38.8,38.84,78000,38.84
2015-01-12,38.74,38.84,38.64,38.81,281200,38.81
2015-01-13,38.87,38.94,38.41,38.5,712500,38.5
2015-01-14,37.94,38.17,37.62,37.94,520800,37.94
2015-01-15,38.17,38.17,37.48,37.52,316200,37.52
2015-01-16,37.56,37.72,37.45,37.65,174600,37.65
2015-01-20,37.76,37.93,37.64,37.81,169000,37.81
2015-01-21,37.81,38.65,37.75,38.57,303100,38.57
2015-01-22,38.93,39.77,38.8,39.6,370300,39.6
2015-01-23,39.61,39.69,38.98,39.17,150100,39.17
