"Index","EGPT.Open","EGPT.High","EGPT.Low","EGPT.Close","EGPT.Volume","EGPT.Adjusted"
2010-02-18,20.54,20.54,20.51,20.51,1600,68.87
2010-02-19,20.49,20.49,20.01,20.46,23700,68.7
2010-02-22,20.3,20.3,20.01,20.08,1600,67.42
2010-02-23,19.95,20,19.56,19.66,2000,66.01
2010-02-24,19.84,19.88,19.71,19.75,1200,66.32
2010-02-25,20.02,20.14,19.88,20.12,500,67.56
2010-02-26,20.08,20.32,20.08,20.32,300,68.23
2010-03-01,20.06,20.16,20.04,20.16,1100,67.69
2010-03-02,20.17,20.17,19.99,20.01,1100,67.19
2010-03-03,20.26,20.56,20.26,20.44,2400,68.63
2010-03-04,20.41,20.41,20.41,20.41,100,68.53
2010-03-05,20.44,20.74,19.99,20.74,1800,69.64
2010-03-08,20.44,20.44,20.3,20.3,900,68.16
2010-03-09,20.08,20.2,20,20.16,2300,67.69
2010-03-10,20.26,20.42,20.23,20.42,800,68.57
2010-03-11,20.1,20.35,20.1,20.28,500,68.1
2010-03-12,20.55,20.55,20.22,20.37,1200,68.4
2010-03-15,19.26,19.34,18.73,19.04,6800,63.93
2010-03-16,19.38,19.4,19.2,19.39,1000,65.11
2010-03-17,19.36,19.6,19.36,19.56,1400,65.68
2010-03-18,19.58,19.59,19.47,19.53,300,65.58
2010-03-19,19.47,19.56,19.4,19.47,600,65.38
2010-03-22,19.24,19.48,19.24,19.48,800,65.41
2010-03-23,19.81,19.96,19.77,19.96,600,67.02
2010-03-24,19.91,19.91,19.91,19.91,0,66.85
2010-03-25,19.99,20.06,19.98,19.98,800,67.09
2010-03-26,20.02,20.02,19.88,19.92,300,66.89
2010-03-29,20.15,20.29,20.15,20.29,200,68.13
2010-03-30,20.1,20.3,20.1,20.3,1200,68.16
2010-03-31,20.16,20.41,20.16,20.19,500,67.79
2010-04-01,20.59,20.62,20.47,20.62,1000,69.24
2010-04-05,20.75,20.75,20.61,20.73,2000,69.61
2010-04-06,21.08,21.21,21.01,21.01,1000,70.55
2010-04-07,21.43,21.43,21.11,21.15,600,71.02
2010-04-08,21.35,21.69,21.29,21.5,5000,72.19
2010-04-09,21.59,21.7,21.55,21.67,6500,72.76
2010-04-12,21.96,21.97,21.82,21.84,700,73.33
2010-04-13,21.81,21.87,21.6,21.84,900,73.33
2010-04-14,22.42,22.42,22,22.16,3300,74.41
2010-04-15,22.14,22.14,21.82,21.95,600,73.7
2010-04-16,21.85,21.86,21.53,21.53,2100,72.29
2010-04-19,21.43,21.44,20.93,21.44,600,71.99
2010-04-20,21.75,21.75,21.67,21.67,100,72.76
2010-04-21,21.71,21.76,21.71,21.76,0,73.07
2010-04-22,21.28,21.77,21.28,21.44,1500,71.99
2010-04-23,21.43,21.8,21.43,21.8,13100,73.2
2010-04-26,21.94,22.14,21.92,22.14,300,74.34
2010-04-27,22.04,22.15,21.6,21.7,600,72.86
2010-04-28,21.64,21.86,21.44,21.74,1400,73
2010-04-29,21.58,21.7,21.4,21.68,800,72.8
2010-04-30,21.71,21.71,21.42,21.46,1500,72.06
2010-05-03,21.5,21.5,21.02,21.41,1200,71.89
2010-05-04,21.2,21.2,20.84,20.89,1000,70.14
2010-05-05,20.73,20.78,20.28,20.78,400,69.77
2010-05-06,20.51,21.08,19.91,21.08,1500,70.78
2010-05-07,20.44,20.63,19.9,20.18,3700,67.76
2010-05-10,20.11,20.45,20.09,20.09,1000,67.46
2010-05-11,20.48,20.48,19.67,20.18,200,67.76
2010-05-12,20.15,20.15,19.96,20.1,1600,67.49
2010-05-13,20.1,20.1,19.63,19.63,500,65.91
2010-05-14,19.91,19.91,19.29,19.29,1800,64.77
2010-05-17,18.94,19.07,18.77,19,1100,63.8
2010-05-18,19.48,19.55,18.85,19.18,600,64.4
2010-05-19,18.66,18.66,18.16,18.39,1800,61.75
2010-05-20,18.22,18.22,18.03,18.03,0,60.54
2010-05-21,17.98,18.24,17.66,18.11,500,60.81
2010-05-24,18.18,18.18,17.91,17.94,300,60.24
2010-05-25,17.12,17.13,16.65,17.04,2000,57.22
2010-05-26,17.32,17.76,17.32,17.33,600,58.19
2010-05-27,18,18,17.86,17.88,600,60.04
2010-05-28,17.95,18,17.78,18,100,60.44
2010-06-01,18.19,18.19,17.93,17.93,400,60.2
2010-06-02,17.97,17.97,17.97,17.97,0,60.34
2010-06-03,18.4,18.48,18.16,18.16,600,60.98
2010-06-04,18,18.43,17.65,17.65,700,59.26
2010-06-07,17.7,17.7,17.7,17.7,200,59.43
2010-06-08,18.11,18.11,17.77,17.97,1900,60.34
2010-06-09,17.95,17.95,17.95,17.95,0,60.27
2010-06-10,17.97,18.12,17.9,18.12,200,60.84
2010-06-11,18.22,18.24,18.22,18.24,1000,61.25
2010-06-14,18.37,18.37,18.3,18.3,100,61.45
2010-06-15,18.37,18.37,18.37,18.37,0,61.68
2010-06-16,18.29,18.31,18.29,18.31,1000,61.48
2010-06-17,18.72,18.72,18.06,18.1,500,60.78
2010-06-18,18.1,18.1,18.1,18.1,0,60.78
2010-06-21,18.1,18.1,18.1,18.1,0,60.78
2010-06-22,18.04,18.04,18.04,18.04,0,60.57
2010-06-23,18.04,18.04,18.04,18.04,0,60.57
2010-06-24,18.04,18.04,18.04,18.04,0,60.57
2010-06-25,18.04,18.04,18.04,18.04,0,60.57
2010-06-28,17.85,17.85,17.85,17.85,100,59.94
2010-06-29,17.65,17.65,17.65,17.65,0,59.26
2010-06-30,16.83,17.54,16.83,17.54,100,58.9
2010-07-01,16.8,16.8,16.8,16.8,0,56.41
2010-07-02,17.31,17.45,17.31,17.45,0,58.59
2010-07-06,17.45,17.45,17.45,17.45,0,58.59
2010-07-07,16.77,16.94,16.77,16.94,200,56.88
2010-07-08,17.12,17.12,17.12,17.12,100,57.49
2010-07-09,17.12,17.12,17.12,17.12,0,57.49
2010-07-12,17.12,17.12,17.12,17.12,0,57.49
2010-07-13,17.45,17.45,17.45,17.45,0,58.59
2010-07-14,17.45,17.45,17.45,17.45,0,58.59
2010-07-15,17.5,17.5,17.13,17.48,100,58.69
2010-07-16,17.48,17.48,17.48,17.48,0,58.69
2010-07-19,16.88,16.88,16.88,16.88,0,56.68
2010-07-20,17.27,17.28,17.27,17.28,700,58.02
2010-07-21,17,17.13,17,17,400,57.08
2010-07-22,17,17,17,17,500,57.08
2010-07-23,17.02,17.02,17,17,200,57.08
2010-07-26,17.72,17.74,17.19,17.64,500,59.23
2010-07-27,17.85,17.85,17.51,17.51,0,58.79
2010-07-28,17.48,17.48,17.48,17.48,100,58.69
2010-07-29,17.69,17.69,17.69,17.69,0,59.4
2010-07-30,17.88,17.88,17.88,17.88,100,60.04
2010-08-02,18.18,18.18,17.88,18.05,100,60.61
2010-08-03,18.25,18.25,18,18,0,60.44
2010-08-04,18,18,18,18,500,60.44
2010-08-05,17.9,17.9,17.9,17.9,0,60.1
2010-08-06,18.23,18.23,18.23,18.23,0,61.21
2010-08-09,18.77,18.77,18.35,18.36,300,61.65
2010-08-10,18.36,18.51,18.36,18.51,500,62.15
2010-08-11,18.18,18.18,18.18,18.18,0,61.04
2010-08-12,18.21,18.21,18.21,18.21,0,61.15
2010-08-13,18.16,18.17,18.16,18.17,28100,61.01
2010-08-16,18.13,18.13,18.13,18.13,0,60.88
2010-08-17,18.14,18.51,18.14,18.49,300,62.09
2010-08-18,18.3,18.3,18.3,18.3,300,61.45
2010-08-19,18.32,18.32,17.73,17.75,300,59.6
2010-08-20,17.75,17.75,17.75,17.75,0,59.6
2010-08-23,17.75,17.75,17.75,17.75,0,59.6
2010-08-24,18.01,18.42,18.01,18.25,0,61.28
2010-08-25,18.24,18.24,17.84,17.84,0,59.9
2010-08-26,17.84,17.84,17.84,17.84,0,59.9
2010-08-27,18.3,18.3,18.3,18.3,0,61.45
2010-08-30,18.1,18.15,18.1,18.15,2400,60.94
2010-08-31,18.2,18.2,18.2,18.2,0,61.11
2010-09-01,18.2,18.2,18.2,18.2,0,61.11
2010-09-02,18.2,18.2,18.2,18.2,0,61.11
2010-09-03,18.39,18.4,18.33,18.4,700,61.78
2010-09-07,18.65,18.65,17.95,18.32,100,61.51
2010-09-08,18.32,18.32,18.32,18.32,0,61.51
2010-09-09,18.3,18.3,18.3,18.3,0,61.45
2010-09-10,18.7,18.7,18.51,18.7,1400,62.79
2010-09-13,18.74,18.75,18.7,18.71,1600,62.82
2010-09-14,18.7,18.71,18.39,18.39,3400,61.75
2010-09-15,18.39,18.69,18.25,18.25,400,61.28
2010-09-16,18.69,18.69,18.45,18.49,900,62.09
2010-09-17,18.86,18.91,18.58,18.69,700,62.76
2010-09-20,19.23,19.23,18.77,19.19,400,64.44
2010-09-21,19.27,19.33,18.79,19.33,600,64.91
2010-09-22,19.44,19.48,19.03,19.14,1000,64.27
2010-09-23,19.5,19.5,19.45,19.5,200,65.48
2010-09-24,19.54,19.74,19.5,19.71,1400,66.18
2010-09-27,19.44,19.44,18.85,19.3,800,64.81
2010-09-28,19.36,19.36,18.78,19.29,600,64.77
2010-09-29,18.97,19.42,18.81,19.11,1100,64.17
2010-09-30,19.22,19.22,19,19.04,200,63.93
2010-10-01,19.22,19.22,19.05,19.11,200,64.17
2010-10-04,19.24,19.54,19.13,19.43,1200,65.24
2010-10-05,19.62,19.67,19.56,19.6,500,65.81
2010-10-06,19.86,19.86,19.56,19.59,500,65.78
2010-10-07,19.6,19.6,19.38,19.47,500,65.38
2010-10-08,19.73,19.73,19.39,19.39,100,65.11
2010-10-11,19.3,19.3,19.03,19.03,1400,63.9
2010-10-12,19.35,19.51,19.35,19.45,800,65.31
2010-10-13,19.91,19.92,19.6,19.78,900,66.42
2010-10-14,19.66,19.67,19.53,19.53,1000,65.58
2010-10-15,19.82,19.82,19.35,19.6,1200,65.81
2010-10-18,19.82,19.82,19.5,19.68,800,66.08
2010-10-19,19.66,19.66,19.03,19.2,1700,64.47
2010-10-20,19.3,19.33,19.25,19.25,100,64.64
2010-10-21,19.33,19.35,19.07,19.07,300,64.03
2010-10-22,19.51,19.51,19.19,19.19,1100,64.44
2010-10-25,19.64,19.64,19,19,1900,63.8
2010-10-26,19.45,19.45,19.11,19.28,1700,64.74
2010-10-27,18.99,19.03,18.8,18.8,100,63.13
2010-10-28,19.32,19.32,18.64,18.68,200,62.72
2010-10-29,18.8,19.21,18.8,18.91,1100,63.5
2010-11-01,18.5,19.04,18.5,18.84,2200,63.26
2010-11-02,18.67,19.19,18.67,19.12,3200,64.2
2010-11-03,19.02,19.12,18.92,18.92,400,63.53
2010-11-04,19.28,19.56,19.28,19.45,600,65.31
2010-11-05,19.73,19.8,19.49,19.8,7900,66.48
2010-11-08,19.9,20.1,19.81,19.95,26300,66.99
2010-11-09,19.97,19.98,19.65,19.72,4800,66.22
2010-11-10,19.96,19.96,19.5,19.8,600,66.48
2010-11-11,19.6,19.82,19.6,19.65,400,65.98
2010-11-12,19.77,19.77,19.3,19.38,6800,65.07
2010-11-15,19.46,20.08,19.46,19.8,3200,66.48
2010-11-16,19.78,19.78,19.35,19.66,2100,66.01
2010-11-17,19.68,19.69,19.27,19.6,2700,65.81
2010-11-18,19.81,20.23,19.81,20.19,1000,67.79
2010-11-19,20.2,20.25,20.17,20.25,400,68
2010-11-22,20.39,20.45,19.96,20.42,5500,68.57
2010-11-23,20.13,20.13,19.8,19.95,900,66.99
2010-11-24,19.67,20.14,19.67,20.13,1300,67.59
2010-11-26,19.91,19.93,19.66,19.93,1500,66.92
2010-11-29,19.83,19.87,19.49,19.87,700,66.72
2010-11-30,19.49,19.57,19.27,19.27,1300,64.7
2010-12-01,19.27,19.69,19.27,19.69,1700,66.11
2010-12-02,19.59,19.69,19.44,19.69,5300,66.11
2010-12-03,19.68,19.7,19.52,19.65,1400,65.98
2010-12-06,19.65,19.71,19.3,19.54,1100,65.61
2010-12-07,19.84,19.84,19.45,19.45,300,65.31
2010-12-08,19.83,19.83,19.73,19.78,0,66.42
2010-12-09,19.8,19.8,19.7,19.7,100,66.15
2010-12-10,19.95,19.95,19.82,19.86,300,66.69
2010-12-13,20.02,20.02,19.62,19.94,500,66.95
2010-12-14,20.08,20.08,19.41,20,800,67.16
2010-12-15,19.9,19.9,19.51,19.85,300,66.65
2010-12-16,19.37,19.77,19.37,19.51,1000,65.51
2010-12-17,19.69,19.83,19.69,19.81,9700,66.52
2010-12-20,19.76,19.8,19.6,19.75,8400,66.32
2010-12-21,19.58,19.91,19.58,19.77,1100,66.38
2010-12-22,19.82,19.85,19.7,19.7,1100,66.15
2010-12-23,19.91,19.91,19.91,19.91,300,67.39
2010-12-27,19.97,19.99,19.7,19.7,400,66.68
2010-12-28,20.1,20.1,19.84,19.84,800,67.15
2010-12-29,20.06,20.18,19.98,20.12,900,68.1
2010-12-30,20.23,20.27,19.77,20.23,2700,68.47
2010-12-31,20.17,20.19,20.04,20.19,400,68.34
2011-01-03,20.23,20.32,20,20.31,2100,68.74
2011-01-04,20.53,20.53,20.16,20.45,1500,69.22
2011-01-05,20.45,20.63,20.36,20.63,7900,69.83
2011-01-06,20.5,20.5,20.22,20.47,5200,69.29
2011-01-07,20.47,20.47,20.08,20.42,9700,69.12
2011-01-10,20.52,20.52,20.3,20.45,10300,69.22
2011-01-11,20.5,20.5,20.25,20.35,2700,68.88
2011-01-12,20.4,20.45,20.35,20.35,3800,68.88
2011-01-13,20.1,20.4,20.1,20.4,7900,69.05
2011-01-14,20.4,20.42,20.28,20.42,12400,69.12
2011-01-18,19.8,19.8,18.75,18.75,22000,63.46
2011-01-19,19,19,18.73,18.73,5300,63.4
2011-01-20,18.8,18.95,18.74,18.82,7400,63.7
2011-01-21,18.97,19.05,18.69,18.8,11000,63.63
2011-01-24,18.84,18.84,18.7,18.8,5600,63.63
2011-01-25,18.8,18.8,18.32,18.75,13000,63.46
2011-01-26,17.7,17.7,17.2,17.49,30200,59.2
2011-01-27,15.96,16.79,15.9,16.79,177400,56.83
2011-01-28,16.48,16.67,15.9,16.22,298600,54.9
2011-01-31,16.54,17.5,16.5,17.5,204700,59.23
2011-02-01,17.6,19.14,17.6,18.52,272000,62.69
2011-02-02,18.33,18.48,17.45,17.84,204800,60.38
2011-02-03,17.64,18.2,17.58,17.9,52300,60.59
2011-02-04,18.38,18.38,17.76,17.85,83600,60.42
2011-02-07,18.7,18.81,18.02,18.15,68600,61.43
2011-02-08,18.34,18.65,17.75,18.05,42700,61.09
2011-02-09,18,18,17.6,17.72,59800,59.98
2011-02-10,17.55,18.8,17.46,17.8,246100,60.25
2011-02-11,17.71,19.25,17.71,18.6,394600,62.96
2011-02-14,19.39,19.78,18.71,19.31,156300,65.36
2011-02-15,19.28,19.3,18.82,18.9,66300,63.97
2011-02-16,18.86,19.22,18.74,19.06,58600,64.51
2011-02-17,18.74,19,18.74,18.99,49000,64.28
2011-02-18,19.07,19.19,18.66,18.73,38000,63.4
2011-02-22,18.35,19.11,18.35,18.84,51200,63.77
2011-02-23,19.03,19.05,18.59,18.7,54500,63.29
2011-02-24,18.95,18.95,18.15,18.34,24100,62.08
2011-02-25,19.03,19.03,18.21,18.34,20400,62.08
2011-02-28,18.28,18.28,17.19,17.39,84500,58.86
2011-03-01,17.69,17.97,17.46,17.57,45600,59.47
2011-03-02,17.55,17.55,17.08,17.15,13700,58.05
2011-03-03,17.17,18.02,17.17,17.95,28200,60.76
2011-03-04,17.81,17.99,17.45,17.57,29600,59.47
2011-03-07,17.8,17.8,17.38,17.64,17200,59.71
2011-03-08,17.73,18.86,17.7,18.79,37000,63.6
2011-03-09,18.6,19.21,18.13,19.21,31800,65.02
2011-03-10,18.52,18.6,18.2,18.43,23600,62.38
2011-03-11,18.1,18.4,18,18.21,2600,61.64
2011-03-14,17.96,18.5,17.35,17.64,24000,59.71
2011-03-15,17.2,18.04,17.06,17.9,16600,60.59
2011-03-16,17.5,18,17.3,17.38,9400,58.83
2011-03-17,17.36,17.73,17.36,17.69,4600,59.88
2011-03-18,17.9,17.99,17.51,17.95,6400,60.76
2011-03-21,18.04,18.1,17.4,17.65,34100,59.74
2011-03-22,17.2,17.3,16.41,16.65,98000,56.36
2011-03-23,15.8,15.8,15.1,15.3,246900,51.79
2011-03-24,15.69,15.94,15.5,15.86,180500,53.68
2011-03-25,15.93,15.93,15.4,15.45,82200,52.29
2011-03-28,16.08,16.08,15.86,15.9,80700,53.82
2011-03-29,16.38,16.38,16.26,16.29,52200,55.14
2011-03-30,16.25,16.34,16.02,16.18,25100,54.77
2011-03-31,16.15,16.19,15.95,16.16,29200,54.7
2011-04-01,16.2,16.33,16.15,16.3,106300,55.17
2011-04-04,16.3,16.35,16.1,16.25,56900,55
2011-04-05,16.34,16.35,16.15,16.18,21000,54.77
2011-04-06,16.18,16.25,16.11,16.2,13000,54.83
2011-04-07,16.02,16.11,16,16.1,26100,54.49
2011-04-08,16.07,16.2,16.03,16.15,8000,54.66
2011-04-11,15.8,15.92,15.68,15.87,46600,53.72
2011-04-12,15.75,15.75,15.37,15.4,41300,52.13
2011-04-13,15.65,15.83,15.6,15.64,9700,52.94
2011-04-14,15.82,15.82,15.6,15.71,5500,53.17
2011-04-15,15.67,15.71,15.39,15.39,23500,52.09
2011-04-18,14.67,14.9,14.52,14.67,59200,49.65
2011-04-19,15.11,15.14,14.77,14.97,26400,50.67
2011-04-20,15.01,15.01,14.81,14.88,20200,50.37
2011-04-21,14.84,14.84,14.78,14.82,6700,50.16
2011-04-25,14.85,14.85,14.68,14.68,4800,49.69
2011-04-26,14.77,14.84,14.74,14.78,15600,50.03
2011-04-27,14.76,14.82,14.68,14.8,40400,50.09
2011-04-28,14.85,15,14.82,15,8300,50.77
2011-04-29,14.87,14.95,14.78,14.85,8700,50.26
2011-05-02,14.99,15,14.8,14.8,6700,50.09
2011-05-03,14.81,14.88,14.75,14.78,5700,50.03
2011-05-04,14.78,14.8,14.51,14.55,15200,49.25
2011-05-05,14.58,14.58,14.3,14.4,20900,48.74
2011-05-06,14.43,14.54,14.3,14.36,8100,48.61
2011-05-09,14.4,14.52,14.31,14.52,17200,49.15
2011-05-10,14.5,14.62,14.47,14.57,5400,49.32
2011-05-11,14.66,14.66,14.5,14.55,32200,49.25
2011-05-12,14.56,14.73,14.46,14.7,7000,49.76
2011-05-13,14.7,14.75,14.51,14.69,16600,49.72
2011-05-16,14.8,14.94,14.74,14.8,9500,50.09
2011-05-17,14.85,14.96,14.85,14.93,9000,50.53
2011-05-18,15.1,15.28,15.04,15.19,13400,51.41
2011-05-19,15.3,15.41,15.21,15.3,35400,51.79
2011-05-20,15.35,15.35,15.07,15.13,12000,51.21
2011-05-23,15.03,15.24,15.03,15.1,16800,51.11
2011-05-24,15.21,15.21,15.02,15.05,5800,50.94
2011-05-25,15.23,15.46,15.23,15.4,10500,52.13
2011-05-26,15.44,15.54,15.4,15.54,6400,52.6
2011-05-27,15.63,15.63,15.43,15.51,11800,52.5
2011-05-31,15.79,15.93,15.74,15.92,22100,53.89
2011-06-01,15.9,15.91,15.63,15.65,8400,52.97
2011-06-02,15.56,15.67,15.41,15.67,7000,53.04
2011-06-03,15.53,15.55,15.4,15.45,6900,52.29
2011-06-06,15.49,15.63,15.47,15.5,15400,52.46
2011-06-07,15.75,15.8,15.51,15.63,30400,52.9
2011-06-08,15.67,15.82,15.65,15.7,9600,53.14
2011-06-09,15.89,15.89,15.75,15.82,4000,53.55
2011-06-10,15.89,15.89,15.62,15.62,3800,52.87
2011-06-13,15.86,15.89,15.74,15.79,5700,53.45
2011-06-14,15.91,16.47,15.9,16.21,157000,54.87
2011-06-15,16.08,16.19,15.94,16.02,36900,54.22
2011-06-16,16.04,16.25,16.04,16.13,33000,54.6
2011-06-17,16.38,16.4,16.08,16.15,10400,54.66
2011-06-20,15.96,16.13,15.95,16.04,19700,54.29
2011-06-21,16.07,16.14,15.81,16.07,13300,54.39
2011-06-22,15.97,15.97,15.7,15.76,5100,53.34
2011-06-23,15.58,15.87,15.56,15.86,8300,53.68
2011-06-24,15.83,15.84,15.62,15.64,5100,52.94
2011-06-27,15.51,15.69,15.47,15.65,8300,52.97
2011-06-28,15.69,15.69,15.58,15.58,6400,52.73
2011-06-29,15.29,15.3,15.09,15.22,20300,51.52
2011-06-30,15.43,15.43,15.31,15.39,5600,52.09
2011-07-01,15.64,15.69,15.43,15.59,6100,52.77
2011-07-05,15.51,15.66,15.45,15.48,13200,52.4
2011-07-06,15.3,15.3,15.11,15.22,7900,51.52
2011-07-07,15.43,15.48,15.19,15.23,23400,51.55
2011-07-08,15.2,15.21,15.09,15.15,3500,51.28
2011-07-11,14.75,14.75,14.5,14.6,13100,49.42
2011-07-12,14.38,14.38,14,14,181700,47.39
2011-07-13,14.5,14.68,14.47,14.63,59200,49.52
2011-07-14,14.8,14.8,14.59,14.73,7300,49.86
2011-07-15,14.74,14.76,14.64,14.73,6600,49.86
2011-07-18,14.77,14.85,14.7,14.84,8400,50.23
2011-07-19,14.74,14.89,14.74,14.88,4900,50.37
2011-07-20,14.77,14.77,14.7,14.73,5900,49.86
2011-07-21,14.7,14.91,14.64,14.86,10100,50.3
2011-07-22,14.67,14.9,14.67,14.82,1100,50.16
2011-07-25,14.69,14.73,14.63,14.63,2300,49.52
2011-07-26,14.58,14.62,14.5,14.53,7800,49.18
2011-07-27,14.49,14.53,14.21,14.23,7300,48.17
2011-07-28,14.38,14.52,14.23,14.26,6700,48.27
2011-07-29,14.2,14.32,14.16,14.24,16800,48.2
2011-08-01,14.44,14.44,14.23,14.44,31000,48.88
2011-08-02,14.12,14.17,13.83,13.85,13500,46.88
2011-08-03,13.85,13.98,13.81,13.9,7100,47.05
2011-08-04,13.96,14.06,13.7,13.71,54400,46.4
2011-08-05,13.78,13.78,13.22,13.54,19200,45.83
2011-08-08,12.96,13.01,12.35,12.35,54900,41.8
2011-08-09,12.55,12.93,12.4,12.75,19400,43.16
2011-08-10,12.8,12.85,12.45,12.49,35500,42.28
2011-08-11,12.75,13.12,12.47,13.06,21700,44.2
2011-08-12,13.22,13.27,12.99,13.11,7600,44.37
2011-08-15,13.01,13.09,12.85,12.98,9600,43.93
2011-08-16,12.9,12.96,12.81,12.82,1200,43.39
2011-08-17,13.04,13.22,12.99,13.07,2900,44.24
2011-08-18,12.83,12.95,12.7,12.85,5800,43.49
2011-08-19,12.71,12.98,12.71,12.76,7300,43.19
2011-08-22,12.96,12.98,12.65,12.65,5700,42.82
2011-08-23,12.84,13.15,12.68,13.14,28100,44.48
2011-08-24,13.1,13.17,12.96,13.16,1700,44.54
2011-08-25,13.11,13.11,12.78,12.82,2200,43.39
2011-08-26,12.76,13.05,12.7,12.94,2800,43.8
2011-08-29,13.06,13.27,13.05,13.27,10800,44.92
2011-08-30,13.17,13.3,13.14,13.21,4600,44.71
2011-08-31,13.25,13.3,13.11,13.17,1700,44.58
2011-09-01,13.21,13.21,13.07,13.1,2000,44.34
2011-09-02,12.92,13.05,12.75,12.75,14000,43.16
2011-09-06,12.85,13.15,12.75,13.14,9200,44.48
2011-09-07,13.19,13.28,13.05,13.24,5600,44.81
2011-09-08,13.22,13.25,13.15,13.18,1500,44.61
2011-09-09,13.04,13.11,12.77,12.79,10200,43.29
2011-09-12,12.59,12.75,12.5,12.73,27500,43.09
2011-09-13,12.72,12.72,12.58,12.64,4100,42.78
2011-09-14,12.52,12.54,12.33,12.54,21700,42.44
2011-09-15,12.17,12.38,12.11,12.27,14700,41.53
2011-09-16,12.27,12.41,12.27,12.41,2200,42
2011-09-19,12.24,12.38,12.16,12.28,9700,41.56
2011-09-20,12.27,12.37,12.26,12.27,2200,41.53
2011-09-21,12.3,12.3,11.83,11.83,17800,40.04
2011-09-22,11.78,11.88,11.52,11.63,12000,39.36
2011-09-23,11.63,11.79,11.62,11.68,1200,39.53
2011-09-26,11.78,12.02,11.5,12.02,9500,40.68
2011-09-27,11.86,11.86,11.6,11.66,14100,39.47
2011-09-28,11.52,11.56,11.28,11.3,17600,38.25
2011-09-29,11.47,11.5,11.32,11.37,8100,38.48
2011-09-30,11.32,11.32,11.05,11.05,12500,37.4
2011-10-03,11.07,11.27,10.89,10.89,11600,36.86
2011-10-04,10.74,11.15,10.74,11.15,5000,37.74
2011-10-05,11,11,10.75,10.96,6100,37.1
2011-10-06,10.98,11.07,10.93,11.05,4500,37.4
2011-10-07,11.18,11.18,11.02,11.07,15600,37.47
2011-10-10,11.07,11.23,11.02,11.23,16700,38.01
2011-10-11,11.2,11.37,11.2,11.31,2900,38.28
2011-10-12,11.37,11.55,11.34,11.54,15600,39.06
2011-10-13,11.45,11.65,11.45,11.46,14100,38.79
2011-10-14,11.64,11.69,11.56,11.6,8400,39.26
2011-10-17,11.64,11.65,11.51,11.53,2800,39.03
2011-10-18,11.62,11.81,11.62,11.8,1600,39.94
2011-10-19,11.77,11.77,11.63,11.66,2000,39.47
2011-10-20,11.71,11.71,11.64,11.71,400,39.64
2011-10-21,11.78,11.92,11.75,11.77,1400,39.84
2011-10-24,11.94,11.97,11.9,11.93,1900,40.38
2011-10-25,11.91,11.91,11.75,11.77,2800,39.84
2011-10-26,11.76,11.93,11.76,11.83,1000,40.04
2011-10-27,12.18,12.4,11.96,12.4,14700,41.97
2011-10-28,12.25,12.39,12.08,12.23,10700,41.4
2011-10-31,12.23,12.23,12.05,12.05,5200,40.79
2011-11-01,11.84,11.98,11.77,11.92,7400,40.35
2011-11-02,11.93,11.99,11.81,11.93,16400,40.38
2011-11-03,12.04,12.07,11.94,12.05,1900,40.79
2011-11-04,11.96,12.06,11.95,11.99,3700,40.58
2011-11-07,11.99,12.08,11.94,12.02,3400,40.68
2011-11-08,12.12,12.15,12.02,12.15,5700,41.12
2011-11-09,11.9,12,11.84,11.92,16600,40.35
2011-11-10,11.95,11.95,11.76,11.76,15600,39.8
2011-11-11,11.82,11.94,11.8,11.85,9600,40.11
2011-11-14,11.33,11.35,11.22,11.28,8500,38.18
2011-11-15,11.28,11.38,11.28,11.35,1400,38.42
2011-11-16,11.27,11.38,11.27,11.28,1200,38.18
2011-11-17,11.2,11.24,11.08,11.1,2200,37.57
2011-11-18,11.16,11.16,11.06,11.06,3800,37.44
2011-11-21,10.48,10.48,10.27,10.34,13200,35
2011-11-22,9.96,9.96,9.75,9.83,44100,33.27
2011-11-23,9.86,9.97,9.86,9.91,10600,33.54
2011-11-25,10,10.1,9.99,10.03,5900,33.95
2011-11-28,10.18,10.31,10.14,10.22,11500,34.59
2011-11-29,10.57,10.87,10.57,10.87,22500,36.79
2011-11-30,11.18,11.2,11.08,11.13,5700,37.67
2011-12-01,11.09,11.22,11.03,11.11,4100,37.6
2011-12-02,11.06,11.19,10.97,10.98,16000,37.16
2011-12-05,11,11,10.76,10.79,19600,36.52
2011-12-06,10.85,10.9,10.82,10.86,4300,36.76
2011-12-07,10.79,10.95,10.79,10.93,8400,37
2011-12-08,10.91,10.91,10.71,10.73,2500,36.32
2011-12-09,10.72,10.82,10.72,10.78,2000,36.49
2011-12-12,10.63,10.63,10.46,10.49,9800,35.51
2011-12-13,10.59,10.59,10.36,10.36,5400,35.07
2011-12-14,10.46,10.46,10.32,10.32,25900,34.93
2011-12-15,10.45,10.45,10.33,10.37,8800,35.1
2011-12-16,10.47,10.54,10.43,10.54,21600,35.68
2011-12-19,10.35,10.37,10.17,10.22,46500,34.59
2011-12-20,10.17,10.18,10.08,10.08,4800,34.12
2011-12-21,10.06,10.06,9.9,9.99,6300,33.81
2011-12-22,9.95,9.95,9.83,9.83,12300,33.27
2011-12-23,9.61,9.69,9.55,9.59,5500,33.45
2011-12-27,9.59,9.59,9.5,9.5,8600,33.14
2011-12-28,9.38,9.38,9.24,9.24,20200,32.23
2011-12-29,9.41,9.48,9.39,9.47,19100,33.03
2011-12-30,9.45,9.6,9.42,9.46,8100,33
2012-01-03,9.61,9.73,9.61,9.66,9300,33.69
2012-01-04,9.6,9.6,9.51,9.58,4600,33.42
2012-01-05,9.52,9.53,9.45,9.48,9500,33.07
2012-01-06,9.48,9.5,9.48,9.5,1900,33.14
2012-01-09,9.54,9.64,9.54,9.62,2600,33.55
2012-01-10,9.83,9.95,9.83,9.94,4400,34.67
2012-01-11,10.03,10.16,10.01,10.12,9900,35.3
2012-01-12,10.09,10.2,10.09,10.2,2200,35.58
2012-01-13,10.16,10.17,10.05,10.11,2000,35.26
2012-01-17,10.25,10.45,10.25,10.35,5900,36.1
2012-01-18,10.42,10.6,10.39,10.58,7600,36.9
2012-01-19,10.46,10.52,10.43,10.49,5600,36.59
2012-01-20,10.45,10.5,10.34,10.5,13000,36.62
2012-01-23,10.39,10.5,10.35,10.4,3200,36.28
2012-01-24,10.67,11.28,10.54,11.26,33000,39.27
2012-01-25,11.18,11.28,11,11.24,8400,39.21
2012-01-26,11.56,11.81,11.56,11.66,26700,40.67
2012-01-27,11.61,11.86,11.61,11.79,4800,41.12
2012-01-30,11.69,11.89,11.68,11.79,11000,41.12
2012-01-31,12,12.29,12,12.25,8100,42.73
2012-02-01,12.29,12.48,12.27,12.29,46100,42.87
2012-02-02,12.14,12.14,11.99,12.14,18300,42.34
2012-02-03,12.2,12.27,12.14,12.22,1900,42.62
2012-02-06,12.09,12.09,11.77,11.96,12000,41.72
2012-02-07,11.93,12.1,11.93,12.08,2400,42.14
2012-02-08,12.18,12.37,12.18,12.21,18400,42.59
2012-02-09,12.31,12.31,12.18,12.2,9300,42.55
2012-02-10,12.09,12.1,12,12.02,12500,41.93
2012-02-13,12.92,12.99,12.8,12.96,31200,45.2
2012-02-14,12.96,13.07,12.96,13,5600,45.34
2012-02-15,13.1,13.11,12.86,12.89,14400,44.96
2012-02-16,12.91,13.03,12.8,13.03,11900,45.45
2012-02-17,13.09,13.09,12.98,13.04,6200,45.48
2012-02-21,13.1,13.11,13.04,13.11,3900,45.73
2012-02-22,13.12,13.12,12.94,13.02,1600,45.41
2012-02-23,13.3,13.45,13.29,13.44,10600,46.88
2012-02-24,13.45,13.5,13.38,13.45,10600,46.91
2012-02-27,13.49,13.73,13.43,13.72,16900,47.86
2012-02-28,13.74,13.88,13.68,13.87,16800,48.38
2012-02-29,13.88,14.11,13.88,14.06,9500,49.04
2012-03-01,14.1,14.27,14.07,14.23,21000,49.63
2012-03-02,14.27,14.41,14.12,14.22,5300,49.6
2012-03-05,14.22,14.41,14.21,14.29,5300,49.84
2012-03-06,14.19,14.2,14.03,14.07,16400,49.08
2012-03-07,14.15,14.15,14.02,14.15,5900,49.36
2012-03-08,14.11,14.11,13.85,13.99,7600,48.8
2012-03-09,13.95,13.95,13.85,13.88,6400,48.41
2012-03-12,13.74,13.74,13.33,13.33,19200,46.5
2012-03-13,13.06,13.06,12.77,13,30000,45.34
2012-03-14,13.14,13.36,13.14,13.17,15800,45.94
2012-03-15,13.16,13.33,13.16,13.27,4300,46.29
2012-03-16,13.38,13.41,13.29,13.31,5200,46.43
2012-03-19,13.11,13.11,12.68,12.94,12500,45.13
2012-03-20,13.06,13.22,12.98,13.19,7500,46.01
2012-03-21,13.17,13.34,13.17,13.34,7700,46.53
2012-03-22,13.22,13.22,13.04,13.15,4500,45.87
2012-03-23,13.11,13.28,13.11,13.28,5500,46.32
2012-03-26,12.92,12.92,12.75,12.79,15600,44.61
2012-03-27,12.71,12.79,12.71,12.73,3600,44.4
2012-03-28,12.91,13.12,12.83,12.94,3900,45.13
2012-03-29,12.63,12.72,12.56,12.67,7700,44.19
2012-03-30,12.8,12.8,12.66,12.67,6400,44.19
2012-04-02,12.64,12.64,12.43,12.51,7700,43.64
2012-04-03,12.52,12.54,12.41,12.46,10800,43.46
2012-04-04,12.38,12.38,12.2,12.28,7700,42.83
2012-04-05,12.24,12.44,12.21,12.28,3300,42.83
2012-04-09,12.08,12.08,11.83,11.84,11800,41.3
2012-04-10,11.77,11.77,11.51,11.51,10800,40.15
2012-04-11,11.81,12.05,11.81,11.94,77600,41.65
2012-04-12,12.09,12.33,12.06,12.2,18300,42.55
2012-04-13,12.2,12.31,12.01,12.01,11700,41.89
2012-04-16,12.1,12.14,11.96,12.14,1500,42.34
2012-04-17,12.03,12.09,11.9,12.07,6100,42.1
2012-04-18,11.98,12.09,11.94,12,3000,41.86
2012-04-19,12.09,12.2,11.95,12.07,5600,42.1
2012-04-20,12.2,12.21,12.13,12.14,8200,42.34
2012-04-23,12.51,12.69,12.5,12.64,7600,44.09
2012-04-24,12.7,12.71,12.59,12.59,2400,43.91
2012-04-25,12.65,12.82,12.65,12.77,13500,44.54
2012-04-26,12.77,13.03,12.77,13.03,7000,45.45
2012-04-27,12.92,12.99,12.9,12.96,1400,45.2
2012-04-30,12.83,12.92,12.78,12.92,12200,45.07
2012-05-01,12.94,13.05,12.88,13.01,3000,45.38
2012-05-02,12.84,12.84,12.7,12.74,1700,44.44
2012-05-03,12.88,12.88,12.66,12.71,1200,44.33
2012-05-04,12.69,12.69,12.45,12.48,10400,43.53
2012-05-07,12.71,12.85,12.71,12.8,6200,44.65
2012-05-08,12.94,12.94,12.71,12.81,3600,44.68
2012-05-09,12.82,12.9,12.74,12.8,1900,44.65
2012-05-10,12.71,12.76,12.68,12.7,2400,44.3
2012-05-11,12.71,12.84,12.7,12.75,1100,44.47
2012-05-14,12.78,12.81,12.72,12.74,2800,44.44
2012-05-15,12.71,12.71,12.47,12.54,3200,43.74
2012-05-16,12.48,12.57,12.21,12.21,8000,42.59
2012-05-17,12.21,12.21,11.79,11.95,14700,41.68
2012-05-18,12.04,12.05,11.91,11.94,7100,41.65
2012-05-21,12.13,12.31,12.12,12.29,9200,42.87
2012-05-22,12.28,12.36,12.24,12.24,300,42.69
2012-05-23,12.35,12.58,12.3,12.48,1200,43.53
2012-05-24,12.53,12.64,12.42,12.47,3800,43.5
2012-05-25,12.36,12.52,12.36,12.46,7700,43.46
2012-05-29,12.12,12.12,11.91,12.03,1800,41.96
2012-05-30,11.9,11.91,11.66,11.66,17500,40.67
2012-05-31,11.84,11.96,11.72,11.92,8000,41.58
2012-06-01,11.7,12.01,11.62,11.68,3000,40.74
2012-06-04,11.78,11.78,11.5,11.5,8700,40.11
2012-06-05,11.47,11.49,11.36,11.39,2100,39.73
2012-06-06,11.44,11.61,11.44,11.61,2200,40.5
2012-06-07,11.67,11.67,11.49,11.49,400,40.08
2012-06-08,11.32,11.45,11.32,11.37,18900,39.66
2012-06-11,11.49,11.49,10.99,11.01,18400,38.4
2012-06-12,11.33,11.52,11.32,11.52,3100,40.18
2012-06-13,11.4,11.44,11.3,11.41,2200,39.8
2012-06-14,11.4,11.52,11.2,11.27,18800,39.31
2012-06-15,11.17,11.17,10.78,10.86,9700,37.88
2012-06-18,10.9,11.09,10.8,10.88,7600,37.95
2012-06-19,10.8,10.83,10.66,10.77,6700,37.57
2012-06-20,10.85,10.95,10.74,10.78,7400,37.6
2012-06-21,10.7,10.72,10.4,10.4,12000,36.28
2012-06-22,10.4,10.5,10.35,10.45,6400,36.45
2012-06-25,11.49,11.76,11.49,11.73,13700,40.91
2012-06-26,12.03,12.03,11.93,12,3000,41.86
2012-06-27,12.01,12.11,12.01,12.1,3800,42.2
2012-06-28,12.08,12.29,11.95,12.29,3900,42.87
2012-06-29,12.39,12.57,12.34,12.57,7500,43.84
2012-07-02,12.68,13.02,12.65,13,14200,45.34
2012-07-03,12.96,13.13,12.91,13.1,9400,45.69
2012-07-05,13.02,13.48,12.94,13.26,75200,46.25
2012-07-06,13.23,13.42,13.13,13.35,20200,46.56
2012-07-09,12.61,12.61,12.14,12.43,11100,43.36
2012-07-10,12.65,12.65,12.31,12.35,8000,43.08
2012-07-11,12.49,12.71,12.49,12.54,6300,43.74
2012-07-12,12.63,12.63,12.28,12.49,13000,43.57
2012-07-13,11.09,12.65,11.09,12.44,24500,43.39
2012-07-16,12.32,12.49,12.13,12.24,10700,42.69
2012-07-17,12.48,12.5,12.29,12.47,4500,43.5
2012-07-18,12.49,12.52,12.34,12.52,3600,43.67
2012-07-19,12.6,12.64,12.55,12.57,1400,43.84
2012-07-20,12.47,12.51,12.46,12.51,1900,43.64
2012-07-23,12.4,12.5,12.38,12.5,1100,43.6
2012-07-24,12.29,12.3,12.21,12.3,1000,42.9
2012-07-25,12.31,12.31,12.17,12.25,3500,42.73
2012-07-26,12.3,12.3,12.25,12.29,1600,42.87
2012-07-27,12.3,12.61,11.99,12.55,8200,43.77
2012-07-30,12.36,12.47,12.36,12.37,1600,43.15
2012-07-31,12.5,12.5,12.38,12.46,1500,43.46
2012-08-01,12.43,12.56,12.32,12.37,3600,43.15
2012-08-02,12.5,12.54,12.4,12.51,5100,43.64
2012-08-03,12.62,12.77,12.61,12.69,6500,44.26
2012-08-06,12.76,12.99,12.76,12.94,5000,45.13
2012-08-07,12.94,12.98,12.72,12.88,8400,44.93
2012-08-08,12.67,13,12.67,12.98,20500,45.27
2012-08-09,12.84,13.08,12.82,13.05,12100,45.52
2012-08-10,12.9,13.22,12.7,13.22,35800,46.11
2012-08-13,13.22,13.52,13.06,13.4,58600,46.74
2012-08-14,13.47,13.5,13.28,13.37,21700,46.63
2012-08-15,13.45,13.49,13.35,13.46,6500,46.95
2012-08-16,13.51,13.63,13.5,13.59,6000,47.4
2012-08-17,13.53,13.66,13.52,13.56,3300,47.3
2012-08-20,13.39,13.64,13.39,13.59,3400,47.4
2012-08-21,13.63,13.73,13.47,13.65,19400,47.61
2012-08-22,13.7,13.7,13.37,13.49,26200,47.05
2012-08-23,13.63,13.68,13.59,13.62,5200,47.51
2012-08-24,13.56,13.78,13.56,13.72,4700,47.86
2012-08-27,13.85,13.98,13.85,13.88,2300,48.41
2012-08-28,13.85,14.1,13.85,14.05,16700,49.01
2012-08-29,14.06,14.06,13.84,13.91,7500,48.52
2012-08-30,14,14.08,13.98,14.04,5400,48.97
2012-08-31,14.18,14.47,14.1,14.36,49000,50.09
2012-09-04,14.5,14.89,14.47,14.57,51600,50.82
2012-09-05,14.66,14.66,14.48,14.57,10400,50.82
2012-09-06,14.63,14.82,14.63,14.82,25100,51.69
2012-09-07,14.92,15.02,14.84,15.01,12700,52.36
2012-09-10,15.03,15.37,14.97,14.97,22200,52.22
2012-09-11,15.19,15.52,15.19,15.46,36700,53.92
2012-09-12,15.19,15.34,15.08,15.19,24200,52.98
2012-09-13,15.43,15.49,15.15,15.39,29600,53.68
2012-09-14,15.03,15.43,15.03,15.16,59700,52.88
2012-09-17,15.29,15.54,15.28,15.45,41000,53.89
2012-09-18,15.21,15.79,15.21,15.78,95200,55.04
2012-09-19,15.91,15.91,15.45,15.73,16800,54.87
2012-09-20,15.5,15.9,15.3,15.86,62200,55.32
2012-09-21,15.84,15.93,15.67,15.77,7400,55.01
2012-09-24,15.66,15.77,15.55,15.7,30400,54.76
2012-09-25,15.77,15.99,15.76,15.81,25100,55.15
2012-09-26,15.88,15.88,15.65,15.71,9600,54.8
2012-09-27,15.66,15.8,15.58,15.75,13900,54.94
2012-09-28,15.8,15.8,15.55,15.59,7100,54.38
2012-10-01,14.97,15.14,14.5,14.83,38800,51.73
2012-10-02,14.62,15.01,14.62,14.91,26500,52.01
2012-10-03,15,15.16,15,15.06,15100,52.53
2012-10-04,15.17,15.45,15.17,15.35,32600,53.54
2012-10-05,15.5,15.55,15.25,15.27,21800,53.26
2012-10-08,14.88,14.88,14.54,14.84,16700,51.76
2012-10-09,15.1,15.13,14.82,14.84,13900,51.76
2012-10-10,15.11,15.34,15.11,15.15,10000,52.84
2012-10-11,15.22,15.31,15.18,15.18,3500,52.95
2012-10-12,15.43,15.43,15.11,15.21,4600,53.05
2012-10-15,15.17,15.24,15.09,15.2,12400,53.02
2012-10-16,15.34,15.4,15.28,15.35,1100,53.54
2012-10-17,15.33,15.53,15.33,15.53,3600,54.17
2012-10-18,15.5,15.55,15.36,15.4,1900,53.72
2012-10-19,15.47,15.47,15.21,15.21,3400,53.05
2012-10-22,15.3,15.3,14.95,15.17,10700,52.91
2012-10-23,15.11,15.27,15.03,15.1,17200,52.67
2012-10-24,15.24,15.37,15.24,15.28,6000,53.3
2012-10-25,15.25,15.38,15.2,15.25,6000,53.19
2012-10-26,15.38,15.43,15.08,15.24,11200,53.16
2012-10-31,14.87,14.9,14.17,14.34,35400,50.02
2012-11-01,14.5,14.76,14.34,14.38,23300,50.16
2012-11-02,14.57,14.72,14.44,14.56,6700,50.79
2012-11-05,14.67,14.76,14.3,14.65,9900,51.1
2012-11-06,14.78,14.78,14.6,14.73,3500,51.38
2012-11-07,14.76,14.79,14.5,14.63,2400,51.03
2012-11-08,14.52,14.86,14.52,14.59,1900,50.89
2012-11-09,14.53,14.67,14.44,14.5,22400,50.58
2012-11-12,14.5,14.71,14.5,14.58,22000,50.86
2012-11-13,14.7,14.81,14.68,14.7,40600,51.27
2012-11-14,14.47,14.71,14.4,14.4,10100,50.23
2012-11-15,14.27,14.46,14.26,14.32,7800,49.95
2012-11-16,14.44,14.44,14.13,14.31,11800,49.91
2012-11-19,14.22,14.23,13.95,14.04,11300,48.97
2012-11-20,14.05,14.21,14.05,14.18,51400,49.46
2012-11-21,14.44,14.44,14.1,14.35,16000,50.05
2012-11-23,14.25,14.27,14.06,14.09,11900,49.15
2012-11-26,13.3,13.3,12.81,13.08,60600,45.62
2012-11-27,13.01,13.1,12.92,13.03,23200,45.45
2012-11-28,12.52,12.7,12.35,12.38,41700,43.18
2012-11-29,12.69,12.82,12.41,12.46,60100,43.46
2012-11-30,12.41,12.57,12.37,12.44,61600,43.39
2012-12-03,12.38,12.54,12.26,12.4,39600,43.25
2012-12-04,12.62,12.96,12.62,12.71,24700,44.33
2012-12-05,12.84,12.89,12.68,12.73,19700,44.4
2012-12-06,12.7,12.7,12.45,12.46,30000,43.46
2012-12-07,12.44,12.63,12.32,12.62,30600,44.02
2012-12-10,12.54,12.83,12.42,12.8,28700,44.65
2012-12-11,12.72,12.97,12.65,12.9,25700,45
2012-12-12,13.12,13.31,13.11,13.13,33500,45.8
2012-12-13,13.2,13.29,12.78,12.88,24600,44.93
2012-12-14,12.92,13.15,12.8,12.94,20000,45.13
2012-12-17,13.13,13.4,13.13,13.38,47100,46.67
2012-12-18,13.5,13.62,13.36,13.48,14500,47.02
2012-12-19,13.64,13.79,13.6,13.77,14000,48.03
2012-12-20,13.87,13.95,13.75,13.87,4300,48.38
2012-12-21,13.75,13.84,13.51,13.78,5100,48.06
2012-12-24,13.02,13.02,12.62,12.69,5000,47.48
2012-12-26,12.7,12.98,12.44,12.7,17500,47.51
2012-12-27,12.97,13.14,12.71,12.92,8000,48.34
2012-12-28,12.89,12.91,12.57,12.89,11900,48.23
2012-12-31,12.96,13.1,12.75,12.75,9700,47.7
2013-01-02,13.1,13.42,13.1,13.24,10000,49.54
2013-01-03,13.32,13.38,13.18,13.3,17200,49.76
2013-01-04,13.32,13.43,13.11,13.3,12800,49.76
2013-01-07,13.27,13.33,13.02,13.13,98200,49.12
2013-01-08,13.02,13.17,12.94,13.13,20500,49.12
2013-01-09,13.27,13.27,13,13.17,15700,49.27
2013-01-10,13.13,13.14,12.91,13.13,21100,49.12
2013-01-11,13.03,13.2,13.01,13.15,17500,49.2
2013-01-14,12.99,13.08,12.91,13.07,27000,48.9
2013-01-15,12.82,12.9,12.66,12.85,27500,48.08
2013-01-16,12.85,13.09,12.65,13.02,50300,48.71
2013-01-17,12.87,12.98,12.76,12.92,76200,48.34
2013-01-18,12.86,13.09,12.8,13.04,8700,48.79
2013-01-22,12.89,12.92,12.72,12.89,9500,48.23
2013-01-23,12.78,12.9,12.67,12.88,9800,48.19
2013-01-24,12.89,13,12.77,12.9,13500,48.26
2013-01-25,12.93,12.94,12.8,12.85,9300,48.08
2013-01-28,12.6,12.63,12.37,12.48,19600,46.69
2013-01-29,12.4,12.4,12.18,12.32,31800,46.09
2013-01-30,12.28,12.58,12.28,12.44,14100,46.54
2013-01-31,12.36,12.72,12.36,12.43,15800,46.5
2013-02-01,12.37,12.66,12.37,12.53,19500,46.88
2013-02-04,12.72,12.91,12.67,12.79,17800,47.85
2013-02-05,13.04,13.04,12.8,12.84,12700,48.04
2013-02-06,12.8,12.8,12.59,12.71,16900,47.55
2013-02-07,12.8,12.83,12.57,12.81,18700,47.93
2013-02-08,12.97,13,12.83,12.89,5500,48.23
2013-02-11,12.88,12.9,12.78,12.82,5500,47.96
2013-02-12,12.91,13.18,12.83,13.01,44100,48.67
2013-02-13,12.92,13,12.81,12.84,65200,48.04
2013-02-14,12.82,12.93,12.8,12.83,9500,48
2013-02-15,12.8,12.83,12.63,12.66,11800,47.37
2013-02-19,12.57,12.67,12.53,12.6,14200,47.14
2013-02-20,12.53,12.54,12.35,12.36,10300,46.24
2013-02-21,12.36,12.43,12.24,12.26,21000,45.87
2013-02-22,12.25,12.49,12.25,12.39,23000,46.36
2013-02-25,12.36,12.36,12.07,12.11,18200,45.31
2013-02-26,12.25,12.3,12.08,12.15,15000,45.46
2013-02-27,12.21,12.3,12.05,12.17,22100,45.53
2013-02-28,12.11,12.12,12.02,12.02,10100,44.97
2013-03-01,12.02,12.07,11.92,11.98,11800,44.82
2013-03-04,11.76,11.77,11.5,11.65,20000,43.59
2013-03-05,11.56,11.7,11.55,11.61,10400,43.44
2013-03-06,11.64,11.66,11.53,11.58,46500,43.32
2013-03-07,11.64,11.8,11.56,11.75,57800,43.96
2013-03-08,11.84,11.84,11.63,11.69,63400,43.74
2013-03-11,11.76,11.92,11.73,11.87,26600,44.41
2013-03-12,11.93,11.94,11.77,11.77,29400,44.04
2013-03-13,11.82,11.83,11.67,11.78,18700,44.07
2013-03-14,11.73,11.73,11.58,11.59,39900,43.36
2013-03-15,11.59,11.65,11.58,11.59,9800,43.36
2013-03-18,11.5,11.57,11.5,11.56,8900,43.25
2013-03-19,11.54,11.6,11.46,11.51,20100,43.06
2013-03-20,11.53,11.53,11.36,11.52,43800,43.1
2013-03-21,11.6,11.74,11.3,11.3,44400,42.28
2013-03-22,11.4,11.54,11.4,11.42,10100,42.73
2013-03-25,11.42,11.53,11.34,11.4,24900,42.65
2013-03-26,11.36,11.39,11.23,11.26,20500,42.13
2013-03-27,11.32,11.36,11.14,11.2,45700,41.9
2013-03-28,11.3,11.3,11.11,11.25,24300,42.09
2013-04-01,11.2,11.21,11.02,11.09,24800,41.49
2013-04-02,11.1,11.16,11.01,11.05,7700,41.34
2013-04-03,10.93,10.93,10.76,10.83,17600,40.52
2013-04-04,10.75,10.88,10.75,10.82,7000,40.48
2013-04-05,10.75,10.95,10.75,10.95,5400,40.97
2013-04-08,11.07,11.07,10.94,11,22000,41.15
2013-04-09,11.1,11.15,10.98,11.07,5600,41.42
2013-04-10,11.18,11.35,11.18,11.34,14400,42.43
2013-04-11,11.44,11.68,11.27,11.32,20300,42.35
2013-04-12,11.27,11.4,11.2,11.2,16400,41.9
2013-04-15,11.27,11.37,11.03,11.03,8700,41.27
2013-04-16,11.19,11.31,11.15,11.29,10100,42.24
2013-04-17,11.17,11.19,10.88,10.9,10100,40.78
2013-04-18,10.92,11.02,10.9,10.96,4400,41
2013-04-19,10.96,11.16,10.96,11,5100,41.15
2013-04-22,11.11,11.25,10.97,11.21,11000,41.94
2013-04-23,11.14,11.17,10.98,11.02,21800,41.23
2013-04-24,11.15,11.15,10.83,11.03,13500,41.27
2013-04-25,11.08,11.2,11.02,11.1,12200,41.53
2013-04-26,11.17,11.2,11.06,11.14,3800,41.68
2013-04-29,11.15,11.18,11.01,11.13,7500,41.64
2013-04-30,11.18,11.18,11,11.12,6900,41.6
2013-05-01,10.95,11.11,10.95,11.04,14600,41.3
2013-05-02,11.15,11.25,11.05,11.21,20100,41.94
2013-05-03,11.36,11.38,11.21,11.32,8900,42.35
2013-05-06,11.32,11.4,11.3,11.35,13500,42.46
2013-05-07,11.3,11.44,11.21,11.27,12300,42.16
2013-05-08,11.4,11.44,11.27,11.42,8400,42.73
2013-05-09,11.39,11.44,11.34,11.34,7200,42.43
2013-05-10,11.42,11.42,11.04,11.11,47200,41.57
2013-05-13,11.26,11.26,11.02,11.05,29300,41.34
2013-05-14,11.14,11.25,11.05,11.16,27800,41.75
2013-05-15,11.22,11.42,11.21,11.4,18600,42.65
2013-05-16,11.28,11.31,11.23,11.26,2700,42.13
2013-05-17,11.27,11.27,11.14,11.22,4400,41.98
2013-05-20,11.22,11.22,11.07,11.1,7300,41.53
2013-05-21,11.16,11.18,11.08,11.16,8600,41.75
2013-05-22,11.19,11.2,10.79,10.87,23800,40.67
2013-05-23,10.99,10.99,10.76,10.85,8500,40.59
2013-05-24,10.93,11.01,10.82,10.93,24700,40.89
2013-05-28,11.17,11.17,11.01,11.05,15400,41.34
2013-05-29,11.04,11.04,10.92,10.94,5500,40.93
2013-05-30,11.01,11.04,10.96,11,3400,41.15
2013-05-31,11,11.02,10.75,10.77,9800,40.29
2013-06-03,10.65,10.82,10.57,10.82,22200,40.48
2013-06-04,10.69,10.69,10.54,10.58,7500,39.58
2013-06-05,10.37,10.37,10.2,10.24,25500,38.31
2013-06-06,10.27,10.29,10.1,10.16,16000,38.01
2013-06-07,10.14,10.28,10.13,10.19,14600,38.12
2013-06-10,9.72,9.76,9.51,9.68,29200,36.22
2013-06-11,9.54,9.74,9.53,9.65,21100,36.1
2013-06-12,9.27,9.34,9.23,9.27,36100,34.68
2013-06-13,9.41,9.62,9.35,9.59,12400,35.88
2013-06-14,9.7,9.7,9.62,9.63,14800,36.03
2013-06-17,9.59,9.73,9.56,9.66,26500,36.14
2013-06-18,9.56,9.83,9.56,9.79,22700,36.63
2013-06-19,9.58,9.71,9.45,9.53,23500,35.65
2013-06-20,9.59,9.71,9.25,9.28,33100,34.72
2013-06-21,9.22,9.34,9.11,9.12,17500,34.12
2013-06-24,9.27,9.32,9.07,9.11,22900,34.08
2013-06-25,9.21,9.28,9.19,9.23,13800,34.53
2013-06-26,9.33,9.35,9.19,9.21,16400,34.46
2013-06-27,9.37,9.38,9.27,9.35,9200,34.98
2013-06-28,9.25,9.47,9.23,9.47,19500,35.43
2013-07-01,38.05,38.23,37.53,38.1,39800,35.64
2013-07-02,39.84,40.88,38.96,40.31,102200,37.7
2013-07-03,40.26,42.35,40,42.05,168800,39.33
2013-07-05,43.85,43.98,42.91,43.33,169100,40.53
2013-07-08,43,43,40.46,40.7,126400,38.07
2013-07-09,42.07,44.95,41.86,43.97,171400,41.13
2013-07-10,44.23,44.55,43.56,44.45,86200,41.58
2013-07-11,43.88,44.44,43.49,44.14,54600,41.29
2013-07-12,44.48,44.48,43.45,43.76,24900,40.93
2013-07-15,43.81,44.99,43.81,44.83,51000,41.93
2013-07-16,44.62,44.99,44.29,44.98,32600,42.07
2013-07-17,44.51,44.68,43.54,44.1,17800,41.25
2013-07-18,44.23,45,44.23,44.82,33900,41.92
2013-07-19,44.87,44.93,44.23,44.54,6300,41.66
2013-07-22,44.93,46.11,44.84,45.03,44100,42.12
2013-07-23,45.46,45.75,44.23,45.37,19900,42.44
2013-07-24,44.71,44.71,43.82,43.92,15100,41.08
2013-07-25,44.76,45.14,44.31,44.5,36200,41.62
2013-07-26,44.04,44.25,43.84,44.25,4800,41.39
2013-07-29,44.11,44.35,43.55,43.61,36300,40.79
2013-07-30,43.62,43.79,42.61,42.91,57200,40.14
2013-07-31,43.55,44.97,42.92,44.89,65300,41.99
2013-08-01,45.01,45.5,44.67,44.86,36600,41.96
2013-08-02,45.23,45.78,44.88,45.72,11500,42.76
2013-08-05,46.07,47,45.66,45.88,49400,42.91
2013-08-06,46.79,46.82,45.64,46.01,27800,43.03
2013-08-07,45.62,45.96,44.37,45.69,15200,42.74
2013-08-08,45.68,45.97,45.6,45.97,3600,43
2013-08-09,45.89,46.38,45.89,45.98,9100,43.01
2013-08-12,46.99,46.99,45.97,46.07,29600,43.09
2013-08-13,46.55,46.65,46,46.15,33600,43.17
2013-08-14,45.94,45.94,44.56,44.72,59000,41.83
2013-08-15,44.22,44.71,43.08,43.38,59600,40.57
2013-08-16,43.59,44.78,43.59,44.76,36400,41.87
2013-08-19,45,45.29,44.38,44.42,59600,41.55
2013-08-20,44.99,46.17,44.42,45.76,62300,42.8
2013-08-21,45.67,45.7,45.21,45.4,19600,42.46
2013-08-22,45.25,46.23,44.93,45.51,20800,42.57
2013-08-23,46.02,46.4,45.67,46.15,11100,43.17
2013-08-26,46.45,46.45,46,46.22,13800,43.23
2013-08-27,45.27,45.27,44.56,44.6,37700,41.72
2013-08-28,44.97,45.05,44.26,44.37,72600,41.5
2013-08-29,44.88,45.1,44.45,45,13800,42.09
2013-08-30,45,45.05,44.08,44.41,30100,41.54
2013-09-03,44.09,45.11,44.09,44.64,17600,41.75
2013-09-04,44.86,44.98,44.48,44.59,21600,41.71
2013-09-05,44.6,44.71,44.11,44.25,5700,41.39
2013-09-06,44.69,44.69,44.23,44.23,18700,41.37
2013-09-09,44.96,45.53,44.4,45.2,26100,42.28
2013-09-10,46.51,47.32,46.45,47.32,37100,44.26
2013-09-11,47.1,47.36,46.12,47.36,52200,44.3
2013-09-12,48,48.49,47.21,47.25,8900,44.19
2013-09-13,47.08,47.57,47.08,47.46,9200,44.39
2013-09-16,48,48.48,47.55,48.47,27000,45.34
2013-09-17,48.35,48.74,47.95,48.4,21100,45.27
2013-09-18,47.8,47.8,46.06,47.15,70000,44.1
2013-09-19,47.65,48.36,46.27,46.99,26800,43.95
2013-09-20,46.56,47.01,46.31,46.6,8700,43.59
2013-09-23,47.33,48,46.42,46.97,18800,43.93
2013-09-24,47.25,48.44,47.25,47.97,15100,44.87
2013-09-25,49.07,49.23,47.23,48.32,12300,45.2
2013-09-26,49.09,49.49,47.59,49.2,28200,46.02
2013-09-27,49.12,49.5,48.2,49.2,4600,46.02
2013-09-30,48.1,48.56,48.1,48.3,9800,45.18
2013-10-01,48.89,49.48,48.21,49.23,18500,46.05
2013-10-02,49.3,49.93,48.78,49.93,14100,46.7
2013-10-03,49.55,49.78,49.5,49.78,3500,46.56
2013-10-04,49.51,50,49.5,50,10300,46.77
2013-10-07,49.92,50.81,49.9,50.25,14100,47
2013-10-08,50.34,50.65,50,50.19,8600,46.94
2013-10-09,49.78,51.57,49.58,51.4,23400,48.08
2013-10-10,51.99,52.65,50.77,51.8,18400,48.45
2013-10-11,51.8,52.98,51.6,52.76,6500,49.35
2013-10-14,52.76,52.79,51.79,52.79,3500,49.38
2013-10-15,52.5,53.47,52.06,53.26,19400,49.82
2013-10-16,53,53,51.9,52.15,45500,48.78
2013-10-17,52,52,51.65,52,13600,48.64
2013-10-18,52.5,52.76,52.01,52.76,7600,49.35
2013-10-21,52.66,54.18,52.66,53.94,19500,50.45
2013-10-22,52.67,54.5,52.67,54.46,13100,50.94
2013-10-23,54.24,54.79,53.1,53.59,15400,50.12
2013-10-24,54.24,54.54,53.3,53.43,6800,49.97
2013-10-25,54.16,54.5,54,54,16500,50.51
2013-10-28,53.33,53.6,53,53,33100,49.57
2013-10-29,52.91,53.49,52.91,53.49,20100,50.03
2013-10-30,54,54.33,53.55,53.57,8400,50.11
2013-10-31,53.99,54.24,53.27,53.87,17300,50.39
2013-11-01,53.25,54.3,52.78,53.49,16800,50.03
2013-11-04,54.02,54.41,54,54.16,10200,50.66
2013-11-05,53.77,54.4,53.77,54.27,21700,50.76
2013-11-06,55.03,55.18,54.26,55,31800,51.44
2013-11-07,55,55,53.53,53.53,18300,50.07
2013-11-08,53.51,54.26,53.08,54,11700,50.51
2013-11-11,54,54.04,53.53,53.53,8800,50.07
2013-11-12,53.53,53.53,52.42,52.58,27000,49.18
2013-11-13,53.29,53.45,52.66,53.06,42700,49.63
2013-11-14,52.82,53.16,52.54,52.59,2900,49.19
2013-11-15,52.53,52.59,52.53,52.59,600,49.19
2013-11-18,53.14,53.81,52.53,52.95,7600,49.53
2013-11-19,53.4,53.73,53.21,53.69,19700,50.22
2013-11-20,53.89,53.89,52.93,53.11,17100,49.68
2013-11-21,53.31,53.94,53.11,53.54,4600,50.08
2013-11-22,53.25,54.12,53.17,54,10400,50.51
2013-11-25,52.78,54,52.78,53.2,10500,49.76
2013-11-26,52.66,52.84,52.01,52.01,9300,48.65
2013-11-27,51.11,51.7,51,51.1,44200,47.8
2013-11-29,51.73,51.8,51.4,51.74,10100,48.39
2013-12-02,52.49,52.49,51.45,51.45,3000,48.12
2013-12-03,51.45,52,51.13,51.99,5100,48.63
2013-12-04,51.99,52.38,51.67,51.67,10700,48.33
2013-12-05,51.86,52.98,51.86,52.32,97000,48.94
2013-12-06,52.22,53.5,52.22,53.34,57500,49.89
2013-12-09,53.8,54.5,53.8,54.5,20900,50.98
2013-12-10,54.55,54.55,53.71,53.77,2100,50.29
2013-12-11,54.24,54.53,53.7,53.7,2700,50.23
2013-12-12,54.7,55.48,54.42,54.79,8200,51.25
2013-12-13,54.75,55.15,54.75,54.88,3900,51.33
2013-12-16,54.88,55.15,54.88,55.15,3400,51.58
2013-12-17,55.14,55.29,54.21,54.9,5600,51.35
2013-12-18,56,56,54.3,54.3,4700,50.79
2013-12-19,55.82,55.85,55.5,55.51,10100,51.92
2013-12-20,55.45,55.85,55.4,55.4,3900,51.82
2013-12-23,54.46,54.55,54.46,54.55,2000,52
2013-12-24,54.11,55,53.46,55,3700,52.43
2013-12-26,54.99,54.99,54,54,1300,51.48
2013-12-27,54.08,54.56,53.88,54.56,4500,52.01
2013-12-30,54.98,54.98,53.51,53.92,4400,51.4
2013-12-31,53.9,54.93,53.55,53.71,14800,51.2
2014-01-02,54.21,54.77,53.66,53.66,17600,51.15
2014-01-03,54.74,54.79,53.99,54,3300,51.48
2014-01-06,54.25,54.25,54,54.2,2900,51.67
2014-01-07,54.01,54.79,54.01,54.39,5300,51.85
2014-01-08,55.29,55.9,54.25,55.6,10200,53
2014-01-09,55.61,55.86,54.94,55.86,5500,53.25
2014-01-10,55.48,56.26,55.48,56.24,6900,53.61
2014-01-13,57,58.34,57,57.48,35400,54.79
2014-01-14,58.28,59,57.8,58.98,14300,56.22
2014-01-15,58.5,58.95,57.47,58.5,39000,55.77
2014-01-16,58.6,58.98,57.88,58.43,23700,55.7
2014-01-17,58.59,58.72,58.02,58.53,26200,55.8
2014-01-21,58.32,58.62,58.11,58.14,7000,55.42
2014-01-22,58.5,59.52,58.03,59.26,11900,56.49
2014-01-23,59.38,59.38,58.75,59.2,9500,56.43
2014-01-24,59,59.2,58,58.99,23000,56.23
2014-01-27,58.6,58.7,57.67,58.7,72100,55.96
2014-01-28,58.6,59.52,58.6,58.83,17000,56.08
2014-01-29,59.48,59.48,57.59,59.48,5700,56.7
2014-01-30,59.2,59.5,58.93,59.25,9700,56.48
2014-01-31,59.2,61.9,58.7,61.86,51100,58.97
2014-02-03,61.2,62,59.55,59.8,42600,57.01
2014-02-04,59.13,61.02,58.8,59.7,15100,56.91
2014-02-05,59.97,60.7,59.53,60.2,15100,57.39
2014-02-06,60.5,60.7,59.8,60.5,13300,57.67
2014-02-07,61.77,62.5,61.5,62.28,31800,59.37
2014-02-10,61.69,62.53,61.27,61.95,22300,59.06
2014-02-11,61.7,62.2,61.55,62.2,17300,59.29
2014-02-12,62.2,62.56,62,62.56,12600,59.64
2014-02-13,62.9,62.9,62.01,62.86,14000,59.92
2014-02-14,62.89,62.98,62.39,62.98,9100,60.04
2014-02-18,62.99,63.94,62.13,62.13,99000,59.23
2014-02-19,63.1,63.2,62.1,62.57,19600,59.65
2014-02-20,63.5,64.96,63.5,64.6,20700,61.58
2014-02-21,64.64,64.96,64.6,64.8,7300,61.77
2014-02-24,65.73,66.67,64.71,66.63,10700,63.52
2014-02-25,66.31,66.65,65.91,66.09,42900,63
2014-02-26,66.79,66.92,65.14,65.34,15300,62.29
2014-02-27,65.93,67.28,65.57,67.28,13600,64.14
2014-02-28,67.3,68.31,67.3,68.09,9300,64.91
2014-03-03,66.16,66.16,64.01,64.55,47100,61.53
2014-03-04,65.67,67.92,65.67,66.9,10800,63.77
2014-03-05,67.53,67.53,66.72,66.83,5800,63.71
2014-03-06,66.21,67.76,66.21,67.65,15400,64.49
2014-03-07,67,67.76,67,67.3,2900,64.16
2014-03-10,67.6,68.05,66.91,67.45,3500,64.3
2014-03-11,67.8,68.79,67.8,68.43,6000,65.23
2014-03-12,68,68.93,66.96,68.6,31000,65.39
2014-03-13,68.6,68.94,67.34,67.38,20600,64.23
2014-03-14,67,68.04,67,67.61,8600,64.45
2014-03-17,68.75,69.31,68.12,68.75,8200,65.54
2014-03-18,68.24,68.75,68.24,68.75,15100,65.54
2014-03-19,68.75,69.25,68.75,69.25,12700,66.01
2014-03-20,69.25,70.81,68.5,69.66,44300,66.41
2014-03-21,70.02,70.94,70,70.81,13700,67.5
2014-03-24,70.97,71,70,70.99,8100,67.67
2014-03-25,70.62,71.08,70,70.76,9600,67.45
2014-03-26,70.01,70.79,70.01,70.79,13600,67.48
2014-03-27,68.56,68.96,66.95,66.95,72400,63.82
2014-03-28,67.15,68.74,67.15,68.53,131400,65.33
2014-03-31,66.82,66.89,65.52,66.65,23800,63.54
2014-04-01,67.43,68.44,67.04,68.14,83500,64.96
2014-04-02,67.32,67.88,67.32,67.42,35700,64.27
2014-04-03,66,66.91,66,66.75,26800,63.63
2014-04-04,66.01,66.39,64.82,66.39,19000,63.29
2014-04-07,64.99,64.99,63.87,64.13,12300,61.13
2014-04-08,63.87,65.32,63.87,65.29,20200,62.24
2014-04-09,65.71,65.71,65,65.6,9700,62.54
2014-04-10,65.75,66.36,65.12,65.29,8400,62.24
2014-04-11,64.96,65.75,64.95,65.54,4000,62.48
2014-04-14,64.96,66.32,64.96,66.01,11200,62.93
2014-04-15,66.96,67.87,66.51,66.83,20600,63.71
2014-04-16,67.83,67.87,66.93,67.46,4400,64.31
2014-04-17,68,68,67.8,67.99,7700,64.81
2014-04-21,68,68,67.75,67.9,3200,64.73
2014-04-22,68.68,70,68.68,69.93,10700,66.66
2014-04-23,70.06,70.15,69.38,70.07,11600,66.8
2014-04-24,70.2,70.61,70.04,70.5,13900,67.21
2014-04-25,70.8,70.8,70,70.27,6300,66.99
2014-04-28,69.68,69.68,68.01,69.22,10900,65.99
2014-04-29,69.1,69.87,68.73,69.82,3300,66.56
2014-04-30,69.51,70.39,69.51,70.3,2600,67.02
2014-05-01,70.38,70.48,69.78,70.45,25400,67.16
2014-05-02,70.02,70.5,70.02,70.41,7500,67.12
2014-05-05,71.16,71.16,70.31,70.79,21200,67.48
2014-05-06,70.75,71.22,69.88,70.89,5600,67.58
2014-05-07,69.82,70.99,69.01,69.76,6000,66.5
2014-05-08,68.89,69.52,68.71,68.81,13500,65.6
2014-05-09,68.27,69.43,68.27,68.92,3900,65.7
2014-05-12,69.04,69.76,68.84,69.28,6300,66.04
2014-05-13,69.9,70.48,69.9,70.43,6100,67.14
2014-05-14,70.43,70.99,70.4,70.84,9700,67.53
2014-05-15,70.84,71.19,70.59,71.05,15100,67.73
2014-05-16,71.2,71.66,70.71,71.43,14600,68.09
2014-05-19,72,72,71.26,71.72,15100,68.37
2014-05-20,71.66,71.74,70.28,71.2,25000,67.87
2014-05-21,71,71.13,70.25,71.01,25100,67.69
2014-05-22,70.99,71.27,70.68,71,2500,67.68
2014-05-23,70.79,71.84,70.73,70.73,4500,67.43
2014-05-27,70.82,71.78,70.82,71.44,11000,68.1
2014-05-28,70,71.3,70,71.13,35800,67.81
2014-05-29,69.1,69.1,66.17,67.83,128300,64.66
2014-05-30,66.46,67.03,66.3,66.34,21100,63.24
2014-06-02,65.96,67.33,65.5,65.5,74800,62.44
2014-06-03,65.03,65.5,64.21,65.35,14900,62.3
2014-06-04,66.22,67.93,66.15,66.75,14600,63.63
2014-06-05,68.88,69.89,68.88,69.56,15200,66.31
2014-06-06,69.15,70.5,69.15,70.41,15500,67.12
2014-06-09,70.25,70.49,69,69.05,15100,65.82
2014-06-10,69.22,69.5,68.94,69.26,6000,66.02
2014-06-11,70.47,70.63,70,70.27,28200,66.99
2014-06-12,70.25,70.39,70.01,70.09,3400,66.82
2014-06-13,69.23,70.45,69.23,70.4,4300,67.11
2014-06-16,69.63,70.13,69.5,69.5,10600,66.25
2014-06-17,68.84,68.84,67.4,67.43,29800,64.28
2014-06-18,67.8,67.8,67.4,67.74,8100,64.58
2014-06-19,67.13,67.25,67.11,67.16,9400,64.02
2014-06-20,67.3,67.46,67.3,67.44,2800,64.29
2014-06-23,67.5,67.93,67.33,67.33,36500,64.18
2014-06-24,66.98,67,65.6,65.67,14000,62.6
2014-06-25,65.08,65.69,65.08,65.51,17000,62.45
2014-06-26,65.06,66.29,65.06,65.29,3000,62.24
2014-06-27,65.27,65.9,65.09,65.37,9900,62.32
2014-06-30,65.6,67.5,65.6,67.42,20700,64.27
2014-07-01,67.38,67.38,65.12,65.39,20700,62.33
2014-07-02,66.37,66.52,65.57,66.49,28500,63.38
2014-07-03,67,67.75,66.68,67.04,13500,63.91
2014-07-07,67.75,67.75,67.04,67.65,1200,64.49
2014-07-08,68.05,68.05,67.65,67.85,3100,64.68
2014-07-09,67.97,69.88,67.97,68.87,4300,65.65
2014-07-10,67.29,68.4,67.29,68.19,4000,65
2014-07-11,67.08,67.63,67.08,67.55,4000,64.39
2014-07-14,68.07,68.09,67.62,67.91,7800,64.74
2014-07-15,68.55,69,68.15,68.99,13500,65.77
2014-07-16,68.28,69,68.15,68.97,4200,65.75
2014-07-17,68.99,69,68.82,68.82,2000,65.6
2014-07-18,68.68,69.09,68.68,69.09,2700,65.86
2014-07-21,67.46,68,67.38,67.66,8600,64.5
2014-07-22,68.3,68.5,68.3,68.31,6900,65.12
2014-07-23,68.86,69.09,68.86,69.09,4200,65.86
2014-07-24,69.51,70.48,69.51,70.48,7600,67.19
2014-07-25,70.46,70.46,70.2,70.44,3500,67.15
2014-07-28,70.45,70.45,69.37,70.45,10200,67.16
2014-07-29,70.45,70.45,70,70.05,2100,66.78
2014-07-30,69.39,70,69.29,69.85,5400,66.59
2014-07-31,70.42,70.72,69,70.72,49500,67.42
2014-08-01,70.52,70.52,68.43,70.25,5600,66.97
2014-08-04,70,70.77,69.72,70.08,42000,66.81
2014-08-05,70.2,70.77,70.2,70.25,11000,66.97
2014-08-06,70.7,71.4,70.5,70.9,53100,67.59
2014-08-07,71.47,71.89,70.82,71.75,8300,68.4
2014-08-08,71.01,71.89,70.54,71.7,4100,68.35
2014-08-11,72.22,72.5,71.41,72.2,7300,68.83
2014-08-12,72.04,73.85,72,73.72,16700,70.28
2014-08-13,74.56,74.56,72.49,73.58,19600,70.14
2014-08-14,73.97,74.4,72.54,73.2,4500,69.78
2014-08-15,74.1,74.1,72.5,73.8,6800,70.35
2014-08-18,73.25,73.25,72.53,73,27700,69.59
2014-08-19,72.54,73.83,72.54,72.84,10900,69.44
2014-08-20,73.43,73.56,72.88,72.88,1700,69.47
2014-08-21,73.45,73.45,73.16,73.16,4400,69.74
2014-08-22,73.32,73.55,73.25,73.36,20200,69.93
2014-08-25,72.78,73.82,72.74,73.41,200700,69.98
2014-08-26,73.77,73.88,73.26,73.6,113500,70.16
2014-08-27,73.91,74.39,73.41,73.97,30200,70.51
2014-08-28,74.97,74.99,74.54,74.61,18000,71.12
2014-08-29,74,74.74,74,74.74,16400,71.25
2014-09-02,75,75.91,74.82,75.46,204900,71.93
2014-09-03,75.44,75.49,74.78,74.78,124500,71.29
2014-09-04,75.15,75.81,75.07,75.81,38500,72.27
2014-09-05,76.28,76.76,75.96,76.21,50600,72.65
2014-09-08,75.91,76.18,75.12,75.12,13800,71.61
2014-09-09,74.5,75.08,74,74.55,7400,71.07
2014-09-10,74,75.44,72.5,73.02,25600,69.61
2014-09-11,72.61,73.53,72.51,72.83,15000,69.43
2014-09-12,72.88,73.74,72.62,73.63,22400,70.19
2014-09-15,72.92,74,72.72,72.72,6100,69.32
2014-09-16,74,74,73.17,73.9,3300,70.45
2014-09-17,73.57,74.15,73.08,74.15,2500,70.69
2014-09-18,75.26,75.26,74.05,74.63,3400,71.14
2014-09-19,75.24,75.24,73.51,73.51,10600,70.08
2014-09-22,74.47,74.53,72.5,72.5,101300,69.11
2014-09-23,72.5,73.35,72.5,73.27,1700,69.85
2014-09-24,72.56,73,72.56,73,2500,69.59
2014-09-25,72.96,73,71.71,71.71,3900,68.36
2014-09-26,72.5,73,71.74,73,3600,69.59
2014-09-29,72.97,73,70.12,72.45,11500,69.06
2014-09-30,73,73,72.16,72.28,10000,68.9
2014-10-01,71.67,72.17,71,71.08,67600,67.76
2014-10-02,71.04,71.49,71.04,71.24,3200,67.91
2014-10-03,71.43,72.21,71.43,71.94,5200,68.58
2014-10-06,72.2,72.43,70.13,71.39,28000,68.05
2014-10-07,71.47,72.94,71.4,71.41,12300,68.07
2014-10-08,71.93,73,70.53,71.18,6400,67.85
2014-10-09,71.22,71.5,70.01,70.64,95600,67.34
2014-10-10,71.16,71.16,70.1,70.3,13600,67.02
2014-10-13,68.98,68.98,67.04,67.5,45600,64.35
2014-10-14,64.72,67.95,64.71,66,27900,62.92
2014-10-15,65.31,67.05,65.31,65.74,3400,62.67
2014-10-16,64.05,64.31,63.34,63.41,8900,60.45
2014-10-17,63.05,64.99,63.05,63.52,23700,60.55
2014-10-20,64.48,65,63.85,63.86,54600,60.88
2014-10-21,64.74,66.81,64.74,65.82,15300,62.74
2014-10-22,66.79,68.04,66.25,66.96,12000,63.83
2014-10-23,66.76,67,66.55,66.55,3400,63.44
2014-10-24,66.6,67,65.79,65.85,6900,62.77
2014-10-27,64.15,64.75,63.5,63.88,9200,60.9
2014-10-28,64.9,67.61,64.61,65.11,48200,62.07
2014-10-29,65.66,67.34,64.97,65.49,21900,62.43
2014-10-30,66.08,67.06,66.08,66.99,11100,63.86
2014-10-31,67.44,68.23,66.81,68.19,3700,65
2014-11-03,69.13,70.9,69.13,69.83,14000,66.57
2014-11-04,69.21,69.89,69.1,69.64,7900,66.39
2014-11-05,69.38,70.04,69.38,69.63,64200,66.38
2014-11-06,68.99,69.5,68.97,69.09,5800,65.86
2014-11-07,68.76,69.43,68.76,69.26,3400,66.02
2014-11-10,69.13,69.62,69.13,69.4,3100,66.16
2014-11-11,69.06,69.63,69.06,69.33,3800,66.09
2014-11-12,68.6,69.27,68.42,68.7,3900,65.49
2014-11-13,68.53,68.55,67.95,67.95,8700,64.78
2014-11-14,67.61,67.97,67.57,67.57,51600,64.41
2014-11-17,67.54,67.82,66.51,66.53,9400,63.42
2014-11-18,67.06,67.68,66.68,66.97,6000,63.84
2014-11-19,67.04,67.1,66.68,66.85,18300,63.73
2014-11-20,67.05,67.65,67,67.4,1600,64.25
2014-11-21,67.7,68.48,67.7,68.48,3500,65.28
2014-11-24,68.48,68.48,68.48,68.48,0,65.28
2014-11-25,66.23,67.01,66.23,66.86,8700,63.74
2014-11-26,67.7,67.7,67.31,67.31,500,64.17
2014-11-28,67.75,68.1,67.75,68.1,2800,64.92
2014-12-01,66.27,66.27,65.6,65.68,7400,62.61
2014-12-02,65.7,65.7,65.69,65.7,700,62.63
2014-12-03,66.07,66.44,66.07,66.23,8600,63.14
2014-12-04,66.54,67.7,66.54,67.69,2100,64.53
2014-12-05,67.23,67.93,67.07,67.91,4200,64.74
2014-12-08,67.66,67.8,67.1,67.1,3200,63.96
2014-12-09,65.69,66.63,65.6,66.26,15900,63.16
2014-12-10,65.99,65.99,64.82,64.95,31900,61.92
2014-12-11,64.66,64.66,63.09,63.13,16800,60.18
2014-12-12,64.44,64.44,62.65,62.9,14800,59.96
2014-12-15,61.21,61.28,60.63,60.71,7700,57.87
2014-12-16,59.61,59.78,58.63,59.43,34200,56.65
2014-12-17,55.98,57.34,55.21,56.99,5100,54.33
2014-12-18,57.62,58,57.56,58,7800,55.29
2014-12-19,58.15,60.1,58,59.03,37900,56.27
2014-12-22,57.55,58.98,57.55,58.96,14300,58.96
2014-12-23,58.1,58.15,57.34,58.15,2700,58.15
2014-12-24,58.8,58.95,56.87,58.89,1500,58.89
2014-12-26,58.92,58.95,58.6,58.91,1200,58.91
2014-12-29,60,60,59.11,59.25,1400,59.25
2014-12-30,59.93,59.93,59.43,59.43,1100,59.43
2014-12-31,59.01,59.3,58,58.3,11400,58.3
2015-01-02,58,58.8,58,58.63,9000,58.63
2015-01-05,58.53,59.41,58.15,58.59,15500,58.59
2015-01-06,58.2,58.47,57.01,57.37,4800,57.37
2015-01-07,57.35,57.57,57,57.48,24400,57.48
2015-01-08,57.87,57.87,57.87,57.87,200,57.87
2015-01-09,59.19,59.19,57.66,58.87,1900,58.87
2015-01-12,58.11,58.52,57.71,57.82,7600,57.82
2015-01-13,60.11,60.23,59.15,59.17,7200,59.17
2015-01-14,60.2,61.13,60.2,60.74,3600,60.74
2015-01-15,60.96,61.18,60.12,60.19,1300,60.19
2015-01-16,59.83,61.42,59.83,61.42,5000,61.42
2015-01-20,61.51,61.96,61,61.25,10300,61.25
2015-01-21,62.32,62.32,61.17,61.17,6000,61.17
2015-01-22,61,62.67,61,62.67,24900,62.67
2015-01-23,61.02,63,61.02,62.5,122900,62.5
