"Index","ENZL.Open","ENZL.High","ENZL.Low","ENZL.Close","ENZL.Volume","ENZL.Adjusted"
2010-09-02,26,26.14,25.93,26.11,108600,20.79
2010-09-03,26.6,26.71,26.36,26.43,157600,21.05
2010-09-07,27.22,27.22,26.9,26.92,135800,21.44
2010-09-08,26.99,27.2,26.98,27.09,223700,21.57
2010-09-09,27.37,27.37,27.02,27.13,123000,21.6
2010-09-10,27.24,27.24,27.1,27.2,119900,21.66
2010-09-13,27.61,27.64,27.4,27.62,129400,21.99
2010-09-14,27.5,27.98,27.45,27.84,73300,22.17
2010-09-15,27.56,27.57,27.38,27.52,118600,21.91
2010-09-16,27.28,27.28,27.08,27.19,124000,21.65
2010-09-17,27.29,27.36,27.25,27.32,110100,21.75
2010-09-20,27.67,27.83,27.52,27.77,118600,22.11
2010-09-21,27.77,28.09,27.66,27.89,156800,22.21
2010-09-22,27.87,28.23,27.84,28,62500,22.3
2010-09-23,27.52,27.78,27.5,27.53,67600,21.92
2010-09-24,27.8,27.87,27.77,27.85,113100,22.18
2010-09-27,28.18,28.18,27.8,27.9,8800,22.22
2010-09-28,27.8,28.11,27.7,28.1,9500,22.38
2010-09-29,27.8,27.88,27.75,27.81,7800,22.14
2010-09-30,27.7,27.7,27.15,27.28,26000,21.72
2010-10-01,27.96,30.74,27.93,28.22,33900,22.47
2010-10-04,28.17,28.21,27.84,27.93,20200,22.24
2010-10-05,28.54,28.6,28.23,28.55,20600,22.73
2010-10-06,28.79,28.79,27.56,28.54,29900,22.73
2010-10-07,28.73,28.73,28.17,28.32,20200,22.55
2010-10-08,28.38,28.63,28.35,28.61,23400,22.78
2010-10-11,28.7,28.7,28.43,28.44,16800,22.65
2010-10-12,28.43,28.7,28.42,28.7,15700,22.85
2010-10-13,28.85,29.12,28.8,28.98,13200,23.08
2010-10-14,29.05,29.06,28.83,28.93,69300,23.04
2010-10-15,28.95,28.95,28.68,28.82,19500,22.95
2010-10-18,28.92,29.23,28.92,29.17,11900,23.23
2010-10-19,28.38,28.41,28.1,28.1,15000,22.38
2010-10-20,28.15,28.77,28.15,28.67,22600,22.83
2010-10-21,28.58,28.84,28.29,28.44,21100,22.65
2010-10-22,28.85,28.85,28.6,28.66,2600,22.82
2010-10-25,29.03,29.31,29.03,29.07,29400,23.15
2010-10-26,28.6,28.66,28.5,28.62,22900,22.79
2010-10-27,28.43,28.43,28.16,28.35,10700,22.57
2010-10-28,28.9,28.95,28.82,28.86,36100,22.98
2010-10-29,29.36,29.46,29.3,29.41,16600,23.42
2010-11-01,29.66,29.66,29.22,29.22,6000,23.27
2010-11-02,29.93,30.03,29.91,29.96,10300,23.86
2010-11-03,30.1,30.3,29.92,30.29,30000,24.12
2010-11-04,31.2,31.2,31.07,31.15,20900,24.8
2010-11-05,30.88,30.97,30.62,30.95,19300,24.64
2010-11-08,30.43,30.52,30.2,30.46,36600,24.25
2010-11-09,30.82,30.82,29.91,29.91,29300,23.82
2010-11-10,30.55,30.63,30.19,30.63,21100,24.39
2010-11-11,30.37,30.37,30.12,30.23,70200,24.07
2010-11-12,30.05,30.14,29.69,29.9,20500,23.81
2010-11-15,30.32,30.38,30.01,30.06,24600,23.94
2010-11-16,29.85,29.85,29.38,29.53,38000,23.51
2010-11-17,29.52,29.68,29.47,29.54,23600,23.52
2010-11-18,29.88,30,29.84,29.99,8100,23.88
2010-11-19,29.63,29.82,29.52,29.82,9800,23.74
2010-11-22,29.6,29.81,29.46,29.81,12800,23.74
2010-11-23,29.12,29.14,28.68,28.71,26900,22.86
2010-11-24,29.01,29.39,28.94,29.3,36500,23.33
2010-11-26,28.69,28.71,28.58,28.58,17400,22.76
2010-11-29,28.5,28.68,28.28,28.68,13000,22.84
2010-11-30,28.29,28.55,28.29,28.43,7300,22.64
2010-12-01,28.6,28.92,28.6,28.9,8700,23.01
2010-12-02,28.58,29.16,28.58,29.12,12900,23.19
2010-12-03,29.05,29.5,29.05,29.42,17300,23.43
2010-12-06,29.25,29.32,29.18,29.32,9200,23.35
2010-12-07,29.42,29.54,29.09,29.1,16100,23.17
2010-12-08,28.98,28.98,28.72,28.76,68000,22.9
2010-12-09,28.66,28.66,28.47,28.65,50100,22.81
2010-12-10,28.57,28.57,28.46,28.48,14300,22.68
2010-12-13,28.82,29.06,28.82,28.89,18400,23
2010-12-14,28.83,28.85,28.66,28.67,13400,22.83
2010-12-15,28.4,28.55,28.19,28.19,8800,22.45
2010-12-16,28.18,28.3,28.04,28.27,14100,22.51
2010-12-17,28.4,28.48,28.32,28.45,8800,22.65
2010-12-20,28.64,28.73,28.57,28.71,26300,22.86
2010-12-21,28.28,28.29,28.2,28.24,17700,23
2010-12-22,28.24,28.26,28.16,28.24,13600,23
2010-12-23,28.37,28.5,28.32,28.42,14600,23.14
2010-12-27,28.47,28.5,28.32,28.49,9500,23.2
2010-12-28,28.65,28.81,28.61,28.81,9100,23.46
2010-12-29,28.88,29.15,28.88,29.15,6300,23.74
2010-12-30,29.22,29.33,29.12,29.24,6500,23.81
2010-12-31,29.21,29.42,29.17,29.38,11000,23.93
2011-01-03,29.45,29.53,29.32,29.42,22900,23.96
2011-01-04,29.05,29.14,28.88,28.99,18800,23.61
2011-01-05,28.85,29.09,28.85,29,177600,23.62
2011-01-06,29,29,28.62,28.69,24600,23.36
2011-01-07,28.76,28.83,28.34,28.65,37200,23.33
2011-01-10,28.5,28.79,28.46,28.73,75300,23.4
2011-01-11,28.66,28.84,28.65,28.83,23300,23.48
2011-01-12,28.8,29.05,28.79,29.05,10500,23.66
2011-01-13,29.51,29.58,29.36,29.36,15000,23.91
2011-01-14,29.42,29.54,29.32,29.45,166300,23.98
2011-01-18,29.38,29.42,29.26,29.33,14700,23.89
2011-01-19,29.4,29.45,28.99,29.03,26700,23.64
2011-01-20,28.7,28.72,28.4,28.72,10800,23.39
2011-01-21,29.04,29.04,28.85,28.94,9300,23.57
2011-01-24,28.96,29.22,28.93,29.13,18900,23.72
2011-01-25,29.09,29.27,29.03,29.27,13200,23.84
2011-01-26,29.22,29.55,29.2,29.55,10500,24.07
2011-01-27,29.41,29.55,29.37,29.46,6800,23.99
2011-01-28,29.73,29.73,29.22,29.28,29200,23.85
2011-01-31,29.3,29.5,29.24,29.43,14800,23.97
2011-02-01,29.5,29.91,29.5,29.9,38100,24.35
2011-02-02,29.73,29.75,29.57,29.65,15300,24.15
2011-02-03,29.12,29.46,29.12,29.44,10000,23.98
2011-02-04,29.51,29.64,29.32,29.48,8600,24.01
2011-02-07,29.71,29.87,29.7,29.76,10100,24.24
2011-02-08,29.6,29.95,29.6,29.84,7500,24.3
2011-02-09,29.64,29.76,29.55,29.57,7900,24.08
2011-02-10,29.13,29.3,29.06,29.11,10200,23.71
2011-02-11,28.8,29.12,28.75,29.12,15800,23.72
2011-02-14,28.94,29.03,28.9,28.96,35800,23.58
2011-02-15,28.89,28.97,28.8,28.88,14400,23.52
2011-02-16,28.75,29.03,28.75,29.03,6700,23.64
2011-02-17,29.13,29.38,29.07,29.33,13300,23.89
2011-02-18,29.43,29.65,29.43,29.49,5700,24.02
2011-02-22,28.56,28.7,28.29,28.31,23500,23.06
2011-02-23,28.39,28.49,28.24,28.41,41800,23.14
2011-02-24,28.52,28.55,28.24,28.47,19300,23.19
2011-02-25,28.54,28.7,28.53,28.67,11400,23.35
2011-02-28,28.66,28.8,28.66,28.74,32800,23.41
2011-03-01,28.8,28.8,28.5,28.5,44100,23.21
2011-03-02,28.51,28.76,28.51,28.69,38500,23.36
2011-03-03,28.93,28.93,28.76,28.86,51200,23.5
2011-03-04,28.74,28.74,28.4,28.58,82000,23.28
2011-03-07,28.86,28.88,28.45,28.58,21100,23.28
2011-03-08,28.5,28.8,28.45,28.72,34800,23.39
2011-03-09,28.63,28.66,28.48,28.54,26400,23.24
2011-03-10,28.14,28.32,28.07,28.18,57000,22.95
2011-03-11,28.16,28.66,28.16,28.56,185000,23.26
2011-03-14,27.92,28.18,27.86,28.14,51300,22.92
2011-03-15,27.21,27.73,27.04,27.69,85600,22.55
2011-03-16,27.51,27.53,26.88,27.08,84100,22.05
2011-03-17,27.32,27.35,27.06,27.16,40000,22.12
2011-03-18,27.41,27.61,27.41,27.55,16800,22.44
2011-03-21,27.95,28.04,27.88,27.95,26100,22.76
2011-03-22,28.25,28.25,28.04,28.15,9500,22.93
2011-03-23,28.03,28.5,28.03,28.49,17000,23.2
2011-03-24,28.77,29.04,28.71,28.98,64100,23.6
2011-03-25,28.97,29.08,28.83,28.88,61400,23.52
2011-03-28,29,29.27,29,29.07,24400,23.67
2011-03-29,29.09,29.55,29.09,29.55,14900,24.07
2011-03-30,29.55,29.76,29.52,29.73,12700,24.21
2011-03-31,29.74,29.96,29.73,29.81,50800,24.28
2011-04-01,29.98,30.23,29.92,30.12,61200,24.53
2011-04-04,30.04,30.22,29.96,30.15,191800,24.55
2011-04-05,30.1,30.39,30.1,30.24,15100,24.63
2011-04-06,30.37,30.59,30.35,30.49,18000,24.83
2011-04-07,30.4,30.53,30.15,30.36,39000,24.72
2011-04-08,30.53,30.69,30.27,30.29,29500,24.67
2011-04-11,30.66,30.71,30.4,30.48,25600,24.82
2011-04-12,30.63,30.63,30.43,30.52,21100,24.86
2011-04-13,30.94,30.94,30.67,30.73,11300,25.03
2011-04-14,30.67,30.98,30.61,30.95,28700,25.21
2011-04-15,31.16,31.36,31.04,31.33,121100,25.51
2011-04-18,30.84,30.84,30.23,30.67,91100,24.98
2011-04-19,30.76,30.76,30.57,30.7,16200,25
2011-04-20,31.23,31.55,31.23,31.37,23100,25.55
2011-04-21,31.58,31.69,31.52,31.67,18300,25.79
2011-04-25,31.68,31.68,31.41,31.51,12700,25.66
2011-04-26,31.73,31.99,31.68,31.96,26600,26.03
2011-04-27,32.03,32.11,31.64,32.09,41000,26.13
2011-04-28,31.81,31.94,31.59,31.94,12800,26.01
2011-04-29,32.04,32.44,32.04,32.36,17000,26.35
2011-05-02,31.9,32.15,31.82,31.86,79000,25.95
2011-05-03,31.54,31.73,31.29,31.41,49000,25.58
2011-05-04,31.64,31.64,30.98,31.24,57000,25.44
2011-05-05,30.98,31.16,30.75,30.88,20600,25.15
2011-05-06,31.69,31.92,31.38,31.5,26300,25.65
2011-05-09,31.59,31.78,31.43,31.77,5300,25.87
2011-05-10,31.88,32.07,31.75,32.03,17400,26.08
2011-05-11,32.04,32.04,31.57,31.64,23200,25.77
2011-05-12,31.84,32.26,31.64,32.11,18000,26.15
2011-05-13,31.96,31.96,31.32,31.44,13000,25.6
2011-05-16,31.56,31.89,31.54,31.55,17700,25.69
2011-05-17,31.44,31.87,31.4,31.84,14900,25.93
2011-05-18,31.99,32.16,31.91,32.15,16700,26.18
2011-05-19,32.14,32.14,31.87,32.08,17000,26.13
2011-05-20,32.25,32.47,31.94,32.19,57200,26.22
2011-05-23,31.54,31.88,31.54,31.81,37500,25.91
2011-05-24,32.33,32.57,32.33,32.48,186000,26.45
2011-05-25,32.35,32.72,32.35,32.64,28400,26.58
2011-05-26,32.71,32.71,32.36,32.65,19500,26.59
2011-05-27,32.93,32.96,32.7,32.73,29600,26.66
2011-05-31,33.37,33.53,33.18,33.53,61700,27.31
2011-06-01,33.43,33.46,32.7,32.77,39900,26.69
2011-06-02,33.04,33.07,32.72,33.03,54700,26.9
2011-06-03,32.52,32.96,32.35,32.75,98200,26.67
2011-06-06,32.8,32.88,32.52,32.7,122600,26.63
2011-06-07,33.05,33.13,32.88,32.89,26200,26.79
2011-06-08,32.71,33.05,32.71,32.9,25700,26.79
2011-06-09,32.96,33.32,32.96,33.26,26800,27.09
2011-06-10,33.13,33.13,32.71,32.74,35500,26.66
2011-06-13,32.45,32.54,32.23,32.54,29400,26.5
2011-06-14,32.71,32.97,32.66,32.85,143700,26.75
2011-06-15,32.55,32.6,32.04,32.17,33200,26.2
2011-06-16,32.08,32.2,31.86,32.08,31900,26.13
2011-06-17,32.61,32.61,32.33,32.41,36800,26.39
2011-06-20,32.4,32.48,32.25,32.42,41900,26.4
2011-06-21,32.41,32.75,32.35,32.72,200500,26.65
2011-06-22,32.09,32.39,32.07,32.09,34100,26.46
2011-06-23,31.75,32.24,31.67,32.22,36500,26.57
2011-06-24,31.92,31.94,31.63,31.72,18500,26.15
2011-06-27,31.52,31.79,31.29,31.79,13000,26.21
2011-06-28,31.65,31.97,31.55,31.91,23800,26.31
2011-06-29,31.78,32.06,31.73,32.04,12000,26.42
2011-06-30,32.35,32.59,32.35,32.58,33500,26.86
2011-07-01,32.37,32.86,32.35,32.81,54200,27.05
2011-07-05,32.6,32.71,32.37,32.42,43200,26.73
2011-07-06,32.17,32.26,32.02,32.17,70100,26.52
2011-07-07,32.65,32.79,32.54,32.78,60700,27.03
2011-07-08,32.31,32.7,32.31,32.68,43400,26.95
2011-07-11,32.34,32.34,32.04,32.1,58800,26.47
2011-07-12,31.94,32.09,31.83,31.89,23000,26.29
2011-07-13,32.1,32.66,32.1,32.46,16800,26.76
2011-07-14,32.73,32.96,32.5,32.51,8900,26.81
2011-07-15,32.66,32.74,32.41,32.74,9700,26.99
2011-07-18,32.51,32.51,32.23,32.43,19600,26.74
2011-07-19,33.11,33.38,33.11,33.32,219400,27.47
2011-07-20,33.28,33.43,33.12,33.4,41400,27.54
2011-07-21,33.61,33.94,33.57,33.87,21200,27.93
2011-07-22,33.99,34.14,33.92,34.11,42500,28.12
2011-07-25,33.93,34.16,33.79,34.05,47600,28.07
2011-07-26,34.16,34.16,33.88,34.05,17400,28.07
2011-07-27,34.16,34.16,33.58,33.65,30000,27.75
2011-07-28,33.97,34.13,33.73,33.73,18200,27.81
2011-07-29,33.75,34.26,33.64,34,34900,28.03
2011-08-01,34.45,34.45,33.79,34.09,33700,28.11
2011-08-02,33.91,34.08,33.7,33.74,16500,27.82
2011-08-03,33.68,33.69,33.15,33.52,37500,27.64
2011-08-04,32.87,32.91,31.82,31.9,97600,26.3
2011-08-05,31.63,31.96,30.99,31.81,73500,26.23
2011-08-08,30.34,30.51,29.27,29.33,235600,24.18
2011-08-09,29.42,30.29,28.44,30.29,284000,24.97
2011-08-10,29.53,29.65,28.63,28.7,65100,23.66
2011-08-11,29.57,30.7,29.47,30.57,47900,25.21
2011-08-12,30.57,30.81,30.45,30.6,15800,25.23
2011-08-15,30.92,31.25,30.68,31.25,63300,25.77
2011-08-16,31.13,31.57,31.03,31.41,29900,25.9
2011-08-17,31.77,31.93,31.5,31.6,13100,26.05
2011-08-18,30.97,31,30.32,30.62,17300,25.25
2011-08-19,31.04,31.51,30.69,30.69,29000,25.3
2011-08-22,31.52,31.56,31.1,31.15,25700,25.68
2011-08-23,31.24,32.66,31.11,32.36,351200,26.68
2011-08-24,31.55,31.77,31.39,31.71,25100,26.15
2011-08-25,31.74,31.81,31.28,31.53,57100,26
2011-08-26,31.28,32.07,31.12,31.98,9400,26.37
2011-08-29,32.2,32.47,32.2,32.44,18000,26.75
2011-08-30,32.29,32.67,32.23,32.66,11600,26.93
2011-08-31,32.82,32.91,32.49,32.57,43900,26.85
2011-09-01,32.36,32.44,32.17,32.18,19000,26.53
2011-09-02,31.79,31.92,31.5,31.56,9600,26.02
2011-09-06,30.99,31.11,30.68,30.82,108300,25.41
2011-09-07,31.28,31.74,31.28,31.55,27800,26.01
2011-09-08,31.53,31.8,31.25,31.31,5700,25.82
2011-09-09,31.05,31.12,30.65,30.77,13800,25.37
2011-09-12,30.52,30.85,30.2,30.72,59800,25.33
2011-09-13,31.01,31.21,30.83,31.05,13000,25.6
2011-09-14,31.02,31.36,30.77,31.14,61600,25.68
2011-09-15,31.26,31.71,31.02,31.31,75100,25.82
2011-09-16,31.54,31.69,31.3,31.56,29000,26.02
2011-09-19,30.98,31.45,30.86,31.29,21500,25.8
2011-09-20,31.37,31.55,31.24,31.26,11800,25.77
2011-09-21,31.16,31.21,30,30,22300,24.74
2011-09-22,29.34,29.65,29,29.54,28800,24.36
2011-09-23,29.33,29.57,28.99,29.13,87500,24.02
2011-09-26,29.07,29.42,28.76,29.42,17400,24.26
2011-09-27,30.02,30.74,30.02,30.37,297000,25.04
2011-09-28,30.12,30.23,29.33,29.33,15800,24.18
2011-09-29,29.98,30.11,28.88,29.27,122300,24.13
2011-09-30,29.23,29.63,28.85,28.98,84700,23.89
2011-10-03,28.91,29.44,28.5,28.61,69700,23.59
2011-10-04,28.54,29.46,28,29.41,63800,24.25
2011-10-05,29.46,29.85,29.13,29.7,37000,24.49
2011-10-06,29.75,30.02,29.4,29.99,103000,24.73
2011-10-07,30.14,30.37,29.84,29.91,145800,24.66
2011-10-10,30.34,30.63,30.34,30.57,25400,25.21
2011-10-11,30.38,30.66,30.28,30.53,20800,25.17
2011-10-12,30.38,30.65,30.18,30.36,52600,25.03
2011-10-13,29.75,30,29.51,29.8,17900,24.57
2011-10-14,30.35,30.4,30.19,30.4,18300,25.07
2011-10-17,29.78,29.78,29.32,29.33,15700,24.18
2011-10-18,29.18,30,29.11,29.74,15400,24.52
2011-10-19,29.79,29.82,29.03,29.09,470400,23.99
2011-10-20,29.62,29.68,29.03,29.54,86900,24.36
2011-10-21,29.76,30.09,29.76,30.07,58900,24.79
2011-10-24,30.18,30.58,30.08,30.38,53000,25.05
2011-10-25,29.55,29.71,28.93,29.04,518500,23.94
2011-10-26,29.74,29.74,29.17,29.46,32000,24.29
2011-10-27,30.53,30.91,30.44,30.82,55700,25.41
2011-10-28,30.61,31.03,30.61,31.01,24800,25.57
2011-10-31,30.43,30.53,30.13,30.13,58800,24.84
2011-11-01,29.59,29.85,29.52,29.54,27100,24.36
2011-11-02,29.75,29.87,29.35,29.77,56000,24.55
2011-11-03,30.1,30.29,29.65,30.19,57200,24.89
2011-11-04,29.64,29.94,29.63,29.82,199400,24.59
2011-11-07,30.05,30.23,29.86,30.19,13500,24.89
2011-11-08,30.31,30.54,30.07,30.52,84500,25.16
2011-11-09,29.34,29.63,29.05,29.12,20700,24.01
2011-11-10,29.19,29.48,29.19,29.48,84100,24.31
2011-11-11,29.62,30.01,29.52,29.91,37300,24.66
2011-11-14,29.25,29.29,28.83,28.9,24900,23.83
2011-11-15,28.92,29.09,28.75,28.98,13300,23.89
2011-11-16,28.51,28.74,28.19,28.19,22200,23.24
2011-11-17,28.07,28.16,27.63,27.69,39100,22.83
2011-11-18,27.97,27.97,27.61,27.74,18500,22.87
2011-11-21,27.5,27.5,27.05,27.31,21600,22.52
2011-11-22,27.31,27.39,27.09,27.31,20900,22.52
2011-11-23,27.29,27.4,27.11,27.16,57800,22.39
2011-11-25,27,27.32,26.97,26.97,25900,22.24
2011-11-28,27.66,27.99,27.55,27.63,56900,22.78
2011-11-29,27.87,28.1,27.85,27.94,41400,23.04
2011-11-30,29.29,29.43,28.96,29.31,32200,24.17
2011-12-01,28.92,28.92,28.68,28.69,36200,23.66
2011-12-02,29.17,29.17,28.75,28.76,8000,23.71
2011-12-05,29.19,29.26,28.82,28.94,8000,23.86
2011-12-06,28.97,29.14,28.79,28.99,8200,23.9
2011-12-07,28.65,28.83,28.49,28.79,29600,23.74
2011-12-08,28.6,28.61,28.1,28.17,15800,23.23
2011-12-09,28.68,29.03,28.68,29.01,7400,23.92
2011-12-12,28.35,28.36,28,28.11,16000,23.18
2011-12-13,28.51,28.7,27.97,27.97,18700,23.06
2011-12-14,27.91,27.96,27.63,27.72,6800,22.86
2011-12-15,28.1,28.1,27.88,27.88,31800,22.99
2011-12-16,28.06,28.21,27.86,27.99,27200,23.08
2011-12-19,28,28.12,27.5,27.54,28200,22.71
2011-12-20,26.81,26.89,26.79,26.89,6400,23.37
2011-12-21,26.66,26.66,26.41,26.66,18300,23.17
2011-12-22,26.74,27.03,26.74,26.85,29900,23.34
2011-12-23,26.91,26.96,26.79,26.9,18400,23.38
2011-12-27,26.79,26.93,26.78,26.82,25500,23.31
2011-12-28,27.15,27.16,26.76,26.77,10600,23.27
2011-12-29,26.94,27.18,26.93,27.16,32000,23.61
2011-12-30,27.46,27.78,27.38,27.56,29300,23.95
2012-01-03,28.07,28.35,28.07,28.22,43100,24.53
2012-01-04,27.93,28.15,27.78,28.03,52400,24.36
2012-01-05,27.79,27.81,27.57,27.77,22500,24.14
2012-01-06,27.49,27.58,27.39,27.42,101500,23.83
2012-01-09,27.53,27.72,27.45,27.71,35400,24.08
2012-01-10,27.85,28.07,27.84,27.87,17900,24.22
2012-01-11,27.69,27.93,27.69,27.88,11300,24.23
2012-01-12,27.7,27.89,27.6,27.84,34900,24.2
2012-01-13,27.49,27.58,27.38,27.57,7700,23.96
2012-01-17,28.02,28.04,27.83,27.97,26200,24.31
2012-01-18,28.23,28.63,28.23,28.62,31400,24.88
2012-01-19,28.54,28.58,28.47,28.55,11700,24.82
2012-01-20,28.67,28.75,28.55,28.69,14700,24.94
2012-01-23,29.03,29.23,28.87,29.01,17900,25.21
2012-01-24,28.59,28.86,28.48,28.84,15900,25.07
2012-01-25,28.63,29.26,28.53,29.26,19300,25.43
2012-01-26,29.54,29.56,29.14,29.17,20600,25.35
2012-01-27,29.46,29.59,29.44,29.55,16000,25.68
2012-01-30,29.41,29.61,29.31,29.46,12800,25.61
2012-01-31,29.79,29.79,29.43,29.54,13300,25.68
2012-02-01,30.01,30.23,30.01,30.06,42100,26.13
2012-02-02,29.98,30.1,29.95,29.96,13200,26.04
2012-02-03,30.16,30.37,30.16,30.36,22200,26.39
2012-02-06,30.11,30.22,29.99,30.22,26300,26.27
2012-02-07,30.01,30.26,29.94,30.25,31600,26.29
2012-02-08,30.37,30.37,30.06,30.24,9500,26.28
2012-02-09,30.43,30.52,30.21,30.37,34700,26.4
2012-02-10,30.23,30.28,30.08,30.23,33500,26.28
2012-02-13,30.47,30.53,30.29,30.44,14200,26.46
2012-02-14,30.19,30.34,30.05,30.28,34200,26.32
2012-02-15,29.98,30.09,29.81,29.83,9000,25.93
2012-02-16,29.76,30.13,29.76,30.09,49000,26.15
2012-02-17,29.97,29.98,29.82,29.92,30100,26.01
2012-02-21,30.35,30.35,30.14,30.21,40600,26.26
2012-02-22,29.92,29.98,29.78,29.95,9900,26.03
2012-02-23,30.07,30.25,29.88,30.25,17400,26.29
2012-02-24,30.18,30.23,30.09,30.16,6600,26.21
2012-02-27,29.88,30.29,29.86,30.24,7400,26.28
2012-02-28,30.08,30.16,29.94,30.13,9500,26.19
2012-02-29,30.54,30.54,29.93,29.99,9900,26.07
2012-03-01,30.31,30.57,30.31,30.41,55000,26.43
2012-03-02,30.52,30.55,30.27,30.36,7300,26.39
2012-03-05,30.45,30.46,30.21,30.24,16800,26.28
2012-03-06,30.03,30.03,29.84,29.91,37100,26
2012-03-07,30.28,30.62,30.28,30.53,185000,26.54
2012-03-08,30.75,30.96,30.68,30.85,48300,26.81
2012-03-09,30.96,31.23,30.94,31.07,53000,27.01
2012-03-12,31.1,31.19,30.95,31.18,22900,27.1
2012-03-13,31.44,31.61,31.26,31.58,20900,27.45
2012-03-14,31.38,31.45,31.06,31.12,54000,27.05
2012-03-15,31.66,31.95,31.5,31.85,59200,27.68
2012-03-16,31.82,31.9,31.7,31.81,17700,27.65
2012-03-19,31.57,31.89,31.53,31.77,39000,27.61
2012-03-20,31.29,31.47,31.26,31.37,40600,27.27
2012-03-21,31.37,31.46,31.19,31.46,19000,27.34
2012-03-22,30.79,30.99,30.66,30.91,26000,26.87
2012-03-23,30.79,31.16,30.7,31.14,23800,27.07
2012-03-26,31.53,31.69,31.38,31.69,51700,27.54
2012-03-27,31.63,31.69,31.48,31.52,14500,27.4
2012-03-28,31.38,31.38,31.08,31.13,21500,27.06
2012-03-29,31.13,31.3,31.11,31.3,9500,27.21
2012-03-30,31.7,31.7,31.59,31.66,26300,27.52
2012-04-02,31.54,31.83,31.36,31.72,34700,27.57
2012-04-03,31.4,31.53,31.1,31.28,31500,27.19
2012-04-04,31.04,31.04,30.88,30.99,11600,26.94
2012-04-05,30.9,31.09,30.78,30.99,59900,26.94
2012-04-09,30.83,31,30.74,30.86,24400,26.82
2012-04-10,31.15,31.2,30.7,30.75,35600,26.73
2012-04-11,31.17,31.2,30.96,31.01,18300,26.95
2012-04-12,31.33,31.66,31.33,31.62,10500,27.48
2012-04-13,31.62,31.62,31.23,31.25,59100,27.16
2012-04-16,31.27,31.32,31.08,31.19,25600,27.11
2012-04-17,31.32,31.63,31.26,31.55,28900,27.42
2012-04-18,31.48,31.61,31.42,31.46,191000,27.34
2012-04-19,31.36,31.63,31.28,31.36,9900,27.26
2012-04-20,31.28,31.55,31.28,31.39,43300,27.28
2012-04-23,31.11,31.22,31.04,31.22,17800,27.14
2012-04-24,31.48,31.58,31.35,31.48,25800,27.36
2012-04-25,31.64,31.83,31.61,31.83,32800,27.67
2012-04-26,31.55,31.67,31.33,31.66,14500,27.52
2012-04-27,31.78,31.97,31.71,31.86,22500,27.69
2012-04-30,31.92,31.92,31.72,31.72,23000,27.57
2012-05-01,31.83,32.15,31.82,32.08,17100,27.88
2012-05-02,32.16,32.21,32.01,32.2,8800,27.99
2012-05-03,31.53,31.54,31.26,31.36,68000,27.26
2012-05-04,30.91,30.91,30.65,30.74,20300,26.72
2012-05-07,30.74,31,30.74,30.91,40000,26.87
2012-05-08,30.6,30.65,30.3,30.61,81500,26.61
2012-05-09,30.45,30.71,30.41,30.64,9200,26.63
2012-05-10,30.98,31.01,30.76,30.76,24000,26.74
2012-05-11,30.44,30.75,30.44,30.51,11000,26.52
2012-05-14,30.2,30.34,30.07,30.22,29200,26.27
2012-05-15,29.83,29.96,29.6,29.63,26000,25.75
2012-05-16,29.51,29.67,29.3,29.35,61600,25.51
2012-05-17,29.34,29.37,29.02,29.02,86200,25.22
2012-05-18,29.22,29.22,28.66,28.76,55300,25
2012-05-21,28.94,29.45,28.94,29.42,20700,25.57
2012-05-22,29.52,29.72,29.12,29.19,46300,25.37
2012-05-23,28.71,28.94,28.48,28.92,43000,25.14
2012-05-24,28.91,28.98,28.63,28.78,24300,25.01
2012-05-25,28.85,28.85,28.67,28.7,6200,24.95
2012-05-29,28.95,29.09,28.77,29,14300,25.21
2012-05-30,28.7,28.74,28.49,28.58,19600,24.84
2012-05-31,28.87,28.87,28.49,28.77,19500,25.01
2012-06-01,28.21,28.25,27.96,27.97,43500,24.31
2012-06-04,28.1,28.27,27.86,28.1,88000,24.42
2012-06-05,28.1,28.31,27.97,28.29,74100,24.59
2012-06-06,28.9,29.29,28.82,29.29,39200,25.46
2012-06-07,29.42,29.42,29.04,29.06,14600,25.26
2012-06-08,28.76,28.97,28.66,28.97,11800,25.18
2012-06-11,29.26,29.26,28.6,28.6,19200,24.86
2012-06-12,28.86,29.08,28.72,28.98,53700,25.19
2012-06-13,28.6,28.7,28.26,28.33,26500,24.62
2012-06-14,28.72,29.07,28.72,29,36400,25.21
2012-06-15,29.32,29.63,29.32,29.6,22800,25.73
2012-06-18,29.49,29.8,29.49,29.73,20200,25.84
2012-06-19,30.21,30.39,30.16,30.26,18600,26.3
2012-06-20,29.86,29.87,29.53,29.71,23100,25.82
2012-06-21,29.03,29.03,28.3,28.3,58600,25.12
2012-06-22,28.46,28.69,28.46,28.65,15000,25.43
2012-06-25,28.51,28.51,28.31,28.41,18600,25.22
2012-06-26,28.5,28.61,28.28,28.46,15700,25.27
2012-06-27,28.42,28.71,28.42,28.66,13700,25.44
2012-06-28,28.46,28.57,28.27,28.57,19500,25.36
2012-06-29,28.98,29.07,28.93,28.99,67000,25.74
2012-07-02,29.32,29.45,29.23,29.38,29300,26.08
2012-07-03,29.33,29.59,29.24,29.35,103400,26.06
2012-07-05,29.56,29.82,29.56,29.73,17600,26.39
2012-07-06,29.42,29.47,29.18,29.47,13900,26.16
2012-07-09,29.39,29.52,29.32,29.5,199700,26.19
2012-07-10,29.44,29.51,29.04,29.13,25500,25.86
2012-07-11,29.38,29.57,29.36,29.42,6400,26.12
2012-07-12,29.35,29.49,29.24,29.48,16100,26.17
2012-07-13,29.53,29.74,29.53,29.74,13100,26.4
2012-07-16,29.37,29.37,29.13,29.21,37600,25.93
2012-07-17,29.15,29.3,28.82,29.24,29900,25.96
2012-07-18,29.25,29.59,29.25,29.52,18100,26.21
2012-07-19,29.6,29.64,29.5,29.59,6100,26.27
2012-07-20,29.24,29.27,29.11,29.19,22600,25.91
2012-07-23,28.88,28.94,28.7,28.94,18000,25.69
2012-07-24,28.78,28.78,28.56,28.69,17800,25.47
2012-07-25,28.81,29.1,28.81,28.95,9000,25.7
2012-07-26,29.61,29.82,29.58,29.72,23900,26.38
2012-07-27,29.74,30.19,29.74,30.19,5000,26.8
2012-07-30,30.21,30.23,30.04,30.11,8800,26.73
2012-07-31,30.28,30.45,30.25,30.34,12600,26.93
2012-08-01,30.29,30.54,30.25,30.25,30600,26.85
2012-08-02,30.29,30.56,30.21,30.28,79200,26.88
2012-08-03,30.73,31.06,30.61,31,80200,27.52
2012-08-06,31.13,31.15,31.05,31.08,12100,27.59
2012-08-07,31.25,31.34,31.14,31.16,210000,27.66
2012-08-08,30.9,31,30.85,30.96,4500,27.49
2012-08-09,30.62,30.84,30.59,30.65,91400,27.21
2012-08-10,30.6,30.81,30.58,30.76,95100,27.31
2012-08-13,30.9,30.93,30.77,30.86,24400,27.4
2012-08-14,31.03,31.03,30.81,30.82,14400,27.36
2012-08-15,30.93,31.18,30.93,31.17,25900,27.67
2012-08-16,31.03,31.18,30.91,31.18,38400,27.68
2012-08-17,31.18,31.19,31.01,31.09,28800,27.6
2012-08-20,31.3,31.4,31.21,31.33,17600,27.81
2012-08-21,31.74,31.88,31.52,31.58,11100,28.04
2012-08-22,31.32,31.51,31.21,31.51,12000,27.97
2012-08-23,31.44,31.44,31.29,31.43,60200,27.9
2012-08-24,30.96,31.18,30.85,31.12,20300,27.63
2012-08-27,31.01,31.07,30.91,30.98,11900,27.5
2012-08-28,30.87,30.97,30.86,30.87,6600,27.41
2012-08-29,30.84,30.87,30.69,30.69,23300,27.25
2012-08-30,30.69,30.76,30.55,30.55,9300,27.12
2012-08-31,31.13,31.24,30.9,31.04,18300,27.56
2012-09-04,30.79,30.81,30.57,30.69,105600,27.25
2012-09-05,30.88,30.88,30.59,30.68,83800,27.24
2012-09-06,30.96,31.45,30.96,31.39,114400,27.87
2012-09-07,31.65,31.87,31.56,31.85,48000,28.28
2012-09-10,31.88,32.01,31.77,31.77,23000,28.2
2012-09-11,32.2,32.56,32.2,32.49,19500,28.84
2012-09-12,32.91,32.92,32.75,32.83,9000,29.15
2012-09-13,32.77,33.64,32.77,33.51,32000,29.75
2012-09-14,33.37,33.66,33.34,33.46,62700,29.7
2012-09-17,33.56,33.57,33.3,33.34,25700,29.6
2012-09-18,33.25,33.36,33.19,33.27,7000,29.54
2012-09-19,33.3,33.36,33.21,33.26,50400,29.53
2012-09-20,33.31,33.51,33.3,33.5,15500,29.74
2012-09-21,33.7,33.72,33.42,33.5,19300,29.74
2012-09-24,33.12,33.2,32.95,33.16,25100,29.44
2012-09-25,33.45,33.55,33.02,33.17,56000,29.45
2012-09-26,32.9,33.13,32.9,33.06,24200,29.35
2012-09-27,33.33,33.63,33.31,33.54,5500,29.78
2012-09-28,33.69,33.81,33.47,33.6,82100,29.83
2012-10-01,33.92,34.1,33.81,33.87,153700,30.07
2012-10-02,34.4,34.51,34.06,34.19,126200,30.35
2012-10-03,34.21,34.22,33.93,34.01,97600,30.19
2012-10-04,33.97,34.09,33.81,34,20900,30.18
2012-10-05,34.22,34.45,33.84,34.02,33600,30.2
2012-10-08,34.28,34.35,34.03,34.16,79000,30.33
2012-10-09,34.03,34.07,33.67,33.73,65600,29.94
2012-10-10,33.81,33.84,33.57,33.71,63200,29.93
2012-10-11,33.82,33.99,33.6,33.62,27000,29.85
2012-10-12,33.65,33.9,33.59,33.71,7000,29.93
2012-10-15,34.05,34.25,33.83,34.16,53300,30.33
2012-10-16,34.05,34.32,34.04,34.32,182600,30.47
2012-10-17,34.53,34.84,34.53,34.76,153400,30.86
2012-10-18,34.86,34.97,34.74,34.74,92400,30.84
2012-10-19,34.9,34.9,34.24,34.41,10200,30.55
2012-10-22,32.62,34.68,32.62,34.6,255600,30.72
2012-10-23,34.14,34.49,34.13,34.35,9000,30.49
2012-10-24,34.6,34.76,34.48,34.51,86400,30.64
2012-10-25,35.05,35.05,34.56,34.74,31400,30.84
2012-10-26,34.84,34.97,34.71,34.93,20100,31.01
2012-10-31,34.19,34.44,34.06,34.44,31200,30.57
2012-11-01,34.64,34.7,34.56,34.61,28700,30.73
2012-11-02,34.44,34.44,33.98,34.01,99200,30.19
2012-11-05,34,34.11,33.85,33.96,19800,30.15
2012-11-06,34.47,34.53,34.32,34.5,20700,30.63
2012-11-07,34.4,34.4,33.9,34.14,103400,30.31
2012-11-08,34.21,34.21,33.76,33.95,25200,30.14
2012-11-09,33.76,34.22,33.76,33.97,66600,30.16
2012-11-12,34.35,34.53,34.3,34.39,43700,30.53
2012-11-13,34.29,34.55,34.19,34.34,40700,30.49
2012-11-14,33.97,34.09,33.58,33.67,45300,29.89
2012-11-15,33.87,34.09,33.6,33.97,158600,30.16
2012-11-16,33.66,33.96,33.5,33.74,120500,29.95
2012-11-19,33.93,34.32,33.93,34.26,35800,30.41
2012-11-20,34.34,34.34,34.02,34.29,43000,30.44
2012-11-21,34.08,34.15,33.95,34.08,16300,30.26
2012-11-23,34.55,35,34.54,35,13500,31.07
2012-11-26,34.81,35.01,34.67,34.87,28600,30.96
2012-11-27,34.81,34.81,34.49,34.66,16700,30.77
2012-11-28,34.59,34.98,34.59,34.75,13700,30.85
2012-11-29,34.92,34.98,34.71,34.84,36500,30.93
2012-11-30,34.83,35.03,34.71,34.84,52800,30.93
2012-12-03,34.9,34.9,34.57,34.71,209300,30.81
2012-12-04,34.72,34.72,34.48,34.67,55300,30.78
2012-12-05,34.47,34.79,34.14,34.14,65600,30.31
2012-12-06,34.93,35.29,34.93,35.18,144100,31.23
2012-12-07,35.38,35.38,35.18,35.35,41300,31.38
2012-12-10,35.46,35.6,35.21,35.24,152500,31.28
2012-12-11,35.51,35.57,35.39,35.49,27500,31.51
2012-12-12,35.28,35.41,35.06,35.2,24800,31.25
2012-12-13,35.12,35.15,34.77,34.86,307000,30.95
2012-12-14,35.06,35.34,34.84,35.12,49800,31.18
2012-12-17,34.98,35.07,34.77,35.03,62400,31.1
2012-12-18,34.23,34.26,33.94,34.25,74000,31.25
2012-12-19,34.48,34.56,34.21,34.3,123900,31.3
2012-12-20,34.91,34.94,34.71,34.93,21600,31.87
2012-12-21,34.25,34.34,34.08,34.31,30500,31.3
2012-12-24,34.21,34.22,34.08,34.09,11100,31.1
2012-12-26,34.05,34.05,33.6,33.92,35200,30.95
2012-12-27,33.99,34.12,33.73,34.11,15900,31.12
2012-12-28,34.17,34.29,33.97,34.06,25000,31.08
2012-12-31,34.02,34.92,34.02,34.58,27200,31.55
2013-01-02,35.14,35.23,34.9,35.06,65100,31.99
2013-01-03,34.85,34.86,34.49,34.55,23500,31.52
2013-01-04,34.48,34.77,34.43,34.69,82700,31.65
2013-01-07,34.84,35.1,34.63,34.84,86600,31.79
2013-01-08,34.9,34.93,34.65,34.92,38600,31.86
2013-01-09,35.17,35.31,35.12,35.21,86100,32.13
2013-01-10,35.59,35.69,35.37,35.67,103400,32.55
2013-01-11,35.54,35.54,35.34,35.37,55500,32.27
2013-01-14,35.69,35.8,35.53,35.76,56000,32.63
2013-01-15,35.86,36,35.71,35.97,49000,32.82
2013-01-16,35.7,36.01,35.7,35.96,66100,32.81
2013-01-17,36.21,36.41,36.21,36.39,59200,33.2
2013-01-18,35.85,35.93,35.66,35.93,29300,32.78
2013-01-22,36.19,36.26,36.09,36.25,20600,33.07
2013-01-23,36.38,36.38,36.1,36.23,25800,33.06
2013-01-24,36.13,36.2,36.02,36.03,36600,32.87
2013-01-25,36.28,36.32,36.05,36.17,35400,33
2013-01-28,36.11,36.11,35.8,35.93,55300,32.78
2013-01-29,36.04,36.22,35.91,36.18,46800,33.01
2013-01-30,36.33,36.48,36.23,36.43,78000,33.24
2013-01-31,36.61,36.89,36.61,36.7,222600,33.49
2013-02-01,37.03,37.11,36.91,37.02,180000,33.78
2013-02-04,36.84,36.94,36.72,36.76,121100,33.54
2013-02-05,36.5,36.73,36.41,36.65,48600,33.44
2013-02-06,36.26,36.5,36.21,36.5,74900,33.3
2013-02-07,35.97,35.97,35.49,35.72,107400,32.59
2013-02-08,36.09,36.34,36.09,36.15,154000,32.98
2013-02-11,35.98,36.16,35.96,36.09,18700,32.93
2013-02-12,36.2,36.43,36.2,36.28,14900,33.1
2013-02-13,36.32,36.34,36.24,36.32,33900,33.14
2013-02-14,36.68,36.81,36.61,36.73,44700,33.51
2013-02-15,36.45,36.47,36.09,36.23,36300,33.06
2013-02-19,36.65,36.9,36.63,36.76,29900,33.54
2013-02-20,36,36,35.56,35.58,45700,32.46
2013-02-21,35.37,35.44,35.1,35.29,52700,32.2
2013-02-22,35.72,35.99,35.72,35.99,32500,32.84
2013-02-25,36.33,36.35,35.68,35.69,25300,32.56
2013-02-26,35.83,35.83,35.43,35.64,17100,32.52
2013-02-27,35.89,36.22,35.86,36.15,65900,32.98
2013-02-28,36.47,36.5,36.23,36.31,52200,33.13
2013-03-01,36.17,36.38,36.17,36.35,26100,33.17
2013-03-04,35.61,35.86,35.54,35.76,120500,32.63
2013-03-05,36,36.24,35.94,36.21,75000,33.04
2013-03-06,36.4,36.42,36.12,36.2,48400,33.03
2013-03-07,36.55,36.72,36.49,36.59,22300,33.38
2013-03-08,36.62,36.65,35.87,36.15,185000,32.98
2013-03-11,36.27,36.59,36.27,36.51,31400,33.31
2013-03-12,36.75,36.75,36.47,36.58,31700,33.38
2013-03-13,36.3,36.3,36.05,36.21,19300,33.04
2013-03-14,36.25,36.54,36.23,36.5,23800,33.3
2013-03-15,36.41,36.64,36.32,36.6,120700,33.39
2013-03-18,36.04,36.38,36.04,36.2,56700,33.03
2013-03-19,36.09,36.09,35.82,36.06,37600,32.9
2013-03-20,36.08,36.11,35.97,36.04,62100,32.88
2013-03-21,36.13,36.33,36.07,36.12,82700,32.96
2013-03-22,36.37,36.55,36.35,36.54,19600,33.34
2013-03-25,36.42,36.42,36.03,36.18,31000,33.01
2013-03-26,36.35,36.6,36.35,36.6,33800,33.39
2013-03-27,36.85,37.12,36.84,37.07,15000,33.82
2013-03-28,37.16,37.3,37.15,37.27,38000,34.01
2013-04-01,37.12,37.33,37.02,37.19,57000,33.93
2013-04-02,37.23,37.37,37.18,37.23,106300,33.97
2013-04-03,37.5,37.55,37.15,37.25,121000,33.99
2013-04-04,37.31,37.64,37.28,37.51,237200,34.22
2013-04-05,37.03,37.64,37.03,37.55,91700,34.26
2013-04-08,37.42,37.49,37.24,37.48,117400,34.2
2013-04-09,37.51,37.74,37.33,37.6,99500,34.31
2013-04-10,37.97,38.23,37.94,38.18,158900,34.84
2013-04-11,38.29,38.45,38.19,38.36,111700,35
2013-04-12,38.11,38.33,37.97,38.19,38900,34.84
2013-04-15,37.71,37.76,37.08,37.08,117400,33.83
2013-04-16,37.71,37.98,37.65,37.96,164800,34.63
2013-04-17,37.8,37.9,37.59,37.67,96000,34.37
2013-04-18,37.73,37.74,37.34,37.48,42200,34.2
2013-04-19,37.79,37.83,37.64,37.76,51500,34.45
2013-04-22,37.95,38.08,37.73,38.05,100900,34.72
2013-04-23,38.27,38.54,38.27,38.48,54600,35.11
2013-04-24,38.58,38.83,38.49,38.76,26600,35.36
2013-04-25,39.09,39.19,38.89,39.01,19800,35.59
2013-04-26,38.92,38.92,38.65,38.74,27500,35.35
2013-04-29,39.13,39.56,39.13,39.52,56000,36.06
2013-04-30,39.5,39.66,39.38,39.61,79800,36.14
2013-05-01,39.15,39.23,38.95,39.02,62300,35.6
2013-05-02,38.83,39.08,38.82,39.04,118200,35.62
2013-05-03,38.91,39.04,38.86,38.96,70100,35.55
2013-05-06,38.92,39.29,38.92,39.26,141500,35.82
2013-05-07,39.39,39.39,39.09,39.3,64600,35.86
2013-05-08,39.04,39.27,38.93,39.25,232100,35.81
2013-05-09,39.34,39.4,38.86,39.1,25900,35.68
2013-05-10,38.93,38.93,38.61,38.86,38200,35.46
2013-05-13,38.86,38.9,38.62,38.68,71500,35.29
2013-05-14,38.36,38.57,38.29,38.43,66600,35.06
2013-05-15,38.45,38.45,38.24,38.38,68500,35.02
2013-05-16,38.11,38.12,37.73,37.76,91000,34.45
2013-05-17,36.89,37.17,36.77,36.88,186900,33.65
2013-05-20,36.98,37.33,36.98,37.2,272700,33.94
2013-05-21,37.1,37.35,36.92,37.21,27000,33.95
2013-05-22,37.22,37.68,36.69,36.77,87000,33.55
2013-05-23,37.04,37.32,36.82,37.2,47900,33.94
2013-05-24,36.26,36.44,36.2,36.36,63600,33.18
2013-05-28,36.37,36.46,36.03,36.09,94700,32.93
2013-05-29,36.16,36.29,36.06,36.17,81800,33
2013-05-30,35.89,36.05,35.53,35.77,26500,32.64
2013-05-31,35.63,35.63,35.22,35.26,66200,32.17
2013-06-03,35.29,35.81,35.28,35.68,289300,32.55
2013-06-04,35.49,35.57,35.3,35.5,116900,32.39
2013-06-05,35.2,35.26,34.56,34.66,310400,31.62
2013-06-06,34.86,35.54,34.84,35.54,35500,32.43
2013-06-07,35.02,35.21,34.77,34.89,127900,31.83
2013-06-10,35.02,35.2,34.9,35.08,39700,32.01
2013-06-11,34.37,34.94,34.35,34.75,53600,31.71
2013-06-12,35.44,35.47,34.96,35.01,36500,31.94
2013-06-13,34.89,35.69,34.89,35.57,32600,32.45
2013-06-14,35.4,35.64,35.05,35.13,36800,32.05
2013-06-17,35.55,35.9,35.23,35.46,32100,32.35
2013-06-18,35.6,35.77,35.56,35.61,44000,32.49
2013-06-19,35.52,35.66,34.68,34.74,70300,31.7
2013-06-20,33.87,34,33.3,33.54,36700,30.6
2013-06-21,33.62,33.83,33.09,33.57,150700,30.63
2013-06-24,33.68,34.03,33.41,33.76,61800,30.8
2013-06-25,33.63,33.82,33.37,33.53,58400,30.59
2013-06-26,34.27,34.68,34.26,34.33,57800,31.32
2013-06-27,33.62,33.96,33.52,33.55,57100,31.26
2013-06-28,33.55,33.68,33.2,33.55,204800,31.26
2013-07-01,33.55,33.93,33.55,33.72,57400,31.42
2013-07-02,33.58,33.82,33.48,33.59,137500,31.3
2013-07-03,33.45,33.96,33.45,33.89,19400,31.58
2013-07-05,33.91,34.07,33.48,33.71,43300,31.41
2013-07-08,34.28,34.44,34.13,34.19,63400,31.86
2013-07-09,34.74,34.77,34.49,34.71,36900,32.34
2013-07-10,35.01,35.05,34.65,34.74,39500,32.37
2013-07-11,35.03,35.06,34.65,35,27100,32.61
2013-07-12,34.63,34.81,34.58,34.74,29300,32.37
2013-07-15,34.88,35.22,34.88,35.15,38900,32.75
2013-07-16,35.02,35.2,34.96,35.2,24900,32.8
2013-07-17,35.45,35.5,35.27,35.39,19200,32.97
2013-07-18,35.21,35.32,35.14,35.28,21800,32.87
2013-07-19,35.41,35.41,35.24,35.33,42300,32.92
2013-07-22,35.42,35.48,35.26,35.28,175200,32.87
2013-07-23,35.5,35.67,35.45,35.55,110800,33.12
2013-07-24,35.46,35.56,35.23,35.37,21800,32.96
2013-07-25,35.63,36.06,35.6,36.01,74900,33.55
2013-07-26,35.84,36.17,35.66,36.15,51900,33.68
2013-07-29,35.85,35.94,35.6,35.74,36000,33.3
2013-07-30,35.45,35.45,35.12,35.29,19800,32.88
2013-07-31,35,35.38,34.96,35.18,37600,32.78
2013-08-01,34.97,35.13,34.9,34.99,20400,32.6
2013-08-02,34.91,35.14,34.91,35.11,35600,32.71
2013-08-05,34.76,34.86,34.65,34.8,75100,32.43
2013-08-06,34.92,35.1,34.75,34.99,49800,32.6
2013-08-07,35.01,35.21,35.01,35.08,43500,32.69
2013-08-08,35.33,35.71,35.3,35.67,37000,33.24
2013-08-09,35.57,35.57,35.33,35.48,11400,33.06
2013-08-12,35.41,35.41,35.23,35.3,6700,32.89
2013-08-13,35.01,35.16,34.82,35.1,15300,32.7
2013-08-14,35.33,35.41,35.23,35.27,24400,32.86
2013-08-15,35.17,35.39,34.91,35.37,44800,32.96
2013-08-16,35.61,35.68,35.37,35.52,20300,33.1
2013-08-19,35.48,35.48,35.19,35.19,6400,32.79
2013-08-20,34.94,35.13,34.94,35.08,38300,32.69
2013-08-21,34.8,35.1,34.72,34.72,40300,32.35
2013-08-22,34.42,34.8,34.37,34.7,27900,32.33
2013-08-23,34.49,34.49,33.95,34.48,38400,32.13
2013-08-26,34.82,34.82,34.53,34.56,16700,32.2
2013-08-27,34.15,34.28,34.05,34.1,32200,31.77
2013-08-28,34.04,34.34,34.04,34.24,22600,31.9
2013-08-29,33.95,34.24,33.95,34.1,27800,31.77
2013-08-30,34.1,34.21,33.83,33.85,46600,31.54
2013-09-03,34.95,35,34.64,34.77,64400,32.4
2013-09-04,35.18,35.42,35.08,35.29,154000,32.88
2013-09-05,35.18,35.3,35.09,35.11,117700,32.71
2013-09-06,35.8,35.8,35.5,35.67,241000,33.24
2013-09-09,35.93,36.05,35.76,36.05,30900,33.59
2013-09-10,36.2,36.46,36.2,36.44,155700,33.95
2013-09-11,36.38,36.51,36.26,36.45,18600,33.96
2013-09-12,36.59,36.8,36.59,36.65,16700,34.15
2013-09-13,36.85,36.96,36.83,36.83,14700,34.32
2013-09-16,37.64,37.64,37.23,37.23,19200,34.69
2013-09-17,37.73,37.83,37.68,37.79,8600,35.21
2013-09-18,37.72,38.77,37.61,38.64,51200,36
2013-09-19,39,39,38.65,38.71,16400,36.07
2013-09-20,38.79,38.79,38.45,38.45,25200,35.83
2013-09-23,38.29,38.38,38.21,38.34,7200,35.72
2013-09-24,38.14,38.26,37.97,38.03,8800,35.43
2013-09-25,38.28,38.56,38.28,38.33,11100,35.71
2013-09-26,38.62,38.7,38.45,38.55,6000,35.92
2013-09-27,38.65,38.67,38.43,38.65,8300,36.01
2013-09-30,38.53,38.58,38.23,38.46,10900,35.84
2013-10-01,38.41,38.81,38.26,38.8,110200,36.15
2013-10-02,38.34,38.99,38.34,38.96,47900,36.3
2013-10-03,38.66,38.7,38.56,38.7,31100,36.06
2013-10-04,38.85,39.06,38.77,39.04,48000,36.38
2013-10-07,38.78,38.93,38.62,38.76,9000,36.11
2013-10-08,38.81,38.81,38.27,38.4,16500,35.78
2013-10-09,38.26,38.41,38.04,38.27,43300,35.66
2013-10-10,38.46,38.79,38.31,38.79,32500,36.14
2013-10-11,38.69,38.94,38.69,38.79,73400,36.14
2013-10-14,38.98,38.98,38.63,38.82,58700,36.17
2013-10-15,38.73,38.83,38.57,38.69,46500,36.05
2013-10-16,39.12,39.35,39.07,39.34,33100,36.66
2013-10-17,39.57,39.88,39.57,39.84,20200,37.12
2013-10-18,39.6,39.88,39.6,39.87,29600,37.15
2013-10-21,39.73,39.9,39.66,39.82,22300,37.1
2013-10-22,40.43,40.63,40.15,40.51,13600,37.75
2013-10-23,40.14,40.23,40.03,40.22,13500,37.48
2013-10-24,39.58,39.73,39.49,39.73,21000,37.02
2013-10-25,39.87,39.9,39.63,39.66,17200,36.95
2013-10-28,39.7,39.92,39.68,39.71,30200,37
2013-10-29,39.48,39.48,39.23,39.32,38100,36.64
2013-10-30,39.47,39.47,38.88,39.12,41900,36.45
2013-10-31,39.76,39.91,39.53,39.53,52300,36.83
2013-11-01,39.56,39.71,39.42,39.47,106200,36.78
2013-11-04,39.97,40.07,39.7,39.96,17500,37.23
2013-11-05,40.32,40.34,40.04,40.31,50200,37.56
2013-11-06,40.7,41.06,40.7,40.92,14200,38.13
2013-11-07,40.45,40.45,39.98,40.1,15700,37.36
2013-11-08,40.31,40.39,40.11,40.31,50500,37.56
2013-11-11,39.92,39.98,39.81,39.97,12600,37.24
2013-11-12,39.53,39.85,39.51,39.56,19000,36.86
2013-11-13,39.7,40.22,39.7,40.22,28500,37.48
2013-11-14,39.95,40.29,39.93,40.22,10600,37.48
2013-11-15,40.41,40.49,40.19,40.49,2300,37.73
2013-11-18,40.27,40.35,40.02,40.02,5000,37.29
2013-11-19,39.95,39.95,39.7,39.9,9200,37.18
2013-11-20,39.62,39.78,39.26,39.28,15200,36.6
2013-11-21,38.98,39.07,38.85,39.02,14400,36.36
2013-11-22,38.6,38.88,38.41,38.88,16200,36.23
2013-11-25,38.9,38.9,38.66,38.71,22500,36.07
2013-11-26,38.3,38.5,38.3,38.49,24300,35.86
2013-11-27,38.34,38.34,38.16,38.25,21100,35.64
2013-11-29,38.25,38.28,37.93,37.96,35800,35.37
2013-12-02,38.17,38.33,38.06,38.06,39300,35.46
2013-12-03,38.19,38.38,38.19,38.37,32400,35.75
2013-12-04,37.53,37.75,37.4,37.72,57400,35.15
2013-12-05,37.31,37.68,37.23,37.64,19200,35.07
2013-12-06,37.73,38.16,37.73,38.15,6700,35.55
2013-12-09,37.9,38.09,37.9,38.01,51200,35.42
2013-12-10,38.07,38.1,37.95,38.01,19900,35.42
2013-12-11,37.89,37.89,37.54,37.7,34300,35.13
2013-12-12,37.77,38.01,37.77,37.96,8600,35.37
2013-12-13,37.96,38.16,37.93,38.11,25400,35.51
2013-12-16,38.51,38.62,38.41,38.57,41200,35.94
2013-12-17,38.37,38.38,38.05,38.14,20900,35.54
2013-12-18,37.1,37.21,36.49,36.95,48100,35.13
2013-12-19,36.72,37,36.72,37,20100,35.18
2013-12-20,36.73,36.95,36.64,36.85,31200,35.03
2013-12-23,37.04,37.27,37.04,37.16,33700,35.33
2013-12-24,37.53,37.58,37.29,37.29,6000,35.45
2013-12-26,37.62,37.62,37.1,37.13,20700,35.3
2013-12-27,37.48,37.6,37.19,37.31,6000,35.47
2013-12-30,37.34,37.41,37.15,37.4,28400,35.56
2013-12-31,37.16,37.4,37.16,37.34,10500,35.5
2014-01-02,37.25,37.28,37.03,37.2,57200,35.37
2014-01-03,37.75,38.21,37.71,37.91,104000,36.04
2014-01-06,37.91,38.15,37.86,38.01,94300,36.14
2014-01-07,38.07,38.23,37.84,38.06,69700,36.18
2014-01-08,38.06,38.16,37.9,37.93,16800,36.06
2014-01-09,38.13,38.25,37.92,38.24,39300,36.36
2014-01-10,38.55,38.84,38.28,38.8,32100,36.89
2014-01-13,39.34,39.58,39.08,39.19,120200,37.26
2014-01-14,39.28,39.41,39.22,39.32,12600,37.38
2014-01-15,39.54,39.68,39.42,39.5,18500,37.55
2014-01-16,39.56,39.69,39.44,39.69,25300,37.73
2014-01-17,39.18,39.18,38.94,39,23900,37.08
2014-01-21,39.71,39.72,39.33,39.42,14900,37.48
2014-01-22,39.87,39.87,39.49,39.52,56200,37.57
2014-01-23,39.45,39.5,39.03,39.26,20200,37.33
2014-01-24,38.55,38.84,38.2,38.21,55300,36.33
2014-01-27,38.21,38.28,37.67,38.11,34000,36.23
2014-01-28,38.54,38.58,38.31,38.48,18700,36.58
2014-01-29,38.45,38.47,37.89,37.98,36600,36.11
2014-01-30,37.96,38.08,37.73,37.93,21800,36.06
2014-01-31,37.55,37.79,37.55,37.68,21400,35.82
2014-02-03,37.61,37.64,37.25,37.3,89300,35.46
2014-02-04,37.55,37.98,37.4,37.98,25800,36.11
2014-02-05,38.04,38.04,37.65,37.79,26800,35.93
2014-02-06,38.16,38.46,38.13,38.35,45300,36.46
2014-02-07,38.32,38.63,38.32,38.62,6000,36.72
2014-02-10,38.2,38.48,38.2,38.3,14900,36.41
2014-02-11,38.54,38.93,38.54,38.81,12300,36.9
2014-02-12,38.81,38.96,38.75,38.76,12300,36.85
2014-02-13,39.06,39.22,39.05,39.16,18100,37.23
2014-02-14,39.4,39.46,39.29,39.4,21400,37.46
2014-02-18,39.1,39.12,38.85,39.08,75500,37.15
2014-02-19,39.13,39.34,38.84,38.87,30600,36.95
2014-02-20,39.11,39.25,39.02,39.23,12100,37.3
2014-02-21,39.19,39.19,38.94,39.02,8700,37.1
2014-02-24,39.53,39.93,39.52,39.66,17100,37.71
2014-02-25,39.52,39.69,39.49,39.53,7600,37.58
2014-02-26,39.5,39.65,39.34,39.42,11900,37.48
2014-02-27,39.52,39.91,39.52,39.76,10600,37.8
2014-02-28,40.12,40.2,39.93,39.93,13700,37.96
2014-03-03,40,40.3,39.97,40.13,58700,38.15
2014-03-04,40.58,40.85,40.57,40.83,81900,38.82
2014-03-05,41.24,41.24,40.99,41.1,165200,39.07
2014-03-06,41.58,41.89,41.52,41.57,80900,39.52
2014-03-07,41.83,41.83,41.51,41.59,6700,39.54
2014-03-10,41.67,41.76,41.43,41.64,16800,39.59
2014-03-11,41.84,41.84,41.23,41.39,9900,39.35
2014-03-12,41.39,41.55,41.38,41.4,5400,39.36
2014-03-13,42.07,42.24,41.61,41.72,21200,39.66
2014-03-14,41.66,41.8,41.5,41.63,24200,39.58
2014-03-17,41.89,42.2,41.89,42.15,107800,40.07
2014-03-18,42.47,42.83,42.47,42.81,27200,40.7
2014-03-19,42.92,42.92,42.07,42.36,23700,40.27
2014-03-20,42.3,42.43,42.12,42.29,12100,40.21
2014-03-21,42.2,42.32,42.04,42.16,42500,40.08
2014-03-24,42.15,42.18,42,42.11,7600,40.04
2014-03-25,42.4,42.52,42.24,42.38,72800,40.29
2014-03-26,42.4,42.49,42.35,42.35,4300,40.26
2014-03-27,42.65,42.89,42.59,42.69,19500,40.59
2014-03-28,42.99,43.05,42.78,42.9,27500,40.79
2014-03-31,42.85,43.05,42.76,42.95,140600,40.83
2014-04-01,43.11,43.32,42.7,42.81,160000,40.7
2014-04-02,42.38,42.81,42.15,42.21,40000,40.13
2014-04-03,42.29,42.39,42.18,42.25,48000,40.17
2014-04-04,42.5,42.55,42.15,42.16,46300,40.08
2014-04-07,41.88,42.04,41.77,41.92,34200,39.85
2014-04-08,41.87,42.16,41.87,42.09,26400,40.02
2014-04-09,42.93,42.93,42.27,42.75,25900,40.64
2014-04-10,42.58,43.05,42.54,42.59,24200,40.49
2014-04-11,42.64,42.65,42.42,42.53,33700,40.43
2014-04-14,42.35,42.46,42.26,42.34,30400,40.25
2014-04-15,42.48,42.48,42.1,42.34,28400,40.25
2014-04-16,42.49,42.49,42.18,42.45,30800,40.36
2014-04-17,42.47,42.58,42.17,42.22,39700,40.14
2014-04-21,42.2,42.32,42.12,42.23,12600,40.15
2014-04-22,42.4,42.48,42.32,42.33,20300,40.24
2014-04-23,42.4,42.63,42.25,42.63,9800,40.53
2014-04-24,42.67,42.67,42.46,42.52,11600,40.42
2014-04-25,42.45,42.73,42.45,42.6,5700,40.5
2014-04-28,42.21,42.25,41.93,42.23,25000,40.15
2014-04-29,42.51,42.55,42.4,42.52,22300,40.42
2014-04-30,43.06,43.5,43.06,43.41,69400,41.27
2014-05-01,43,43.46,43,43.32,151500,41.19
2014-05-02,43.58,43.79,43.53,43.76,61800,41.6
2014-05-05,43.37,43.65,43.28,43.59,59900,41.44
2014-05-06,43.27,43.75,43.27,43.43,33400,41.29
2014-05-07,43.4,43.53,43.31,43.49,21600,41.35
2014-05-08,43.06,43.25,42.97,43.16,16700,41.03
2014-05-09,42.86,42.96,42.57,42.64,38500,40.54
2014-05-12,42.8,43.14,42.69,43.09,131000,40.97
2014-05-13,43.35,43.46,43.26,43.29,12500,41.16
2014-05-14,43.45,43.57,43.41,43.47,11900,41.33
2014-05-15,43.44,43.44,43.01,43.21,30800,41.08
2014-05-16,43.26,43.32,43.15,43.23,15500,41.1
2014-05-19,43,43.13,42.79,43.05,8500,40.93
2014-05-20,42.48,42.48,41.96,42.25,32700,40.17
2014-05-21,42.16,42.25,42.04,42.23,21200,40.15
2014-05-22,42.22,42.33,42.15,42.25,20500,40.17
2014-05-23,42.36,42.49,42.36,42.41,16300,40.32
2014-05-27,42.35,42.35,42.2,42.27,17200,40.19
2014-05-28,42.36,42.4,42.26,42.36,49500,40.27
2014-05-29,42.25,42.3,42.09,42.22,33200,40.14
2014-05-30,42.3,42.31,42.22,42.31,32300,40.23
2014-06-02,42.01,42.18,41.9,41.95,223200,39.88
2014-06-03,41.88,41.96,41.62,41.7,149300,39.65
2014-06-04,41.48,41.77,41.45,41.66,25100,39.61
2014-06-05,41.82,42.12,41.67,42,92200,39.93
2014-06-06,42.2,42.29,42.18,42.21,20300,40.13
2014-06-09,42.08,42.26,42.08,42.21,14500,40.13
2014-06-10,42,42.24,42,42.22,24900,40.14
2014-06-11,42.3,42.38,42.21,42.32,36100,40.23
2014-06-12,42.98,43.18,42.96,43.09,28800,40.97
2014-06-13,42.9,42.91,42.7,42.81,14900,40.7
2014-06-16,42.86,43.15,42.86,42.93,51000,40.81
2014-06-17,42.81,43.19,42.81,42.91,22400,40.8
2014-06-18,43.03,43.33,42.93,43.29,29400,41.16
2014-06-19,43.16,43.3,43.12,43.22,8100,41.09
2014-06-20,42.77,42.81,42.56,42.8,20200,40.69
2014-06-23,42.75,42.75,42.53,42.63,9900,40.53
2014-06-24,42.45,42.53,42.38,42.38,47900,40.29
2014-06-25,41.42,41.81,41.42,41.72,15900,40.58
2014-06-26,41.84,42.03,41.84,42.01,7500,40.86
2014-06-27,42.16,42.19,42,42.18,15000,41.03
2014-06-30,41.85,42.13,41.61,42.13,135000,40.98
2014-07-01,42.12,42.47,42.12,42.35,64400,41.2
2014-07-02,42.28,42.36,42.12,42.25,51600,41.1
2014-07-03,42.21,42.54,42.21,42.47,21600,41.31
2014-07-07,42.39,42.6,42.39,42.46,18500,41.3
2014-07-08,42.46,42.58,42.34,42.48,18800,41.32
2014-07-09,42.29,42.41,42.16,42.29,42500,41.14
2014-07-10,42.06,42.29,42.01,42.22,10600,41.07
2014-07-11,42,42.08,41.92,42.01,17100,40.86
2014-07-14,42.18,42.25,42.02,42.09,20500,40.94
2014-07-15,42.04,42.12,41.78,41.86,98200,40.72
2014-07-16,41.7,41.7,41.58,41.63,14300,40.5
2014-07-17,41.41,41.58,41.27,41.27,19000,40.14
2014-07-18,41.25,41.45,41.18,41.43,18900,40.3
2014-07-21,41.34,41.64,41.34,41.55,14400,40.42
2014-07-22,41.57,41.67,41.38,41.46,19000,40.33
2014-07-23,41.6,41.74,41.6,41.69,15600,40.55
2014-07-24,41.58,41.58,41.36,41.39,6900,40.26
2014-07-25,41.56,41.57,41.43,41.57,13900,40.44
2014-07-28,41.47,41.5,41.38,41.45,8100,40.32
2014-07-29,41.16,41.16,40.84,40.85,33600,39.74
2014-07-30,40.82,40.82,40.57,40.65,12200,39.54
2014-07-31,40.65,40.75,40.58,40.6,38100,39.49
2014-08-01,40.29,40.65,40.21,40.29,13400,39.19
2014-08-04,40.27,40.34,40.05,40.28,88700,39.18
2014-08-05,40.39,40.39,39.96,40.06,42100,38.97
2014-08-06,39.9,40.24,39.89,40.16,18400,39.07
2014-08-07,40.08,40.32,40.04,40.16,108200,39.07
2014-08-08,40.01,40.1,39.93,40.03,13300,38.94
2014-08-11,39.89,40.02,39.77,39.78,8800,38.7
2014-08-12,39.73,39.73,39.6,39.64,20900,38.56
2014-08-13,39.79,40.04,39.73,39.9,34300,38.81
2014-08-14,40.11,40.25,40.11,40.14,11300,39.05
2014-08-15,40.41,40.44,40.18,40.36,13500,39.26
2014-08-18,40.25,40.33,40.17,40.24,9000,39.14
2014-08-19,40.37,40.51,40.35,40.38,18800,39.28
2014-08-20,40.3,40.57,40.3,40.52,46200,39.42
2014-08-21,40.47,40.6,40.47,40.59,4000,39.48
2014-08-22,40.54,40.75,40.45,40.6,14000,39.49
2014-08-25,40.51,40.59,40.41,40.41,19300,39.31
2014-08-26,40.69,40.69,40.47,40.48,2300,39.38
2014-08-27,41.02,41.18,41.02,41.05,4800,39.93
2014-08-28,41.13,41.14,40.91,41.05,15000,39.93
2014-08-29,40.92,40.92,40.77,40.83,7800,39.72
2014-09-02,40.85,40.85,40.46,40.65,131100,39.54
2014-09-03,40.6,40.65,40.44,40.64,192800,39.53
2014-09-04,40.49,40.82,40.42,40.47,36500,39.37
2014-09-05,40.72,40.94,40.65,40.91,11700,39.79
2014-09-08,40.87,40.87,40.62,40.8,10900,39.69
2014-09-09,40.5,40.59,40.33,40.43,35800,39.33
2014-09-10,40.23,40.45,40.23,40.39,13400,39.29
2014-09-11,40.33,40.33,40.16,40.27,33900,39.17
2014-09-12,39.92,39.92,39.67,39.74,13900,38.66
2014-09-15,39.84,39.99,39.74,39.86,15300,38.77
2014-09-16,39.48,40,39.36,39.86,66100,38.77
2014-09-17,39.34,39.34,38.86,38.96,19700,37.9
2014-09-18,39.23,39.33,39.07,39.25,30700,38.18
2014-09-19,39.52,39.52,39.09,39.17,6200,38.1
2014-09-22,39.74,39.95,39.74,39.85,36800,38.76
2014-09-23,39.72,39.72,39.46,39.54,16700,38.46
2014-09-24,39.67,39.97,39.67,39.9,17500,38.81
2014-09-25,39.28,39.28,38.99,39.05,60700,37.99
2014-09-26,38.95,38.95,38.74,38.88,17000,37.82
2014-09-29,38.23,38.5,38.23,38.24,34900,37.2
2014-09-30,38.2,38.51,38.2,38.49,11900,37.44
2014-10-01,38.62,38.79,38.3,38.32,47800,37.28
2014-10-02,38.67,38.93,38.46,38.77,35600,37.71
2014-10-03,38.17,38.42,38.09,38.29,16600,37.25
2014-10-06,38.2,38.44,38.2,38.44,3000,37.39
2014-10-07,38.48,38.49,38.25,38.29,31700,37.25
2014-10-08,38.3,39.15,38.3,39.11,17500,38.04
2014-10-09,38.91,39.17,38.5,38.51,15500,37.46
2014-10-10,38.24,38.53,38.1,38.1,16700,37.06
2014-10-13,38.5,38.54,38.11,38.11,8900,37.07
2014-10-14,38.07,38.07,37.68,37.82,68900,36.79
2014-10-15,38.13,38.71,37.99,38.67,42300,37.62
2014-10-16,37.86,38.64,37.83,38.38,16600,37.33
2014-10-17,38.81,38.81,38.4,38.48,10700,37.43
2014-10-20,38.66,39.12,38.66,39.09,6600,38.02
2014-10-21,39.8,39.81,39.36,39.43,19300,38.36
2014-10-22,39.42,39.64,39.3,39.31,7200,38.24
2014-10-23,39.3,39.3,39,39.02,9800,37.96
2014-10-24,39.44,39.64,39.44,39.61,6500,38.53
2014-10-27,39.76,39.79,39.54,39.77,17800,38.69
2014-10-28,39.85,40.06,39.85,40.02,15200,38.93
2014-10-29,40.07,40.27,39.42,39.42,17500,38.35
2014-10-30,39.51,39.9,39.51,39.88,12600,38.79
2014-10-31,39.62,39.79,39.58,39.78,7100,38.7
2014-11-03,39.5,39.63,39.45,39.45,84400,38.37
2014-11-04,39.78,39.92,39.72,39.84,77300,38.75
2014-11-05,39.37,39.55,39.08,39.54,10700,38.46
2014-11-06,39.58,39.58,39.22,39.36,24900,38.29
2014-11-07,39.29,39.68,39.29,39.6,3600,38.52
2014-11-10,40.27,40.41,40.1,40.17,22400,39.07
2014-11-11,40.44,40.77,40.44,40.61,2200,39.5
2014-11-12,40.73,41.09,40.73,40.96,55100,39.84
2014-11-13,40.78,40.97,40.72,40.81,7600,39.7
2014-11-14,40.63,41.21,40.63,41.15,12000,40.03
2014-11-17,41.23,41.33,41.14,41.23,35700,40.11
2014-11-18,41.35,41.48,41.35,41.37,18900,40.24
2014-11-19,41.17,41.23,40.88,40.97,8200,39.85
2014-11-20,41.03,41.25,41.01,41.14,16300,40.02
2014-11-21,41.11,41.15,40.89,40.89,33300,39.78
2014-11-24,40.5,40.65,40.43,40.59,27600,39.48
2014-11-25,39.93,40.22,39.86,39.98,38500,38.89
2014-11-26,40.24,40.52,40.24,40.5,4100,39.4
2014-11-28,40.19,40.19,40.01,40.01,18000,38.92
2014-12-01,40.19,40.42,40.14,40.3,136900,39.2
2014-12-02,40.22,40.22,39.83,40.06,32700,38.97
2014-12-03,40.3,40.44,40.28,40.29,21600,39.19
2014-12-04,40.35,40.63,40.34,40.48,16700,39.38
2014-12-05,40.16,40.31,40.12,40.16,12900,39.07
2014-12-08,39.95,39.95,39.68,39.73,35500,38.65
2014-12-09,39.94,40.28,39.94,40.03,17800,38.94
2014-12-10,40.08,40.54,39.8,40.53,59800,39.43
2014-12-11,40.56,40.72,40.52,40.53,6400,39.43
2014-12-12,40.45,40.51,40.33,40.33,18700,39.23
2014-12-15,40.41,40.41,40.02,40.04,107800,38.95
2014-12-16,40.46,40.71,40.33,40.35,19900,39.25
2014-12-17,39.35,39.64,38.9,39.2,22100,39.2
2014-12-18,39.65,39.82,39.49,39.79,11800,39.79
2014-12-19,39.76,39.76,39.42,39.6,8300,39.6
2014-12-22,39.68,39.75,39.43,39.51,13300,39.51
2014-12-23,39.53,39.59,39.28,39.3,5700,39.3
2014-12-24,39.38,39.64,39.38,39.52,4800,39.52
2014-12-26,39.48,39.78,39.48,39.61,24000,39.61
2014-12-29,40,40.28,39.97,40,29100,40
2014-12-30,40.15,40.29,40.04,40.06,15600,40.06
2014-12-31,40.12,40.23,39.88,39.98,73500,39.98
2015-01-02,39.62,39.63,39.21,39.63,99500,39.63
2015-01-05,39.6,39.77,39.48,39.51,31100,39.51
2015-01-06,39.77,40.05,39.77,39.88,70400,39.88
2015-01-07,39.89,40.03,39.69,40.01,80300,40.01
2015-01-08,40.26,40.46,40.26,40.35,21700,40.35
2015-01-09,40.38,40.38,40.22,40.26,13100,40.26
2015-01-12,40.21,40.33,40.09,40.33,28700,40.33
2015-01-13,40.41,40.42,40.08,40.08,19500,40.08
2015-01-14,40.22,40.38,40.19,40.29,14300,40.29
2015-01-15,40.77,40.99,40.59,40.79,9500,40.79
2015-01-16,40.59,40.76,40.52,40.72,10600,40.72
2015-01-20,40.46,40.46,39.88,40.09,18900,40.09
2015-01-21,40.43,40.43,39.75,39.87,25000,39.87
2015-01-22,39.64,39.64,39.31,39.35,26200,39.35
2015-01-23,39.18,39.34,39.1,39.1,26800,39.1
