"Index","EPHE.Open","EPHE.High","EPHE.Low","EPHE.Close","EPHE.Volume","EPHE.Adjusted"
2010-09-29,24.75,24.96,24.75,24.94,25700,23.96
2010-09-30,25.59,25.59,24.91,24.97,9100,23.99
2010-10-01,25.21,25.21,25.05,25.17,40000,24.19
2010-10-04,25.63,25.63,25.35,25.47,121800,24.47
2010-10-05,26.14,26.14,25.54,25.9,54400,24.89
2010-10-06,25.77,25.88,25.65,25.88,41500,24.87
2010-10-07,26.21,26.25,25.78,25.91,67400,24.9
2010-10-08,25.9,25.94,25.7,25.91,17600,24.9
2010-10-11,25.81,25.81,25.5,25.55,29100,24.55
2010-10-12,25.16,25.25,24.99,25.23,67600,24.24
2010-10-13,25.25,25.55,25.25,25.53,66800,24.53
2010-10-14,25.77,25.77,25.52,25.65,36400,24.65
2010-10-15,25.83,25.83,25.37,25.55,76600,24.55
2010-10-18,25.41,25.7,25.41,25.69,51800,24.68
2010-10-19,25.12,25.21,24.95,25.03,37100,24.05
2010-10-20,25.02,25.45,25.02,25.33,61300,24.34
2010-10-21,25.74,25.8,25.45,25.61,26300,24.61
2010-10-22,25.94,25.94,25.75,25.81,20500,24.8
2010-10-25,26.16,26.16,26,26.07,52300,25.05
2010-10-26,25.85,25.93,25.7,25.87,35900,24.86
2010-10-27,25.61,25.85,25.61,25.85,26000,24.84
2010-10-28,26.08,26.08,25.76,25.83,15500,24.82
2010-10-29,25.95,26.1,25.95,26.09,10400,25.07
2010-11-01,26.28,26.34,25.9,26,60700,24.98
2010-11-02,26.81,26.81,26.64,26.73,30300,25.68
2010-11-03,27.06,27.1,26.86,27.04,36700,25.98
2010-11-04,27.47,27.52,27.35,27.5,32000,26.42
2010-11-05,26.73,26.83,26.65,26.81,42700,25.76
2010-11-08,26.07,26.07,25.9,26,58500,24.98
2010-11-09,26,26,25.55,25.65,58000,24.65
2010-11-10,25.46,25.46,25.01,25.37,24700,24.38
2010-11-11,24.52,24.53,24.35,24.51,46500,23.55
2010-11-12,24.24,24.24,23.82,23.9,61100,22.96
2010-11-15,24.26,24.59,24.26,24.39,24700,23.44
2010-11-16,24.36,24.36,23.88,23.93,31400,22.99
2010-11-17,23.91,24,23.89,23.93,7200,22.99
2010-11-18,24.35,24.46,24.32,24.41,123300,23.46
2010-11-19,24.59,24.59,24.38,24.59,18400,23.63
2010-11-22,24.19,24.27,24.09,24.21,21200,23.26
2010-11-23,23.99,23.99,23.74,23.81,26300,22.88
2010-11-24,23.78,24.14,23.78,24.12,27000,23.18
2010-11-26,23.38,23.38,22.99,23.3,15400,22.39
2010-11-29,23.29,23.4,23.14,23.39,40100,22.47
2010-11-30,22.91,23.03,22.7,22.92,44800,22.02
2010-12-01,23.46,23.75,23.46,23.67,37300,22.74
2010-12-02,24.19,24.44,24.08,24.44,80200,23.48
2010-12-03,24.28,24.45,24.27,24.45,62100,23.49
2010-12-06,24.71,24.77,24.64,24.74,71800,23.77
2010-12-07,24.89,24.89,24.71,24.72,91800,23.75
2010-12-08,24.78,24.88,24.74,24.85,25800,23.88
2010-12-09,24.87,24.93,24.69,24.88,25500,23.91
2010-12-10,24.42,24.52,24.31,24.5,20900,23.54
2010-12-13,24.12,24.37,24.12,24.3,49900,23.35
2010-12-14,24.51,24.56,24.38,24.49,21200,23.53
2010-12-15,24.1,24.1,23.88,23.9,61300,22.96
2010-12-16,23.54,23.59,23.4,23.59,58100,22.67
2010-12-17,23.57,23.57,23.45,23.57,66700,22.65
2010-12-20,23.65,23.65,23.51,23.61,10600,22.69
2010-12-21,23.68,23.76,23.64,23.75,11900,22.84
2010-12-22,23.9,23.99,23.89,23.94,19000,23.02
2010-12-23,24.29,24.29,24.19,24.23,8700,23.3
2010-12-27,24.39,24.39,24.22,24.34,8200,23.4
2010-12-28,24.4,24.4,24.32,24.35,20300,23.41
2010-12-29,24.76,24.76,24.6,24.63,11600,23.68
2010-12-30,24.87,24.87,24.7,24.8,43200,23.84
2010-12-31,24.79,24.95,24.77,24.93,18800,23.97
2011-01-03,25.05,25.19,25.04,25.13,38700,24.16
2011-01-04,25.18,25.18,24.95,25.09,29400,24.12
2011-01-05,24.92,25.1,24.89,25.1,43100,24.13
2011-01-06,24.96,24.97,24.82,24.96,32800,24
2011-01-07,24.74,24.8,24.58,24.66,27000,23.71
2011-01-10,23.9,23.95,23.8,23.94,35700,23.02
2011-01-11,23.71,23.72,23.58,23.62,40900,22.71
2011-01-12,23.93,24.02,23.9,24.02,20300,23.09
2011-01-13,23.94,23.94,23.8,23.82,33000,22.9
2011-01-14,23.94,24.26,23.88,24.18,43600,23.25
2011-01-18,23.58,23.65,23.54,23.58,35800,22.67
2011-01-19,23.51,23.52,23.27,23.28,7700,22.38
2011-01-20,23.02,23.11,22.96,23.11,21300,22.22
2011-01-21,22.95,22.95,22.7,22.72,36100,21.85
2011-01-24,22.52,22.52,22.29,22.45,49800,21.59
2011-01-25,22.63,22.71,22.55,22.67,11400,21.8
2011-01-26,22.81,22.86,22.69,22.83,34400,21.95
2011-01-27,23.1,23.18,23.08,23.1,29700,22.21
2011-01-28,23.03,23.03,22.54,22.59,64700,21.72
2011-01-31,22.43,22.5,22.2,22.33,46300,21.47
2011-02-01,22.11,22.33,22.07,22.32,26600,21.46
2011-02-02,22.5,22.63,22.5,22.58,49200,21.71
2011-02-03,22.57,22.71,22.57,22.7,43300,21.83
2011-02-04,22.67,22.72,22.57,22.7,20000,21.83
2011-02-07,22.83,22.97,22.83,22.93,42800,22.05
2011-02-08,22.87,23.01,22.83,23.01,9500,22.12
2011-02-09,22.62,22.64,22.5,22.63,94500,21.76
2011-02-10,21.8,21.8,21.59,21.8,109400,20.96
2011-02-11,21.79,21.87,21.63,21.86,29800,21.02
2011-02-14,22.07,22.09,21.93,22,31000,21.15
2011-02-15,22,22,21.9,21.95,10300,21.1
2011-02-16,22.08,22.33,22.08,22.21,12500,21.35
2011-02-17,22.58,22.73,22.57,22.73,9200,21.85
2011-02-18,22.65,22.74,22.57,22.71,39900,21.84
2011-02-22,22.08,22.22,21.83,21.86,31600,21.02
2011-02-23,21.86,21.91,21.68,21.77,58700,20.93
2011-02-24,21.52,21.56,21.36,21.52,29300,20.69
2011-02-25,21.65,21.82,21.62,21.75,19700,20.91
2011-02-28,22.1,22.16,22.01,22.13,20600,21.28
2011-03-01,22.03,22.03,21.63,21.67,69900,20.84
2011-03-02,21.75,21.9,21.75,21.85,17300,21.01
2011-03-03,22.16,22.45,22.14,22.45,33400,21.59
2011-03-04,22.5,22.54,22.31,22.44,19700,21.58
2011-03-07,22.56,22.84,22.34,22.44,28000,21.58
2011-03-08,22.43,22.66,22.4,22.59,15800,21.72
2011-03-09,22.69,22.78,22.66,22.78,17400,21.9
2011-03-10,22.82,22.82,22.64,22.64,21600,21.77
2011-03-11,22.66,22.87,22.64,22.86,29800,21.98
2011-03-14,22.8,22.96,22.76,22.92,125600,22.04
2011-03-15,22.4,22.85,22.4,22.78,80400,21.9
2011-03-16,22.49,22.6,22.11,22.24,64700,21.38
2011-03-17,22.24,22.25,22.1,22.25,70100,21.39
2011-03-18,22.28,22.31,22.09,22.15,21800,21.3
2011-03-21,22.37,22.51,22.31,22.33,122200,21.47
2011-03-22,22.59,22.59,22.43,22.43,14300,21.57
2011-03-23,22.44,22.55,22.37,22.55,23000,21.68
2011-03-24,22.52,22.73,22.49,22.72,100400,21.85
2011-03-25,22.77,22.86,22.75,22.77,7200,21.89
2011-03-28,22.95,22.98,22.84,22.84,3500,21.96
2011-03-29,22.88,22.99,22.82,22.98,15800,22.1
2011-03-30,23.56,23.67,23.45,23.56,273700,22.65
2011-03-31,23.78,23.87,23.74,23.74,37000,22.83
2011-04-01,24.36,24.55,24.34,24.51,71100,23.57
2011-04-04,24.67,24.94,24.67,24.89,30400,23.93
2011-04-05,24.5,24.64,24.44,24.51,44900,23.57
2011-04-06,24.8,24.99,24.79,24.86,134700,23.9
2011-04-07,24.9,25.04,24.87,24.94,30600,23.98
2011-04-08,24.97,25.15,24.89,24.98,53500,24.02
2011-04-11,24.77,24.88,24.69,24.81,41600,23.85
2011-04-12,24.6,24.72,24.52,24.55,41100,23.6
2011-04-13,24.66,24.74,24.48,24.58,65300,23.63
2011-04-14,24.73,24.93,24.62,24.86,37400,23.9
2011-04-15,24.78,25.05,24.75,24.94,66500,23.98
2011-04-18,24.65,24.65,24.34,24.47,69300,23.53
2011-04-19,24.5,24.7,24.49,24.7,35200,23.75
2011-04-20,24.85,24.99,24.81,24.91,66900,23.95
2011-04-21,24.92,25.1,24.92,25.03,27500,24.07
2011-04-25,25.04,25.15,25,25.14,156300,24.17
2011-04-26,25.15,25.28,25.13,25.27,313600,24.3
2011-04-27,25.22,25.32,25.07,25.28,101100,24.31
2011-04-28,25.02,25.04,24.9,24.93,12700,23.97
2011-04-29,25.3,25.49,25.3,25.35,52000,24.37
2011-05-02,25.46,25.46,25.2,25.22,79000,24.25
2011-05-03,25.19,25.28,24.98,25.09,34000,24.12
2011-05-04,25.03,25.03,24.79,24.83,95000,23.87
2011-05-05,24.56,24.68,24.28,24.44,127100,23.5
2011-05-06,24.3,24.52,24.23,24.32,83000,23.38
2011-05-09,24.43,24.69,24.42,24.67,78000,23.72
2011-05-10,24.74,25.05,24.74,25.01,51700,24.05
2011-05-11,25.02,25.04,24.65,24.8,53400,23.84
2011-05-12,24.64,24.89,24.5,24.88,102000,23.92
2011-05-13,24.7,24.7,24.37,24.54,30100,23.59
2011-05-16,24.56,24.64,24.37,24.41,30400,23.47
2011-05-17,24.47,24.53,24.32,24.53,80900,23.59
2011-05-18,24.73,24.92,24.64,24.91,23200,23.95
2011-05-19,24.85,24.85,24.63,24.73,20400,23.78
2011-05-20,24.68,24.68,24.43,24.52,13400,23.58
2011-05-23,24.29,24.29,24.08,24.15,88000,23.22
2011-05-24,24.27,24.32,24.06,24.15,12400,23.22
2011-05-25,23.88,24.24,23.84,24.2,57100,23.27
2011-05-26,24.3,24.5,24.28,24.47,511000,23.53
2011-05-27,24.5,24.64,24.5,24.61,104400,23.66
2011-05-31,24.65,24.65,24.39,24.48,149600,23.54
2011-06-01,24.5,24.58,24.05,24.09,59400,23.16
2011-06-02,24.67,24.78,24.57,24.72,149500,23.77
2011-06-03,24.45,24.51,24.38,24.41,37300,23.47
2011-06-06,24.27,24.42,24.22,24.31,111900,23.37
2011-06-07,24.35,24.38,24.18,24.18,40100,23.25
2011-06-08,24.33,24.33,24.14,24.14,40200,23.21
2011-06-09,24.21,24.27,24.01,24.26,26200,23.33
2011-06-10,24.05,24.05,23.85,23.9,29500,22.98
2011-06-13,23.87,23.88,23.67,23.83,49600,22.91
2011-06-14,23.61,23.79,23.56,23.7,99200,22.79
2011-06-15,23.78,23.81,23.55,23.62,21200,22.71
2011-06-16,23.53,23.72,23.5,23.64,23200,22.73
2011-06-17,23.71,23.78,23.58,23.65,170300,22.74
2011-06-20,23.5,23.76,23.5,23.62,29500,22.71
2011-06-21,24.18,24.22,24.04,24.12,56500,23.19
2011-06-22,24.08,24.17,23.8,23.8,42500,23.03
2011-06-23,23.56,23.9,23.53,23.84,47400,23.07
2011-06-24,23.96,24.05,23.78,23.82,41500,23.05
2011-06-27,23.75,24.18,23.71,24.1,29000,23.32
2011-06-28,23.93,24.45,23.93,24.45,536500,23.66
2011-06-29,24.1,24.31,24.01,24.29,280900,23.5
2011-06-30,24.41,24.56,24.35,24.55,79100,23.75
2011-07-01,24.91,24.93,24.7,24.91,46000,24.1
2011-07-05,25.38,25.38,25.2,25.31,56600,24.49
2011-07-06,25.11,25.11,24.99,25.1,39500,24.29
2011-07-07,25.14,25.26,25.11,25.24,21400,24.42
2011-07-08,25.04,25.13,24.9,25.13,16900,24.32
2011-07-11,24.59,24.95,24.59,24.77,83600,23.97
2011-07-12,24.61,24.98,24.6,24.86,632700,24.05
2011-07-13,25.1,25.2,24.94,24.96,83700,24.15
2011-07-14,25.35,25.39,24.96,25.01,140400,24.2
2011-07-15,25.27,25.33,25.13,25.13,46500,24.32
2011-07-18,25.4,25.4,25.08,25.16,23000,24.34
2011-07-19,25.46,25.59,25.41,25.52,88300,24.69
2011-07-20,25.52,25.63,25.5,25.52,55300,24.69
2011-07-21,25.58,25.8,25.58,25.7,63500,24.87
2011-07-22,25.75,25.75,25.66,25.67,28800,24.84
2011-07-25,25.69,25.88,25.69,25.86,24600,25.02
2011-07-26,25.78,25.81,25.63,25.68,15100,24.85
2011-07-27,25.87,25.87,25.62,25.74,65900,24.91
2011-07-28,25.91,26.07,25.83,25.93,40800,25.09
2011-07-29,25.87,26.25,25.87,26.1,87900,25.25
2011-08-01,26.5,26.5,26.02,26.34,79700,25.49
2011-08-02,26.22,26.35,25.93,25.93,105200,25.09
2011-08-03,25.99,25.99,25.57,25.95,88800,25.11
2011-08-04,25.58,25.75,24.97,25.03,391300,24.22
2011-08-05,25.53,25.53,24.59,25.03,111100,24.22
2011-08-08,24.49,24.65,23.67,23.67,92500,22.9
2011-08-09,24.12,24.55,23.5,24.5,120500,23.71
2011-08-10,23.95,24.25,23.72,23.81,34600,23.04
2011-08-11,24.06,24.97,24.06,24.82,18100,24.02
2011-08-12,24.9,24.91,24.53,24.6,29200,23.8
2011-08-15,24.57,24.82,24.56,24.69,39800,23.89
2011-08-16,24.64,24.74,24.43,24.52,81900,23.73
2011-08-17,24.79,24.79,24.48,24.58,29300,23.78
2011-08-18,24.6,24.6,24.13,24.42,59100,23.63
2011-08-19,24.24,24.75,24.24,24.4,8600,23.61
2011-08-22,24.58,24.59,24.13,24.25,19700,23.46
2011-08-23,24.57,25.07,24.49,25.07,28500,24.26
2011-08-24,24.84,24.96,24.61,24.96,37900,24.15
2011-08-25,24.91,24.91,24.32,24.35,64800,23.56
2011-08-26,24.21,24.56,24.01,24.44,31300,23.65
2011-08-29,24.86,24.9,24.64,24.88,8100,24.07
2011-08-30,24.85,25.05,24.67,24.97,12600,24.16
2011-08-31,24.94,25.18,24.9,24.94,116800,24.13
2011-09-01,24.96,25.11,24.75,24.75,57600,23.95
2011-09-02,24.94,25.16,24.83,24.85,24500,24.04
2011-09-06,24.44,24.91,24.35,24.9,19300,24.09
2011-09-07,25.09,25.1,24.9,25.1,54700,24.29
2011-09-08,24.91,25.05,24.68,24.78,18400,23.98
2011-09-09,24.58,24.6,24.23,24.25,56600,23.46
2011-09-12,24.14,24.47,24.1,24.45,48000,23.66
2011-09-13,24.35,24.35,24.1,24.33,16400,23.54
2011-09-14,24.28,24.37,23.95,24.16,53500,23.38
2011-09-15,24.42,24.42,24.16,24.27,72800,23.48
2011-09-16,24.28,24.28,24.05,24.21,31500,23.43
2011-09-19,24.09,24.21,23.88,24.21,169300,23.43
2011-09-20,23.83,23.93,23.65,23.72,47700,22.95
2011-09-21,23.47,23.47,22.92,23.07,57200,22.32
2011-09-22,22.4,22.5,21.96,22.21,65900,21.49
2011-09-23,21.45,21.73,21.38,21.58,58800,20.88
2011-09-26,21.05,21.07,20.6,21.05,96700,20.37
2011-09-27,21.4,21.85,21.13,21.44,1614000,20.75
2011-09-28,21.55,21.89,21.3,21.35,162900,20.66
2011-09-29,21.72,21.79,21.3,21.47,45600,20.77
2011-09-30,21.76,22.04,21.21,21.26,144400,20.57
2011-10-03,21.21,21.41,20.95,21.04,176200,20.36
2011-10-04,20.83,21.38,20.1,21.38,146400,20.69
2011-10-05,21.18,21.63,20.85,21.55,75600,20.85
2011-10-06,21.56,21.98,21.49,21.93,98000,21.22
2011-10-07,22.34,22.45,21.9,22.15,69200,21.43
2011-10-10,22.5,23,22.37,22.98,31900,22.24
2011-10-11,22.8,22.94,22.74,22.94,1000,22.2
2011-10-12,23.26,23.72,23.26,23.53,59500,22.77
2011-10-13,23.03,23.12,22.77,23.03,57300,22.28
2011-10-14,23.15,23.54,23.15,23.43,56000,22.67
2011-10-17,23.6,23.6,23.13,23.14,77100,22.39
2011-10-18,23.12,23.66,23,23.54,63800,22.78
2011-10-19,23.85,23.85,23.32,23.46,12300,22.7
2011-10-20,23.32,23.51,23.01,23.22,52500,22.47
2011-10-21,23.42,23.57,23.25,23.52,108800,22.76
2011-10-24,23.39,23.54,23.3,23.54,123500,22.78
2011-10-25,23.48,23.69,23.31,23.34,40700,22.58
2011-10-26,23.41,23.57,23.25,23.57,7200,22.81
2011-10-27,23.75,24.84,23.75,24.66,157700,23.86
2011-10-28,24.5,24.54,24.31,24.48,100900,23.69
2011-10-31,23.95,24.07,23.8,23.91,95800,23.14
2011-11-01,23.42,23.64,23.4,23.54,33000,22.78
2011-11-02,24.03,24.26,23.88,24.22,63100,23.43
2011-11-03,24.19,24.19,23.9,24.09,21200,23.31
2011-11-04,23.8,23.85,23.46,23.57,275000,22.81
2011-11-07,23.43,23.77,23.43,23.77,27600,23
2011-11-08,24.15,24.24,23.88,24.11,51900,23.33
2011-11-09,23.71,23.9,23.35,23.42,53800,22.66
2011-11-10,23.8,23.86,23.51,23.76,44800,22.99
2011-11-11,23.82,24.05,23.8,24.03,2300,23.25
2011-11-14,23.78,23.81,23.62,23.64,12900,22.87
2011-11-15,23.75,24.13,23.75,24.13,9600,23.35
2011-11-16,23.76,23.85,23.59,23.59,17700,22.83
2011-11-17,23.73,23.85,23.32,23.52,130300,22.76
2011-11-18,23.65,23.65,23.46,23.52,21600,22.76
2011-11-21,23.17,23.29,22.99,23.18,46500,22.43
2011-11-22,23.38,23.54,23.16,23.52,134100,22.76
2011-11-23,23.43,23.43,23.18,23.27,47500,22.52
2011-11-25,22.98,23.26,22.85,23.01,26000,22.26
2011-11-28,23.3,23.3,22.9,22.96,90100,22.22
2011-11-29,22.91,22.91,22.66,22.66,46800,21.93
2011-11-30,23.28,23.7,23.22,23.6,26100,22.84
2011-12-01,23.4,23.53,23.38,23.45,25400,22.69
2011-12-02,23.59,23.62,23.35,23.38,17400,22.62
2011-12-05,23.6,23.72,23.44,23.53,37300,22.77
2011-12-06,23.44,23.61,23.38,23.41,30300,22.65
2011-12-07,23.3,23.55,23.29,23.48,35100,22.72
2011-12-08,23.45,23.52,23.2,23.2,13600,22.45
2011-12-09,23.31,23.6,23.31,23.52,4400,22.76
2011-12-12,23.1,23.1,22.63,22.67,51200,21.94
2011-12-13,22.95,23.06,22.71,22.77,73000,22.03
2011-12-14,22.78,22.91,22.52,22.64,24300,21.91
2011-12-15,23.17,23.17,22.89,22.94,41000,22.2
2011-12-16,23.07,23.28,23.07,23.18,73600,22.43
2011-12-19,23.29,23.43,22.98,22.98,52500,22.24
2011-12-20,23.39,23.61,23.39,23.6,39700,22.93
2011-12-21,23.49,23.6,23.34,23.6,20000,22.93
2011-12-22,23.61,23.88,23.61,23.86,12100,23.18
2011-12-23,23.71,23.78,23.61,23.68,12900,23.01
2011-12-27,23.66,23.66,23.34,23.51,13200,22.84
2011-12-28,23.34,23.34,22.96,23.17,24700,22.51
2011-12-29,23.39,23.55,23.39,23.52,71900,22.85
2011-12-30,23.52,23.63,23.47,23.57,26700,22.9
2012-01-03,23.86,24.18,23.71,24.01,160800,23.33
2012-01-04,24.1,24.29,24.02,24.25,38400,23.56
2012-01-05,24.09,24.43,24.09,24.43,28900,23.74
2012-01-06,24.24,24.24,24.03,24.09,88700,23.41
2012-01-09,24.37,24.56,24.37,24.52,39400,23.83
2012-01-10,24.58,25.1,24.58,24.99,882900,24.28
2012-01-11,25.12,25.34,25.09,25.17,58000,24.46
2012-01-12,25.42,25.42,25.24,25.37,25400,24.65
2012-01-13,24.99,25.16,24.98,25.05,65000,24.34
2012-01-17,25.49,25.49,25.25,25.31,51800,24.59
2012-01-18,25.63,26,25.56,25.95,184500,25.22
2012-01-19,25.99,26.07,25.84,25.95,95400,25.22
2012-01-20,26.04,26.19,26.04,26.19,27400,25.45
2012-01-23,26.2,26.33,26.13,26.16,62900,25.42
2012-01-24,26,26.02,25.86,25.97,23900,25.23
2012-01-25,25.73,26.06,25.6,25.93,29700,25.2
2012-01-26,25.95,25.98,25.6,25.64,30600,24.91
2012-01-27,25.92,26.21,25.92,26.15,33300,25.41
2012-01-30,25.85,25.85,25.48,25.59,155600,24.87
2012-01-31,25.99,26.1,25.87,25.99,20900,25.25
2012-02-01,26.34,26.71,26.34,26.65,201600,25.9
2012-02-02,26.9,27.17,26.9,27.1,118800,26.33
2012-02-03,27.06,27.25,26.94,27.24,290600,26.47
2012-02-06,27.06,27.19,27.04,27.18,164700,26.41
2012-02-07,26.83,27.01,26.69,26.94,81500,26.18
2012-02-08,27.14,27.33,27.14,27.32,37000,26.55
2012-02-09,27.26,27.26,27.01,27.13,48100,26.36
2012-02-10,26.94,26.98,26.88,26.93,42500,26.17
2012-02-13,27.08,27.13,26.9,27.03,26100,26.26
2012-02-14,26.8,26.8,26.56,26.79,42200,26.03
2012-02-15,26.93,26.93,26.58,26.58,35200,25.83
2012-02-16,26.7,26.83,26.58,26.83,35000,26.07
2012-02-17,27.27,27.41,27.21,27.27,104300,26.5
2012-02-21,27.3,27.5,27.26,27.31,68000,26.54
2012-02-22,27.44,27.53,27.34,27.48,46000,26.7
2012-02-23,27.42,27.42,27.22,27.33,46000,26.56
2012-02-24,27.2,27.37,27.12,27.18,40000,26.41
2012-02-27,26.81,26.81,26.37,26.59,30600,25.84
2012-02-28,26.61,26.67,26.35,26.37,890100,25.62
2012-02-29,27.12,27.25,26.9,27.1,171200,26.33
2012-03-01,27.25,27.49,27.25,27.43,185000,26.65
2012-03-02,27.7,27.84,27.66,27.69,56200,26.91
2012-03-05,27.77,27.82,27.7,27.77,31000,26.98
2012-03-06,27.31,27.31,26.96,27.01,85200,26.25
2012-03-07,27.13,27.26,27.03,27.22,69800,26.45
2012-03-08,27.58,27.93,27.58,27.9,38900,27.11
2012-03-09,27.8,27.93,27.68,27.87,90500,27.08
2012-03-12,27.77,27.84,27.68,27.77,18300,26.98
2012-03-13,27.86,28.35,27.86,28.33,68800,27.53
2012-03-14,28.19,28.4,28.13,28.2,165600,27.4
2012-03-15,28.2,28.23,27.98,28.22,123400,27.42
2012-03-16,28.63,28.97,28.63,28.91,33400,28.09
2012-03-19,28.8,29.07,28.75,28.93,40100,28.11
2012-03-20,28.45,28.82,28.33,28.76,522400,27.95
2012-03-21,28.16,28.48,28.16,28.44,89700,27.63
2012-03-22,28.15,28.24,27.96,28.15,80900,27.35
2012-03-23,28.16,28.35,28.12,28.21,15900,27.41
2012-03-26,28.27,28.43,28.13,28.43,75400,27.63
2012-03-27,28.49,28.53,28.43,28.43,85900,27.63
2012-03-28,28.56,28.56,28.21,28.34,62700,27.54
2012-03-29,28.28,28.43,28.18,28.43,38200,27.63
2012-03-30,28.67,28.78,28.63,28.74,75900,27.93
2012-04-02,28.91,28.91,28.49,28.79,474000,27.97
2012-04-03,28.52,28.52,28.16,28.31,31700,27.51
2012-04-04,27.98,28.08,27.94,28.06,68700,27.27
2012-04-05,28.05,28.33,28.05,28.14,30800,27.34
2012-04-09,27.96,27.99,27.77,27.84,42600,27.05
2012-04-10,28.07,28.2,27.67,27.69,78000,26.91
2012-04-11,28.03,28.13,27.94,27.95,33300,27.16
2012-04-12,28.2,28.6,28.19,28.48,154100,27.67
2012-04-13,28.51,28.56,28.32,28.36,183600,27.56
2012-04-16,28.73,28.76,28.45,28.51,77000,27.7
2012-04-17,28.98,29.47,28.93,29.41,297800,28.58
2012-04-18,29.14,29.33,29.14,29.18,64500,28.35
2012-04-19,29.04,29.24,28.95,29.05,48400,28.23
2012-04-20,29.23,29.26,29.12,29.2,61900,28.37
2012-04-23,29,29.06,28.74,28.94,232400,28.12
2012-04-24,29.02,29.31,29.02,29.26,369700,28.43
2012-04-25,29.37,29.43,29.27,29.38,31400,28.55
2012-04-26,29.5,29.7,29.46,29.68,85600,28.84
2012-04-27,29.72,29.72,29.42,29.68,589100,28.84
2012-04-30,29.66,29.72,29.56,29.65,43000,28.81
2012-05-01,29.66,29.92,29.6,29.76,73900,28.92
2012-05-02,29.93,29.93,29.63,29.91,181000,29.06
2012-05-03,30.19,30.28,30.08,30.11,82000,29.26
2012-05-04,30.16,30.16,29.94,29.98,65900,29.13
2012-05-07,29.85,29.97,29.83,29.9,82000,29.05
2012-05-08,29.85,29.93,29.64,29.93,259700,29.08
2012-05-09,29.45,29.59,29.04,29.54,67700,28.7
2012-05-10,29.54,29.54,29.34,29.35,35700,28.52
2012-05-11,29.18,29.35,29.13,29.16,87000,28.33
2012-05-14,28.68,28.68,27.71,28.23,206400,27.43
2012-05-15,27.92,27.92,27.26,27.39,360200,26.61
2012-05-16,27.17,27.29,26.82,26.82,209000,26.06
2012-05-17,27.66,28.08,27.61,27.85,844400,27.06
2012-05-18,27.39,27.39,27.01,27.12,640300,26.35
2012-05-21,27.32,27.73,27.32,27.59,411600,26.81
2012-05-22,27.42,27.72,27.29,27.43,121300,26.65
2012-05-23,27.1,27.1,26.68,27.07,87000,26.3
2012-05-24,27.05,27.19,26.68,26.82,193100,26.06
2012-05-25,26.95,26.97,26.79,26.82,53600,26.06
2012-05-29,27.59,27.98,27.59,27.94,98300,27.15
2012-05-30,27.71,27.84,27.5,27.72,354100,26.94
2012-05-31,27.98,28.28,27.98,28.14,39500,27.34
2012-06-01,27.74,27.75,27.42,27.46,123000,26.68
2012-06-04,27.11,27.15,26.78,27.01,4e+05,26.25
2012-06-05,27.09,27.14,26.98,27.12,198400,26.35
2012-06-06,27.57,27.82,27.47,27.8,143700,27.01
2012-06-07,28.13,28.19,27.91,27.95,134700,27.16
2012-06-08,27.82,27.87,27.64,27.81,42700,27.02
2012-06-11,28.24,28.61,27.81,27.83,132300,27.04
2012-06-12,28.04,28.45,28.01,28.36,343400,27.56
2012-06-13,28.61,28.87,28.33,28.39,531700,27.59
2012-06-14,28.28,28.37,28.01,28.29,344800,27.49
2012-06-15,28,28.34,27.72,28.1,135800,27.3
2012-06-18,28.43,28.63,28.38,28.58,102900,27.77
2012-06-19,28.93,29.23,28.66,29.07,223900,28.25
2012-06-20,29.32,29.45,29.12,29.3,72900,28.47
2012-06-21,28.85,28.85,28.05,28.05,122600,27.46
2012-06-22,28.48,28.7,28.48,28.6,53300,28
2012-06-25,28.54,28.54,28.22,28.28,119400,27.69
2012-06-26,28.84,28.84,28.66,28.72,83900,28.12
2012-06-27,29.2,29.35,29.18,29.28,135300,28.67
2012-06-28,29.13,29.31,28.98,29.23,74200,28.62
2012-06-29,29.58,29.9,29.48,29.83,125900,29.21
2012-07-02,29.91,30.12,29.82,30.01,85900,29.38
2012-07-03,30.43,30.77,30.43,30.68,80800,30.04
2012-07-05,30.6,30.64,30.42,30.49,100300,29.85
2012-07-06,30.26,30.26,30.07,30.18,53600,29.55
2012-07-09,29.72,29.82,29.51,29.81,48600,29.19
2012-07-10,29.81,29.95,29.39,29.54,63400,28.92
2012-07-11,29.6,29.8,29.55,29.74,44000,29.12
2012-07-12,29.32,29.61,29.05,29.49,45700,28.87
2012-07-13,29.46,29.93,29.26,29.89,68100,29.27
2012-07-16,30.14,30.25,30.02,30.18,48200,29.55
2012-07-17,30.19,30.33,29.9,30.31,150400,29.68
2012-07-18,29.93,30.13,29.84,30,141800,29.37
2012-07-19,29.6,29.71,29.47,29.61,34800,28.99
2012-07-20,29.6,29.6,29.31,29.39,66400,28.78
2012-07-23,28.83,28.84,28.64,28.76,158100,28.16
2012-07-24,29.07,29.12,28.84,29.08,73700,28.47
2012-07-25,29.3,29.31,29,29.17,51700,28.56
2012-07-26,29.4,29.57,29.31,29.57,96100,28.95
2012-07-27,29.86,30.11,29.57,29.94,64300,29.31
2012-07-30,29.92,30.12,29.92,29.98,48500,29.35
2012-07-31,30.1,30.2,29.95,29.95,60000,29.32
2012-08-01,30.1,30.1,29.71,29.74,111800,29.12
2012-08-02,29.8,29.97,29.51,29.65,52300,29.03
2012-08-03,30.29,30.33,30.06,30.16,139800,29.53
2012-08-06,30.07,30.37,30,30.23,184500,29.6
2012-08-07,30.37,30.51,30.05,30.05,605400,29.42
2012-08-08,30.07,30.15,30,30,365300,29.37
2012-08-09,29.74,29.78,29.6,29.65,118100,29.03
2012-08-10,29.89,29.89,29.65,29.77,86800,29.15
2012-08-13,29.86,29.86,29.67,29.84,93000,29.22
2012-08-14,29.79,29.79,29.57,29.62,44600,29
2012-08-15,29.59,29.72,29.49,29.69,69600,29.07
2012-08-16,29.18,29.43,29.18,29.37,49700,28.76
2012-08-17,29.22,29.22,29.05,29.15,78700,28.54
2012-08-20,28.98,29.31,28.91,29.19,90400,28.58
2012-08-21,29.28,29.36,28.81,28.84,969200,28.24
2012-08-22,28.64,28.75,28.52,28.67,277000,28.07
2012-08-23,28.97,28.97,28.72,28.76,140500,28.16
2012-08-24,28.61,28.66,28.4,28.6,169300,28
2012-08-27,28.65,28.68,28.42,28.51,184500,27.91
2012-08-28,28.76,28.88,28.65,28.8,73600,28.2
2012-08-29,28.9,28.95,28.84,28.95,51600,28.35
2012-08-30,28.73,28.79,28.65,28.68,573300,28.08
2012-08-31,29.1,29.25,28.99,29.1,130500,28.49
2012-09-04,29.14,29.17,29,29.13,87500,28.52
2012-09-05,29.02,29.06,28.91,28.99,48200,28.38
2012-09-06,29.13,29.48,29.13,29.47,134800,28.85
2012-09-07,29.64,29.88,29.64,29.88,155200,29.26
2012-09-10,29.7,29.83,29.55,29.55,40500,28.93
2012-09-11,29.73,29.83,29.64,29.78,22000,29.16
2012-09-12,29.86,29.93,29.81,29.84,97300,29.22
2012-09-13,29.83,30.64,29.81,30.43,104100,29.79
2012-09-14,30.61,31.03,30.61,30.82,81300,30.18
2012-09-17,30.69,30.69,30.48,30.5,65700,29.86
2012-09-18,30.34,30.57,30.25,30.49,45300,29.85
2012-09-19,30.4,30.58,30.35,30.45,22600,29.81
2012-09-20,30.29,30.34,30.18,30.28,41200,29.65
2012-09-21,30.45,30.57,30.35,30.35,181800,29.72
2012-09-24,30.38,30.58,30.38,30.56,44400,29.92
2012-09-25,30.56,30.68,30.28,30.29,53400,29.66
2012-09-26,30.1,30.12,29.98,30.05,56900,29.42
2012-09-27,30.23,30.56,30.23,30.53,52300,29.89
2012-09-28,30.77,30.8,30.5,30.64,65700,30
2012-10-01,30.58,30.81,30.53,30.66,42900,30.02
2012-10-02,30.85,30.99,30.77,30.93,73900,30.28
2012-10-03,31.26,31.27,31.1,31.17,130900,30.52
2012-10-04,31.65,31.69,31.54,31.69,95200,31.03
2012-10-05,31.79,31.85,31.54,31.62,213800,30.96
2012-10-08,31.67,31.67,31.25,31.51,123100,30.85
2012-10-09,31.49,31.51,31.11,31.18,156000,30.53
2012-10-10,31.27,31.27,30.91,31.05,172300,30.4
2012-10-11,31.24,31.37,31.05,31.05,128400,30.4
2012-10-12,31.27,31.27,31.09,31.24,36100,30.59
2012-10-15,31.5,31.51,31.23,31.46,103200,30.8
2012-10-16,31.62,31.77,31.57,31.7,79700,31.04
2012-10-17,31.99,32.19,31.86,32.17,210200,31.5
2012-10-18,31.9,32.03,31.72,31.84,75900,31.17
2012-10-19,31.77,31.77,31.45,31.52,232700,30.86
2012-10-22,31.65,31.74,31.46,31.68,290900,31.02
2012-10-23,31.43,31.47,31.23,31.38,172200,30.72
2012-10-24,31.39,31.58,31.26,31.33,246400,30.68
2012-10-25,31.66,31.72,31.42,31.49,61700,30.83
2012-10-26,31.31,31.56,31.24,31.41,64000,30.75
2012-10-31,31.91,31.95,31.56,31.82,232500,31.16
2012-11-01,31.79,32.15,31.79,32.04,573400,31.37
2012-11-02,32.21,32.21,31.79,31.85,192600,31.18
2012-11-05,32,32.1,31.83,32.06,160900,31.39
2012-11-06,32.18,32.39,32.14,32.34,1e+05,31.66
2012-11-07,31.91,31.94,31.56,31.78,206300,31.12
2012-11-08,32.03,32.13,31.69,31.69,164400,31.03
2012-11-09,31.89,32.13,31.84,31.92,171000,31.25
2012-11-12,31.99,32.22,31.99,32.15,121900,31.48
2012-11-13,32.1,32.2,31.99,32.08,109500,31.41
2012-11-14,31.99,32.04,31.58,31.66,69100,31
2012-11-15,31.63,31.8,31.46,31.77,232700,31.11
2012-11-16,31.93,32.01,31.65,31.97,114700,31.3
2012-11-19,32.1,32.44,32.1,32.44,101400,31.76
2012-11-20,32.42,32.52,32.21,32.52,122600,31.84
2012-11-21,32.69,32.88,32.66,32.82,138600,32.13
2012-11-23,33,33.07,32.86,33.06,181200,32.37
2012-11-26,33.04,33.2,32.88,33.06,283800,32.37
2012-11-27,33.42,33.42,32.9,32.99,159000,32.3
2012-11-28,33.16,33.55,33.02,33.54,201600,32.84
2012-11-29,33.57,33.62,33.45,33.59,134600,32.89
2012-11-30,33.85,33.87,33.49,33.6,274000,32.9
2012-12-03,33.61,33.9,33.61,33.78,514800,33.07
2012-12-04,33.94,34.06,33.9,33.98,268600,33.27
2012-12-05,33.71,33.82,33.58,33.7,215500,33
2012-12-06,34.09,34.28,34.09,34.27,146900,33.55
2012-12-07,34.43,34.49,34.3,34.37,150700,33.65
2012-12-10,34.32,34.32,34.1,34.21,171600,33.5
2012-12-11,34.63,34.77,34.6,34.74,150100,34.01
2012-12-12,34.49,34.61,34.34,34.38,197000,33.66
2012-12-13,34.23,34.25,33.9,33.99,149000,33.28
2012-12-14,33.6,33.67,33.49,33.65,729300,32.95
2012-12-17,33.3,33.48,33.24,33.41,257700,32.71
2012-12-18,33.23,33.35,33.02,33.31,332500,32.66
2012-12-19,33.77,34.04,33.77,33.85,384400,33.18
2012-12-20,34.25,34.54,34.24,34.53,318900,33.85
2012-12-21,34.3,34.42,34.24,34.37,547200,33.69
2012-12-24,34,34.3,34,34.24,35900,33.57
2012-12-26,34.5,34.5,34.14,34.21,107200,33.54
2012-12-27,34.17,34.25,33.94,34.15,129300,33.48
2012-12-28,34.16,34.32,34.1,34.23,127100,33.56
2012-12-31,34.13,34.63,34.13,34.55,171500,33.87
2013-01-02,35,35.18,34.84,35.07,466100,34.38
2013-01-03,35.36,35.51,35.31,35.35,385200,34.65
2013-01-04,35.43,35.62,35.42,35.6,208100,34.9
2013-01-07,35.75,35.8,35.66,35.75,356400,35.05
2013-01-08,35.96,35.97,35.79,35.93,376300,35.22
2013-01-09,36.26,36.29,36.13,36.21,551100,35.5
2013-01-10,35.92,36,35.8,35.93,220900,35.22
2013-01-11,36.1,36.1,35.9,36.05,194100,35.34
2013-01-14,36.2,36.2,36,36.15,326400,35.44
2013-01-15,36.12,36.2,36.02,36.19,871700,35.48
2013-01-16,35.86,36.01,35.81,35.98,148300,35.27
2013-01-17,36.15,36.36,36.14,36.29,274300,35.58
2013-01-18,36.41,36.5,36.33,36.48,244800,35.76
2013-01-22,36.31,36.34,36.16,36.29,377500,35.58
2013-01-23,36.18,36.2,36.1,36.18,204000,35.47
2013-01-24,36.37,36.49,36.31,36.41,264200,35.69
2013-01-25,36.58,36.59,36.38,36.46,233000,35.74
2013-01-28,36.51,36.54,36.4,36.51,238900,35.79
2013-01-29,36.68,37.15,36.65,37.08,480600,36.35
2013-01-30,37.38,37.4,37.24,37.28,461700,36.55
2013-01-31,37.19,37.29,37.16,37.26,299600,36.53
2013-02-01,37.88,38,37.79,37.87,351300,37.13
2013-02-04,38.29,38.37,38.1,38.15,380000,37.4
2013-02-05,38.64,38.7,38.5,38.6,226200,37.84
2013-02-06,38.24,38.33,38.09,38.29,287500,37.54
2013-02-07,38.44,38.5,38.24,38.44,147700,37.68
2013-02-08,38.44,38.64,38.39,38.6,216000,37.84
2013-02-11,38.53,38.61,38.48,38.58,220200,37.82
2013-02-12,38.6,38.76,38.51,38.71,179000,37.95
2013-02-13,39.02,39.09,38.95,39,211500,38.23
2013-02-14,38.95,38.98,38.83,38.96,322000,38.19
2013-02-15,39.12,39.22,38.92,39.01,188600,38.24
2013-02-19,39.64,39.85,39.56,39.7,562200,38.92
2013-02-20,39.75,39.8,39.45,39.47,344700,38.69
2013-02-21,39.6,39.67,39.24,39.35,339900,38.58
2013-02-22,39.62,39.79,39.44,39.5,441600,38.72
2013-02-25,40.05,40.23,39.53,39.53,421600,38.75
2013-02-26,39.74,39.77,39.37,39.53,223300,38.75
2013-02-27,39.57,39.92,39.49,39.88,298700,39.1
2013-02-28,40.1,40.26,40,40,494200,39.21
2013-03-01,39.43,39.6,39.21,39.51,395200,38.73
2013-03-04,39.43,39.54,39.12,39.45,285500,38.67
2013-03-05,39.75,40.12,39.75,40,265800,39.21
2013-03-06,40.6,40.77,40.54,40.68,294400,39.88
2013-03-07,40.15,40.48,40.09,40.46,1597300,39.66
2013-03-08,40.86,40.9,40.75,40.76,576200,39.96
2013-03-11,40.67,40.84,40.51,40.83,499900,40.03
2013-03-12,40.66,40.67,40.43,40.5,549000,39.7
2013-03-13,40.57,40.58,40.29,40.5,478200,39.7
2013-03-14,40.19,40.35,40.11,40.28,460100,39.49
2013-03-15,40.1,40.1,39.85,39.91,494200,39.13
2013-03-18,39.25,39.32,38.91,39.11,599800,38.34
2013-03-19,38.69,38.69,37.94,38.02,1084300,37.27
2013-03-20,38.45,38.76,38.4,38.46,351600,37.7
2013-03-21,38.53,38.65,38.22,38.22,696600,37.47
2013-03-22,38.62,38.97,38.58,38.88,410000,38.12
2013-03-25,39.28,39.43,39.05,39.13,375600,38.36
2013-03-26,39.57,39.77,39.4,39.76,268700,38.98
2013-03-27,40.59,40.87,40.51,40.85,429500,40.05
2013-03-28,40.88,41.26,40.85,41.14,455500,40.33
2013-04-01,41.05,41.09,40.63,40.65,318400,39.85
2013-04-02,40.39,40.4,40.06,40.09,359100,39.3
2013-04-03,40.38,40.7,40.17,40.27,246800,39.48
2013-04-04,40,40.07,39.8,39.99,175400,39.2
2013-04-05,39.39,39.81,39.26,39.79,568700,39.01
2013-04-08,39.81,39.81,39.5,39.77,206900,38.99
2013-04-09,40.09,40.12,39.77,40.02,223600,39.23
2013-04-10,40.63,41,40.58,40.91,163300,40.11
2013-04-11,40.65,40.98,40.65,40.9,223400,40.1
2013-04-12,40.66,40.76,40.33,40.53,270700,39.73
2013-04-15,40.15,40.32,39.65,39.75,243200,38.97
2013-04-16,39.74,39.93,39.65,39.85,197400,39.07
2013-04-17,40.11,40.12,39.56,39.66,232900,38.88
2013-04-18,40.15,40.41,39.99,40.02,174800,39.23
2013-04-19,40.82,41.04,40.81,40.97,223300,40.16
2013-04-22,41.54,41.87,41.41,41.77,471800,40.95
2013-04-23,41.33,41.62,41.31,41.53,362200,40.71
2013-04-24,40.97,41.12,40.86,41.03,365000,40.22
2013-04-25,41.16,41.38,41.1,41.32,273100,40.51
2013-04-26,41.46,41.46,41.25,41.33,165800,40.52
2013-04-29,41.48,42,41.44,41.75,415300,40.93
2013-04-30,41.75,41.94,41.61,41.88,358900,41.06
2013-05-01,41.89,41.89,41.52,41.55,161000,40.73
2013-05-02,42.24,42.55,42,42.54,633800,41.7
2013-05-03,43.14,43.49,43.13,43.25,261100,42.4
2013-05-06,42.81,42.91,42.57,42.81,198800,41.97
2013-05-07,42.62,42.72,42.57,42.66,244500,41.82
2013-05-08,42.9,43.04,42.85,43.02,244200,42.17
2013-05-09,42.93,42.98,42.74,42.85,258500,42.01
2013-05-10,42.87,42.99,42.78,42.83,241100,41.99
2013-05-13,42.77,42.87,42.73,42.78,203700,41.94
2013-05-14,43.01,43.33,43.01,43.27,175000,42.42
2013-05-15,43.53,43.59,43.4,43.47,288400,42.62
2013-05-16,42.99,42.99,42.65,42.65,281500,41.81
2013-05-17,42.6,42.79,42.6,42.7,197800,41.86
2013-05-20,42.6,42.69,42.52,42.64,228000,41.8
2013-05-21,42.86,43.01,42.71,42.93,281700,42.09
2013-05-22,43.22,43.51,42.72,42.79,325300,41.95
2013-05-23,41.9,42.12,41.25,41.88,613000,41.06
2013-05-24,41.72,41.72,41.38,41.55,368700,40.73
2013-05-28,40.67,40.81,40.5,40.78,830900,39.98
2013-05-29,40.83,40.89,40.49,40.57,420000,39.77
2013-05-30,39.47,39.47,38.79,39.17,860200,38.4
2013-05-31,39.41,39.5,38.81,39.01,854900,38.24
2013-06-03,38,38.32,37.53,38.25,788200,37.5
2013-06-04,37.61,37.63,37.24,37.48,849600,36.74
2013-06-05,36.82,36.88,36.29,36.35,842100,35.64
2013-06-06,36.72,37.26,36.72,37.19,421300,36.46
2013-06-07,37.59,38.03,37.34,37.77,312900,37.03
2013-06-10,37.94,37.95,37.47,37.67,588400,36.93
2013-06-11,35.88,36.03,35.4,35.72,801200,35.02
2013-06-12,35.72,35.98,35.37,35.7,597900,35
2013-06-13,34.05,35.48,33.89,35.38,944800,34.68
2013-06-14,34.99,35.12,34.41,34.8,520300,34.12
2013-06-17,35,35.45,35,35.14,352600,34.45
2013-06-18,35.85,36.2,35.8,36.19,341500,35.48
2013-06-19,35.81,36.14,35,35.05,222400,34.36
2013-06-20,33.99,33.99,31.93,32.23,1010700,31.6
2013-06-21,33.13,33.4,32.32,33.17,668600,32.52
2013-06-24,31.93,32.02,30.93,31.72,835300,31.1
2013-06-25,31.92,32.3,31.66,32.17,701100,31.54
2013-06-26,33.53,34.38,33.53,34.23,767500,33.56
2013-06-27,34.41,35.07,34.35,34.96,445700,34.57
2013-06-28,34.74,35.21,34.38,35.04,290500,34.64
2013-07-01,35.49,35.65,35.07,35.15,226300,34.75
2013-07-02,35.15,35.44,34.23,34.83,378300,34.44
2013-07-03,35.13,35.5,34.83,35.11,198800,34.71
2013-07-05,35.03,35.03,33.95,34.66,508000,34.27
2013-07-08,33.76,34.43,33.76,33.92,282300,33.54
2013-07-09,34.32,34.53,33.83,34.43,287500,34.04
2013-07-10,33.96,34.13,33.75,33.76,212100,33.38
2013-07-11,34.77,35.72,34.67,35.7,443400,35.3
2013-07-12,35.93,36.02,35.61,35.7,253600,35.3
2013-07-15,36.03,36.34,35.95,36.22,170500,35.81
2013-07-16,35.96,36.23,35.88,36.17,139000,35.76
2013-07-17,36.18,36.56,36.18,36.43,115200,36.02
2013-07-18,36.61,36.79,36.37,36.64,368400,36.23
2013-07-19,36.36,36.48,36.13,36.34,119600,35.93
2013-07-22,36.38,36.96,36.34,36.96,177100,36.54
2013-07-23,37.08,37.35,37.07,37.32,232500,36.9
2013-07-24,37.38,37.46,36.95,37.16,392300,36.74
2013-07-25,37.2,37.47,36.92,37.46,212400,37.04
2013-07-26,37.01,37.31,36.72,37.29,114700,36.87
2013-07-29,36.86,37.01,36.65,36.69,151700,36.28
2013-07-30,36.73,36.81,36.22,36.3,148800,35.89
2013-07-31,36.01,36.09,35.4,36,678900,35.59
2013-08-01,36.1,36.78,36.1,36.73,168300,36.32
2013-08-02,35.53,35.86,35.31,35.74,169000,35.34
2013-08-05,35.26,35.3,34.82,35,156500,34.61
2013-08-06,34.59,34.95,34.12,34.37,140200,33.98
2013-08-07,34.16,34.33,34.03,34.16,181100,33.77
2013-08-08,34.22,34.66,34.04,34.54,225900,34.15
2013-08-09,34.61,34.84,34.5,34.61,139300,34.22
2013-08-12,34.5,34.97,34.42,34.93,128800,34.54
2013-08-13,35.08,35.45,35.04,35.29,170600,34.89
2013-08-14,35.92,35.96,35.65,35.78,304600,35.38
2013-08-15,35.09,35.1,34.71,35.04,54300,34.64
2013-08-16,35.17,35.27,34.7,34.74,101700,34.35
2013-08-19,34.42,34.47,33.68,33.68,781900,33.3
2013-08-20,33.22,33.47,32.97,33.22,617300,32.85
2013-08-21,32.87,32.93,32.4,32.44,453300,32.07
2013-08-22,31.85,32.17,31.47,32.02,1678600,31.66
2013-08-23,32.44,32.49,32.07,32.48,481100,32.11
2013-08-26,32.58,32.75,32,32.12,370900,31.76
2013-08-27,30.59,30.59,29.39,29.55,954700,29.22
2013-08-28,29.53,30.05,29,29.41,848000,29.08
2013-08-29,30.5,31.01,30.39,30.55,694800,30.21
2013-08-30,31.56,31.56,30.92,31.16,626400,30.81
2013-09-03,31.78,31.85,31.18,31.3,320500,30.95
2013-09-04,31.2,31.79,31.2,31.54,357600,31.18
2013-09-05,31.33,31.55,31.07,31.47,414200,31.11
2013-09-06,31.99,32.41,31.4,32.22,457300,31.86
2013-09-09,32.28,33.34,32.14,33.25,501100,32.87
2013-09-10,33.39,33.65,33.14,33.6,758300,33.22
2013-09-11,33.58,33.58,33.21,33.5,362500,33.12
2013-09-12,33.2,33.2,32.76,32.84,380700,32.47
2013-09-13,33.1,33.1,32.5,33.01,156400,32.64
2013-09-16,34,34.05,33.64,33.87,288900,33.49
2013-09-17,34.07,34.27,33.78,33.9,481400,33.52
2013-09-18,34.03,36.38,33.66,36.34,899800,35.93
2013-09-19,35.85,36.28,35.56,35.93,664800,35.52
2013-09-20,35.44,35.45,34.18,34.28,350600,33.89
2013-09-23,34.81,35.22,34.75,35.11,103900,34.71
2013-09-24,34.67,34.92,34.18,34.26,435800,33.87
2013-09-25,34.3,34.45,33.77,34.21,373400,33.82
2013-09-26,34.25,34.48,33.89,34.3,199700,33.91
2013-09-27,33.96,34.15,33.62,33.87,203200,33.49
2013-09-30,32.6,32.95,32.49,32.89,275000,32.52
2013-10-01,32.78,33.69,32.78,33.63,545200,33.25
2013-10-02,34.06,34.44,33.96,34.42,210400,34.03
2013-10-03,34.5,34.66,33.61,33.91,297000,33.53
2013-10-04,34.25,34.76,34.13,34.7,243300,34.31
2013-10-07,34.96,34.96,34.41,34.58,312200,34.19
2013-10-08,34.75,35,33.67,33.7,277400,33.32
2013-10-09,33.89,34.06,33.49,33.95,300100,33.57
2013-10-10,34.99,35.57,34.69,35.45,335000,35.05
2013-10-11,35.04,35.65,35.04,35.63,198400,35.23
2013-10-14,34.9,35.55,34.57,35.27,165700,34.87
2013-10-15,35.28,35.5,34.79,34.85,264900,34.46
2013-10-16,35.09,35.3,34.88,35.15,220000,34.75
2013-10-17,35.17,35.88,35.17,35.66,226100,35.26
2013-10-18,35.9,35.96,35.62,35.81,216700,35.41
2013-10-21,35.51,35.7,35.23,35.36,337100,34.96
2013-10-22,35.87,36.14,35.58,35.87,536700,35.47
2013-10-23,35.8,35.8,35.23,35.25,213000,34.85
2013-10-24,35.43,35.48,34.83,34.97,217300,34.58
2013-10-25,34.99,35.3,34.99,35.3,78000,34.9
2013-10-28,35,35.55,35,35.31,163600,34.91
2013-10-29,35.24,35.56,35.05,35.26,174800,34.86
2013-10-30,35.71,35.79,34.73,35,265900,34.61
2013-10-31,35.38,35.49,35.05,35.2,235400,34.8
2013-11-01,35.14,35.41,34.66,34.97,279800,34.58
2013-11-04,34.89,35.42,34.89,35.4,175000,35
2013-11-05,35.05,35.18,34.72,34.78,152200,34.39
2013-11-06,34.79,35.01,34.68,34.91,118400,34.52
2013-11-07,35.03,35.03,33.73,33.81,480400,33.43
2013-11-08,33.65,34,33.1,33.85,716100,33.47
2013-11-11,33.1,33.54,33.1,33.48,196000,33.1
2013-11-12,33.33,33.63,33,33.34,427600,32.96
2013-11-13,33.18,33.99,33.17,33.84,378500,33.46
2013-11-14,33.77,34.21,33.51,34.09,193300,33.71
2013-11-15,34.05,34.9,34,34.66,259000,34.27
2013-11-18,34.58,34.62,34.11,34.16,213300,33.77
2013-11-19,33.67,33.81,33.34,33.39,163900,33.01
2013-11-20,32.99,33,32.27,32.36,182800,31.99
2013-11-21,32.58,32.86,32.43,32.78,234300,32.41
2013-11-22,32.4,32.59,32.01,32.42,211200,32.05
2013-11-25,32.01,32.14,31.51,31.56,426000,31.2
2013-11-26,31.93,32.09,31.84,32.05,392900,31.69
2013-11-27,32.32,32.86,32.24,32.81,223400,32.44
2013-11-29,32.9,33.59,32.9,33.46,189900,33.08
2013-12-02,33.93,33.93,32.63,32.75,113900,32.38
2013-12-03,32.88,32.97,32.41,32.59,109600,32.22
2013-12-04,32.58,32.58,31.85,32.2,145200,31.84
2013-12-05,31.81,32.09,31.75,31.89,142100,31.53
2013-12-06,32.17,32.52,31.94,32.42,92200,32.05
2013-12-09,32.25,32.25,31.78,32.08,79600,31.72
2013-12-10,31.05,31.36,31,31.28,200200,30.93
2013-12-11,31.5,31.5,30.68,30.71,122100,30.36
2013-12-12,30.69,30.69,30.25,30.34,125300,30
2013-12-13,30.33,30.62,30.27,30.4,107100,30.06
2013-12-16,31.26,31.41,31.01,31.17,121000,30.82
2013-12-17,31.32,31.39,31.07,31.14,108000,30.79
2013-12-18,31.25,31.98,31,31.93,92800,31.61
2013-12-19,31.09,31.77,30.8,31.33,227700,31.02
2013-12-20,30.7,30.89,30.5,30.7,263400,30.39
2013-12-23,31.01,31.2,30.88,31,223400,30.69
2013-12-24,31,31.29,31,31.27,41600,30.96
2013-12-26,30.96,30.98,30.68,30.76,55700,30.45
2013-12-27,31.07,31.2,30.91,30.98,178600,30.67
2013-12-30,30.96,31.35,30.94,31.23,79400,30.92
2013-12-31,31.24,31.6,31.16,31.6,68000,31.29
2014-01-02,31.6,31.88,30.91,31.04,323400,30.73
2014-01-03,31.18,31.23,30.71,30.85,77700,30.54
2014-01-06,31.27,31.33,31.04,31.2,186100,30.89
2014-01-07,31.2,31.31,30.97,31.06,64100,30.75
2014-01-08,31.2,31.39,31.01,31.1,108900,30.79
2014-01-09,31,31.18,30.72,31.1,89000,30.79
2014-01-10,30.88,31.4,30.76,31.3,205200,30.99
2014-01-13,31.41,31.57,30.76,31.01,248000,30.7
2014-01-14,31,31.37,30.96,31.23,194200,30.92
2014-01-15,31.16,31.24,31,31.02,68100,30.71
2014-01-16,31.11,31.11,30.78,30.9,56900,30.59
2014-01-17,30.89,31.04,30.75,30.82,89300,30.51
2014-01-21,30.92,31.15,30.62,30.78,152500,30.47
2014-01-22,31.35,31.65,31.25,31.59,211500,31.28
2014-01-23,31.62,31.65,30.91,31.44,313000,31.13
2014-01-24,31.59,31.59,30.85,31.03,566800,30.72
2014-01-27,31.18,31.44,30.87,30.98,214900,30.67
2014-01-28,31.06,31.28,30.92,30.94,210000,30.63
2014-01-29,30.9,30.92,30.35,30.45,118800,30.15
2014-01-30,31,31.14,30.77,30.92,105400,30.61
2014-01-31,30.87,31.11,30.37,30.96,113600,30.65
2014-02-03,30.9,31,30.02,30.17,163200,29.87
2014-02-04,30.31,30.93,30.31,30.83,382900,30.52
2014-02-05,30.81,30.85,30.38,30.63,117100,30.33
2014-02-06,30.74,31.3,30.7,31.26,453000,30.95
2014-02-07,31.46,31.79,31.17,31.49,166500,31.18
2014-02-10,31.53,31.6,31.2,31.29,111100,30.98
2014-02-11,31.63,32.6,31.63,32.16,924900,31.84
2014-02-12,32.22,32.34,31.87,31.96,223000,31.64
2014-02-13,31.69,32.22,31.69,32.01,237900,31.69
2014-02-14,32.1,32.64,32.06,32.37,329100,32.05
2014-02-18,32.78,32.8,32.37,32.47,150900,32.15
2014-02-19,32.83,33.21,32.7,32.88,218500,32.55
2014-02-20,33.22,33.6,33.08,33.52,218800,33.19
2014-02-21,33.46,33.63,33.21,33.45,270000,33.12
2014-02-24,33.6,33.72,33.31,33.57,165700,33.24
2014-02-25,33.42,33.6,32.91,33.06,308100,32.73
2014-02-26,33.32,33.53,32.93,33.14,190900,32.81
2014-02-27,33.42,34.03,33.38,33.95,265700,33.61
2014-02-28,34.14,34.42,33.8,34.18,669300,33.84
2014-03-03,33.8,33.93,33.35,33.7,998500,33.36
2014-03-04,34.01,34.28,34.01,34.2,285600,33.86
2014-03-05,34.23,34.49,34.04,34.45,256300,34.11
2014-03-06,34.66,34.99,34.61,34.88,379700,34.53
2014-03-07,34.69,34.69,34.05,34.26,138200,33.92
2014-03-10,34.38,34.42,34.1,34.37,1058200,34.03
2014-03-11,34.6,34.86,34.14,34.31,218100,33.97
2014-03-12,34.09,34.31,33.76,34.26,167200,33.92
2014-03-13,34.2,34.33,33.4,33.59,185300,33.26
2014-03-14,33.63,34,33.6,33.64,79300,33.31
2014-03-17,34.08,34.28,34.05,34.23,97800,33.89
2014-03-18,34.21,34.76,34.2,34.74,128400,34.39
2014-03-19,34.31,34.45,33.67,33.78,243700,33.44
2014-03-20,33.72,34.15,33.47,34.14,266100,33.8
2014-03-21,33.99,34.08,33.62,33.68,228100,33.34
2014-03-24,33.78,33.79,33.43,33.55,1153000,33.22
2014-03-25,33.56,33.75,33.46,33.54,758500,33.21
2014-03-26,33.51,33.87,33.34,33.36,206900,33.03
2014-03-27,33.5,33.61,33.19,33.46,271400,33.13
2014-03-28,33.79,34.37,33.73,33.87,350700,33.53
2014-03-31,34.29,34.48,34.02,34.09,365200,33.75
2014-04-01,34.57,34.9,34.56,34.77,145600,34.42
2014-04-02,35.03,35.04,34.79,34.99,354900,34.64
2014-04-03,34.92,34.92,34.17,34.62,210200,34.28
2014-04-04,34.8,35.5,34.34,34.39,579700,34.05
2014-04-07,34.82,35.12,34.58,34.66,317300,34.32
2014-04-08,34.82,35.33,34.82,35.09,199600,34.74
2014-04-09,35.44,35.69,34.94,35.48,327300,35.13
2014-04-10,35.69,35.77,34.93,35.01,326600,34.66
2014-04-11,34.76,35.16,34.72,35.09,193000,34.74
2014-04-14,35.26,35.38,35.01,35.28,418400,34.93
2014-04-15,35.28,35.45,34.56,35.26,252300,34.91
2014-04-16,35.59,36.03,35.48,35.95,233100,35.59
2014-04-17,36,36.28,35.81,36.07,173200,35.71
2014-04-21,36.23,36.5,36,36.24,641800,35.88
2014-04-22,36.31,36.39,36.1,36.1,240400,35.74
2014-04-23,35.77,36.03,35.4,35.61,235400,35.26
2014-04-24,35.58,35.61,35.12,35.38,188100,35.03
2014-04-25,35.79,35.79,35.08,35.24,206100,34.89
2014-04-28,35.67,35.67,34.64,35.07,239800,34.72
2014-04-29,35.39,35.84,35.32,35.6,526400,35.25
2014-04-30,35.73,35.95,35.58,35.94,221600,35.58
2014-05-01,35.77,36.1,35.77,36.03,118100,35.67
2014-05-02,36.01,36.14,35.75,36.01,146900,35.65
2014-05-05,36.09,36.11,35.84,36.08,159100,35.72
2014-05-06,35.89,36.34,35.89,35.9,124700,35.54
2014-05-07,36.05,36.46,35.86,36.42,258500,36.06
2014-05-08,36.5,36.9,36.5,36.67,785300,36.31
2014-05-09,37.09,37.17,36.82,36.93,545600,36.56
2014-05-12,37.13,37.35,36.91,37.3,365100,36.93
2014-05-13,37.3,37.45,37.08,37.16,330800,36.79
2014-05-14,37.32,37.63,37.32,37.44,261500,37.07
2014-05-15,37.3,37.42,36.6,36.87,171600,36.5
2014-05-16,37.04,37.47,36.99,37.45,198700,37.08
2014-05-19,37.67,37.75,37.46,37.49,177800,37.12
2014-05-20,37.45,37.77,37.23,37.68,624700,37.31
2014-05-21,37.28,37.28,37.02,37.19,249700,36.82
2014-05-22,37.41,37.45,37.26,37.37,120300,37
2014-05-23,37.33,37.58,37.25,37.32,121900,36.95
2014-05-27,37.13,37.34,36.95,37,332900,36.63
2014-05-28,37.04,37.12,36.81,37.01,311700,36.64
2014-05-29,36.46,36.63,36.38,36.5,225000,36.14
2014-05-30,36.47,36.5,35.99,36.05,334500,35.69
2014-06-02,36.46,36.5,36.19,36.29,312400,35.93
2014-06-03,36.86,37.01,36.68,36.87,214300,36.5
2014-06-04,36.75,36.76,36.55,36.62,155500,36.26
2014-06-05,36.8,37.04,36.71,36.98,93300,36.61
2014-06-06,36.89,37.51,36.89,37.46,303200,37.09
2014-06-09,37.41,37.53,37.25,37.38,175100,37.01
2014-06-10,37.04,37.28,37.03,37.07,581900,36.7
2014-06-11,37.01,37.1,36.81,36.98,115400,36.61
2014-06-12,37.08,37.14,36.48,36.89,334000,36.52
2014-06-13,36.71,36.92,36.62,36.88,69600,36.51
2014-06-16,36.64,36.78,36.38,36.55,140900,36.19
2014-06-17,36.01,36.25,35.85,36.16,481200,35.8
2014-06-18,36.07,36.63,35.97,36.5,450000,36.14
2014-06-19,36.35,36.44,36.04,36.31,250900,35.95
2014-06-20,36.47,36.48,36.18,36.33,65700,35.97
2014-06-23,36.45,36.53,36.35,36.48,221000,36.12
2014-06-24,36.6,36.88,36.09,36.74,1660300,36.37
2014-06-25,36.83,37.07,36.62,36.98,659800,36.88
2014-06-26,37.17,37.2,37.02,37.16,408600,37.06
2014-06-27,36.99,37.29,36.9,37.27,266200,37.17
2014-06-30,37.12,37.17,36.77,36.83,206800,36.73
2014-07-01,36.83,37.09,36.78,37.03,122900,36.93
2014-07-02,36.85,37.08,36.71,36.98,145500,36.88
2014-07-03,37.31,37.65,37.31,37.62,119400,37.52
2014-07-07,37.85,38.04,37.78,37.8,2530000,37.7
2014-07-08,37.62,37.78,37.35,37.64,310900,37.54
2014-07-09,37.45,37.77,37.44,37.72,101500,37.62
2014-07-10,37.33,37.4,36.98,37.32,155900,37.22
2014-07-11,37.14,37.36,37.11,37.31,80400,37.21
2014-07-14,37.05,37.31,37,37.18,259700,37.08
2014-07-15,36.94,37.07,36.63,36.82,129200,36.72
2014-07-16,37,37.22,36.96,37.06,70100,36.96
2014-07-17,37.09,37.23,36.59,36.79,490500,36.69
2014-07-18,37.14,37.41,36.97,37.29,106800,37.19
2014-07-21,37.18,37.74,37.11,37.53,198400,37.43
2014-07-22,37.66,37.79,37.53,37.53,84300,37.43
2014-07-23,37.73,37.85,37.25,37.85,164900,37.75
2014-07-24,37.68,37.85,37.52,37.75,120700,37.65
2014-07-25,37.7,37.7,37.53,37.68,50200,37.58
2014-07-28,37.53,37.78,37.34,37.78,83500,37.68
2014-07-29,37.58,37.71,37.4,37.5,93000,37.4
2014-07-30,37.65,37.65,37.09,37.17,180400,37.07
2014-07-31,36.9,36.94,36.32,36.59,248700,36.49
2014-08-01,36.83,37.38,36.83,37.18,384200,37.08
2014-08-04,37.81,38.1,37.73,37.94,299400,37.84
2014-08-05,37.73,37.77,37.4,37.58,146900,37.48
2014-08-06,37.22,37.36,37.05,37.28,435900,37.18
2014-08-07,37.33,37.41,37.05,37.14,382900,37.04
2014-08-08,37.14,37.39,37.04,37.28,120700,37.18
2014-08-11,37.46,37.84,37.46,37.74,209000,37.64
2014-08-12,37.54,37.82,37.54,37.66,201100,37.56
2014-08-13,37.87,38.08,37.73,37.93,212800,37.83
2014-08-14,38.1,38.5,38.1,38.43,104300,38.33
2014-08-15,38.17,38.2,37.76,37.9,172100,37.8
2014-08-18,38.02,38.29,37.99,38.25,50200,38.15
2014-08-19,38.45,38.68,38.39,38.65,490600,38.55
2014-08-20,38.41,38.57,38.29,38.53,103100,38.43
2014-08-21,38.42,38.63,38.31,38.44,193700,38.34
2014-08-22,38.52,38.6,38.23,38.34,71200,38.24
2014-08-25,38.49,38.71,38.32,38.71,100200,38.61
2014-08-26,38.82,38.94,38.7,38.88,181700,38.77
2014-08-27,39,39.11,38.9,39.08,262500,38.97
2014-08-28,38.44,38.65,38.24,38.62,214400,38.52
2014-08-29,38.62,38.62,38.02,38.19,260400,38.09
2014-09-02,38.47,38.63,38.31,38.42,151800,38.32
2014-09-03,39.2,39.29,38.98,39.11,251400,39
2014-09-04,39.22,39.38,39.13,39.18,338400,39.07
2014-09-05,39.51,39.86,39.45,39.85,189100,39.74
2014-09-08,39.86,39.93,39.62,39.74,95100,39.63
2014-09-09,39.23,39.23,38.69,38.83,346800,38.73
2014-09-10,38.74,39.01,38.53,38.95,261300,38.84
2014-09-11,38.6,38.75,38.52,38.66,161700,38.56
2014-09-12,38.7,38.8,38.17,38.37,491000,38.27
2014-09-15,38.22,38.22,37.82,37.95,267800,37.85
2014-09-16,38.06,38.82,37.99,38.56,290600,38.46
2014-09-17,38.52,38.71,38.26,38.4,285800,38.3
2014-09-18,38.58,38.78,38.51,38.61,204700,38.51
2014-09-19,38.64,38.68,38.22,38.35,268800,38.25
2014-09-22,38.6,38.6,38.08,38.29,160800,38.19
2014-09-23,38.29,38.49,38.1,38.13,125600,38.03
2014-09-24,38.82,39.4,38.76,39.36,135300,39.25
2014-09-25,38.43,38.43,38.13,38.25,171000,38.15
2014-09-26,38.25,38.32,38.04,38.14,250000,38.04
2014-09-29,37.67,37.88,37.52,37.73,203400,37.63
2014-09-30,37.94,38.17,37.82,38.06,395300,37.96
2014-10-01,37.84,37.98,37.4,37.48,364200,37.38
2014-10-02,37.45,37.99,37.14,37.69,222400,37.59
2014-10-03,37.85,38.06,37.59,37.9,96500,37.8
2014-10-06,38.34,38.52,37.96,38,269400,37.9
2014-10-07,37.79,37.92,37.58,37.65,129900,37.55
2014-10-08,37.6,38.2,37.27,38.15,339800,38.05
2014-10-09,37.76,37.88,37.11,37.26,145900,37.16
2014-10-10,37.17,37.42,36.89,36.94,302100,36.84
2014-10-13,36.66,36.9,36.4,36.48,276400,36.38
2014-10-14,36.43,36.65,36.12,36.45,199800,36.35
2014-10-15,36.26,36.68,35.58,36.57,224600,36.47
2014-10-16,36.27,37.17,36.27,37.04,906100,36.94
2014-10-17,37.22,37.74,37.11,37.45,329200,37.35
2014-10-20,37.25,37.7,37.17,37.68,322800,37.58
2014-10-21,37.73,38.08,37.73,37.99,203800,37.89
2014-10-22,37.93,37.97,37.59,37.77,162400,37.67
2014-10-23,37.86,37.99,37.73,37.8,115800,37.7
2014-10-24,37.69,37.92,37.62,37.85,214100,37.75
2014-10-27,37.42,37.58,37.12,37.57,77500,37.47
2014-10-28,37.52,37.8,37.46,37.76,92100,37.66
2014-10-29,37.79,37.87,37.25,37.49,226900,37.39
2014-10-30,37.9,38.22,37.9,38.08,140300,37.98
2014-10-31,38.24,38.37,38,38.28,180100,38.18
2014-11-03,38.76,39,38.47,38.48,123100,38.38
2014-11-04,38.13,38.23,37.9,38.09,233500,37.99
2014-11-05,38.12,38.34,37.83,38.07,62400,37.97
2014-11-06,38.16,38.42,38.02,38.03,121800,37.93
2014-11-07,38.09,38.38,38.06,38.36,111200,38.26
2014-11-10,38.3,38.32,38.14,38.25,160000,38.15
2014-11-11,38.26,38.33,38.07,38.22,104700,38.12
2014-11-12,38.26,38.58,38.11,38.41,290800,38.31
2014-11-13,38.41,38.45,38.25,38.28,94800,38.18
2014-11-14,38.3,38.39,38.24,38.39,94800,38.29
2014-11-17,38.36,38.47,38.12,38.43,64100,38.33
2014-11-18,38.57,38.8,38.46,38.72,112300,38.62
2014-11-19,38.47,38.68,38.38,38.53,95400,38.43
2014-11-20,38.35,38.52,38.26,38.32,45100,38.22
2014-11-21,38.64,39.14,38.64,39.12,240600,39.01
2014-11-24,38.9,39.01,38.83,38.99,109000,38.88
2014-11-25,38.87,38.9,38.7,38.74,129900,38.64
2014-11-26,39,39.39,38.88,39.35,298700,39.24
2014-11-28,38.61,38.75,38.49,38.62,367500,38.52
2014-12-01,38.86,39,38.77,38.93,323800,38.82
2014-12-02,38.94,39.17,38.94,39.08,279300,38.97
2014-12-03,39.19,39.41,39.13,39.29,163100,39.18
2014-12-04,39.08,39.17,38.85,38.92,272600,38.81
2014-12-05,38.54,38.62,38.28,38.43,150100,38.33
2014-12-08,38.38,38.4,38.08,38.14,147800,38.04
2014-12-09,38.17,38.32,37.98,38.29,173500,38.19
2014-12-10,38.49,38.54,37.72,37.73,63500,37.63
2014-12-11,37.76,37.99,37.64,37.68,175600,37.58
2014-12-12,38.13,38.37,37.9,37.92,214100,37.82
2014-12-15,38.55,38.61,38.05,38.22,131000,38.12
2014-12-16,37.8,38.25,37.46,37.76,225200,37.66
2014-12-17,37.32,37.82,37.07,37.51,278300,37.51
2014-12-18,37.62,37.8,37.49,37.77,177400,37.77
2014-12-19,37.83,38.08,37.81,37.9,112600,37.9
2014-12-22,38.01,38.26,37.97,38.19,137200,38.19
2014-12-23,38.34,38.54,38.08,38.22,61900,38.22
2014-12-24,38.33,38.34,38.2,38.3,20100,38.3
2014-12-26,38.5,38.84,38.47,38.58,184000,38.58
2014-12-29,38.49,38.64,38.17,38.17,392000,38.17
2014-12-30,37.91,38.24,37.91,38.09,100500,38.09
2014-12-31,38.38,38.57,38.14,38.2,165600,38.2
2015-01-02,38.21,38.26,37.77,38.11,262900,38.11
2015-01-05,38.24,38.27,37.65,37.66,168900,37.66
2015-01-06,38.16,38.38,37.74,37.98,171900,37.98
2015-01-07,38.44,38.61,38.33,38.52,141400,38.52
2015-01-08,38.97,39.22,38.87,39.19,186200,39.19
2015-01-09,39.15,39.21,38.86,38.94,177900,38.94
2015-01-12,38.78,38.81,38.5,38.76,123400,38.76
2015-01-13,39.32,39.7,39.16,39.49,505800,39.49
2015-01-14,39.9,40,39.63,39.85,203000,39.85
2015-01-15,40.3,40.51,40.13,40.31,811800,40.31
2015-01-16,40.18,40.3,40.01,40.21,784200,40.21
2015-01-20,39.87,39.91,39.55,39.82,455900,39.82
2015-01-21,39.78,40.23,39.7,40.21,541500,40.21
2015-01-22,39.9,40.41,39.69,40.3,665700,40.3
2015-01-23,40.39,40.58,40.32,40.35,354200,40.35
