"Index","EUSA.Open","EUSA.High","EUSA.Low","EUSA.Close","EUSA.Volume","EUSA.Adjusted"
2010-05-07,24,24.39,23.65,23.65,5600,21.63
2010-05-10,24.72,24.72,24.63,24.63,3000,22.52
2010-05-11,24.18,24.5,24.16,24.5,5600,22.4
2010-05-12,24.85,24.88,24.85,24.88,700,22.75
2010-05-13,24.93,24.93,24.93,24.93,1000,22.8
2010-05-14,24.93,24.93,24.93,24.93,0,22.8
2010-05-17,24.25,24.25,24.25,24.25,4100,22.18
2010-05-18,24.25,24.25,24.25,24.25,0,22.18
2010-05-19,23.86,23.86,23.86,23.86,700,21.82
2010-05-20,23.86,23.86,23.86,23.86,0,21.82
2010-05-21,23.86,23.86,23.86,23.86,0,21.82
2010-05-24,23.86,23.86,23.86,23.86,0,21.82
2010-05-25,22.56,22.56,22.48,22.48,1300,20.56
2010-05-26,22.48,22.48,22.48,22.48,0,20.56
2010-05-27,22.48,22.48,22.48,22.48,0,20.56
2010-05-28,22.48,22.48,22.48,22.48,0,20.56
2010-06-01,22.48,22.48,22.48,22.48,0,20.56
2010-06-02,22.48,22.48,22.48,22.48,0,20.56
2010-06-03,22.48,22.48,22.48,22.48,0,20.56
2010-06-04,22.48,22.48,22.48,22.48,0,20.56
2010-06-07,22.53,22.53,22.53,22.53,500,20.6
2010-06-08,22.37,22.37,22.37,22.37,1000,20.46
2010-06-09,22.75,22.96,22.75,22.91,2400,20.95
2010-06-10,22.91,22.91,22.91,22.91,0,20.95
2010-06-11,22.91,22.91,22.91,22.91,0,20.95
2010-06-14,22.91,22.91,22.91,22.91,0,20.95
2010-06-15,22.91,22.91,22.91,22.91,0,20.95
2010-06-16,22.91,22.91,22.91,22.91,0,20.95
2010-06-17,22.91,22.91,22.91,22.91,0,20.95
2010-06-18,22.91,22.91,22.91,22.91,0,20.95
2010-06-21,22.91,22.91,22.91,22.91,0,20.95
2010-06-22,22.91,22.91,22.91,22.91,0,20.95
2010-06-23,22.91,22.91,22.91,22.91,0,21.01
2010-06-24,22.91,22.91,22.91,22.91,0,21.01
2010-06-25,22.91,22.91,22.91,22.91,0,21.01
2010-06-28,22.91,22.91,22.91,22.91,0,21.01
2010-06-29,22.4,22.4,22.4,22.4,2200,20.54
2010-06-30,22.4,22.4,22.4,22.4,0,20.54
2010-07-01,22.4,22.4,22.4,22.4,0,20.54
2010-07-02,22.4,22.4,22.4,22.4,0,20.54
2010-07-06,22.4,22.4,22.4,22.4,0,20.54
2010-07-07,22.4,22.4,22.4,22.4,0,20.54
2010-07-08,22.4,22.4,22.4,22.4,0,20.54
2010-07-09,22.4,22.4,22.4,22.4,0,20.54
2010-07-12,22.4,22.4,22.4,22.4,0,20.54
2010-07-13,22.4,22.4,22.4,22.4,0,20.54
2010-07-14,22.4,22.4,22.4,22.4,0,20.54
2010-07-15,22.4,22.4,22.4,22.4,0,20.54
2010-07-16,22.4,22.4,22.4,22.4,0,20.54
2010-07-19,22.4,22.4,22.4,22.4,0,20.54
2010-07-20,22.93,22.93,22.93,22.93,1000,21.03
2010-07-21,22.93,22.93,22.93,22.93,0,21.03
2010-07-22,22.93,22.93,22.93,22.93,0,21.03
2010-07-23,22.93,22.93,22.93,22.93,0,21.03
2010-07-26,22.93,22.93,22.93,22.93,0,21.03
2010-07-27,23.83,23.83,23.79,23.79,900,21.82
2010-07-28,23.79,23.79,23.79,23.79,0,21.82
2010-07-29,23.79,23.79,23.79,23.79,0,21.82
2010-07-30,23.79,23.79,23.79,23.79,0,21.82
2010-08-02,23.78,23.88,23.78,23.88,1100,21.9
2010-08-03,23.88,23.88,23.88,23.88,0,21.9
2010-08-04,23.88,23.88,23.88,23.88,0,21.9
2010-08-05,23.88,23.88,23.88,23.88,0,21.9
2010-08-06,23.94,23.94,23.94,23.94,200,21.96
2010-08-09,23.94,23.94,23.94,23.94,0,21.96
2010-08-10,23.94,23.94,23.94,23.94,0,21.96
2010-08-11,23.94,23.94,23.94,23.94,0,21.96
2010-08-12,23.94,23.94,23.94,23.94,0,21.96
2010-08-13,23.94,23.94,23.94,23.94,0,21.96
2010-08-16,23.94,23.94,23.94,23.94,0,21.96
2010-08-17,23.94,23.94,23.94,23.94,0,21.96
2010-08-18,23.37,23.37,23.35,23.35,200,21.41
2010-08-19,23.35,23.35,23.35,23.35,0,21.41
2010-08-20,23.35,23.35,23.35,23.35,0,21.41
2010-08-23,22.84,22.84,22.84,22.84,100,20.95
2010-08-24,22.6,22.6,22.6,22.6,300,20.73
2010-08-25,22.6,22.6,22.6,22.6,0,20.73
2010-08-26,22.6,22.6,22.6,22.6,0,20.73
2010-08-27,22.71,22.71,22.71,22.71,700,20.83
2010-08-30,22.71,22.71,22.71,22.71,0,20.83
2010-08-31,22.47,22.49,22.47,22.49,200,20.63
2010-09-01,22.49,22.49,22.49,22.49,0,20.63
2010-09-02,22.49,22.49,22.49,22.49,0,20.63
2010-09-03,22.49,22.49,22.49,22.49,0,20.63
2010-09-07,22.49,22.49,22.49,22.49,0,20.63
2010-09-08,22.49,22.49,22.49,22.49,0,20.63
2010-09-09,22.49,22.49,22.49,22.49,0,20.63
2010-09-10,22.49,22.49,22.49,22.49,0,20.63
2010-09-13,23.99,23.99,23.99,23.99,100,22
2010-09-14,23.99,23.99,23.99,23.99,0,22
2010-09-15,23.99,23.99,23.99,23.99,0,22
2010-09-16,23.99,23.99,23.99,23.99,0,22
2010-09-17,23.99,23.99,23.99,23.99,0,22
2010-09-20,23.99,23.99,23.99,23.99,0,22
2010-09-21,23.99,23.99,23.99,23.99,0,22
2010-09-22,23.99,23.99,23.99,23.99,0,22
2010-09-23,23.99,23.99,23.99,23.99,0,22
2010-09-24,23.99,23.99,23.99,23.99,0,22.12
2010-09-27,23.99,23.99,23.99,23.99,0,22.12
2010-09-28,23.99,23.99,23.99,23.99,0,22.12
2010-09-29,24.44,24.44,24.44,24.44,100,22.54
2010-09-30,24.44,24.44,24.44,24.44,0,22.54
2010-10-01,24.44,24.44,24.44,24.44,0,22.54
2010-10-04,24.2,24.2,24.2,24.2,100,22.31
2010-10-05,24.2,24.2,24.2,24.2,0,22.31
2010-10-06,24.2,24.2,24.2,24.2,0,22.31
2010-10-07,24.2,24.2,24.2,24.2,0,22.31
2010-10-08,24.2,24.2,24.2,24.2,0,22.31
2010-10-11,24.2,24.2,24.2,24.2,0,22.31
2010-10-12,24.2,24.2,24.2,24.2,0,22.31
2010-10-13,24.2,24.2,24.2,24.2,0,22.31
2010-10-14,24.2,24.2,24.2,24.2,0,22.31
2010-10-15,25.06,25.06,25.06,25.06,100,23.11
2010-10-18,25.06,25.06,25.06,25.06,0,23.11
2010-10-19,25.06,25.06,25.06,25.06,0,23.11
2010-10-20,25.06,25.06,25.06,25.06,0,23.11
2010-10-21,25.06,25.06,25.06,25.06,0,23.11
2010-10-22,25.06,25.06,25.06,25.06,0,23.11
2010-10-25,25.06,25.06,25.06,25.06,0,23.11
2010-10-26,25.06,25.06,25.06,25.06,0,23.11
2010-10-27,25.06,25.06,25.06,25.06,0,23.11
2010-10-28,25.06,25.06,25.06,25.06,0,23.11
2010-10-29,25.06,25.06,25.06,25.06,0,23.11
2010-11-01,25.51,25.51,25.43,25.43,900,23.45
2010-11-02,26.02,26.02,25.47,25.55,14500,23.56
2010-11-03,25.35,25.35,25.35,25.35,100,23.37
2010-11-04,25.35,25.35,25.35,25.35,0,23.37
2010-11-05,26.15,26.15,26.15,26.15,1000,24.11
2010-11-08,26.07,26.16,26.07,26.14,51500,24.1
2010-11-09,26.14,26.14,26.14,26.14,200,24.1
2010-11-10,26.03,26.03,26.02,26.02,200,23.99
2010-11-11,25.9,25.91,25.9,25.91,200,23.89
2010-11-12,25.91,25.91,25.91,25.91,0,23.89
2010-11-15,25.82,25.82,25.67,25.82,700,23.81
2010-11-16,25.22,25.22,25.22,25.22,500,23.25
2010-11-17,25.27,25.29,25.26,25.28,50000,23.31
2010-11-18,25.28,25.28,25.28,25.28,0,23.31
2010-11-19,25.5,25.52,25.5,25.5,400,23.51
2010-11-22,25.5,25.5,25.5,25.5,0,23.51
2010-11-23,25.5,25.5,25.5,25.5,0,23.51
2010-11-24,25.54,25.74,25.54,25.54,2100,23.55
2010-11-26,25.5,25.5,25.5,25.5,2500,23.51
2010-11-29,25.5,25.5,25.5,25.5,0,23.51
2010-11-30,25.5,25.5,25.5,25.5,0,23.51
2010-12-01,25.5,25.5,25.5,25.5,0,23.51
2010-12-02,25.5,25.5,25.5,25.5,0,23.51
2010-12-03,25.5,25.5,25.5,25.5,0,23.51
2010-12-06,26.04,26.23,26.04,26.23,2000,24.19
2010-12-07,26.38,26.38,26.38,26.38,700,24.32
2010-12-08,26.38,26.38,26.38,26.38,0,24.32
2010-12-09,26.42,26.42,26.42,26.42,200,24.36
2010-12-10,26.56,26.56,26.56,26.56,8900,24.49
2010-12-13,26.56,26.56,26.56,26.56,0,24.49
2010-12-14,26.56,26.56,26.56,26.56,0,24.49
2010-12-15,26.61,26.61,26.59,26.59,700,24.52
2010-12-16,26.59,26.59,26.59,26.59,0,24.52
2010-12-17,26.59,26.59,26.59,26.59,0,24.52
2010-12-20,26.59,26.59,26.59,26.59,0,24.52
2010-12-21,26.87,26.91,26.87,26.91,200,24.81
2010-12-22,26.91,26.91,26.91,26.91,0,24.81
2010-12-23,26.91,26.91,26.91,26.91,0,25
2010-12-27,26.71,26.73,26.71,26.73,1200,24.84
2010-12-28,26.79,26.79,26.79,26.79,400,24.89
2010-12-29,26.9,26.9,26.9,26.9,200,24.99
2010-12-30,26.9,26.9,26.9,26.9,0,24.99
2010-12-31,26.9,26.9,26.9,26.9,0,24.99
2011-01-03,26.9,26.9,26.9,26.9,0,24.99
2011-01-04,27.24,27.24,27.24,27.24,100,25.31
2011-01-05,27.05,27.21,27.05,27.2,1500,25.27
2011-01-06,27.11,27.11,27.11,27.11,2400,25.19
2011-01-07,27.11,27.11,27.11,27.11,0,25.19
2011-01-10,27.08,27.08,27.08,27.08,200,25.16
2011-01-11,27.2,27.2,27.2,27.2,100,25.27
2011-01-12,27.38,27.44,27.38,27.38,7700,25.44
2011-01-13,27.38,27.38,27.38,27.38,0,25.44
2011-01-14,27.38,27.38,27.38,27.38,0,25.44
2011-01-18,27.38,27.38,27.38,27.38,0,25.44
2011-01-19,27.38,27.38,27.38,27.38,0,25.44
2011-01-20,27.12,27.12,27.12,27.12,1900,25.2
2011-01-21,27.12,27.12,27.12,27.12,0,25.2
2011-01-24,27.12,27.12,27.12,27.12,0,25.2
2011-01-25,27.12,27.12,27.12,27.12,0,25.2
2011-01-26,27.12,27.12,27.12,27.12,0,25.2
2011-01-27,27.12,27.12,27.12,27.12,0,25.2
2011-01-28,27.32,27.32,27.23,27.23,500,25.3
2011-01-31,27.23,27.23,27.23,27.23,0,25.3
2011-02-01,27.23,27.23,27.23,27.23,0,25.3
2011-02-02,27.23,27.23,27.23,27.23,0,25.3
2011-02-03,27.23,27.23,27.23,27.23,0,25.3
2011-02-04,27.23,27.23,27.23,27.23,0,25.3
2011-02-07,28.06,28.19,28.06,28.19,3500,26.19
2011-02-08,28.25,28.25,28.25,28.25,1100,26.25
2011-02-09,28.18,28.18,28.18,28.18,100,26.18
2011-02-10,28.18,28.18,28.18,28.18,0,26.18
2011-02-11,28.18,28.18,28.18,28.18,0,26.18
2011-02-14,28.46,28.46,28.46,28.46,100,26.44
2011-02-15,28.61,28.61,28.29,28.32,40600,26.31
2011-02-16,28.32,28.32,28.32,28.32,0,26.31
2011-02-17,28.57,28.57,28.57,28.57,100,26.54
2011-02-18,28.65,28.65,28.35,28.35,5900,26.34
2011-02-22,28.51,28.51,28.03,28.06,1900,26.07
2011-02-23,28.06,28.06,28.06,28.06,0,26.07
2011-02-24,28.06,28.06,28.06,28.06,0,26.07
2011-02-25,28.15,28.15,28.14,28.14,4200,26.15
2011-02-28,28.43,28.43,28.33,28.34,2200,26.33
2011-03-01,28.34,28.34,28.34,28.34,0,26.33
2011-03-02,28.34,28.34,28.34,28.34,0,26.33
2011-03-03,28.33,28.33,28.32,28.32,1400,26.31
2011-03-04,28.13,28.13,28.12,28.12,700,26.13
2011-03-07,28.12,28.12,28.12,28.12,0,26.13
2011-03-08,28.26,28.26,28.26,28.26,1400,26.26
2011-03-09,28.26,28.26,28.26,28.26,0,26.26
2011-03-10,27.78,27.78,27.78,27.78,1800,25.81
2011-03-11,27.95,27.95,27.95,27.95,800,25.97
2011-03-14,27.54,27.68,27.54,27.63,600,25.67
2011-03-15,27.63,27.63,27.63,27.63,0,25.67
2011-03-16,27.63,27.63,27.63,27.63,0,25.67
2011-03-17,27.26,27.26,27.26,27.26,200,25.33
2011-03-18,27.26,27.26,27.26,27.26,0,25.33
2011-03-21,27.26,27.26,27.26,27.26,0,25.33
2011-03-22,27.67,27.92,27.67,27.92,600,25.94
2011-03-23,27.92,27.92,27.92,27.92,0,25.94
2011-03-24,27.92,27.92,27.92,27.92,0,26.05
2011-03-25,27.92,27.92,27.92,27.92,0,26.05
2011-03-28,27.86,28.08,27.86,28.08,400,26.2
2011-03-29,28.08,28.08,28.08,28.08,0,26.2
2011-03-30,28.08,28.08,28.08,28.08,0,26.2
2011-03-31,28.08,28.08,28.08,28.08,0,26.2
2011-04-01,28.52,28.55,28.39,28.46,1100,26.55
2011-04-04,28.42,28.42,28.42,28.42,200,26.51
2011-04-05,28.42,28.42,28.42,28.42,0,26.51
2011-04-06,28.42,28.42,28.42,28.42,0,26.51
2011-04-07,28.48,28.65,28.35,28.35,8600,26.45
2011-04-08,28.35,28.35,28.35,28.35,0,26.45
2011-04-11,28.35,28.35,28.35,28.35,0,26.45
2011-04-12,27.57,27.63,27.57,27.63,200,25.78
2011-04-13,28.15,28.15,28.06,28.06,200,26.18
2011-04-14,28.04,28.04,28.04,28.04,200,26.16
2011-04-15,28.24,28.26,28.09,28.23,3400,26.34
2011-04-18,28.23,28.23,28.23,28.23,0,26.34
2011-04-19,28.23,28.23,28.23,28.23,0,26.34
2011-04-20,28.47,28.47,28.41,28.44,700,26.53
2011-04-21,28.59,28.59,28.51,28.51,900,26.6
2011-04-25,28.65,28.65,28.65,28.65,200,26.73
2011-04-26,28.98,28.98,28.72,28.82,3200,26.89
2011-04-27,28.82,28.82,28.82,28.82,0,26.89
2011-04-28,28.82,28.82,28.82,28.82,0,26.89
2011-04-29,29.47,29.47,29.06,29.17,500,27.21
2011-05-02,29.63,29.63,29.13,29.13,2200,27.18
2011-05-03,28.68,28.68,28.68,28.68,100,26.76
2011-05-04,29.15,29.15,28.78,28.95,2900,27.01
2011-05-05,28.71,28.71,28.24,28.24,200,26.35
2011-05-06,29.37,29.37,28.69,28.69,1100,26.77
2011-05-09,28.93,28.93,28.88,28.88,500,26.94
2011-05-10,29.29,29.49,28.93,29.42,5500,27.45
2011-05-11,28.44,28.91,28.44,28.85,5100,26.91
2011-05-12,28.83,28.83,28.83,28.83,700,26.9
2011-05-13,29.13,29.13,28.82,28.82,1000,26.89
2011-05-16,28.64,28.81,28.49,28.51,2400,26.6
2011-05-17,28.25,28.39,28.16,28.39,600,26.49
2011-05-18,28.72,28.72,28.5,28.69,1200,26.77
2011-05-19,28.89,28.89,28.83,28.85,1700,26.91
2011-05-20,28.99,28.99,28.63,28.63,800,26.71
2011-05-23,28.36,28.36,28.36,28.36,200,26.46
2011-05-24,28.4,28.4,28.24,28.25,600,26.36
2011-05-25,28.39,28.4,28.39,28.4,300,26.5
2011-05-26,28.33,28.48,28.33,28.48,500,26.57
2011-05-27,28.61,28.73,28.56,28.68,1600,26.76
2011-05-31,28.97,29.05,28.77,29.05,700,27.1
2011-06-01,28.43,28.43,28.43,28.43,1000,26.52
2011-06-02,28.41,28.41,28.11,28.28,800,26.38
2011-06-03,28,28.04,27.92,28.04,800,26.16
2011-06-06,28,28,27.73,27.73,1100,25.87
2011-06-07,27.92,27.92,27.69,27.69,500,25.83
2011-06-08,27.75,27.75,27.59,27.59,1100,25.74
2011-06-09,27.73,27.86,27.73,27.8,1300,25.94
2011-06-10,27.55,27.85,27.55,27.73,500,25.87
2011-06-13,27.52,27.54,27.43,27.48,1400,25.64
2011-06-14,27.75,28.02,27.75,28.02,1000,26.14
2011-06-15,27.96,27.96,27.74,27.79,1000,25.93
2011-06-16,27.35,27.66,27.17,27.66,4900,25.8
2011-06-17,27.51,27.89,27.15,27.34,6200,25.51
2011-06-20,27.38,27.38,27.21,27.37,2100,25.53
2011-06-21,27.82,27.82,27.66,27.67,600,25.81
2011-06-22,27.95,27.96,27.94,27.94,10300,26.07
2011-06-23,27.17,27.43,27,27.43,13000,25.65
2011-06-24,27.34,27.9,27.11,27.13,2700,25.37
2011-06-27,27.13,27.13,27.13,27.13,0,25.37
2011-06-28,27.13,27.13,27.13,27.13,0,25.37
2011-06-29,27.13,27.13,27.13,27.13,0,25.37
2011-06-30,28.21,28.21,28.21,28.21,200,26.38
2011-07-01,28.21,28.21,28.21,28.21,0,26.38
2011-07-05,28.05,28.59,28.05,28.59,14900,26.73
2011-07-06,28.6,28.6,28.6,28.6,500,26.74
2011-07-07,28.6,28.6,28.6,28.6,0,26.74
2011-07-08,28.6,28.6,28.6,28.6,0,26.74
2011-07-11,28.05,28.23,28.05,28.19,1900,26.36
2011-07-12,28.19,28.19,28.19,28.19,0,26.36
2011-07-13,28.27,28.27,28.27,28.27,100,26.43
2011-07-14,28.27,28.27,28.27,28.27,0,26.43
2011-07-15,28.27,28.27,28.27,28.27,0,26.43
2011-07-18,27.84,27.84,27.84,27.84,200,26.03
2011-07-19,28.18,28.18,28.18,28.18,300,26.35
2011-07-20,28.18,28.18,28.18,28.18,0,26.35
2011-07-21,28.18,28.18,28.18,28.18,0,26.35
2011-07-22,28.18,28.18,28.18,28.18,0,26.35
2011-07-25,28.18,28.18,28.18,28.18,0,26.35
2011-07-26,28.18,28.18,28.18,28.18,0,26.35
2011-07-27,28.18,28.18,28.18,28.18,0,26.35
2011-07-28,27.71,27.83,27.71,27.83,300,26.02
2011-07-29,27.89,27.89,27.89,27.89,100,26.08
2011-08-01,28.36,28.36,27.8,27.8,3400,25.99
2011-08-02,27.8,27.8,27.8,27.8,0,25.99
2011-08-03,26.93,26.93,26.44,26.66,1600,24.93
2011-08-04,26.9,26.91,25.47,25.47,6000,23.82
2011-08-05,26.27,26.27,25.15,25.53,700,23.87
2011-08-08,24.75,24.75,23.54,24.02,1700,22.46
2011-08-09,25.03,25.03,24,24,900,22.44
2011-08-10,24.25,24.25,24.25,24.25,1300,22.68
2011-08-11,24.25,24.25,24.25,24.25,0,22.68
2011-08-12,25.79,25.79,25.79,25.79,300,24.12
2011-08-15,25.79,25.79,25.79,25.79,0,24.12
2011-08-16,25.6,25.6,25.6,25.6,100,23.94
2011-08-17,26.2,26.2,25.72,25.83,300,24.15
2011-08-18,24.56,24.56,24.35,24.35,2000,22.77
2011-08-19,24.35,24.35,24.35,24.35,0,22.77
2011-08-22,24.18,24.87,24.18,24.29,242700,22.71
2011-08-23,24.23,24.87,24.19,24.87,17100,23.26
2011-08-24,25.19,25.19,24.91,24.91,1200,23.29
2011-08-25,24.91,24.91,24.91,24.91,0,23.29
2011-08-26,24.91,24.91,24.91,24.91,0,23.29
2011-08-29,25.7,26.2,25.7,26.01,68600,24.32
2011-08-30,25.95,26.18,25.95,26.18,1300,24.48
2011-08-31,26.25,26.25,26.24,26.24,800,24.54
2011-09-01,26.24,26.24,26.24,26.24,0,24.54
2011-09-02,25.38,25.38,25.38,25.38,100,23.73
2011-09-06,25.38,25.38,25.38,25.38,0,23.73
2011-09-07,25.31,25.31,25.31,25.31,100,23.67
2011-09-08,25.31,25.31,25.31,25.31,0,23.67
2011-09-09,25.31,25.31,25.31,25.31,0,23.67
2011-09-12,25.31,25.31,25.31,25.31,0,23.67
2011-09-13,25.31,25.31,25.31,25.31,0,23.67
2011-09-14,25.31,25.31,25.31,25.31,0,23.67
2011-09-15,25.31,25.31,25.31,25.31,0,23.67
2011-09-16,25.31,25.31,25.31,25.31,0,23.67
2011-09-19,25.31,25.31,25.31,25.31,0,23.67
2011-09-20,25.84,25.84,25.84,25.84,600,24.16
2011-09-21,25.56,25.56,25.56,25.56,2200,23.9
2011-09-22,24.34,24.34,24.34,24.34,200,22.76
2011-09-23,24.34,24.34,24.34,24.34,0,22.76
2011-09-26,24.34,24.34,24.34,24.34,0,22.82
2011-09-27,24.34,24.34,24.34,24.34,0,22.82
2011-09-28,24.73,25.11,24.73,25.11,2600,23.55
2011-09-29,25.11,25.11,25.11,25.11,0,23.55
2011-09-30,24.42,24.42,24.42,24.42,200,22.9
2011-10-03,24.42,24.42,24.42,24.42,0,22.9
2011-10-04,24.42,24.42,24.42,24.42,0,22.9
2011-10-05,23.95,23.98,23.95,23.95,900,22.46
2011-10-06,24.45,24.9,24.45,24.9,2000,23.35
2011-10-07,24.9,24.9,24.9,24.9,0,23.35
2011-10-10,25.44,25.44,25.29,25.29,1300,23.72
2011-10-11,25.29,25.29,25.29,25.29,0,23.72
2011-10-12,26.01,26.01,26.01,26.01,156300,24.39
2011-10-13,26.01,26.01,26.01,26.01,0,24.39
2011-10-14,25.89,25.89,25.89,25.89,100,24.28
2011-10-17,25.9,25.9,25.81,25.81,700,24.2
2011-10-18,25.53,25.53,25.53,25.53,400,23.94
2011-10-19,26.18,26.18,26.18,26.18,1100,24.55
2011-10-20,25.91,25.91,25.91,25.91,300,24.3
2011-10-21,25.91,25.91,25.91,25.91,0,24.3
2011-10-24,26.87,26.87,26.83,26.83,1100,25.16
2011-10-25,26.56,26.56,26.56,26.56,200,24.91
2011-10-26,26.56,26.56,26.56,26.56,0,24.91
2011-10-27,27.17,27.17,27.17,27.17,300,25.48
2011-10-28,27.35,27.35,27.28,27.28,500,25.58
2011-10-31,27.02,27.02,27.02,27.02,800,25.34
2011-11-01,26.46,26.46,26.2,26.2,400,24.57
2011-11-02,26.2,26.2,26.2,26.2,0,24.57
2011-11-03,26.52,26.52,26.52,26.52,100,24.87
2011-11-04,26.54,26.54,26.54,26.54,100,24.89
2011-11-07,26.88,26.88,26.88,26.88,1100,25.21
2011-11-08,26.88,26.88,26.88,26.88,0,25.21
2011-11-09,26.88,26.88,26.88,26.88,0,25.21
2011-11-10,26.88,26.88,26.88,26.88,0,25.21
2011-11-11,26.88,26.88,26.88,26.88,0,25.21
2011-11-14,26.77,26.82,26.58,26.67,11400,25.01
2011-11-15,26.64,27.04,26.56,26.84,25900,25.17
2011-11-16,26.65,26.84,26.55,26.55,3800,24.9
2011-11-17,26.51,26.51,26.51,26.51,200,24.86
2011-11-18,26.51,26.51,26.51,26.51,0,24.86
2011-11-21,26.51,26.51,26.51,26.51,0,24.86
2011-11-22,25.52,25.63,25.29,25.46,17400,23.87
2011-11-23,25.11,25.11,25.03,25.03,1300,23.47
2011-11-25,25.03,25.03,25.03,25.03,0,23.47
2011-11-28,25.67,25.67,25.67,25.67,100,24.07
2011-11-29,25.67,25.81,25.62,25.7,15400,24.1
2011-11-30,26.57,26.57,26.55,26.56,4233800,24.91
2011-12-01,26.42,26.67,26.42,26.67,3900,25.01
2011-12-02,26.67,26.67,26.67,26.67,0,25.01
2011-12-05,27.1,27.41,26.91,27.33,152800,25.63
2011-12-06,26.98,27.2,26.98,27.2,2000,25.51
2011-12-07,26.86,26.88,26.85,26.88,4000,25.21
2011-12-08,26.78,26.78,26.78,26.78,3100,25.11
2011-12-09,26.96,26.96,26.96,26.96,5500,25.28
2011-12-12,26.95,26.95,26.55,26.55,2700,24.9
2011-12-13,26.86,26.89,26.29,26.3,1800,24.66
2011-12-14,26.05,26.05,26.05,26.05,100,24.43
2011-12-15,26.05,26.05,26.05,26.05,0,24.43
2011-12-16,26.83,26.83,26.05,26.2,3500,24.57
2011-12-19,26.02,26.27,25.96,26.08,46000,24.46
2011-12-20,26.65,26.65,26.65,26.65,200,24.99
2011-12-21,26.52,26.61,26.45,26.56,15700,24.91
2011-12-22,26.84,27.03,26.8,26.95,2000,25.32
2011-12-23,26.95,26.95,26.95,26.95,0,25.32
2011-12-27,27.23,27.23,27.22,27.22,300,25.57
2011-12-28,26.89,26.89,26.89,26.89,1100,25.26
2011-12-29,27.04,27.04,27.04,27.04,500,25.41
2011-12-30,27.05,27.3,27.05,27.2,86800,25.56
2012-01-03,27.51,27.82,27.49,27.5,40400,25.84
2012-01-04,27.35,27.52,27.35,27.44,60700,25.78
2012-01-05,27.29,27.3,27.21,27.22,15000,25.57
2012-01-06,27.48,27.48,27.48,27.48,100,25.82
2012-01-09,27.78,27.78,27.43,27.44,13500,25.78
2012-01-10,27.82,27.84,27.73,27.76,22100,26.08
2012-01-11,28,28,27.65,27.81,113500,26.13
2012-01-12,27.84,28.37,27.64,27.78,32000,26.1
2012-01-13,27.64,27.71,27.63,27.69,30400,26.02
2012-01-17,27.91,27.98,27.9,27.9,3600,26.21
2012-01-18,27.98,28.05,27.96,28.05,24600,26.35
2012-01-19,28.3,28.3,28.27,28.29,9900,26.58
2012-01-20,28.12,28.23,28.12,28.22,21200,26.51
2012-01-23,28.5,28.5,28.28,28.33,1400,26.62
2012-01-24,28.33,28.33,28.33,28.33,0,26.62
2012-01-25,28.21,28.56,28.21,28.56,1700,26.83
2012-01-26,28.61,28.66,28.35,28.35,219100,26.64
2012-01-27,28.35,28.35,28.35,28.35,0,26.64
2012-01-30,27.88,28.22,27.88,28.21,11200,26.51
2012-01-31,28.13,28.25,28.13,28.25,400,26.54
2012-02-01,28.47,28.64,28.43,28.49,53400,26.77
2012-02-02,28.49,28.49,28.49,28.49,0,26.77
2012-02-03,28.88,28.98,28.88,28.94,12100,27.19
2012-02-06,28.91,28.91,28.9,28.9,2400,27.15
2012-02-07,28.84,29.06,28.84,29.04,491900,27.28
2012-02-08,29.02,29.06,29.02,29.06,1000,27.3
2012-02-09,29.06,29.06,29.06,29.06,0,27.3
2012-02-10,29.06,29.06,29.06,29.06,0,27.3
2012-02-13,29.16,29.16,29.16,29.16,156900,27.4
2012-02-14,29.08,29.08,28.94,29.08,39400,27.32
2012-02-15,29.08,29.08,29.08,29.08,0,27.32
2012-02-16,29.26,29.31,29.26,29.31,1000,27.54
2012-02-17,29.31,29.31,29.31,29.31,0,27.54
2012-02-21,29.42,29.42,29.42,29.42,1400,27.64
2012-02-22,29.42,29.42,29.42,29.42,0,27.64
2012-02-23,29.42,29.42,29.42,29.42,0,27.64
2012-02-24,29.52,29.52,29.49,29.49,1900,27.71
2012-02-27,29.58,29.58,29.58,29.58,200,27.79
2012-02-28,29.59,29.65,29.59,29.65,500,27.86
2012-02-29,29.7,29.75,29.69,29.75,400,27.95
2012-03-01,29.75,29.75,29.75,29.75,0,27.95
2012-03-02,29.65,29.65,29.65,29.65,200,27.86
2012-03-05,29.49,29.49,29.41,29.48,25000,27.7
2012-03-06,29.04,29.04,28.99,29.02,500,27.27
2012-03-07,29.11,29.22,29.11,29.22,300,27.45
2012-03-08,29.48,29.53,29.48,29.53,700,27.75
2012-03-09,29.61,29.69,29.61,29.69,3100,27.9
2012-03-12,29.64,29.64,29.64,29.64,100,27.85
2012-03-13,29.87,29.87,29.86,29.86,400,28.06
2012-03-14,30.07,30.07,30.07,30.07,300,28.25
2012-03-15,30.14,30.28,30.11,30.28,400,28.45
2012-03-16,30.36,30.36,30.33,30.33,1300,28.5
2012-03-19,30.37,30.37,30.34,30.35,1100,28.52
2012-03-20,30.35,30.35,30.35,30.35,0,28.52
2012-03-21,30.35,30.35,30.35,30.35,0,28.52
2012-03-22,30.35,30.35,30.35,30.35,0,28.52
2012-03-23,30.35,30.35,30.35,30.35,0,28.64
2012-03-26,30.35,30.35,30.35,30.35,0,28.64
2012-03-27,30.75,30.75,30.51,30.51,1000,28.79
2012-03-28,30.08,30.08,30.08,30.08,200,28.38
2012-03-29,30.09,30.18,30.07,30.18,1600,28.48
2012-03-30,30.28,30.28,30.28,30.28,400,28.57
2012-04-02,30.24,30.58,30.24,30.48,5700,28.76
2012-04-03,30.48,30.48,30.36,30.36,500,28.65
2012-04-04,30.29,30.31,30.04,30.11,18500,28.41
2012-04-05,30.11,30.11,30.08,30.08,500,28.38
2012-04-09,30.08,30.08,30.08,30.08,0,28.38
2012-04-10,29.45,29.45,29.41,29.41,200,27.75
2012-04-11,29.44,29.46,29.43,29.46,600,27.8
2012-04-12,29.85,29.85,29.85,29.85,200,28.17
2012-04-13,29.53,29.53,29.5,29.5,500,27.84
2012-04-16,29.5,29.59,29.5,29.59,800,27.92
2012-04-17,29.59,29.59,29.59,29.59,0,27.92
2012-04-18,29.79,29.88,29.7,29.83,157100,28.15
2012-04-19,29.83,29.83,29.83,29.83,0,28.15
2012-04-20,29.83,29.83,29.83,29.83,0,28.15
2012-04-23,29.83,29.83,29.83,29.83,0,28.15
2012-04-24,29.83,29.83,29.83,29.83,0,28.15
2012-04-25,29.89,29.95,29.84,29.87,25800,28.19
2012-04-26,29.95,30.13,29.95,30.13,1000,28.43
2012-04-27,30.3,30.3,30.3,30.3,500,28.59
2012-04-30,30.19,30.2,30.07,30.1,120000,28.4
2012-05-01,30.09,30.46,30.09,30.24,13400,28.53
2012-05-02,30.09,30.23,30.05,30.23,11000,28.53
2012-05-03,30,30,29.88,29.91,5800,28.22
2012-05-04,29.91,29.91,29.91,29.91,0,28.22
2012-05-07,29.61,29.61,29.39,29.5,500,27.84
2012-05-08,29.35,29.4,29.18,29.4,3700,27.74
2012-05-09,29.4,29.4,29.4,29.4,0,27.74
2012-05-10,29.26,29.38,29.24,29.24,119200,27.59
2012-05-11,29.22,29.39,29.21,29.29,14000,27.64
2012-05-14,29.07,29.07,28.83,28.91,3000,27.28
2012-05-15,28.92,28.92,28.67,28.67,4000,27.05
2012-05-16,28.76,28.76,28.64,28.64,1200,27.02
2012-05-17,28.37,28.37,28.13,28.13,1000,26.54
2012-05-18,27.94,27.94,27.87,27.94,55100,26.36
2012-05-21,28.15,28.15,27.99,27.99,900,26.41
2012-05-22,28.55,28.57,28.55,28.57,200,26.96
2012-05-23,28.22,28.22,28,28.1,3700,26.52
2012-05-24,28.54,28.54,28.45,28.45,400,26.85
2012-05-25,28.44,28.52,28.44,28.52,1000,26.91
2012-05-29,28.58,28.58,28.58,28.58,2700,26.97
2012-05-30,28.58,28.58,28.58,28.58,0,26.97
2012-05-31,28.33,28.33,28.33,28.33,21000,26.73
2012-06-01,27.79,27.82,27.5,27.5,3000,25.95
2012-06-04,27.43,27.46,27.43,27.46,400,25.91
2012-06-05,27.7,27.7,27.7,27.7,200,26.14
2012-06-06,28.26,28.26,28.26,28.26,200,26.67
2012-06-07,28.57,28.57,28.34,28.48,17900,26.87
2012-06-08,28.52,28.52,28.51,28.51,500,26.9
2012-06-11,28.68,28.68,28.68,28.68,1200,27.06
2012-06-12,28.22,28.46,28.22,28.41,22200,26.81
2012-06-13,28.37,28.52,28.37,28.47,1100,26.86
2012-06-14,28.38,28.38,28.3,28.32,15200,26.72
2012-06-15,28.73,28.85,28.68,28.84,18100,27.21
2012-06-18,28.84,28.84,28.84,28.84,0,27.21
2012-06-19,29.27,29.36,29.27,29.36,189800,27.7
2012-06-20,29.25,29.25,29.16,29.19,18700,27.54
2012-06-21,29.19,29.19,29.19,29.19,0,27.54
2012-06-22,28.67,28.67,28.63,28.64,1700,27.16
2012-06-25,28.64,28.64,28.64,28.64,0,27.16
2012-06-26,28.29,28.36,28.29,28.36,600,26.89
2012-06-27,28.36,28.36,28.36,28.36,0,26.89
2012-06-28,28.42,28.42,28.27,28.27,369600,26.81
2012-06-29,29.03,29.15,29.03,29.13,17600,27.62
2012-07-02,29.32,29.32,29.23,29.28,55000,27.76
2012-07-03,29.28,29.28,29.28,29.28,0,27.76
2012-07-05,29.4,29.45,29.4,29.45,400,27.92
2012-07-06,29.12,29.12,28.95,29.12,28500,27.61
2012-07-09,29.02,29.09,28.96,29.09,4200,27.58
2012-07-10,29.17,29.17,28.71,28.82,3600,27.33
2012-07-11,28.82,28.82,28.82,28.82,0,27.33
2012-07-12,28.63,28.63,28.63,28.63,400,27.15
2012-07-13,28.63,28.63,28.63,28.63,0,27.15
2012-07-16,29.04,29.1,29.03,29.06,32800,27.55
2012-07-17,28.96,29.28,28.96,29.28,2800,27.76
2012-07-18,29.18,29.43,29.18,29.43,3500,27.91
2012-07-19,29.43,29.43,29.43,29.43,0,27.91
2012-07-20,29.43,29.43,29.43,29.43,0,27.91
2012-07-23,28.89,28.96,28.75,28.96,15600,27.46
2012-07-24,29.06,29.06,28.52,28.54,69600,27.06
2012-07-25,28.79,28.84,28.61,28.7,24200,27.21
2012-07-26,29.15,29.18,29.08,29.08,700,27.57
2012-07-27,29.33,29.33,29.33,29.33,1200,27.81
2012-07-30,29.7,29.79,29.69,29.72,1300,28.18
2012-07-31,29.72,29.72,29.7,29.7,400,28.16
2012-08-01,29.73,29.73,29.5,29.58,49700,28.05
2012-08-02,29.63,29.63,29.3,29.31,41500,27.79
2012-08-03,29.82,29.86,29.82,29.86,600,28.31
2012-08-06,30.01,30.02,29.98,29.99,51100,28.44
2012-08-07,29.99,29.99,29.99,29.99,0,28.44
2012-08-08,30.15,30.16,30.15,30.15,14200,28.59
2012-08-09,30.17,30.17,30.17,30.17,400,28.61
2012-08-10,30.07,30.25,30.07,30.25,8500,28.68
2012-08-13,30.26,30.26,30.13,30.13,19300,28.57
2012-08-14,30.26,30.26,30.15,30.15,2000,28.59
2012-08-15,30.15,30.15,30.15,30.15,0,28.59
2012-08-16,30.15,30.15,30.15,30.15,0,28.59
2012-08-17,30.51,30.51,30.47,30.48,700,28.9
2012-08-20,30.5,30.5,30.47,30.5,16400,28.92
2012-08-21,30.5,30.5,30.5,30.5,0,28.92
2012-08-22,30.43,30.43,30.43,30.43,800,28.85
2012-08-23,30.43,30.43,30.43,30.43,0,28.85
2012-08-24,30.43,30.43,30.43,30.43,0,28.85
2012-08-27,30.47,30.47,30.46,30.47,3300,28.89
2012-08-28,30.47,30.47,30.47,30.47,0,28.89
2012-08-29,30.35,30.35,30.35,30.35,2000,28.78
2012-08-30,30.18,30.18,30.18,30.18,200,28.62
2012-08-31,30.29,30.34,30.29,30.34,800,28.77
2012-09-04,30.18,30.3,30.18,30.3,300,28.73
2012-09-05,30.26,30.36,30.26,30.3,800,28.73
2012-09-06,30.3,30.3,30.3,30.3,0,28.73
2012-09-07,30.95,30.95,30.95,30.95,800,29.35
2012-09-10,30.95,30.98,30.95,30.98,900,29.37
2012-09-11,30.91,30.96,30.9,30.92,16900,29.32
2012-09-12,31,31.03,30.98,31,1000,29.39
2012-09-13,31.18,31.5,31.17,31.5,1800,29.87
2012-09-14,31.79,31.79,31.68,31.68,2800,30.04
2012-09-17,31.57,31.57,31.57,31.57,200,29.93
2012-09-18,31.44,31.46,31.41,31.44,7700,29.81
2012-09-19,31.49,31.55,31.43,31.55,170700,29.92
2012-09-20,31.37,31.4,31.37,31.4,1000,29.77
2012-09-21,31.59,31.59,31.52,31.53,65400,29.9
2012-09-24,31.19,31.29,31.18,31.25,109000,29.78
2012-09-25,31.25,31.25,31.25,31.25,0,29.78
2012-09-26,30.87,30.87,30.83,30.83,1200,29.38
2012-09-27,30.89,31,30.89,31,3400,29.54
2012-09-28,30.97,30.99,30.97,30.97,57000,29.51
2012-10-01,31.2,31.21,31.17,31.19,9200,29.72
2012-10-02,31.16,31.16,30.97,31.01,3800,29.55
2012-10-03,31.2,31.24,31.16,31.16,4000,29.69
2012-10-04,31.36,31.41,31.33,31.41,257800,29.93
2012-10-05,31.53,31.57,31.35,31.35,3000,29.88
2012-10-08,31.28,31.28,31.28,31.28,400,29.81
2012-10-09,31.17,31.17,30.96,30.96,300,29.5
2012-10-10,30.88,30.93,30.75,30.75,1600,29.3
2012-10-11,31.06,31.06,30.79,30.79,9300,29.34
2012-10-12,30.79,30.79,30.64,30.64,36000,29.2
2012-10-15,30.86,30.86,30.86,30.86,300,29.41
2012-10-16,30.86,30.86,30.86,30.86,0,29.41
2012-10-17,31.33,31.37,31.33,31.37,1700,29.89
2012-10-18,31.32,31.32,31.32,31.32,600,29.85
2012-10-19,31.32,31.32,31.32,31.32,0,29.85
2012-10-22,30.76,30.83,30.64,30.64,3800,29.2
2012-10-23,30.5,30.52,30.5,30.51,1500,29.07
2012-10-24,30.44,30.45,30.29,30.32,4300,28.89
2012-10-25,30.53,30.53,30.52,30.52,1300,29.08
2012-10-26,30.38,30.46,30.36,30.38,1500,28.95
2012-10-31,30.47,30.48,30.21,30.26,5700,28.84
2012-11-01,30.59,30.59,30.59,30.59,200,29.15
2012-11-02,30.59,30.59,30.59,30.59,0,29.15
2012-11-05,30.39,30.44,30.37,30.43,3600,29
2012-11-06,30.62,30.63,30.61,30.62,13800,29.18
2012-11-07,30.27,30.27,29.99,30.08,1300,28.67
2012-11-08,30.08,30.08,30.08,30.08,0,28.67
2012-11-09,29.56,29.77,29.56,29.77,1900,28.37
2012-11-12,29.83,29.83,29.78,29.81,23200,28.41
2012-11-13,29.58,29.68,29.58,29.58,41800,28.19
2012-11-14,29.48,29.48,29.48,29.48,100,28.09
2012-11-15,29.27,29.31,29.08,29.08,11400,27.71
2012-11-16,29,29.33,28.94,29.29,9000,27.91
2012-11-19,29.29,29.29,29.29,29.29,0,27.91
2012-11-20,29.29,29.29,29.29,29.29,0,27.91
2012-11-21,29.89,29.89,29.89,29.89,200,28.48
2012-11-23,30.14,30.99,30.14,30.23,4400,28.81
2012-11-26,30.26,30.26,30.2,30.2,32400,28.78
2012-11-27,30.3,30.37,30.26,30.33,32100,28.9
2012-11-28,30.05,30.4,30,30.4,3300,28.97
2012-11-29,30.54,30.61,30.51,30.53,21500,29.09
2012-11-30,30.55,30.61,30.55,30.61,1200,29.17
2012-12-03,30.74,30.74,30.54,30.54,700,29.1
2012-12-04,30.51,30.51,30.34,30.38,12300,28.95
2012-12-05,30.22,30.42,30.22,30.42,400,28.99
2012-12-06,30.39,30.53,30.39,30.53,9100,29.09
2012-12-07,30.61,30.62,30.61,30.62,300,29.18
2012-12-10,30.6,30.69,30.6,30.69,1900,29.25
2012-12-11,30.92,30.92,30.92,30.92,300,29.47
2012-12-12,30.9,30.91,30.85,30.86,1100,29.41
2012-12-13,30.8,30.8,30.63,30.63,900,29.19
2012-12-14,30.63,30.63,30.63,30.63,0,29.19
2012-12-17,30.77,30.77,30.75,30.76,2100,29.31
2012-12-18,30.95,31.18,30.95,31.18,1100,29.71
2012-12-19,31.09,31.09,30.88,30.92,1500,29.66
2012-12-20,30.98,30.98,30.98,30.98,100,29.72
2012-12-21,30.59,30.67,30.59,30.67,1200,29.42
2012-12-24,30.67,30.67,30.67,30.67,0,29.42
2012-12-26,30.67,30.67,30.67,30.67,0,29.42
2012-12-27,30.67,30.67,30.67,30.67,0,29.42
2012-12-28,30.33,30.35,30.14,30.14,1200,28.92
2012-12-31,30.27,30.69,30.27,30.68,82600,29.43
2013-01-02,31.33,31.41,31.15,31.41,10700,30.13
2013-01-03,31.39,31.47,31.38,31.38,7900,30.1
2013-01-04,31.42,31.44,31.41,31.43,3300,30.15
2013-01-07,31.4,31.4,31.35,31.35,300,30.08
2013-01-08,31.35,31.36,31.31,31.31,54700,30.04
2013-01-09,31.43,31.48,31.4,31.4,20600,30.12
2013-01-10,31.5,31.66,31.5,31.66,900,30.37
2013-01-11,31.65,31.68,31.58,31.68,8800,30.39
2013-01-14,31.66,31.66,31.55,31.61,23700,30.33
2013-01-15,31.61,31.68,31.61,31.67,16100,30.38
2013-01-16,31.64,31.65,31.64,31.65,1500,30.36
2013-01-17,31.86,31.9,31.79,31.88,13200,30.58
2013-01-18,31.77,31.96,31.77,31.96,6400,30.66
2013-01-22,31.97,32.11,31.88,32.1,75200,30.8
2013-01-23,32.11,32.22,32.07,32.15,13800,30.84
2013-01-24,32.2,32.33,32.12,32.19,12100,30.88
2013-01-25,32.29,32.34,32.26,32.33,3700,31.02
2013-01-28,32.43,32.43,32.27,32.32,11800,31.01
2013-01-29,32.29,32.48,32.29,32.48,1400,31.16
2013-01-30,32.5,32.5,32.38,32.44,3000,31.12
2013-01-31,32.24,32.31,32.24,32.26,1200,30.95
2013-02-01,32.5,32.61,32.5,32.56,253400,31.24
2013-02-04,32.4,32.44,32.32,32.32,7600,31.01
2013-02-05,32.47,32.6,32.47,32.54,900,31.22
2013-02-06,32.46,32.52,32.43,32.49,109900,31.17
2013-02-07,32.59,32.59,32.34,32.34,500,31.03
2013-02-08,32.69,32.69,32.67,32.67,35400,31.34
2013-02-11,32.65,32.66,32.65,32.65,2600,31.32
2013-02-12,32.65,32.65,32.65,32.65,0,31.32
2013-02-13,32.83,32.83,32.72,32.74,2800,31.41
2013-02-14,32.61,32.8,32.61,32.8,12100,31.47
2013-02-15,32.79,32.79,32.79,32.79,400,31.46
2013-02-19,32.93,32.96,32.92,32.94,56200,31.6
2013-02-20,32.82,32.83,32.81,32.81,400,31.48
2013-02-21,32.41,32.46,32.33,32.4,4300,31.08
2013-02-22,32.51,32.62,32.48,32.59,27700,31.27
2013-02-25,32.84,32.84,32.84,32.84,100,31.51
2013-02-26,32.16,32.27,32.16,32.27,1000,30.96
2013-02-27,32.38,32.56,32.38,32.56,2100,31.24
2013-02-28,32.56,32.56,32.56,32.56,0,31.24
2013-03-01,32.56,32.56,32.56,32.56,0,31.24
2013-03-04,32.76,32.77,32.75,32.75,1600,31.42
2013-03-05,33.12,33.24,33.12,33.21,3500,31.86
2013-03-06,33.35,33.35,33.19,33.19,2200,31.84
2013-03-07,33.33,33.35,33.29,33.35,2700,31.99
2013-03-08,33.34,33.34,33.34,33.34,1500,31.99
2013-03-11,33.41,33.54,33.39,33.54,1400,32.18
2013-03-12,33.45,33.45,33.43,33.44,800,32.08
2013-03-13,33.4,33.57,33.4,33.57,11900,32.21
2013-03-14,33.65,33.7,33.63,33.7,500,32.33
2013-03-15,33.7,33.7,33.7,33.7,0,32.33
2013-03-18,33.41,33.64,33.41,33.6,900,32.23
2013-03-19,33.6,33.6,33.6,33.6,0,32.23
2013-03-20,33.59,33.65,33.55,33.65,1500,32.28
2013-03-21,33.43,33.53,33.43,33.53,1000,32.17
2013-03-22,33.54,33.58,33.53,33.58,2100,32.22
2013-03-25,33.59,33.59,33.35,33.35,5500,32.14
2013-03-26,33.51,33.59,33.47,33.59,5200,32.37
2013-03-27,33.55,33.56,33.55,33.55,58800,32.34
2013-03-28,33.59,33.61,33.59,33.61,1400,32.39
2013-04-01,33.64,33.64,33.54,33.54,12600,32.33
2013-04-02,33.79,33.79,33.79,33.79,1300,32.57
2013-04-03,33.75,33.75,33.43,33.43,2500,32.22
2013-04-04,33.54,33.56,33.45,33.45,700,32.24
2013-04-05,33.12,33.39,33.12,33.39,5500,32.18
2013-04-08,33.46,33.47,33.46,33.47,1400,32.26
2013-04-09,33.61,33.71,33.61,33.71,300,32.49
2013-04-10,33.93,34.14,33.92,34.12,2900,32.89
2013-04-11,34.29,34.32,34.24,34.29,10800,33.05
2013-04-12,34,34.09,33.96,34.09,800,32.86
2013-04-15,33.69,33.69,33.69,33.69,300,32.47
2013-04-16,33.63,33.63,33.63,33.63,1500,32.41
2013-04-17,33.31,33.34,33.31,33.34,300,32.13
2013-04-18,33.35,33.35,33.17,33.22,1600,32.02
2013-04-19,33.29,33.41,33.29,33.41,900,32.2
2013-04-22,33.49,33.6,33.49,33.6,600,32.38
2013-04-23,33.9,33.9,33.78,33.89,1100,32.66
2013-04-24,33.89,33.89,33.89,33.89,0,32.66
2013-04-25,33.89,33.89,33.89,33.89,0,32.66
2013-04-26,34.06,34.06,34.02,34.02,1800,32.79
2013-04-29,34.3,34.3,34.28,34.3,500,33.06
2013-04-30,34.32,34.32,34.32,34.32,300,33.08
2013-05-01,34.32,34.32,34.32,34.32,0,33.08
2013-05-02,34.34,34.34,34.34,34.34,100,33.1
2013-05-03,34.79,34.79,34.79,34.79,300,33.53
2013-05-06,34.78,34.81,34.75,34.81,700,33.55
2013-05-07,34.87,34.87,34.87,34.87,300,33.61
2013-05-08,34.91,35.15,34.91,35.13,8500,33.86
2013-05-09,35.1,35.18,35.1,35.18,22500,33.91
2013-05-10,35.12,35.12,35.11,35.11,1000,33.84
2013-05-13,35.14,35.24,35.11,35.18,1600,33.91
2013-05-14,35.48,35.48,35.48,35.48,500,34.2
2013-05-15,35.52,35.81,35.52,35.81,5900,34.51
2013-05-16,35.67,35.74,35.55,35.55,2300,34.26
2013-05-17,35.63,35.9,35.63,35.9,2000,34.6
2013-05-20,35.89,36,35.89,35.89,5000,34.59
2013-05-21,35.92,36.02,35.92,35.92,54700,34.62
2013-05-22,36,36.29,35.6,35.6,3500,34.31
2013-05-23,35.32,35.6,35.32,35.5,10100,34.22
2013-05-24,35.37,35.5,35.37,35.46,4300,34.18
2013-05-28,35.96,35.96,35.83,35.83,3900,34.53
2013-05-29,35.57,35.57,35.32,35.56,2500,34.27
2013-05-30,35.53,35.74,35.51,35.74,1000,34.45
2013-05-31,35.62,35.65,35.51,35.63,490100,34.34
2013-06-03,35.21,35.21,35.01,35.17,2800,33.9
2013-06-04,35.31,35.33,35.26,35.33,2300,34.05
2013-06-05,35.03,35.03,34.7,34.71,3000,33.45
2013-06-06,34.45,34.86,34.43,34.86,2500,33.6
2013-06-07,35.17,35.39,35.16,35.22,7600,33.95
2013-06-10,35.52,35.52,35.34,35.39,3100,34.11
2013-06-11,34.98,35.12,34.91,35.12,3200,33.85
2013-06-12,34.91,34.91,34.85,34.85,1700,33.59
2013-06-13,34.81,35.18,34.81,35.15,1500,33.88
2013-06-14,35.23,35.32,35.02,35.08,11100,33.81
2013-06-17,35.31,35.47,35.29,35.32,7100,34.04
2013-06-18,35.36,35.6,35.36,35.6,15600,34.31
2013-06-19,35.49,35.59,35.2,35.2,10000,33.93
2013-06-20,34.79,34.79,34.2,34.27,40100,33.03
2013-06-21,34.48,34.48,34.02,34.3,27000,33.06
2013-06-24,33.97,34.04,33.68,33.91,11500,32.68
2013-06-25,34.08,34.28,34,34.28,5500,33.04
2013-06-26,34.86,34.86,34.53,34.6,6300,33.35
2013-06-27,34.63,34.69,34.6,34.64,12500,33.56
2013-06-28,34.54,34.73,34.38,34.72,560400,33.63
2013-07-01,34.71,34.94,34.71,34.82,33000,33.73
2013-07-02,34.7,34.91,34.5,34.65,6600,33.57
2013-07-03,34.51,34.67,34.46,34.67,1000,33.59
2013-07-05,34.84,34.9,34.77,34.9,4900,33.81
2013-07-08,35.22,35.3,35.14,35.19,9400,34.09
2013-07-09,35.38,35.46,35.32,35.44,6800,34.33
2013-07-10,35.51,35.56,35.39,35.49,17500,34.38
2013-07-11,35.8,35.98,35.8,35.94,400,34.82
2013-07-12,35.94,35.94,35.94,35.94,0,34.82
2013-07-15,36.02,36.19,36.01,36.12,4800,34.99
2013-07-16,36.11,36.11,35.95,36,1600,34.87
2013-07-17,36.12,36.12,36.04,36.04,900,34.91
2013-07-18,36.21,36.27,36.21,36.26,500,35.13
2013-07-19,36.26,36.34,36.21,36.34,39600,35.2
2013-07-22,36.34,36.45,36.31,36.4,12900,35.26
2013-07-23,36.47,36.47,36.35,36.37,20600,35.23
2013-07-24,36.53,36.53,36.17,36.17,2000,35.04
2013-07-25,36.13,36.24,36.13,36.24,1000,35.11
2013-07-26,36.24,36.37,36.06,36.37,9000,35.23
2013-07-29,36.32,36.32,36.19,36.26,2800,35.13
2013-07-30,36.4,36.43,36.27,36.32,11800,35.18
2013-07-31,36.51,36.51,36.3,36.31,8100,35.17
2013-08-01,36.6,36.74,36.6,36.74,2300,35.59
2013-08-02,36.67,36.73,36.65,36.71,1000,35.56
2013-08-05,36.68,36.8,36.68,36.8,7100,35.65
2013-08-06,36.47,36.52,36.47,36.52,300,35.38
2013-08-07,36.36,36.49,36.27,36.4,8400,35.26
2013-08-08,36.66,36.66,36.47,36.65,2000,35.5
2013-08-09,36.54,36.59,36.38,36.46,2500,35.32
2013-08-12,36.39,36.4,36.35,36.4,1500,35.26
2013-08-13,36.52,36.55,36.27,36.55,2300,35.41
2013-08-14,36.45,36.46,36.35,36.35,1800,35.21
2013-08-15,36.7,36.7,35.8,35.89,4700,34.77
2013-08-16,35.85,35.85,35.62,35.62,700,34.51
2013-08-19,35.69,35.76,35.47,35.5,2900,34.39
2013-08-20,35.69,35.75,35.69,35.7,25300,34.58
2013-08-21,35.59,35.64,35.4,35.51,75100,34.4
2013-08-22,35.68,35.68,35.68,35.68,100,34.56
2013-08-23,35.79,35.93,35.79,35.93,13800,34.81
2013-08-26,35.95,36.02,35.81,35.81,7100,34.69
2013-08-27,35.46,35.52,35.15,35.18,4000,34.08
2013-08-28,35.27,35.42,35.26,35.36,7300,34.25
2013-08-29,35.27,35.58,35.27,35.4,3300,34.29
2013-08-30,35.44,35.45,35.15,35.15,151000,34.05
2013-09-03,35.33,35.61,35.26,35.37,6600,34.26
2013-09-04,35.65,35.82,35.65,35.73,2400,34.61
2013-09-05,35.87,35.87,35.74,35.79,3600,34.67
2013-09-06,35.71,35.91,35.71,35.86,2800,34.74
2013-09-09,35.99,36.16,35.95,36.16,1600,35.03
2013-09-10,36.65,36.65,36.33,36.41,1800,35.27
2013-09-11,36.52,36.52,36.37,36.45,2400,35.31
2013-09-12,36.52,36.52,36.41,36.41,900,35.27
2013-09-13,36.52,36.53,36.44,36.51,3200,35.37
2013-09-16,36.82,36.9,36.78,36.78,46200,35.63
2013-09-17,36.79,36.91,36.79,36.91,3500,35.76
2013-09-18,36.84,37.35,36.74,37.34,1100,36.17
2013-09-19,37.57,37.57,37.16,37.3,5200,36.13
2013-09-20,37.26,37.29,37.09,37.1,4600,35.94
2013-09-23,37.32,37.32,36.7,36.81,417200,35.66
2013-09-24,36.7,36.82,36.55,36.62,9100,35.64
2013-09-25,36.49,36.67,36.45,36.49,9400,35.51
2013-09-26,36.48,36.66,36.48,36.64,2500,35.66
2013-09-27,36.51,36.51,36.51,36.51,100,35.53
2013-09-30,36.44,36.44,35.83,36.31,15700,35.34
2013-10-01,36.34,36.58,36.34,36.49,5700,35.51
2013-10-02,36.31,36.52,36.3,36.52,3200,35.54
2013-10-03,36.5,36.5,36.07,36.21,2700,35.24
2013-10-04,36.28,36.47,36.28,36.45,8800,35.47
2013-10-07,36.11,36.3,36.11,36.3,200,35.33
2013-10-08,36.19,36.19,35.76,35.84,2100,34.88
2013-10-09,35.75,35.89,35.54,35.89,8300,34.93
2013-10-10,36.15,36.51,36.15,36.51,7100,35.53
2013-10-11,36.49,36.77,36.49,36.74,2800,35.76
2013-10-14,36.55,36.89,36.55,36.84,3200,35.85
2013-10-15,36.85,36.89,36.64,36.74,9400,35.76
2013-10-16,37.01,37.16,36.96,37.06,6900,36.07
2013-10-17,37.09,37.43,37.07,37.43,4500,36.43
2013-10-18,37.61,37.68,37.61,37.68,500,36.67
2013-10-21,37.75,37.75,37.59,37.66,268700,36.65
2013-10-22,37.84,37.99,37.79,37.91,2700,36.89
2013-10-23,37.78,37.88,37.6,37.66,3500,36.65
2013-10-24,37.73,37.83,37.71,37.83,1500,36.82
2013-10-25,37.98,38.01,37.84,37.98,5000,36.96
2013-10-28,37.84,38.06,37.84,37.96,311000,36.94
2013-10-29,38.14,38.18,38,38.18,9200,37.16
2013-10-30,38.24,38.24,37.92,38.04,1200,37.02
2013-10-31,38.09,38.14,37.87,38.01,457500,36.99
2013-11-01,37.89,38.1,37.89,37.96,2900,36.94
2013-11-04,38.15,38.15,37.97,38.14,9200,37.12
2013-11-05,37.91,38.08,37.91,38.06,2500,37.04
2013-11-06,38.1,38.1,38.1,38.1,200,37.08
2013-11-07,38.02,38.03,37.86,38.03,3600,37.01
2013-11-08,37.99,38.16,37.94,38.16,4400,37.14
2013-11-11,38.23,38.23,38.16,38.2,2600,37.18
2013-11-12,38.17,38.17,38.04,38.1,9400,37.08
2013-11-13,37.99,38.28,37.99,38.26,3000,37.23
2013-11-14,38.5,38.67,38.42,38.67,11800,37.63
2013-11-15,38.61,38.8,38.61,38.76,2400,37.72
2013-11-18,38.91,38.91,38.73,38.73,4200,37.69
2013-11-19,38.61,38.68,38.46,38.5,8500,37.47
2013-11-20,38.65,38.69,38.38,38.41,15400,37.38
2013-11-21,38.64,38.73,38.63,38.73,6100,37.69
2013-11-22,38.79,38.89,38.72,38.89,1400,37.85
2013-11-25,38.98,38.98,38.82,38.86,8200,37.82
2013-11-26,38.94,38.94,38.91,38.94,4100,37.9
2013-11-27,38.98,39.01,38.89,38.99,30100,37.95
2013-11-29,39.04,39.1,39.03,39.07,412200,38.02
2013-12-02,38.98,39.03,38.87,38.87,5700,37.83
2013-12-03,38.77,38.79,38.54,38.65,123400,37.61
2013-12-04,38.63,38.72,38.48,38.72,5200,37.68
2013-12-05,38.56,38.66,38.48,38.48,27200,37.45
2013-12-06,38.83,38.98,38.79,38.94,8700,37.9
2013-12-09,39.06,39.06,39.03,39.03,800,37.98
2013-12-10,38.93,38.93,38.93,38.93,700,37.89
2013-12-11,38.95,38.95,38.57,38.6,890300,37.57
2013-12-12,38.5,38.5,38.39,38.44,498500,37.41
2013-12-13,38.34,38.42,38.3,38.4,900,37.37
2013-12-16,38.61,38.63,38.53,38.63,9300,37.59
2013-12-17,38.55,38.57,38.47,38.57,14900,37.54
2013-12-18,38.64,39.08,38.42,39.08,1000,38.03
2013-12-19,39.01,39.13,38.94,39.1,8100,38.05
2013-12-20,39.25,39.4,39.25,39.35,2100,38.3
2013-12-23,39.22,39.22,39.2,39.2,3000,38.42
2013-12-24,39.31,39.38,39.3,39.32,2000,38.54
2013-12-26,39.47,39.51,39.44,39.44,1100,38.66
2013-12-27,39.67,39.67,39.46,39.56,19400,38.78
2013-12-30,39.55,39.55,39.49,39.49,1800,38.71
2013-12-31,39.63,39.69,39.61,39.64,2600,38.85
2014-01-02,39.6,39.6,39.29,39.36,10100,38.58
2014-01-03,39.36,39.4,39.33,39.4,2400,38.62
2014-01-06,39.52,39.52,39.17,39.27,9100,38.49
2014-01-07,39.49,39.49,39.49,39.49,300,38.71
2014-01-08,39.48,39.5,39.38,39.47,2100,38.69
2014-01-09,39.58,39.58,39.34,39.47,2100,38.69
2014-01-10,39.42,39.58,39.4,39.58,1100,38.8
2014-01-13,39.58,39.58,39.02,39.02,7200,38.25
2014-01-14,39.24,39.34,39.24,39.34,500,38.56
2014-01-15,39.62,39.74,39.61,39.74,25900,38.95
2014-01-16,39.65,39.65,39.63,39.63,1100,38.84
2014-01-17,39.66,39.67,39.6,39.6,3400,38.82
2014-01-21,39.79,39.79,39.44,39.62,4800,38.83
2014-01-22,39.69,39.71,39.69,39.7,2500,38.91
2014-01-23,39.18,39.31,39.18,39.31,2200,38.53
2014-01-24,38.97,39.03,38.66,38.66,1400,37.89
2014-01-27,38.56,38.57,38.52,38.52,10000,37.76
2014-01-28,38.26,38.56,38.26,38.51,2700,37.75
2014-01-29,38.16,38.4,38.12,38.21,3600,37.45
2014-01-30,38.5,38.71,38.5,38.6,2800,37.84
2014-01-31,38.18,38.42,38.18,38.42,1700,37.66
2014-02-03,38.25,38.25,37.44,37.44,8900,36.7
2014-02-04,37.74,37.79,37.57,37.79,6800,37.04
2014-02-05,37.45,37.76,37.45,37.76,600,37.01
2014-02-06,37.96,38.13,37.96,38.07,2700,37.32
2014-02-07,38.3,38.69,38.3,38.69,1700,37.92
2014-02-10,38.6,38.79,38.6,38.79,3700,38.02
2014-02-11,38.87,39.26,38.87,39.19,13400,38.41
2014-02-12,39.21,39.25,39.16,39.19,66200,38.41
2014-02-13,39.1,39.44,39.1,39.44,1900,38.66
2014-02-14,39.4,39.56,39.4,39.55,1200,38.77
2014-02-18,39.69,39.76,39.68,39.7,71700,38.91
2014-02-19,39.66,39.69,39.57,39.57,2100,38.79
2014-02-20,39.6,39.74,39.6,39.74,3000,38.95
2014-02-21,39.76,39.78,39.67,39.67,2400,38.88
2014-02-24,39.93,40.03,39.88,39.88,3100,39.09
2014-02-25,39.94,39.94,39.82,39.82,2900,39.03
2014-02-26,39.79,39.87,39.76,39.82,4300,39.03
2014-02-27,39.96,40.05,39.96,40.05,1100,39.26
2014-02-28,40.02,40.32,40.02,40.23,900,39.43
2014-03-03,39.74,39.91,39.74,39.81,145100,39.02
2014-03-04,40.36,40.47,40.36,40.47,5600,39.67
2014-03-05,40.39,40.43,40.39,40.43,3600,39.63
2014-03-06,40.57,40.6,40.53,40.53,700,39.73
2014-03-07,40.4,40.49,40.4,40.49,400,39.69
2014-03-10,40.5,40.54,40.33,40.52,16700,39.72
2014-03-11,40.6,40.6,40.24,40.32,3300,39.52
2014-03-12,40.06,40.36,40.06,40.33,1700,39.53
2014-03-13,40.32,40.32,39.79,39.79,1700,39
2014-03-14,39.87,39.91,39.78,39.81,3100,39.02
2014-03-17,40.01,40.2,40.01,40.15,1300,39.35
2014-03-18,40.27,40.46,40.27,40.45,3900,39.65
2014-03-19,40.42,40.42,39.99,40.2,1200,39.4
2014-03-20,40.16,40.36,40.16,40.36,2200,39.56
2014-03-21,40.58,40.58,40.3,40.3,2300,39.5
2014-03-24,40.51,40.51,40,40.07,11300,39.28
2014-03-25,39.99,40.11,39.99,40.11,700,39.46
2014-03-26,40.24,40.24,39.83,39.83,2100,39.18
2014-03-27,39.75,39.75,39.75,39.75,1700,39.1
2014-03-28,39.87,39.97,39.87,39.95,15900,39.3
2014-03-31,40.26,40.29,40.26,40.29,2700,39.64
2014-04-01,40.43,40.54,40.38,40.54,85800,39.88
2014-04-02,40.69,40.72,40.52,40.68,2800,40.02
2014-04-03,40.67,40.67,40.51,40.51,1000,39.85
2014-04-04,40.65,40.65,40.17,40.17,4700,39.52
2014-04-07,39.91,40.05,39.67,39.67,2400,39.03
2014-04-08,39.76,39.85,39.55,39.79,2900,39.14
2014-04-09,39.92,40.3,39.92,40.3,2100,39.65
2014-04-10,40.39,40.39,39.45,39.45,3000,38.81
2014-04-11,39.29,39.45,39.11,39.11,700,38.48
2014-04-14,39.42,39.44,39.26,39.37,1900,38.73
2014-04-15,39.42,39.55,39.4,39.55,1800,38.91
2014-04-16,39.91,39.96,39.84,39.96,600,39.31
2014-04-17,40.05,40.18,40.05,40.15,700,39.5
2014-04-21,40.2,40.22,40.11,40.22,800,39.57
2014-04-22,40.42,40.52,40.35,40.5,21200,39.84
2014-04-23,40.34,40.42,40.29,40.35,21100,39.69
2014-04-24,40.3,40.48,40.3,40.37,1100,39.71
2014-04-25,40.15,40.15,40,40.07,1700,39.42
2014-04-28,40.24,40.24,39.79,40.23,1900,39.58
2014-04-29,40.23,40.38,40.23,40.38,2000,39.72
2014-04-30,40.36,40.44,40.36,40.44,1700,39.78
2014-05-01,40.52,40.52,40.47,40.48,500,39.82
2014-05-02,40.61,40.64,40.47,40.48,82900,39.82
2014-05-05,40.35,40.56,40.26,40.56,2000,39.9
2014-05-06,40.56,40.56,40.22,40.22,5000,39.57
2014-05-07,40.41,40.42,40.05,40.36,2125200,39.7
2014-05-08,40.27,40.58,40.27,40.34,35000,39.69
2014-05-09,40.24,40.43,40.21,40.43,5900,39.77
2014-05-12,40.49,40.82,40.49,40.79,5500,40.13
2014-05-13,40.93,40.93,40.83,40.85,4400,40.19
2014-05-14,40.8,40.8,40.64,40.64,5200,39.98
2014-05-15,40.67,40.67,40.16,40.3,9700,39.65
2014-05-16,40.24,40.43,40.24,40.43,3900,39.77
2014-05-19,40.61,40.61,40.54,40.61,2000,39.95
2014-05-20,40.52,40.52,40.29,40.38,1100,39.72
2014-05-21,40.53,40.66,40.53,40.65,3800,39.99
2014-05-22,40.82,40.82,40.82,40.82,300,40.16
2014-05-23,40.91,40.92,40.91,40.92,1200,40.26
2014-05-27,41.17,41.2,41.04,41.17,7200,40.5
2014-05-28,41.2,41.2,41.15,41.15,500,40.48
2014-05-29,41.2,41.24,41.2,41.23,900,40.56
2014-05-30,41.31,41.41,41.3,41.4,7900,40.73
2014-06-02,41.48,41.5,41.44,41.48,15700,40.81
2014-06-03,41.35,41.51,41.35,41.51,31100,40.84
2014-06-04,41.58,41.58,41.52,41.54,4700,40.87
2014-06-05,41.6,41.83,41.59,41.8,3100,41.12
2014-06-06,42,42,42,42,500,41.32
2014-06-09,42.09,42.09,42.06,42.06,300,41.38
2014-06-10,42.04,42.04,41.97,42.01,5500,41.33
2014-06-11,41.96,41.96,41.88,41.96,5900,41.28
2014-06-12,41.92,41.92,41.65,41.65,3100,40.97
2014-06-13,41.74,41.82,41.6,41.78,59900,41.1
2014-06-16,41.8,41.8,41.8,41.8,200,41.12
2014-06-17,41.88,41.89,41.88,41.89,600,41.21
2014-06-18,42,42.26,41.85,42.26,7700,41.57
2014-06-19,42.2,42.2,42.2,42.2,500,41.51
2014-06-20,42.36,42.36,42.25,42.35,11300,41.66
2014-06-23,42.4,42.4,42.3,42.38,3300,41.69
2014-06-24,42.46,42.47,42.08,42.13,10200,41.45
2014-06-25,41.83,42.01,41.78,42.01,17000,41.63
2014-06-26,42.11,42.11,41.69,41.97,35400,41.59
2014-06-27,41.95,41.96,41.94,41.96,3100,41.58
2014-06-30,41.96,42.08,41.96,42.06,3300,41.68
2014-07-01,42.21,42.38,42.19,42.38,16000,42
2014-07-02,42.29,42.35,42.29,42.29,3700,41.91
2014-07-03,42.46,42.56,42.46,42.56,2200,42.18
2014-07-07,42.42,42.44,42.37,42.39,3400,42.01
2014-07-08,42.26,42.3,42.06,42.14,7200,41.76
2014-07-09,42.29,42.29,42.13,42.21,2300,41.83
2014-07-10,41.92,42.2,41.81,42.07,86300,41.69
2014-07-11,42.08,42.13,42.08,42.13,4200,41.75
2014-07-14,42.41,42.42,42.36,42.38,4200,42
2014-07-15,42.44,42.46,42.23,42.23,2100,41.85
2014-07-16,42.42,42.43,42.39,42.43,2200,42.05
2014-07-17,42.31,42.43,41.99,41.99,1900,41.61
2014-07-18,41.99,41.99,41.99,41.99,0,41.61
2014-07-21,42.25,42.38,42.13,42.36,15500,41.98
2014-07-22,42.48,42.61,42.48,42.56,4500,42.18
2014-07-23,42.66,42.66,42.61,42.62,1200,42.24
2014-07-24,42.6,42.6,42.6,42.6,200,42.22
2014-07-25,42.52,42.52,42.4,42.4,1100,42.02
2014-07-28,42.3,42.47,42.23,42.46,4200,42.08
2014-07-29,42.48,42.55,42.44,42.44,3800,42.06
2014-07-30,42.42,42.42,42.21,42.28,1000,41.9
2014-07-31,41.92,41.92,41.43,41.43,30300,41.06
2014-08-01,41.43,41.45,41.27,41.38,6200,41.01
2014-08-04,41.47,41.7,41.34,41.65,2500,41.28
2014-08-05,41.52,41.52,41.14,41.14,3000,40.77
2014-08-06,41,41.3,41,41.26,2300,40.89
2014-08-07,41.34,41.38,40.95,40.95,159400,40.58
2014-08-08,41.34,41.43,41.34,41.43,900,41.06
2014-08-11,41.65,41.76,41.65,41.7,1700,41.33
2014-08-12,41.48,41.53,41.48,41.53,1000,41.16
2014-08-13,41.8,41.84,41.75,41.84,1000,41.46
2014-08-14,41.86,42,41.86,42,14400,41.62
2014-08-15,42.26,42.26,41.75,42.04,3100,41.66
2014-08-18,42.36,42.37,42.35,42.35,7600,41.97
2014-08-19,42.59,42.64,42.4,42.63,15500,42.25
2014-08-20,42.67,42.7,42.67,42.69,1500,42.31
2014-08-21,42.73,42.9,42.73,42.87,10400,42.48
2014-08-22,42.87,42.87,42.87,42.87,0,42.48
2014-08-25,42.97,42.97,42.97,42.97,1300,42.58
2014-08-26,43.02,43.07,43.02,43.07,1700,42.68
2014-08-27,43.03,43.04,42.97,43.01,2500,42.62
2014-08-28,42.98,42.99,42.98,42.99,1000,42.6
2014-08-29,43.03,43.06,43.03,43.05,3800,42.66
2014-09-02,43.05,43.05,43.05,43.05,500,42.66
2014-09-03,43.21,43.21,43.21,43.21,700,42.82
2014-09-04,43.14,43.14,42.93,42.94,2700,42.55
2014-09-05,42.95,43.09,42.89,43.09,2900,42.7
2014-09-08,43.15,43.15,43.1,43.1,50100,42.71
2014-09-09,42.97,42.97,42.77,42.77,700,42.39
2014-09-10,42.83,42.93,42.83,42.93,6000,42.54
2014-09-11,42.87,42.92,42.74,42.9,4800,42.51
2014-09-12,42.82,42.84,42.71,42.71,3900,42.33
2014-09-15,42.63,42.73,42.63,42.67,10800,42.29
2014-09-16,42.73,43.06,42.59,43.04,55000,42.65
2014-09-17,43,43.21,43,43.21,4800,42.82
2014-09-18,43.21,43.21,43.21,43.21,0,42.82
2014-09-19,43.32,43.33,43.21,43.27,3700,42.88
2014-09-22,43.02,43.02,42.87,42.88,2400,42.49
2014-09-23,42.78,42.78,42.68,42.68,14300,42.3
2014-09-24,42.56,42.73,42.56,42.73,1000,42.55
2014-09-25,42.76,42.76,42.15,42.17,4300,41.99
2014-09-26,42.25,42.38,42.23,42.38,1400,42.2
2014-09-29,42.31,42.31,42.21,42.26,900,42.08
2014-09-30,42.15,42.29,42.13,42.29,3600,42.11
2014-10-01,42.1,42.1,41.62,41.62,8800,41.45
2014-10-02,41.69,41.71,41.48,41.67,3200,41.5
2014-10-03,42.11,42.18,42.1,42.18,3600,42
2014-10-06,42.25,42.3,41.96,42.06,10500,41.89
2014-10-07,41.95,41.95,41.5,41.5,700,41.33
2014-10-08,41.29,42.13,41.29,42.13,41600,41.95
2014-10-09,41.92,41.97,41.36,41.36,16400,41.19
2014-10-10,41.25,41.25,40.81,40.85,2700,40.68
2014-10-13,40.64,40.77,40.4,40.4,10700,40.23
2014-10-14,40.37,40.57,40.17,40.25,40400,40.08
2014-10-15,39.56,39.91,38.75,39.58,11100,39.42
2014-10-16,39.59,40.04,39.26,40.03,20600,39.86
2014-10-17,40.43,40.56,40.43,40.52,1900,40.35
2014-10-20,40.53,40.65,40.53,40.65,1500,40.48
2014-10-21,41.33,41.51,41.31,41.51,154200,41.34
2014-10-22,41.71,41.71,41.41,41.41,13700,41.24
2014-10-23,41.76,41.93,41.75,41.75,8800,41.58
2014-10-24,41.78,42.02,41.78,41.99,2300,41.82
2014-10-27,41.92,42.04,41.92,42.04,1100,41.87
2014-10-28,42.17,42.45,42.14,42.45,22500,42.27
2014-10-29,42.57,42.6,42.23,42.51,107500,42.33
2014-10-30,42.42,42.65,42.32,42.65,7000,42.47
2014-10-31,43.05,43.2,43.05,43.11,5300,42.93
2014-11-03,43.2,43.36,43.18,43.36,3300,43.18
2014-11-04,43.22,43.22,43.04,43.11,5500,42.93
2014-11-05,43.22,43.22,43.22,43.22,200,43.04
2014-11-06,43.22,43.48,43.18,43.48,85400,43.3
2014-11-07,43.4,43.57,43.4,43.4,45200,43.22
2014-11-10,43.6,43.67,43.5,43.64,30600,43.46
2014-11-11,43.74,43.74,43.62,43.68,30400,43.5
2014-11-12,43.67,43.67,43.58,43.67,4700,43.49
2014-11-13,43.64,43.77,43.64,43.7,4200,43.52
2014-11-14,43.63,43.74,43.63,43.64,800,43.46
2014-11-17,43.56,43.65,43.56,43.65,300,43.47
2014-11-18,43.96,44.08,43.93,44.06,4200,43.88
2014-11-19,43.87,43.89,43.8,43.89,2400,43.71
2014-11-20,43.99,43.99,43.99,43.99,400,43.81
2014-11-21,44.26,44.44,44.15,44.22,18100,44.04
2014-11-24,44.34,44.38,44.33,44.38,1700,44.2
2014-11-25,44.47,44.47,44.3,44.35,24100,44.17
2014-11-26,44.35,44.45,44.33,44.45,82600,44.27
2014-11-28,44.43,44.44,44.4,44.43,29800,44.25
2014-12-01,44.15,44.15,44.06,44.07,3300,43.89
2014-12-02,44.22,44.3,44.21,44.29,1000,44.11
2014-12-03,44.4,44.43,44.4,44.43,4100,44.25
2014-12-04,44.28,44.48,44.27,44.4,5700,44.22
2014-12-05,44.53,44.61,44.42,44.5,10000,44.31
2014-12-08,44.47,44.5,44.13,44.13,14300,43.95
2014-12-09,43.73,44.19,43.67,44.19,11500,44.01
2014-12-10,43.93,43.93,43.52,43.52,4600,43.34
2014-12-11,43.55,44.06,43.54,43.74,5800,43.56
2014-12-12,43.43,43.5,42.99,42.99,19400,42.81
2014-12-15,43.28,43.28,42.66,42.9,5000,42.72
2014-12-16,42.54,43.32,42.36,42.36,3700,42.18
2014-12-17,42.39,43.18,42.39,42.83,7300,42.65
2014-12-18,43.71,43.9,43.71,43.78,1800,43.6
2014-12-19,44.22,44.53,44.22,44.53,2300,44.34
2014-12-22,44.46,44.55,44.46,44.55,1900,44.36
2014-12-23,44.77,44.79,44.69,44.72,3100,44.53
2014-12-24,44.63,44.63,44.59,44.6,700,44.6
2014-12-26,44.7,44.7,44.68,44.68,500,44.68
2014-12-29,44.56,44.81,44.56,44.77,17100,44.77
2014-12-30,44.58,44.62,44.42,44.43,5100,44.43
2014-12-31,44.39,44.39,44.34,44.34,1000,44.34
2015-01-02,44.27,44.27,43.8,44.04,3500,44.04
2015-01-05,43.53,43.53,43.24,43.31,11500,43.31
2015-01-06,43.26,43.42,42.85,43,8400,43
2015-01-07,43.13,43.35,43.1,43.35,1400,43.35
2015-01-08,43.79,44.11,43.79,44.11,2800,44.11
2015-01-09,44.02,44.02,43.8,43.86,3300,43.86
2015-01-12,43.39,43.57,43.37,43.37,1000,43.37
2015-01-13,44,44.01,43.04,43.1,2000,43.1
2015-01-14,42.87,43.08,42.61,43.08,66500,43.08
2015-01-15,42.8,42.8,42.73,42.77,500,42.77
2015-01-16,42.86,43.04,42.86,43.04,8700,43.04
2015-01-20,43.44,43.44,43.01,43.09,6400,43.09
2015-01-21,43.47,43.62,43.44,43.56,1200,43.56
2015-01-22,43.84,44.15,43.46,44.12,21100,44.12
2015-01-23,44.2,44.2,44.03,44.04,3900,44.04
