"Index","GREK.Open","GREK.High","GREK.Low","GREK.Close","GREK.Volume","GREK.Adjusted"
2011-12-08,14.95,14.98,14.75,14.76,3500,14.55
2011-12-09,14.71,14.89,14.71,14.8,2000,14.59
2011-12-12,14.8,14.8,14.17,14.22,8100,14.02
2011-12-13,14.93,14.93,14,14.11,7900,13.91
2011-12-14,13.98,13.98,13.6,13.85,600,13.65
2011-12-15,13.95,13.99,13.95,13.99,3800,13.79
2011-12-16,14,14.08,13.3,13.73,11000,13.53
2011-12-19,13.64,14.46,13.46,13.66,4400,13.46
2011-12-20,14.09,14.09,13.8,13.8,3300,13.6
2011-12-21,14.04,14.04,14.04,14.04,500,13.84
2011-12-22,14.33,14.33,13.97,13.97,2100,13.77
2011-12-23,13.85,14.17,13.85,14.17,2200,13.97
2011-12-27,14.26,14.26,14.15,14.15,1400,13.95
2011-12-28,13.7,13.79,13.7,13.79,700,13.62
2011-12-29,13.79,13.79,13.79,13.79,0,13.62
2011-12-30,14.4,14.4,14.02,14.02,800,13.85
2012-01-03,14,14.2,13.83,14.18,2600,14.01
2012-01-04,13.75,13.75,13.75,13.75,2000,13.58
2012-01-05,13.26,13.5,13.26,13.5,1200,13.34
2012-01-06,13.5,13.5,13.5,13.5,0,13.34
2012-01-09,13.5,13.5,12.92,12.97,2900,12.81
2012-01-10,12.8,12.81,12.7,12.7,1600,12.55
2012-01-11,12.85,12.85,12.78,12.78,1300,12.62
2012-01-12,12.75,13.11,12.75,12.99,5500,12.83
2012-01-13,12.8,13.01,12.8,13.01,1300,12.85
2012-01-17,13.68,13.77,13.09,13.54,13000,13.38
2012-01-18,14,14.3,13.9,14.1,6500,13.93
2012-01-19,14.5,14.74,14.5,14.6,10100,14.42
2012-01-20,15.1,15.27,14.95,15.15,10000,14.97
2012-01-23,16.39,16.39,15.85,16.01,14900,15.82
2012-01-24,15.85,15.88,15.21,15.21,6000,15.03
2012-01-25,16.12,16.51,16.01,16.51,5100,16.31
2012-01-26,18,18.02,17.04,17.35,2000,17.14
2012-01-27,17.25,17.7,17.25,17.4,4700,17.19
2012-01-30,17.4,17.6,17.2,17.42,3800,17.21
2012-01-31,18.38,19.28,18.38,19.2,14400,18.97
2012-02-01,19.41,19.41,18.88,19,13400,18.77
2012-02-02,18.89,18.9,18.53,18.76,13400,18.53
2012-02-03,17.8,17.8,17.5,17.69,38700,17.48
2012-02-06,18.2,18.49,17.98,18.31,20500,18.09
2012-02-07,18.9,19.54,18.9,19.39,49600,19.15
2012-02-08,19.4,19.53,19.1,19.16,8100,18.93
2012-02-09,19.62,19.86,18.88,19.21,28900,18.98
2012-02-10,18.52,18.52,17.58,17.99,16800,17.77
2012-02-13,19.72,19.93,18.93,19.31,13000,19.08
2012-02-14,19.49,19.49,18.71,18.82,5800,18.59
2012-02-15,18.46,18.46,17.34,17.57,17500,17.36
2012-02-16,17.5,18.17,17.22,18.15,6100,17.93
2012-02-17,18.96,19.6,18.96,19.4,63100,19.16
2012-02-21,19.1,19.1,18.33,18.56,19500,18.33
2012-02-22,17.85,17.85,17,17.02,12500,16.81
2012-02-23,17,17.1,16.55,17.09,3900,16.88
2012-02-24,17,17.56,17,17.2,8000,16.99
2012-02-27,17,17.48,17,17.15,6500,16.94
2012-02-28,16.9,16.9,16.33,16.37,11000,16.17
2012-02-29,17,17.25,17,17,9100,16.79
2012-03-01,16.94,17.21,16.85,16.86,17000,16.66
2012-03-02,16.87,17.16,16.71,16.85,2800,16.65
2012-03-05,16.7,16.7,16.25,16.3,1900,16.1
2012-03-06,16.7,17.26,16.6,16.6,19000,16.4
2012-03-07,16.6,17.18,16.6,16.95,9900,16.74
2012-03-08,17.72,17.72,16.93,17.66,9100,17.45
2012-03-09,17.66,17.66,16.86,16.97,8600,16.76
2012-03-12,16.7,16.7,16.19,16.3,1800,16.1
2012-03-13,16.1,16.5,15.71,16.45,13100,16.25
2012-03-14,16.44,16.65,16.07,16.07,30100,15.88
2012-03-15,16.19,16.5,16.11,16.38,6100,16.18
2012-03-16,16.58,16.94,16.58,16.7,6200,16.5
2012-03-19,17,17.59,17,17.47,8400,17.26
2012-03-20,17.4,17.4,17.14,17.32,8300,17.11
2012-03-21,17.26,17.26,16.79,16.84,6200,16.64
2012-03-22,16.55,16.98,16.55,16.98,1600,16.77
2012-03-23,16.78,16.85,16.78,16.85,400,16.65
2012-03-26,16.89,17.1,16.89,17.1,5200,16.89
2012-03-27,16.6,16.7,16.32,16.5,9300,16.3
2012-03-28,16.1,16.3,15.83,15.97,8200,15.78
2012-03-29,15.7,15.76,15.7,15.71,1500,15.52
2012-03-30,15.5,15.66,15.5,15.66,2700,15.47
2012-04-02,15.18,15.33,15.18,15.28,20400,15.09
2012-04-03,15.13,15.29,14.84,14.84,4200,14.66
2012-04-04,15.08,15.08,14.3,14.37,9600,14.2
2012-04-05,14.89,14.94,14.37,14.82,9100,14.64
2012-04-09,14.6,14.64,14.34,14.55,4700,14.37
2012-04-10,15.02,15.5,15.02,15.16,13000,14.98
2012-04-11,15.29,15.29,15.01,15.02,700,14.84
2012-04-12,14.96,15.62,14.96,15.27,3100,15.08
2012-04-13,14.92,15.01,14.72,14.85,6000,14.67
2012-04-16,14.9,15.26,14.9,15.01,1600,14.83
2012-04-17,15.1,15.61,15.1,15.61,8600,15.42
2012-04-18,15.21,15.4,15.18,15.3,2900,15.11
2012-04-19,14.77,14.79,14.64,14.79,1200,14.61
2012-04-20,14.88,14.89,14.88,14.89,600,14.71
2012-04-23,14.5,14.62,14.5,14.62,2200,14.44
2012-04-24,14.62,14.62,14.62,14.62,0,14.44
2012-04-25,14.78,14.78,14.73,14.73,800,14.55
2012-04-26,14.73,14.73,14.73,14.73,0,14.55
2012-04-27,14.45,14.45,14.25,14.41,3600,14.24
2012-04-30,14.6,14.6,14.53,14.53,600,14.35
2012-05-01,14.25,14.7,14.25,14.7,400,14.52
2012-05-02,14.44,14.44,13.7,14.17,8300,14
2012-05-03,14.06,14.11,13.95,14.03,9800,13.86
2012-05-04,14.14,14.2,14,14.2,1300,14.03
2012-05-07,12.91,13.36,12.91,13.3,29000,13.14
2012-05-08,12.75,12.75,12.11,12.66,24700,12.51
2012-05-09,12.35,12.6,12.25,12.39,2700,12.24
2012-05-10,13.01,13.01,12.36,12.71,6900,12.56
2012-05-11,12.52,12.52,12.3,12.48,36000,12.33
2012-05-14,11.99,12.25,11.65,11.65,33100,11.51
2012-05-15,11.67,11.67,11.05,11.11,60000,10.98
2012-05-16,11,11,10.65,10.71,24300,10.58
2012-05-17,10.5,10.58,10.25,10.35,29400,10.22
2012-05-18,11,12.5,10.52,10.72,30100,10.59
2012-05-21,11.42,11.42,10.47,10.7,3600,10.57
2012-05-22,10.7,10.7,10.32,10.35,62100,10.22
2012-05-23,10.26,10.29,9.91,10.22,75000,10.1
2012-05-24,9.82,9.85,9.58,9.7,33400,9.58
2012-05-25,9.73,9.9,9.25,9.42,45300,9.31
2012-05-29,9.87,10.06,9.85,9.99,34800,9.87
2012-05-30,10.01,10.01,9.5,9.5,29700,9.38
2012-05-31,9.73,9.87,9.59,9.7,6900,9.58
2012-06-01,9.5,9.8,9.09,9.19,39100,9.08
2012-06-04,9.25,9.49,9.24,9.35,18500,9.24
2012-06-05,8.96,9.05,8.78,8.85,39600,8.74
2012-06-06,9.11,9.69,9.06,9.24,34200,9.13
2012-06-07,9.44,9.45,9.14,9.14,7500,9.03
2012-06-08,9.29,9.5,9.1,9.5,4300,9.38
2012-06-11,9.72,9.72,9.23,9.27,20100,9.16
2012-06-12,9.44,9.59,9.23,9.41,11500,9.3
2012-06-13,9.37,9.72,9.37,9.68,47200,9.56
2012-06-14,10.34,10.89,10.34,10.89,63100,10.76
2012-06-15,11,11.92,10.97,11.84,149800,11.7
2012-06-18,11.86,12,11.43,11.55,86600,11.41
2012-06-19,12,12.41,11.97,12.23,44000,12.08
2012-06-20,12.09,12.15,11.61,12.06,43300,11.91
2012-06-21,12.22,12.28,11.71,11.71,84800,11.57
2012-06-22,11.74,12.01,11.73,11.88,17100,11.74
2012-06-25,11.5,11.72,10.78,11,16100,10.87
2012-06-26,11,11.1,10.87,11.1,14600,10.97
2012-06-27,11.1,11.26,11.1,11.17,14500,11.03
2012-06-28,11.36,11.4,10.97,11.07,7900,10.94
2012-06-29,12.09,12.23,11.81,12.1,29600,11.95
2012-07-02,12.38,12.38,11.57,12,23300,11.85
2012-07-03,12.04,12.08,11.85,11.86,3200,11.72
2012-07-05,12.1,12.21,11.96,12.08,21400,11.93
2012-07-06,12,12.02,11.61,11.99,13700,11.84
2012-07-09,11.96,12.09,11.83,11.83,5500,11.69
2012-07-10,11.56,11.56,11.29,11.39,66700,11.25
2012-07-11,11.11,11.95,11.11,11.12,10900,10.99
2012-07-12,11.28,11.32,10.95,11.28,56800,11.14
2012-07-13,11.69,11.82,11.6,11.64,4800,11.5
2012-07-16,11.83,11.9,11.55,11.86,19700,11.72
2012-07-17,11.79,11.9,11.25,11.65,9400,11.51
2012-07-18,11.7,11.71,11.53,11.67,7600,11.53
2012-07-19,11.97,12.02,11.63,11.74,26600,11.6
2012-07-20,11.65,11.7,11.33,11.67,13900,11.53
2012-07-23,11.1,11.3,10.45,10.79,28100,10.66
2012-07-24,10.66,10.74,10.44,10.52,5600,10.39
2012-07-25,10.48,10.89,10.47,10.55,31500,10.42
2012-07-26,10.8,11.07,10.75,10.8,13600,10.67
2012-07-27,11.06,12,10.82,10.91,6600,10.78
2012-07-30,11.42,11.43,11.04,11.07,23500,10.94
2012-07-31,11.02,11.07,10.88,10.88,2100,10.75
2012-08-01,10.81,11.84,10.46,11.17,14000,11.03
2012-08-02,11.13,11.13,10.59,10.78,19300,10.65
2012-08-03,10.93,11.53,10.93,11.22,17400,11.08
2012-08-06,11.46,11.66,11.32,11.47,8800,11.33
2012-08-07,11.73,11.89,11.61,11.8,4300,11.66
2012-08-08,11.97,11.97,11.41,11.41,7600,11.27
2012-08-09,11.64,11.99,11.39,11.39,5200,11.25
2012-08-10,11.4,11.64,11.25,11.5,3900,11.36
2012-08-13,11.8,11.84,11.52,11.57,16500,11.43
2012-08-14,11.75,11.75,11.5,11.5,7000,11.36
2012-08-15,11.57,11.57,11.37,11.37,2800,11.23
2012-08-16,11.6,11.93,11.51,11.93,9100,11.79
2012-08-17,11.92,12.15,11.9,12.13,103100,11.98
2012-08-20,11.97,11.99,11.73,11.83,42900,11.69
2012-08-21,12.18,12.36,12.11,12.23,23100,12.08
2012-08-22,12.31,12.31,12.15,12.25,17000,12.1
2012-08-23,12.25,12.3,12,12,24200,11.85
2012-08-24,12.2,12.37,12.02,12.36,12300,12.21
2012-08-27,12.38,12.38,12.21,12.21,22800,12.06
2012-08-28,12.21,12.38,12,12.04,76200,11.89
2012-08-29,12.25,12.25,12,12.07,25000,11.92
2012-08-30,11.95,12.19,11.82,11.88,14100,11.74
2012-08-31,12.1,12.3,12.09,12.14,14800,11.99
2012-09-04,12.25,12.45,12.15,12.39,42200,12.24
2012-09-05,12.5,13.11,12.49,13.03,68100,12.87
2012-09-06,13.11,13.35,12.95,13.23,184400,13.07
2012-09-07,13.5,13.79,13.41,13.76,157700,13.59
2012-09-10,14.02,14.51,14,14.37,133300,14.2
2012-09-11,14.3,15.03,14.15,14.97,128000,14.79
2012-09-12,15.23,16,15.22,15.77,86400,15.58
2012-09-13,15.96,15.97,14.84,15.56,127800,15.37
2012-09-14,15.4,15.53,15.05,15.22,55700,15.04
2012-09-17,15.39,15.45,15.01,15.07,18700,14.89
2012-09-18,15.07,15.75,15.07,15.51,46600,15.32
2012-09-19,15.54,15.6,15.32,15.52,60200,15.33
2012-09-20,15.47,15.47,15.25,15.41,24100,15.22
2012-09-21,15.77,15.77,15.5,15.52,47200,15.33
2012-09-24,15.44,15.44,14.88,15,50900,14.82
2012-09-25,14.93,15.13,14.7,14.74,52000,14.56
2012-09-26,14.8,14.81,14.61,14.69,24200,14.51
2012-09-27,14.71,15.08,14.69,15.04,20100,14.86
2012-09-28,14.72,14.79,14.55,14.64,22200,14.46
2012-10-01,14.91,15.1,14.7,14.72,59000,14.54
2012-10-02,15.12,15.5,15,15.38,97800,15.19
2012-10-03,15.49,15.57,15.41,15.46,128100,15.27
2012-10-04,15.72,15.78,15.59,15.7,44400,15.51
2012-10-05,16.71,17.3,16.71,16.89,184800,16.69
2012-10-08,16.86,16.86,16.33,16.79,53300,16.59
2012-10-09,16.93,16.93,16.22,16.22,37900,16.02
2012-10-10,15.98,16.13,15.6,15.67,22800,15.48
2012-10-11,15.65,16.21,15.61,15.98,11900,15.79
2012-10-12,16.4,16.69,16.12,16.38,27900,16.18
2012-10-15,16.73,17,16.56,16.95,423400,16.74
2012-10-16,17.02,17.58,17.01,17.54,62700,17.33
2012-10-17,17.62,18.22,17.62,18.2,77000,17.98
2012-10-18,18.02,18.17,17.82,17.92,38300,17.7
2012-10-19,17.92,18.33,17.89,18.05,104200,17.83
2012-10-22,18.81,19,18.59,18.8,163700,18.57
2012-10-23,18.85,18.85,18.06,18.11,130700,17.89
2012-10-24,18.4,18.78,18.3,18.4,81900,18.18
2012-10-25,18.47,18.54,18.15,18.3,59300,18.08
2012-10-26,18.18,18.41,18.1,18.16,33600,17.94
2012-10-31,16.98,17,15.84,16.18,133000,15.98
2012-11-01,15.78,15.78,15.01,15.11,141100,14.93
2012-11-02,15.72,16.11,15.67,15.93,41500,15.74
2012-11-05,16.18,16.76,16.05,16.55,304300,16.35
2012-11-06,16.57,16.8,16.57,16.71,30000,16.51
2012-11-07,16.76,16.77,16.25,16.6,35500,16.4
2012-11-08,16.08,16.08,15.41,15.44,73500,15.25
2012-11-09,15.08,16.12,15.08,16.1,274100,15.9
2012-11-12,15.45,15.59,14.95,15.11,41100,14.93
2012-11-13,14.85,15.3,14.63,15.19,15500,15.01
2012-11-14,15.52,15.65,15.21,15.35,47400,15.16
2012-11-15,15.17,15.53,15.08,15.36,13800,15.17
2012-11-16,15.36,15.49,15.09,15.48,4100,15.29
2012-11-19,16.05,16.43,15.89,16.28,37000,16.08
2012-11-20,16.23,16.32,15.81,16.23,9400,16.03
2012-11-21,16.48,16.48,16.16,16.24,9500,16.04
2012-11-23,16.7,17.1,16.68,17.04,30900,16.83
2012-11-26,17.15,17.16,16.86,17,17100,16.79
2012-11-27,17.19,17.19,16.44,16.52,52200,16.32
2012-11-28,15.83,16.05,15.58,15.95,97500,15.76
2012-11-29,15.85,15.9,15.69,15.85,25900,15.66
2012-11-30,15.77,15.8,15.47,15.63,37300,15.44
2012-12-03,15.76,16.15,15.74,15.93,22500,15.74
2012-12-04,15.78,15.94,15.76,15.86,17500,15.67
2012-12-05,15.88,16.21,15.88,16.02,25500,15.83
2012-12-06,16.12,16.34,16.07,16.1,20800,15.9
2012-12-07,16.05,16.2,16,16,10500,15.81
2012-12-10,16.25,16.39,16.25,16.37,15100,16.17
2012-12-11,16.64,16.98,16.64,16.95,36500,16.74
2012-12-12,17.15,17.19,16.83,17,24400,16.79
2012-12-13,16.68,16.89,16.43,16.6,25000,16.4
2012-12-14,16.87,17.28,16.75,16.96,29600,16.75
2012-12-17,16.45,16.7,16.01,16.56,25500,16.36
2012-12-18,16.36,16.77,16.27,16.61,34400,16.41
2012-12-19,17.51,17.51,17.2,17.31,39700,17.1
2012-12-20,17.44,17.53,17.25,17.45,41100,17.24
2012-12-21,17.62,17.68,17.01,17.57,28700,17.36
2012-12-24,17.83,17.85,17.62,17.62,5700,17.41
2012-12-26,17.88,17.88,17.45,17.51,22000,17.3
2012-12-27,17.95,18.21,17.63,17.87,16900,17.69
2012-12-28,17.87,17.87,17.4,17.56,9000,17.38
2012-12-31,17.4,18.07,17.4,18.06,26300,17.88
2013-01-02,18.49,18.53,18.1,18.41,97300,18.23
2013-01-03,18.57,18.57,18.19,18.31,66400,18.13
2013-01-04,18.5,18.74,18.43,18.74,35200,18.55
2013-01-07,19.09,19.09,18.61,18.88,28100,18.69
2013-01-08,19.21,19.29,18.8,18.93,22200,18.74
2013-01-09,19.02,19.02,18.71,18.79,33700,18.6
2013-01-10,18.97,18.97,18.55,18.9,147700,18.71
2013-01-11,18.8,19.27,18.72,19.23,33000,19.04
2013-01-14,19.3,19.3,18.6,18.88,25000,18.69
2013-01-15,18.75,18.75,18.17,18.49,39100,18.3
2013-01-16,18.69,18.69,18.36,18.49,8000,18.3
2013-01-17,18.67,18.7,18.56,18.7,22900,18.51
2013-01-18,18.96,18.97,18.72,18.79,29600,18.6
2013-01-22,19.07,19.35,19.07,19.32,46200,19.13
2013-01-23,19.6,19.79,19.56,19.79,81900,19.59
2013-01-24,19.35,19.35,18.77,19.08,112400,18.89
2013-01-25,19.5,19.9,19.5,19.86,25100,19.66
2013-01-28,19.89,19.89,19.63,19.76,42000,19.56
2013-01-29,19.49,19.71,19.03,19.71,20700,19.51
2013-01-30,19.7,19.7,19.4,19.52,8500,19.32
2013-01-31,19.37,19.45,19,19.04,48800,18.85
2013-02-01,19.07,19.55,19.07,19.4,37500,19.21
2013-02-04,19.45,19.62,18.97,19,39500,18.81
2013-02-05,19.4,19.89,19.4,19.71,40700,19.51
2013-02-06,19.9,20.31,19.9,20.19,31000,19.99
2013-02-07,20.26,20.29,19.51,19.98,46200,19.78
2013-02-08,19.98,20.27,19.6,19.93,45900,19.73
2013-02-11,19.7,19.7,19.33,19.38,26200,19.19
2013-02-12,19.6,20.19,19.6,20.14,38800,19.94
2013-02-13,19.91,19.96,19.69,19.75,27900,19.55
2013-02-14,19.75,19.9,19.59,19.68,18400,19.48
2013-02-15,19.95,20.17,19.61,19.77,19800,19.57
2013-02-19,19.95,20.19,19.83,20.01,50800,19.81
2013-02-20,19.63,20.16,19.63,19.74,17100,19.54
2013-02-21,19.23,19.23,18.52,18.57,134500,18.38
2013-02-22,18.8,19.13,18.8,19.09,18300,18.9
2013-02-25,19.09,19.09,17.52,17.52,141100,17.34
2013-02-26,18.12,18.47,17.99,18.25,74900,18.07
2013-02-27,18.25,18.88,18.25,18.88,26300,18.69
2013-02-28,18.72,18.79,18.4,18.65,20400,18.46
2013-03-01,18.35,18.35,17.94,18.32,38000,18.14
2013-03-04,17.9,17.91,17.75,17.82,27300,17.64
2013-03-05,17.82,17.86,17.76,17.78,16000,17.6
2013-03-06,17.8,17.8,17.43,17.46,27200,17.28
2013-03-07,17.32,17.32,16.97,17.06,59800,16.89
2013-03-08,17.04,17.47,17.04,17.43,18800,17.26
2013-03-11,17.22,17.22,16.84,16.89,40100,16.72
2013-03-12,17,17.17,16.99,16.99,15900,16.82
2013-03-13,17.22,17.6,17.22,17.52,17600,17.34
2013-03-14,17.44,17.44,17.22,17.35,12300,17.18
2013-03-15,17.5,17.97,17.35,17.35,13100,17.18
2013-03-18,16.99,16.99,16.71,16.72,68900,16.55
2013-03-19,16.56,16.76,15.96,16.04,53800,15.88
2013-03-20,16.23,16.54,16.23,16.46,40500,16.29
2013-03-21,16.74,16.97,16.07,16.19,28000,16.03
2013-03-22,16.08,16.69,16.08,16.5,15700,16.33
2013-03-25,16.76,17.01,16.14,16.15,46300,15.99
2013-03-26,15.79,15.79,15.4,15.4,40800,15.25
2013-03-27,14.84,14.84,14.29,14.65,77400,14.5
2013-03-28,14.94,15,14.8,14.9,41900,14.75
2013-04-01,14.93,15.02,14.37,14.4,84200,14.26
2013-04-02,14.4,14.7,14.2,14.5,58400,14.35
2013-04-03,14.63,14.7,14.21,14.29,143100,14.15
2013-04-04,14.69,14.69,14.22,14.33,253400,14.19
2013-04-05,14.42,14.51,14.27,14.31,39600,14.17
2013-04-08,14.36,14.46,14.28,14.45,34400,14.3
2013-04-09,15.38,15.74,15.22,15.62,102900,15.46
2013-04-10,15.8,16.18,15.77,16.14,56200,15.98
2013-04-11,16.67,16.91,16.36,16.85,53000,16.68
2013-04-12,16.69,16.74,16.4,16.69,22900,16.52
2013-04-15,16.49,16.49,16.02,16.11,41400,15.95
2013-04-16,15.89,16.3,15.88,16.2,81500,16.04
2013-04-17,16.1,16.31,15.69,15.75,48600,15.59
2013-04-18,16.13,16.27,15.94,16.06,21700,15.9
2013-04-19,16.11,16.29,15.95,16.1,11500,15.94
2013-04-22,16.75,16.75,16.3,16.7,19600,16.53
2013-04-23,16.35,16.64,16.28,16.32,13800,16.16
2013-04-24,16.59,16.7,16.55,16.67,8700,16.5
2013-04-25,17,17.37,17,17.36,15300,17.19
2013-04-26,17.4,17.48,17.14,17.34,19100,17.17
2013-04-29,17.18,17.74,17.18,17.43,24900,17.26
2013-04-30,17.57,17.57,17.06,17.35,16300,17.18
2013-05-01,18.19,18.19,17.41,17.41,43800,17.24
2013-05-02,17.61,17.97,17.07,17.9,44700,17.72
2013-05-03,17.99,18.45,17.99,18.29,65400,18.11
2013-05-06,18.44,18.52,18.03,18.42,32700,18.24
2013-05-07,18.48,18.95,18.34,18.48,75100,18.29
2013-05-08,19.16,19.51,19.15,19.49,227400,19.29
2013-05-09,19.72,19.81,19.28,19.34,236900,19.15
2013-05-10,19.21,19.3,18.81,18.98,46100,18.79
2013-05-13,19.55,19.85,19.35,19.66,309300,19.46
2013-05-14,19.58,20.2,19.52,20.1,349500,19.9
2013-05-15,20.5,20.99,20.29,20.94,181300,20.73
2013-05-16,20.8,21.66,20.8,21.29,594600,21.08
2013-05-17,21.94,22.63,21.84,22.36,473400,22.14
2013-05-20,21.75,21.8,20.33,20.48,621300,20.27
2013-05-21,19.97,20.19,19.62,20.08,174500,19.88
2013-05-22,20.07,20.1,19.55,19.59,145800,19.39
2013-05-23,19.01,19.62,18.65,19.45,239400,19.25
2013-05-24,19.09,19.65,19.09,19.54,56000,19.34
2013-05-28,19.7,19.7,19.1,19.35,87200,19.16
2013-05-29,18.97,19.14,18.77,19.03,93700,18.84
2013-05-30,18.61,18.61,17.75,17.88,187400,17.7
2013-05-31,18.26,18.61,17.67,17.67,178800,17.49
2013-06-03,17.53,18.38,17.53,18.37,209200,18.19
2013-06-04,17.59,17.8,17.25,17.38,198400,17.21
2013-06-05,17.27,17.8,17.16,17.18,75800,17.01
2013-06-06,17.14,17.69,17.14,17.61,90600,17.43
2013-06-07,17.89,18.18,17.64,17.93,73600,17.75
2013-06-10,17.71,17.79,17.15,17.25,47900,17.08
2013-06-11,16.85,16.85,16.42,16.48,145200,16.31
2013-06-12,16.34,16.34,15.72,15.87,101100,15.71
2013-06-13,15.98,16.97,15.98,16.44,76600,16.27
2013-06-14,16.87,17.24,16.16,16.45,147700,16.28
2013-06-17,16.77,16.77,16.41,16.43,53600,16.27
2013-06-18,16.73,17.09,16.53,16.58,77000,16.41
2013-06-19,16.3,17.17,16.3,16.5,38700,16.33
2013-06-20,16,16.08,15.27,15.32,81200,15.17
2013-06-21,15.35,15.49,14.32,14.88,179800,14.73
2013-06-24,14.59,14.9,14.11,14.77,254300,14.62
2013-06-25,15.15,15.43,15.02,15.37,68200,15.22
2013-06-26,15.21,15.22,14.79,15.02,119300,14.87
2013-06-27,14.78,15,14.5,14.9,108500,14.75
2013-06-28,14.91,15.67,14.91,15.5,103300,15.34
2013-07-01,15.29,15.8,15.29,15.5,48000,15.34
2013-07-02,15.34,15.34,14.88,15.05,94500,14.9
2013-07-03,14.78,15.2,14.78,15.05,37200,14.9
2013-07-05,15.4,15.4,15.01,15.17,21200,15.02
2013-07-08,15.35,15.85,15.35,15.68,93400,15.52
2013-07-09,15.65,15.75,15.28,15.3,76500,15.15
2013-07-10,15.2,15.31,14.9,15.25,95500,15.1
2013-07-11,15.28,15.36,15.05,15.24,52900,15.09
2013-07-12,15.22,15.23,15.05,15.11,28100,14.96
2013-07-15,15.07,15.07,14.65,14.82,96000,14.67
2013-07-16,14.94,15.34,14.94,15.2,40600,15.05
2013-07-17,15.41,15.52,15.29,15.38,11400,15.23
2013-07-18,15.53,15.82,15.52,15.76,67000,15.6
2013-07-19,15.64,15.77,15.5,15.67,25600,15.51
2013-07-22,15.6,15.76,15.6,15.7,19700,15.54
2013-07-23,15.96,15.96,15.39,15.69,67600,15.53
2013-07-24,15.75,15.94,15.62,15.8,25000,15.64
2013-07-25,15.83,15.94,15.72,15.89,26400,15.73
2013-07-26,15.95,16.34,15.95,16.2,57000,16.04
2013-07-29,16.49,16.85,16.4,16.5,71600,16.33
2013-07-30,16.44,16.44,16.07,16.28,45100,16.12
2013-07-31,16.38,16.77,16.38,16.46,51200,16.29
2013-08-01,16.85,17.09,16.6,16.81,115100,16.64
2013-08-02,17.1,17.57,17.08,17.45,133100,17.27
2013-08-05,17.38,17.53,17.01,17.39,37800,17.22
2013-08-06,17.35,17.48,17.18,17.28,41100,17.11
2013-08-07,17.5,17.64,17.3,17.56,41300,17.38
2013-08-08,17.91,18.17,17,18.15,164500,17.97
2013-08-09,18,18.41,18,18.36,54900,18.18
2013-08-12,18.41,18.45,18.23,18.36,87000,18.18
2013-08-13,18.32,18.43,17.77,18.08,57000,17.9
2013-08-14,18.04,18.05,17.82,17.97,20400,17.79
2013-08-15,17.82,17.82,17.33,17.5,81900,17.32
2013-08-16,17.58,17.92,17.58,17.85,134300,17.67
2013-08-19,17.61,17.61,16.71,16.92,203600,16.75
2013-08-20,16.75,17.12,16.75,17,56500,16.83
2013-08-21,17,17.05,16.55,16.75,61100,16.58
2013-08-22,16.75,16.91,16.67,16.91,27000,16.74
2013-08-23,17.25,17.38,17.09,17.36,23400,17.19
2013-08-26,17.05,17.3,17.05,17.22,10200,17.05
2013-08-27,16.65,16.67,16.26,16.36,35800,16.2
2013-08-28,16.29,16.56,16.29,16.43,29200,16.27
2013-08-29,16.78,16.9,16.59,16.89,18500,16.72
2013-08-30,16.61,16.87,16.46,16.6,15200,16.43
2013-09-03,16.95,17.33,16.75,17.18,55100,17.01
2013-09-04,17.02,17.49,17.02,17.44,35200,17.26
2013-09-05,17.51,17.51,17.25,17.49,133100,17.31
2013-09-06,17.59,17.74,17.47,17.69,132900,17.51
2013-09-09,18,18.34,17.99,18.33,219800,18.15
2013-09-10,18.72,18.82,18.44,18.44,116100,18.25
2013-09-11,18.32,18.77,18.25,18.67,117500,18.48
2013-09-12,18.46,18.73,18.46,18.66,68200,18.47
2013-09-13,18.46,18.73,18.39,18.68,30800,18.49
2013-09-16,18.74,18.82,18.49,18.74,92600,18.55
2013-09-17,18.9,18.96,18.78,18.96,18900,18.77
2013-09-18,18.87,19.5,18.59,19.5,42900,19.3
2013-09-19,19.57,19.62,19.32,19.44,50300,19.24
2013-09-20,19.2,19.2,18.75,18.75,42000,18.56
2013-09-23,18.6,18.92,18.6,18.81,22900,18.62
2013-09-24,19.01,19.49,19.01,19.32,47600,19.13
2013-09-25,19.17,19.68,19.05,19.52,53400,19.32
2013-09-26,19.58,19.6,19.37,19.46,15200,19.26
2013-09-27,19.4,19.7,19.4,19.62,22400,19.42
2013-09-30,19.28,19.3,19.01,19.3,23300,19.11
2013-10-01,19.25,19.88,19.2,19.71,50000,19.51
2013-10-02,19.43,19.54,19.27,19.52,23700,19.32
2013-10-03,19.6,19.91,19.6,19.71,30300,19.51
2013-10-04,20.22,20.68,20.21,20.57,137900,20.36
2013-10-07,20.73,21.75,20.73,21.61,109500,21.39
2013-10-08,21.38,21.39,20.5,20.59,203200,20.38
2013-10-09,21.03,21.44,20.76,21.18,104000,20.97
2013-10-10,21.47,21.74,21.01,21.3,195100,21.09
2013-10-11,21.2,21.43,21.05,21.17,77100,20.96
2013-10-14,21.51,21.61,21.13,21.59,77900,21.37
2013-10-15,21.62,21.65,21.31,21.42,88700,21.2
2013-10-16,21.25,21.45,21.11,21.24,72000,21.03
2013-10-17,21.38,22.13,21.38,22.1,91700,21.88
2013-10-18,22.24,23.09,22.14,22.94,390700,22.71
2013-10-21,22.99,23.14,22.91,23.03,272900,22.8
2013-10-22,23,23.22,22.93,23.12,185300,22.89
2013-10-23,22.4,22.4,22.08,22.11,205600,21.89
2013-10-24,22.49,22.66,22.34,22.65,94400,22.42
2013-10-25,22.9,23.07,22.77,23.04,56100,22.81
2013-10-28,23.04,23.08,22.8,22.84,117600,22.61
2013-10-29,22.52,22.52,21.89,22.36,101600,22.14
2013-10-30,22.46,22.62,22.29,22.29,120500,22.07
2013-10-31,22.72,22.84,22.39,22.78,60300,22.55
2013-11-01,22.77,22.81,22.16,22.31,147800,22.09
2013-11-04,22.02,22.2,21.83,21.96,129600,21.74
2013-11-05,21.84,21.85,21.5,21.7,134500,21.48
2013-11-06,22.11,22.35,21.75,22.05,170800,21.83
2013-11-07,22.22,22.25,21.65,21.79,79200,21.57
2013-11-08,21.72,22.19,21.72,22.12,86900,21.9
2013-11-11,22.21,22.21,21.89,22.02,50700,21.8
2013-11-12,21.4,21.42,21.03,21.2,155200,20.99
2013-11-13,21.02,21.63,21,21.55,42400,21.33
2013-11-14,21.68,21.74,21.49,21.62,49700,21.4
2013-11-15,21.05,21.58,21.04,21.36,124700,21.15
2013-11-18,21.68,21.73,21.31,21.6,105700,21.38
2013-11-19,21.78,21.78,21.1,21.65,56100,21.43
2013-11-20,21.39,21.59,21.22,21.37,44200,21.16
2013-11-21,21.68,21.89,21.55,21.87,45500,21.65
2013-11-22,22.23,22.4,22.11,22.31,215900,22.09
2013-11-25,22.51,22.6,22.03,22.6,185200,22.37
2013-11-26,22.36,22.36,22.01,22.01,156000,21.79
2013-11-27,22.22,22.34,22.1,22.24,388400,22.02
2013-11-29,22.62,22.87,22.33,22.87,197500,22.64
2013-12-02,23,23.08,22.84,22.91,131100,22.68
2013-12-03,23.14,23.14,22.62,22.82,222000,22.59
2013-12-04,22.68,23.03,22.38,22.92,314400,22.69
2013-12-05,22.75,22.75,22.24,22.46,108600,22.23
2013-12-06,22.46,22.56,22.25,22.45,75800,22.22
2013-12-09,22.45,22.58,22.27,22.56,55700,22.33
2013-12-10,22.67,23.07,22.67,22.89,174800,22.66
2013-12-11,22.98,22.98,22.5,22.5,104200,22.27
2013-12-12,22.45,22.66,22.28,22.61,28700,22.38
2013-12-13,22.38,22.38,21.66,21.95,239800,21.73
2013-12-16,21.86,21.99,21.67,21.85,144800,21.63
2013-12-17,21.71,21.89,21.67,21.73,173000,21.51
2013-12-18,21.9,22.34,21.65,22.25,67100,22.03
2013-12-19,22.19,22.2,21.82,21.99,207000,21.77
2013-12-20,21.57,21.57,21.1,21.37,221900,21.16
2013-12-23,21.24,21.35,21.14,21.31,53200,21.1
2013-12-24,21.09,21.52,21.08,21.51,33500,21.29
2013-12-26,21.81,21.83,21.44,21.55,133500,21.33
2013-12-27,22.12,22.49,22.07,22.4,183700,22.2
2013-12-30,22.46,22.47,22.16,22.43,97800,22.23
2013-12-31,22.48,22.58,22.38,22.53,58800,22.33
2014-01-02,22.89,22.91,22.54,22.73,178000,22.53
2014-01-03,22.77,22.81,22.5,22.5,161600,22.3
2014-01-06,22.3,22.84,22.3,22.61,111000,22.41
2014-01-07,23.17,23.25,23.06,23.21,310000,23.01
2014-01-08,23.83,24.05,23.75,23.83,363600,23.62
2014-01-09,23.9,24.18,23.75,23.97,327500,23.76
2014-01-10,24.19,24.53,24.14,24.31,330400,24.1
2014-01-13,24.23,24.68,23.59,23.62,290200,23.41
2014-01-14,23.79,24.07,23.46,23.94,285600,23.73
2014-01-15,24.2,24.2,23.69,24.12,131100,23.91
2014-01-16,23.92,23.92,23.69,23.86,263500,23.65
2014-01-17,23.91,23.91,23.42,23.42,244500,23.21
2014-01-21,23.1,23.16,22.5,22.68,320500,22.48
2014-01-22,22.95,23,22.75,22.92,151200,22.72
2014-01-23,22.72,23.22,22.72,22.97,544400,22.77
2014-01-24,22.59,22.68,21.6,21.73,459200,21.54
2014-01-27,21.58,21.82,21.2,21.67,194200,21.48
2014-01-28,21.59,21.6,21.22,21.54,115200,21.35
2014-01-29,21.1,21.37,21.01,21.14,96900,20.95
2014-01-30,21.74,22,21.57,21.57,164900,21.38
2014-01-31,21.62,21.93,21.43,21.86,190200,21.67
2014-02-03,22.27,22.4,21.56,21.72,338900,21.53
2014-02-04,22.23,22.4,21.92,22.24,161200,22.04
2014-02-05,22.81,22.87,22.57,22.76,180100,22.56
2014-02-06,22.76,23.3,22.27,23.21,148300,23.01
2014-02-07,23.29,23.45,23.01,23.35,84200,23.14
2014-02-10,23.63,23.63,23.18,23.33,71000,23.12
2014-02-11,23.16,23.45,23.05,23.4,291900,23.19
2014-02-12,23.35,23.65,23.35,23.54,61800,23.33
2014-02-13,23.48,23.79,23.4,23.69,138700,23.48
2014-02-14,23.52,23.75,23.4,23.55,80300,23.34
2014-02-18,23.93,23.93,23.54,23.78,132400,23.57
2014-02-19,23.73,23.73,23.13,23.14,232400,22.94
2014-02-20,23.25,23.57,23.25,23.52,130400,23.31
2014-02-21,23.24,23.31,23.01,23.16,52200,22.96
2014-02-24,22.75,22.77,22.5,22.69,294100,22.49
2014-02-25,22.99,23.56,22.99,23.53,742100,23.32
2014-02-26,24,24.26,24,24.16,297600,23.95
2014-02-27,24.02,24.24,23.59,24.24,135700,24.03
2014-02-28,24.4,24.52,24.2,24.38,420800,24.17
2014-03-03,23.66,23.97,23.4,23.58,222200,23.37
2014-03-04,24.35,24.7,24.2,24.67,147100,24.45
2014-03-05,24.54,24.69,24.3,24.36,210700,24.15
2014-03-06,24.69,24.69,24.46,24.6,77100,24.38
2014-03-07,25.15,25.2,24.8,24.93,335500,24.71
2014-03-10,25.16,25.27,25,25.13,254600,24.91
2014-03-11,25.14,25.31,25.04,25.17,1096000,24.95
2014-03-12,25.28,25.32,25.14,25.19,98100,24.97
2014-03-13,25.45,25.45,24.31,24.4,180400,24.19
2014-03-14,24.42,24.83,24.33,24.7,98400,24.48
2014-03-17,25.13,25.72,25.13,25.66,273800,25.43
2014-03-18,25.35,25.69,25.35,25.68,154300,25.45
2014-03-19,25.63,25.76,25,25.03,330500,24.81
2014-03-20,25.18,25.52,25.09,25.5,226200,25.28
2014-03-21,25.08,25.17,24,24.17,678200,23.96
2014-03-24,24.39,24.81,24.3,24.7,81100,24.48
2014-03-25,25.09,25.1,24.8,25.02,249000,24.8
2014-03-26,24.71,24.9,24.37,24.37,116200,24.16
2014-03-27,24.19,24.62,24.13,24.43,181900,24.22
2014-03-28,24.41,24.7,24.3,24.6,144300,24.38
2014-03-31,24.7,24.75,24.38,24.57,142300,24.35
2014-04-01,24.6,24.83,24.54,24.7,191800,24.48
2014-04-02,24.95,25.11,24.85,25,187300,24.78
2014-04-03,24.73,24.77,24.26,24.55,291900,24.33
2014-04-04,24.23,24.35,24.06,24.17,340800,23.96
2014-04-07,24.2,24.38,23.54,23.72,857500,23.51
2014-04-08,23.93,24.15,23.65,23.93,649100,23.72
2014-04-09,23.9,24.26,23.71,24.17,305100,23.96
2014-04-10,24.03,24.07,23.36,23.39,122800,23.18
2014-04-11,23.17,23.38,23.03,23.23,161800,23.03
2014-04-14,22.63,22.74,22.2,22.46,952000,22.26
2014-04-15,22.19,22.19,21.39,21.77,984200,21.58
2014-04-16,22.43,22.75,22.16,22.69,573200,22.49
2014-04-17,23.1,23.48,23.01,23.43,177400,23.22
2014-04-21,23.48,23.49,23.22,23.34,164500,23.13
2014-04-22,23.49,23.54,23.36,23.39,76800,23.18
2014-04-23,23.1,23.13,22.82,22.95,333800,22.75
2014-04-24,22.89,23.15,22.67,23.14,118800,22.94
2014-04-25,22.99,22.99,22.61,22.62,396800,22.42
2014-04-28,22.48,22.48,22.02,22.23,142000,22.03
2014-04-29,22.31,22.43,22.23,22.4,68700,22.2
2014-04-30,22.91,23.19,22.71,23.19,76600,22.99
2014-05-01,23.35,23.35,23,23.24,63400,23.04
2014-05-02,23.17,23.17,22.81,22.87,164700,22.67
2014-05-05,22.98,23.22,22.82,23.08,41400,22.88
2014-05-06,22.81,22.99,22.64,22.66,110300,22.46
2014-05-07,22.93,23.35,22.93,23.29,264200,23.09
2014-05-08,23.21,23.25,22.78,22.85,522800,22.65
2014-05-09,22.5,22.51,22.08,22.16,1032700,21.97
2014-05-12,21.85,21.85,21.58,21.78,430300,21.59
2014-05-13,21.59,21.69,21.4,21.46,267100,21.27
2014-05-14,21.83,22.02,21.65,21.69,585100,21.5
2014-05-15,21.04,21.06,20.64,20.72,699500,20.54
2014-05-16,20.17,20.27,19.99,20.13,595700,19.95
2014-05-19,19.9,19.99,19.7,19.92,634300,19.74
2014-05-20,20.72,20.99,20.52,20.89,840300,20.71
2014-05-21,20.93,21.37,20.93,21.34,706700,21.15
2014-05-22,21.33,21.54,21.15,21.33,1163300,21.14
2014-05-23,21.46,21.88,21.46,21.87,466900,21.68
2014-05-27,22.16,22.45,22.01,22.38,723200,22.18
2014-05-28,22.38,22.63,22.28,22.6,295700,22.4
2014-05-29,22.31,22.4,21.99,22.39,504700,22.19
2014-05-30,22.59,22.89,22.59,22.75,545500,22.55
2014-06-02,22.79,23.22,22.79,23.19,393400,22.99
2014-06-03,23.05,23.1,22.68,23,598700,22.8
2014-06-04,23,23.3,22.93,23.3,927700,23.1
2014-06-05,23.77,24.16,23.63,24.16,705800,23.95
2014-06-06,24.17,24.43,24.04,24.43,704100,24.22
2014-06-09,24.4,24.58,24.31,24.45,155600,24.23
2014-06-10,24.48,24.48,24.13,24.4,1241000,24.19
2014-06-11,23.95,24.05,23.75,24.02,627500,23.81
2014-06-12,24.05,24.08,23.81,23.87,320300,23.66
2014-06-13,23.36,23.58,23.25,23.4,434300,23.19
2014-06-16,23.38,23.43,23.27,23.35,237700,23.14
2014-06-17,23.25,23.5,23.15,23.45,754400,23.24
2014-06-18,23.69,24.07,23.5,24.06,414900,23.85
2014-06-19,24.19,24.25,24.02,24.17,810100,23.96
2014-06-20,24.28,24.3,24.09,24.09,213100,23.88
2014-06-23,23.84,23.98,23.6,23.67,169000,23.46
2014-06-24,23.46,23.5,22.85,22.92,1223000,22.72
2014-06-25,22.9,23,22.56,22.61,1591600,22.41
2014-06-26,22.65,22.94,22.65,22.87,1330700,22.67
2014-06-27,22.58,22.62,22.39,22.56,321100,22.36
2014-06-30,22.58,22.65,22.43,22.5,455400,22.3
2014-07-01,22.6,23.13,22.6,23.04,184100,22.84
2014-07-02,23.18,23.48,23.14,23.29,185800,23.09
2014-07-03,23.32,23.46,23.29,23.45,74000,23.24
2014-07-07,23.35,23.36,23.11,23.2,234200,23
2014-07-08,22.55,22.56,22.1,22.15,318700,21.96
2014-07-09,21.95,21.97,21.76,21.83,765700,21.64
2014-07-10,21.38,21.72,21.25,21.7,438800,21.51
2014-07-11,21.64,21.74,21.5,21.69,108600,21.5
2014-07-14,21.91,22.07,21.85,21.99,77400,21.8
2014-07-15,22.02,22.04,21.84,21.89,63000,21.7
2014-07-16,21.94,22.19,21.93,22.15,134700,21.96
2014-07-17,22.09,22.19,21.51,21.56,226100,21.37
2014-07-18,21.56,21.83,21.42,21.78,207400,21.59
2014-07-21,21.34,21.56,21.21,21.41,447000,21.22
2014-07-22,21.32,21.42,21.15,21.4,420800,21.21
2014-07-23,21.4,21.51,21.31,21.45,695100,21.26
2014-07-24,21.64,22.14,21.64,22.03,1152700,21.84
2014-07-25,22.36,22.62,22.24,22.34,152700,22.14
2014-07-28,22.41,22.62,22.31,22.5,163400,22.3
2014-07-29,22.04,22.18,22.01,22.07,111300,21.88
2014-07-30,22,22.07,21.76,21.85,100400,21.66
2014-07-31,21.56,21.73,21.1,21.11,351500,20.92
2014-08-01,21.12,21.52,21,21,188600,20.82
2014-08-04,21.2,21.36,21.04,21.29,166700,21.1
2014-08-05,20.94,20.94,20.21,20.31,521700,20.13
2014-08-06,20.06,20.2,19.74,19.81,1319200,19.64
2014-08-07,19.95,20.06,19.51,19.53,471700,19.36
2014-08-08,19.45,19.48,19.15,19.36,667600,19.19
2014-08-11,19.49,19.76,19.42,19.61,550000,19.44
2014-08-12,19.9,20.13,19.85,20.09,1642500,19.91
2014-08-13,20.26,20.76,20.18,20.71,1200700,20.53
2014-08-14,20.65,20.75,20.52,20.7,343300,20.52
2014-08-15,20.75,20.89,20.01,20.64,446100,20.46
2014-08-18,20.28,20.28,20.01,20.28,233000,20.1
2014-08-19,20.36,20.41,20.21,20.26,114000,20.08
2014-08-20,20.29,20.71,20.29,20.7,193700,20.52
2014-08-21,20.79,21.03,20.79,20.91,212600,20.73
2014-08-22,21.14,21.34,20.88,20.9,125000,20.72
2014-08-25,21.05,21.36,20.9,21.26,299100,21.07
2014-08-26,21.25,21.62,21.25,21.4,148400,21.21
2014-08-27,21.52,21.52,21.25,21.43,132000,21.24
2014-08-28,21.11,21.35,20.9,21.31,648300,21.12
2014-08-29,21.3,21.37,21.09,21.36,258400,21.17
2014-09-02,20.94,21.41,20.55,20.85,705800,20.67
2014-09-03,21.11,21.12,20.85,20.93,183500,20.75
2014-09-04,20.99,21.27,20.99,21.1,253600,20.91
2014-09-05,21.37,21.41,21.12,21.35,461500,21.16
2014-09-08,21.24,21.34,20.98,21.02,1018000,20.84
2014-09-09,20.93,20.93,20.5,20.53,325900,20.35
2014-09-10,20.58,20.88,20.55,20.84,139800,20.66
2014-09-11,20.58,20.83,20.56,20.82,390700,20.64
2014-09-12,20.82,20.83,20.47,20.48,1025100,20.3
2014-09-15,20.51,20.51,20.38,20.43,189300,20.25
2014-09-16,20.1,20.3,19.89,19.95,1311400,19.77
2014-09-17,20.05,20.08,19.76,19.78,416400,19.61
2014-09-18,19.69,19.72,19.48,19.56,181200,19.39
2014-09-19,20.02,20.25,19.92,20,258400,19.82
2014-09-22,20.11,20.25,19.75,19.75,200600,19.58
2014-09-23,19.57,19.6,19.27,19.29,220000,19.12
2014-09-24,19.36,19.79,19.3,19.63,786700,19.46
2014-09-25,19.16,19.16,18.8,18.85,259100,18.68
2014-09-26,18.83,19.1,18.81,18.96,151900,18.79
2014-09-29,18.08,18.61,18.01,18.42,557800,18.26
2014-09-30,18.36,18.67,18.14,18.59,301900,18.43
2014-10-01,18.46,18.51,18.01,18.06,198200,17.9
2014-10-02,18.46,18.62,17.87,18.04,795500,17.88
2014-10-03,17.9,18.15,17.87,18,409300,17.84
2014-10-06,17.92,18.06,17.76,17.88,300200,17.72
2014-10-07,17.71,17.71,17.34,17.34,240800,17.19
2014-10-08,17.68,18.07,17.34,18.04,524000,17.88
2014-10-09,18.06,18.08,17.46,17.6,316700,17.45
2014-10-10,17.4,17.64,17.26,17.31,282300,17.16
2014-10-13,17.5,17.73,17.32,17.38,256200,17.23
2014-10-14,16.56,16.86,16.48,16.68,397300,16.53
2014-10-15,15.61,15.78,14.79,15.05,1357700,14.92
2014-10-16,15.12,15.7,15.06,15.58,686700,15.44
2014-10-17,16.35,16.79,16.35,16.63,594600,16.48
2014-10-20,16.58,16.75,16.44,16.73,768600,16.58
2014-10-21,17.24,17.7,17,17.6,551500,17.45
2014-10-22,17.54,17.57,16.94,16.94,282200,16.79
2014-10-23,17.26,17.35,17.04,17.28,131600,17.13
2014-10-24,17.27,17.38,17.17,17.34,111000,17.19
2014-10-27,16.75,16.85,16.35,16.84,356100,16.69
2014-10-28,16.97,17.23,16.87,17.21,324800,17.06
2014-10-29,16.44,16.67,16.05,16.1,353400,15.96
2014-10-30,15.93,16.11,15.65,15.89,408200,15.75
2014-10-31,15.97,16.14,15.6,15.7,247800,15.56
2014-11-03,15.98,16.2,15.82,16.13,219000,15.99
2014-11-04,16.58,16.58,16.07,16.17,229700,16.03
2014-11-05,16.38,16.48,16.32,16.42,517300,16.28
2014-11-06,16.44,16.65,16.24,16.26,139000,16.12
2014-11-07,15.6,15.75,15.47,15.67,395400,15.53
2014-11-10,15.41,15.51,15.35,15.41,1322500,15.27
2014-11-11,15.33,15.41,15.2,15.28,188800,15.15
2014-11-12,15.08,15.08,14.8,14.99,375800,14.86
2014-11-13,15.01,15.3,15.01,15.11,84600,14.98
2014-11-14,15.21,15.49,15.21,15.44,116900,15.3
2014-11-17,15.31,15.44,15.15,15.19,242700,15.06
2014-11-18,15.55,16.11,15.55,16.09,514100,15.95
2014-11-19,16.57,16.67,16.37,16.54,349700,16.39
2014-11-20,16.51,16.83,16.48,16.81,332900,16.66
2014-11-21,17.07,17.19,16.93,17.04,444700,16.89
2014-11-24,17.08,17.13,16.83,16.91,359500,16.76
2014-11-25,16.85,16.85,16.32,16.44,622400,16.3
2014-11-26,16.74,16.94,16.46,16.94,110000,16.79
2014-11-28,16.76,16.94,16.41,16.42,160100,16.28
2014-12-01,16.47,16.96,16.43,16.43,117200,16.29
2014-12-02,16.93,16.96,16.78,16.9,120400,16.75
2014-12-03,16.93,17.15,16.88,17.06,81000,16.91
2014-12-04,17.09,17.15,16.91,17.09,179100,16.94
2014-12-05,17.47,17.5,17.3,17.46,191600,17.31
2014-12-08,17.42,17.79,17.25,17.37,176500,17.22
2014-12-09,15.8,15.88,15.28,15.3,540600,15.17
2014-12-10,15.27,15.41,14.95,14.96,217400,14.83
2014-12-11,14.26,14.47,13.56,13.59,1087700,13.47
2014-12-12,14.01,14.24,13.66,13.78,411500,13.66
2014-12-15,14.24,14.69,13.81,13.82,235200,13.7
2014-12-16,14.32,15.01,14.25,14.78,931800,14.65
2014-12-17,14.63,15.47,14.62,15.47,1792900,15.33
2014-12-18,14.57,14.89,14.55,14.74,261200,14.61
2014-12-19,14.66,14.75,14.41,14.58,162200,14.45
2014-12-22,14.33,14.67,14.33,14.62,150900,14.49
2014-12-23,14.21,14.48,14.19,14.19,110900,14.07
2014-12-24,14.06,14.44,14.06,14.34,20300,14.21
2014-12-26,14.33,14.81,14.31,14.78,388200,14.65
2014-12-29,13.86,13.95,13.59,13.79,661900,13.79
2014-12-30,13.74,13.74,13.4,13.43,290600,13.43
2014-12-31,13.55,13.76,13.4,13.4,376000,13.4
2015-01-02,13.72,13.74,13.45,13.74,671900,13.74
2015-01-05,12.98,13,12.77,12.77,704900,12.77
2015-01-06,12.59,12.69,12.2,12.33,468100,12.33
2015-01-07,12.65,12.78,12.24,12.54,813700,12.54
2015-01-08,12.33,12.38,12.05,12.35,304100,12.35
2015-01-09,12.54,12.65,12.31,12.59,1160500,12.59
2015-01-12,12.99,13.15,12.86,12.96,994000,12.96
2015-01-13,13.43,13.44,12.96,13.24,383500,13.24
2015-01-14,13.13,13.3,12.87,13,325500,13
2015-01-15,12.95,13.1,12.7,12.8,187600,12.8
2015-01-16,12.4,12.81,12.23,12.72,292400,12.72
2015-01-20,12.8,12.8,12.31,12.32,522800,12.32
2015-01-21,12.21,12.62,12.21,12.6,563000,12.6
2015-01-22,12.31,12.5,12.26,12.43,602000,12.43
2015-01-23,13.04,13.32,12.73,13.06,1861600,13.06
