"Index","GXG.Open","GXG.High","GXG.Low","GXG.Close","GXG.Volume","GXG.Adjusted"
2009-02-09,15.65,15.65,15.45,15.45,800,6.64
2009-02-10,15.02,15.1,15,15,600,6.45
2009-02-11,15,15,15,15,0,6.45
2009-02-12,15,15,15,15,0,6.45
2009-02-13,15.24,15.24,15.24,15.24,200,6.55
2009-02-17,15.21,15.21,14.67,14.67,1000,6.31
2009-02-18,14.7,14.7,14.7,14.7,200,6.32
2009-02-19,14.48,14.82,14.48,14.82,1000,6.37
2009-02-20,14.45,14.45,14.1,14.1,600,6.06
2009-02-23,14,14,14,14,200,6.02
2009-02-24,13.68,13.68,13.68,13.68,400,5.88
2009-02-25,14.13,14.13,14.13,14.13,200,6.08
2009-02-26,14.13,14.13,14.13,14.13,0,6.08
2009-02-27,14.13,14.13,14.13,14.13,0,6.08
2009-03-02,14.13,14.13,14.13,14.13,0,6.08
2009-03-03,14.13,14.13,14.13,14.13,0,6.08
2009-03-04,14.34,14.34,14.34,14.34,200,6.17
2009-03-05,14.34,14.34,14.34,14.34,0,6.17
2009-03-06,14.34,14.34,14.34,14.34,0,6.17
2009-03-09,14.34,14.34,14.34,14.34,0,6.17
2009-03-10,14.68,14.68,14.68,14.68,200,6.31
2009-03-11,14.68,14.68,14.68,14.68,0,6.31
2009-03-12,14.68,14.68,14.68,14.68,0,6.31
2009-03-13,15.28,15.28,15.07,15.07,1600,6.48
2009-03-16,15.41,15.43,15.41,15.43,1400,6.64
2009-03-17,15.78,15.78,15.78,15.78,1000,6.79
2009-03-18,15.77,15.77,15.77,15.77,1000,6.78
2009-03-19,16.2,16.2,16.12,16.13,21000,6.94
2009-03-20,16.21,16.21,16.21,16.21,1000,6.97
2009-03-23,16.19,16.44,16.19,16.3,2000,7.01
2009-03-24,16.4,16.51,16.2,16.2,13800,6.97
2009-03-25,16.2,16.52,16,16.13,20200,6.94
2009-03-26,16.12,16.12,15.99,15.99,3200,6.88
2009-03-27,15.76,15.78,15.4,15.4,22200,6.62
2009-03-30,15.5,15.5,14.9,15.03,3800,6.46
2009-03-31,15.08,15.1,15.08,15.1,3400,6.49
2009-04-01,15.03,15.2,14.94,15.2,5000,6.54
2009-04-02,13.8,16.64,13.8,15.71,5000,6.76
2009-04-03,15.95,15.95,15.67,15.8,2600,6.79
2009-04-06,16.09,16.09,15.78,15.78,1800,6.79
2009-04-07,16.14,16.14,16,16,3600,6.88
2009-04-08,16.27,16.27,16.27,16.27,400,7
2009-04-09,16.24,16.26,16.24,16.26,400,6.99
2009-04-13,16.26,16.26,16.26,16.26,0,6.99
2009-04-14,16.32,16.47,15.96,16.26,3600,6.99
2009-04-15,16.53,16.53,16.37,16.37,800,7.04
2009-04-16,16.65,16.65,16.55,16.55,11800,7.12
2009-04-17,16.48,16.48,16.35,16.35,12000,7.03
2009-04-20,16.35,16.35,16.32,16.32,4400,7.02
2009-04-21,16.34,16.34,16.34,16.34,600,7.03
2009-04-22,16.35,16.35,16.21,16.21,1000,6.97
2009-04-23,16.8,17.01,16.8,17.01,3000,7.32
2009-04-24,17.09,17.09,17,17,1200,7.31
2009-04-27,17.27,17.27,17.26,17.27,1000,7.43
2009-04-28,17.15,17.15,17.15,17.15,1200,7.38
2009-04-29,17.26,17.45,16.81,17.45,50800,7.5
2009-04-30,17.8,17.94,17.8,17.94,14800,7.71
2009-05-01,17.79,17.79,17.7,17.7,1400,7.61
2009-05-04,18.05,18.05,18.05,18.05,400,7.76
2009-05-05,18.42,18.42,18.42,18.42,1000,7.92
2009-05-06,19.81,19.81,18.66,18.66,4200,8.02
2009-05-07,19.81,19.81,18.97,19,6400,8.17
2009-05-08,19.35,19.5,19.35,19.5,8600,8.39
2009-05-11,19.67,19.67,19.1,19.1,20400,8.21
2009-05-12,19.55,19.55,19.55,19.55,1000,8.41
2009-05-13,19.13,19.16,19.01,19.01,2400,8.18
2009-05-14,19.63,19.63,19.01,19.14,6800,8.23
2009-05-15,19.26,19.43,19.25,19.43,3000,8.36
2009-05-18,19.58,19.62,19.3,19.3,5800,8.3
2009-05-19,19.67,19.67,19.67,19.67,3800,8.46
2009-05-20,21.6,21.6,19,20.48,4000,8.81
2009-05-21,20.6,20.6,20.11,20.11,600,8.65
2009-05-22,19.13,20.2,19.13,20,5600,8.6
2009-05-26,20,20.41,20,20.29,1200,8.73
2009-05-27,20.11,20.28,20,20,4800,8.6
2009-05-28,20.56,20.56,20.5,20.5,1600,8.82
2009-05-29,20.86,20.91,20.86,20.91,1200,8.99
2009-06-01,21,21.49,21,21.4,5400,9.2
2009-06-02,22.2,22.31,22.05,22.05,3200,9.48
2009-06-03,21.9,22.04,21.76,21.76,3200,9.36
2009-06-04,22.1,22.14,21,22.14,3200,9.52
2009-06-05,22.22,22.36,22.2,22.36,800,9.62
2009-06-08,22.36,22.36,21.89,21.9,3400,9.42
2009-06-09,22.37,22.37,22.37,22.37,1600,9.62
2009-06-10,22.5,22.5,22.45,22.45,800,9.65
2009-06-11,22.79,22.83,22.53,22.83,2600,9.82
2009-06-12,23.3,23.38,23,23.3,32800,10.02
2009-06-15,23.32,23.41,23,23,5800,9.89
2009-06-16,23.59,23.63,22.8,22.8,7000,9.8
2009-06-17,22.56,22.56,21.54,22.1,19200,9.5
2009-06-18,22.6,22.62,22.4,22.62,4200,9.73
2009-06-19,22.75,22.75,21.3,22.73,7200,9.77
2009-06-22,22.64,22.64,22.05,22.05,3200,9.48
2009-06-23,23.5,23.5,21.53,22.18,13400,9.54
2009-06-24,22.31,22.31,21.44,21.44,5800,9.22
2009-06-25,21.91,22.12,21,22.12,9800,9.51
2009-06-26,22.96,22.96,22.18,22.35,5200,9.61
2009-06-29,22.53,22.53,22.53,22.53,1600,9.69
2009-06-30,22.43,22.65,22.43,22.65,2200,9.74
2009-07-01,23,23.47,22.77,23.47,4200,10.09
2009-07-02,23.35,23.64,23,23.64,10600,10.17
2009-07-06,23.28,23.43,23.28,23.43,10200,10.08
2009-07-07,23.36,23.5,23.18,23.18,6400,9.97
2009-07-08,23.38,23.38,22.95,22.95,7000,9.87
2009-07-09,23.73,23.73,22.38,22.54,9600,9.69
2009-07-10,22.23,22.23,22.21,22.21,2200,9.55
2009-07-13,20.43,22.5,20.43,22.5,2600,9.68
2009-07-14,23.13,24.18,23.13,24.18,9200,10.4
2009-07-15,25.17,25.17,23.65,23.65,19800,10.17
2009-07-16,23.55,23.59,23.55,23.55,2000,10.13
2009-07-17,23.81,24.32,23.81,24.2,13000,10.41
2009-07-20,25.56,25.56,24.01,24.83,15400,10.68
2009-07-21,23.01,24.91,23.01,24.91,4800,10.71
2009-07-22,24.79,25.01,24.74,24.98,8600,10.74
2009-07-23,25.12,26.09,25.12,26.05,13000,11.2
2009-07-24,25.53,25.67,25.45,25.67,3600,11.04
2009-07-27,26.2,26.2,25.36,25.36,10000,10.91
2009-07-28,25.73,26.09,24.81,25.06,13800,10.78
2009-07-29,24,24.04,23.44,24,22600,10.32
2009-07-30,24.74,24.74,24.43,24.45,4400,10.51
2009-07-31,24.77,24.87,24.72,24.72,2600,10.63
2009-08-03,25.19,25.52,25.1,25.37,20600,10.91
2009-08-04,24.52,25.47,24.52,25.2,8800,10.84
2009-08-05,25.47,25.47,25.35,25.35,2000,10.9
2009-08-06,25.47,25.78,25.4,25.67,9000,11.04
2009-08-07,25.88,26.85,25.62,25.96,6800,11.16
2009-08-10,25.97,25.97,25.72,25.75,2600,11.07
2009-08-11,27.06,27.06,25.23,25.25,2400,10.86
2009-08-12,25.23,25.35,24.84,24.84,9600,10.68
2009-08-13,25.19,25.7,25.19,25.7,3800,11.05
2009-08-14,25.86,25.86,25.48,25.62,1600,11.02
2009-08-17,24.75,25.32,24.75,24.8,6600,10.67
2009-08-18,25.04,25.06,24,24.85,20200,10.69
2009-08-19,25.01,25.26,25.01,25.26,2600,10.86
2009-08-20,25.7,25.7,25.67,25.69,2200,11.05
2009-08-21,25.01,26.19,25.01,25.66,32200,11.03
2009-08-24,26.28,26.5,25.71,25.87,10200,11.13
2009-08-25,26.46,26.46,26.08,26.18,4600,11.26
2009-08-26,26.21,26.21,25.57,25.96,13000,11.16
2009-08-27,24.38,26.33,24.38,26.33,12200,11.32
2009-08-28,26.4,26.4,26.08,26.19,13200,11.26
2009-08-31,25.9,26.19,25.84,25.9,4000,11.14
2009-09-01,25.9,26.08,24.01,24.27,34800,10.44
2009-09-02,23,25.34,23,25.1,7800,10.79
2009-09-03,26.01,26.01,25.46,25.46,2400,10.95
2009-09-04,25.46,25.46,25.46,25.46,0,10.95
2009-09-08,26.35,26.5,25.85,26.5,12600,11.4
2009-09-09,27.42,27.42,26.63,26.68,7800,11.47
2009-09-10,26.75,26.75,26.68,26.68,1800,11.47
2009-09-11,27.29,27.29,26.94,26.99,1400,11.61
2009-09-14,27.16,27.35,26.93,27,7800,11.61
2009-09-15,27.08,27.09,26.85,27,5600,11.61
2009-09-16,27,27.88,27,27.83,9200,11.97
2009-09-17,26.86,27.93,26.86,27.58,1600,11.86
2009-09-18,27.93,28.01,27.92,27.98,6800,12.03
2009-09-21,28.19,28.86,27.59,28.2,14000,12.13
2009-09-22,29.45,29.45,29.06,29.1,8200,12.51
2009-09-23,29.76,29.76,29.38,29.38,8800,12.63
2009-09-24,30.46,30.46,29.1,29.25,12800,12.58
2009-09-25,29.41,29.68,29.23,29.67,5800,12.76
2009-09-28,30.04,30.65,29.68,30.57,36200,13.15
2009-09-29,30.73,30.9,30.28,30.46,34800,13.1
2009-09-30,30.57,30.57,30.02,30.25,4800,13.01
2009-10-01,30.76,30.8,29.82,29.82,15000,12.82
2009-10-02,29.78,30.24,29.5,30.22,15200,13
2009-10-05,30.54,30.64,30.24,30.6,25200,13.16
2009-10-06,30.89,31.4,30.67,31.03,21800,13.34
2009-10-07,32.02,32.02,31.01,31.28,10000,13.45
2009-10-08,32.4,32.4,31.4,31.84,32000,13.69
2009-10-09,31.91,31.91,31.55,31.62,12800,13.6
2009-10-12,32.02,32.2,31.84,31.97,33000,13.75
2009-10-13,31.86,31.88,31.47,31.68,20800,13.62
2009-10-14,31.96,31.98,31.45,31.45,4400,13.52
2009-10-15,30.84,30.94,29.96,30.65,37400,13.18
2009-10-16,30.02,30.85,29.73,30.85,21000,13.27
2009-10-19,30.85,32.04,30.8,31.85,38400,13.7
2009-10-20,31.04,31.05,30.39,30.61,135600,13.16
2009-10-21,30.82,32.06,29.13,30.5,16600,13.12
2009-10-22,29.54,30.4,29.47,30.08,26000,12.94
2009-10-23,29.85,30.03,29.53,29.9,39600,12.86
2009-10-26,28.64,30.22,28.64,29.98,8600,12.89
2009-10-27,29.17,29.65,28.32,28.5,26400,12.26
2009-10-28,28.3,28.3,26.99,27.19,20800,11.69
2009-10-29,26.15,28.37,26.15,28.37,12800,12.2
2009-10-30,28.5,28.5,27.9,27.93,8000,12.01
2009-11-02,27.91,28.05,27.42,27.42,5800,11.79
2009-11-03,26.56,27.33,26.56,27.2,3800,11.7
2009-11-04,27.11,28.48,27.11,28.48,54400,12.25
2009-11-05,28.74,28.8,28.02,28.62,25600,12.31
2009-11-06,28.5,28.7,28.5,28.65,4400,12.32
2009-11-09,29.52,29.52,28.89,28.97,12000,12.46
2009-11-10,29.41,29.5,29.41,29.48,2600,12.68
2009-11-11,29.19,29.5,29,29,4400,12.47
2009-11-12,28.8,29.2,27.63,29.08,2800,12.51
2009-11-13,29.5,29.5,29.32,29.32,2000,12.61
2009-11-16,29.62,29.66,29.42,29.42,14000,12.65
2009-11-17,29.63,29.78,29.6,29.78,2800,12.81
2009-11-18,29.52,29.56,29.45,29.45,1200,12.66
2009-11-19,30,30,29.33,29.33,1600,12.61
2009-11-20,29.39,29.39,29.2,29.2,3400,12.56
2009-11-23,29.28,29.82,29.28,29.59,7200,12.72
2009-11-24,29.29,29.58,29.27,29.58,4800,12.72
2009-11-25,29.54,29.71,29.54,29.71,2400,12.78
2009-11-27,29.44,29.44,29.44,29.44,2000,12.66
2009-11-30,29.5,29.56,28.79,29.36,13600,12.63
2009-12-01,29.71,29.94,29.71,29.93,5200,12.87
2009-12-02,29.61,29.71,29.61,29.71,1600,12.78
2009-12-03,30,30,29.72,29.97,12200,12.89
2009-12-04,31.13,31.13,28.24,29.61,16200,12.73
2009-12-07,30.5,30.5,29.99,30.07,4200,12.93
2009-12-08,30.3,30.3,29.9,30.24,4000,13
2009-12-09,30.13,30.13,30.1,30.12,1400,12.95
2009-12-10,30.19,30.19,30.19,30.19,400,12.98
2009-12-11,29.99,30.19,29.55,30.19,3400,12.98
2009-12-14,30.5,30.5,29.82,30.19,12600,12.98
2009-12-15,29.77,30.23,29.09,29.97,4800,12.89
2009-12-16,30.85,30.85,29.67,30.27,6000,13.02
2009-12-17,30.5,30.5,30.17,30.29,3400,13.03
2009-12-18,30.5,30.5,30.12,30.25,9600,13.01
2009-12-21,29.79,30,29.79,29.93,1200,12.87
2009-12-22,29.69,29.8,29.03,29.11,7000,12.52
2009-12-23,29.14,30.5,29.14,29.75,7400,12.79
2009-12-24,29.8,30.86,28.84,29.35,17800,12.62
2009-12-28,29.5,29.8,29.39,29.6,9200,12.73
2009-12-29,29.6,29.6,28.11,28.26,4200,12.6
2009-12-30,28.41,28.41,27.14,27.88,44600,12.43
2009-12-31,28.5,28.5,28.19,28.32,106800,12.63
2010-01-04,28.58,28.99,28.34,28.39,6400,12.66
2010-01-05,29.66,29.66,29,29.14,6600,13
2010-01-06,29.4,29.4,29.16,29.23,4600,13.04
2010-01-07,29.45,29.72,29.35,29.54,9800,13.17
2010-01-08,29.54,29.62,29.54,29.57,2000,13.19
2010-01-11,30.23,30.47,30.11,30.13,7800,13.44
2010-01-12,29.72,29.98,29.72,29.8,2200,13.29
2010-01-13,29.76,30.02,29.76,30,2200,13.38
2010-01-14,30.03,30.03,29.97,29.97,2200,13.37
2010-01-15,29.99,30.17,29.76,29.78,6600,13.28
2010-01-19,29.72,30.8,29.72,30.7,4600,13.69
2010-01-20,30.32,30.32,29.72,30.08,7600,13.42
2010-01-21,30.21,30.21,28.73,28.9,8000,12.89
2010-01-22,28.47,29.08,28.47,28.85,2200,12.87
2010-01-25,29.78,29.78,28.93,28.93,6800,12.9
2010-01-26,28.68,28.68,28.68,28.68,200,12.79
2010-01-27,28.97,29.8,28.84,29.67,13400,13.23
2010-01-28,29.5,29.5,28.93,28.93,2600,12.9
2010-01-29,29.41,29.41,28.95,29.25,3600,13.05
2010-02-01,29.49,30.07,29.49,29.8,5200,13.29
2010-02-02,30.07,30.83,29.7,30.45,48800,13.58
2010-02-03,30.05,30.37,29.76,29.84,63600,13.31
2010-02-04,29.29,29.53,28.82,29.39,15000,13.11
2010-02-05,28.41,28.61,27.53,27.75,62600,12.38
2010-02-08,27.71,28.36,27.71,27.82,2000,12.41
2010-02-09,28.17,28.94,28.17,28.65,11400,12.78
2010-02-10,29.63,29.63,29,29,1000,12.93
2010-02-11,29.79,29.94,29.6,29.66,2400,13.23
2010-02-12,30.06,30.32,29.96,30.32,11200,13.52
2010-02-16,31.26,31.26,30.38,30.91,18000,13.79
2010-02-17,30.9,31.07,30.62,30.73,27800,13.71
2010-02-18,30.92,31.5,30.61,30.98,11400,13.82
2010-02-19,30.97,31.59,30.52,31.08,52400,13.86
2010-02-22,31.76,31.76,31,31.01,24000,13.83
2010-02-23,31.01,31.13,30.86,31.1,4600,13.87
2010-02-24,31.06,31.42,30.5,31.24,5800,13.93
2010-02-25,30.7,30.97,30.7,30.97,800,13.81
2010-02-26,30.5,31.48,30.5,31.48,2400,14.04
2010-03-01,31.55,31.95,31.32,31.65,16400,14.12
2010-03-02,32.06,32.98,31.93,32.08,36800,14.31
2010-03-03,31.98,32.25,31.5,32.05,23000,14.29
2010-03-04,31.6,32.14,31.55,31.64,18600,14.11
2010-03-05,32.12,32.75,32.12,32.75,9600,14.61
2010-03-08,33,33.26,32.1,32.84,43000,14.65
2010-03-09,32.71,32.78,32.06,32.72,13800,14.59
2010-03-10,32.82,32.82,32.38,32.58,13800,14.53
2010-03-11,32.45,32.98,32.45,32.8,14200,14.63
2010-03-12,32.9,32.9,32.37,32.42,14000,14.46
2010-03-15,32.13,32.39,31.72,32,36200,14.27
2010-03-16,32.26,32.56,31.5,32.56,22800,14.52
2010-03-17,33.06,33.06,32.13,32.66,16400,14.57
2010-03-18,33,33.25,32.66,32.79,26600,14.62
2010-03-19,32.18,33.04,32.12,32.18,21600,14.35
2010-03-22,32.19,32.19,31.65,31.65,7800,14.12
2010-03-23,31.76,32.08,31.5,31.86,90400,14.21
2010-03-24,32,32,31.02,31.58,34200,14.08
2010-03-25,32.05,32.05,31.41,31.99,11800,14.27
2010-03-26,32.16,32.16,31.78,31.94,8600,14.25
2010-03-29,32.4,32.4,31.79,31.87,10000,14.21
2010-03-30,32.2,32.2,31.93,32.17,7400,14.35
2010-03-31,32.27,32.3,31.92,32,26600,14.27
2010-04-01,32.36,32.72,32.36,32.5,8200,14.49
2010-04-05,32.85,32.85,32.22,32.63,19200,14.55
2010-04-06,32.78,33.1,32.41,33.08,68400,14.75
2010-04-07,33.02,33.08,32.47,33.08,1600,14.75
2010-04-08,32.24,33.07,32.24,32.87,26600,14.66
2010-04-09,33.08,33.24,32.77,33.01,19400,14.72
2010-04-12,32.66,33.32,32.5,33,23000,14.72
2010-04-13,32.51,32.98,32.44,32.44,17000,14.47
2010-04-14,32.56,33,32.51,32.99,8600,14.71
2010-04-15,32.48,33.2,32.48,32.85,23400,14.65
2010-04-16,32.51,33.1,32.4,32.4,15600,14.45
2010-04-19,32.15,32.42,31.9,32.13,27800,14.33
2010-04-20,32.01,32.47,31.58,32.3,8400,14.41
2010-04-21,32.14,32.25,31.97,32.25,26200,14.38
2010-04-22,32.5,32.59,32.13,32.59,16600,14.54
2010-04-23,32.59,33.1,32.45,33.1,24200,14.76
2010-04-26,33.24,33.38,32.74,33.37,27800,14.88
2010-04-27,32.59,32.98,32.49,32.5,17400,14.49
2010-04-28,32.95,32.95,32.4,32.45,5600,14.47
2010-04-29,32.92,32.95,32.84,32.92,9400,14.68
2010-04-30,33.04,33.5,32.64,32.74,32000,14.6
2010-05-03,32.74,33.16,32.32,32.88,8400,14.66
2010-05-04,32.53,33.2,32.1,32.23,17600,14.37
2010-05-05,31.68,32.29,31.39,31.39,51000,14
2010-05-06,31.43,31.43,29.79,30.15,26000,13.45
2010-05-07,29.5,31.06,29,30.15,48200,13.45
2010-05-10,31.15,33,30.75,31.59,23200,14.09
2010-05-11,31.55,32.07,31.01,32,9800,14.27
2010-05-12,32.17,32.26,31.46,32,8400,14.27
2010-05-13,31.75,32.75,31.75,32.35,12000,14.43
2010-05-14,32,32.33,32,32.19,4600,14.36
2010-05-17,31.32,32.1,31.32,31.95,12000,14.25
2010-05-18,31.4,32,31.02,31.75,6600,14.16
2010-05-19,30.83,31.04,30.31,30.46,8400,13.59
2010-05-20,29.73,30.5,29.55,30.29,19400,13.51
2010-05-21,28.95,30.75,28.95,29.93,15200,13.35
2010-05-24,30.64,31,30.11,31,6400,13.83
2010-05-25,29.43,30.41,28.66,29.88,16400,13.33
2010-05-26,30.87,31.33,30.39,30.67,17800,13.68
2010-05-27,31.67,31.84,31.32,31.79,88800,14.18
2010-05-28,31.79,31.79,31.39,31.39,1400,14
2010-06-01,31.73,31.97,30.88,31.83,20200,14.2
2010-06-02,31.78,32.59,31.78,32.51,17800,14.5
2010-06-03,32.61,32.82,32.31,32.43,12800,14.46
2010-06-04,32.43,32.43,32.43,32.43,0,14.46
2010-06-07,32.29,32.33,31.54,31.54,86200,14.07
2010-06-08,31.28,32,31.28,31.69,12800,14.13
2010-06-09,32.45,32.45,32.45,32.45,400,14.47
2010-06-10,32.78,32.98,32.61,32.95,4400,14.7
2010-06-11,32.74,33.33,32.74,33.33,10600,14.87
2010-06-14,33.33,33.55,33.03,33.03,10400,14.73
2010-06-15,33.03,33.5,33.03,33.41,5200,14.9
2010-06-16,33.55,33.83,33.47,33.83,2600,15.09
2010-06-17,33.93,34.25,33.93,34.25,8000,15.28
2010-06-18,34.16,34.25,34,34.2,5800,15.25
2010-06-21,34.5,34.83,34.41,34.62,31400,15.44
2010-06-22,34.39,34.88,33.95,33.97,20600,15.15
2010-06-23,34.52,34.67,33.84,34.62,4400,15.44
2010-06-24,34.43,34.59,33.96,33.96,24400,15.15
2010-06-25,34.62,34.62,34.05,34.4,3600,15.34
2010-06-28,35.45,35.45,34.02,34.02,15600,15.17
2010-06-29,33.6,33.81,33.41,33.44,58200,14.91
2010-06-30,33.67,34.06,33.4,33.4,5600,14.9
2010-07-01,33.46,33.7,33.15,33.47,80600,14.93
2010-07-02,33.7,35,33.62,33.85,75000,15.1
2010-07-06,34.45,34.61,33.94,34.19,38800,15.25
2010-07-07,34.13,34.3,33.62,34.3,31800,15.3
2010-07-08,34.69,34.97,34.3,34.97,54200,15.6
2010-07-09,35,35.28,34.75,35.05,22600,15.63
2010-07-12,35.56,35.67,35,35.39,485800,15.78
2010-07-13,35.9,35.99,35.5,35.6,69000,15.88
2010-07-14,35.81,36.06,35.5,36.06,219600,16.08
2010-07-15,35.64,36.46,35.49,36.42,60200,16.24
2010-07-16,36.68,36.68,35.97,36.13,171400,16.11
2010-07-19,36.4,36.45,36.08,36.2,18200,16.15
2010-07-20,36.34,36.85,35.99,36.8,121400,16.41
2010-07-21,37.06,37.06,36.13,36.75,84600,16.39
2010-07-22,36.88,37.34,36.88,37.34,109600,16.65
2010-07-23,37.31,37.66,36.91,37.66,119200,16.8
2010-07-26,38.31,38.31,37.71,38.11,104600,17
2010-07-27,38.46,38.78,38.38,38.72,135800,17.27
2010-07-28,39.26,39.26,38.03,38.46,174800,17.15
2010-07-29,38.46,38.71,37.58,37.77,72800,16.85
2010-07-30,37.87,38.3,37.56,38.18,32800,17.03
2010-08-02,38.67,38.91,38.33,38.58,194200,17.21
2010-08-03,38.3,39.14,38.15,39.03,183200,17.41
2010-08-04,39.02,39.45,38.94,39.45,276800,17.59
2010-08-05,39.08,39.31,38.75,39.12,271600,17.45
2010-08-06,39,39.17,38.66,39.01,138800,17.4
2010-08-09,39.09,39.22,38.81,39.14,143400,17.46
2010-08-10,38.98,39.13,38.49,39.03,63600,17.41
2010-08-11,38.05,38.51,37.33,38.32,168800,17.09
2010-08-12,37.22,38.25,37.22,37.88,69800,16.89
2010-08-13,37.98,38.37,37.71,38.04,85600,16.97
2010-08-16,37.92,38.38,37.92,38.23,96000,17.05
2010-08-17,38.48,38.96,38.45,38.83,105800,17.32
2010-08-18,39,39.05,38.64,38.88,84200,17.34
2010-08-19,38.56,39.02,38.54,38.93,83600,17.36
2010-08-20,38.9,39.03,38.51,39.02,41200,17.4
2010-08-23,39.86,39.86,39.2,39.25,112200,17.51
2010-08-24,39.16,39.6,38.8,39.57,103600,17.65
2010-08-25,39.5,39.55,39.01,39.5,94800,17.62
2010-08-26,39.73,39.95,39.57,39.69,124600,17.7
2010-08-27,40.04,40.33,39.6,40.22,128600,17.94
2010-08-30,40.75,40.75,39.96,40.06,110600,17.87
2010-08-31,40,40.96,39.8,40.96,378400,18.27
2010-09-01,41.24,42.2,41.17,42.15,280000,18.8
2010-09-02,42.4,42.45,41.28,41.4,358800,18.46
2010-09-03,41.88,42.09,41.34,41.88,225000,18.68
2010-09-07,42.3,42.35,41.63,42.03,213000,18.75
2010-09-08,42.26,42.94,42.15,42.91,440200,19.14
2010-09-09,43.21,43.41,42.44,42.79,474600,19.08
2010-09-10,43.03,43.08,42.03,42.5,165600,18.95
2010-09-13,42.78,42.82,42.22,42.59,314400,19
2010-09-14,42.6,42.71,42.36,42.56,171400,18.98
2010-09-15,42.41,42.41,41.65,41.95,221000,18.71
2010-09-16,41.57,41.87,41.43,41.79,138800,18.64
2010-09-17,41.91,41.98,41.37,41.89,253400,18.68
2010-09-20,41.77,42.77,41.77,42.63,361600,19.01
2010-09-21,42.64,42.85,42.38,42.52,270200,18.96
2010-09-22,42.78,42.8,41.96,42.25,167200,18.84
2010-09-23,41.84,42.28,41.41,41.56,151800,18.54
2010-09-24,42.04,42.08,41.71,41.87,191600,18.67
2010-09-27,41.74,42.23,41.74,42.08,189400,18.77
2010-09-28,42.24,43.45,41.96,43.41,289400,19.36
2010-09-29,43.48,44.07,43.43,44.02,392600,19.63
2010-09-30,44.15,44.33,43.56,43.95,327400,19.6
2010-10-01,43.57,44.18,43.57,43.84,219600,19.55
2010-10-04,43.32,43.99,43.32,43.78,508800,19.53
2010-10-05,43.8,44.78,43.75,44.75,551600,19.96
2010-10-06,44.75,45.58,44.73,45.43,397800,20.26
2010-10-07,45.72,45.72,44.83,45.01,197200,20.07
2010-10-08,44.98,45.63,44.63,45.59,117400,20.33
2010-10-11,45.74,46.05,45.64,45.93,263800,20.48
2010-10-12,45.96,46.42,45.8,46.38,464800,20.69
2010-10-13,46.43,46.86,46.32,46.72,400200,20.84
2010-10-14,46.74,46.75,45.64,45.93,325800,20.48
2010-10-15,45.88,46.03,45,45.7,259000,20.38
2010-10-18,45.64,46.1,45.58,46.08,90000,20.55
2010-10-19,45.26,45.78,45.12,45.57,268000,20.32
2010-10-20,45.55,46.11,45.55,46.11,114200,20.56
2010-10-21,46.27,46.42,45.96,46.39,387400,20.69
2010-10-22,46.4,46.61,45.87,46.58,401400,20.77
2010-10-25,46.9,47,46.02,46.06,614800,20.54
2010-10-26,46.19,46.19,45.1,45.5,427000,20.29
2010-10-27,45.2,45.21,43.48,45.14,532000,20.13
2010-10-28,45.42,45.5,45.12,45.41,160000,20.25
2010-10-29,45.51,46.18,45.28,46.02,198400,20.52
2010-11-01,46.07,46.71,46.07,46.41,290600,20.7
2010-11-02,46.48,46.55,46.22,46.53,359600,20.75
2010-11-03,46.62,46.88,46.4,46.81,249000,20.88
2010-11-04,47.28,47.83,47.28,47.69,347400,21.27
2010-11-05,47.84,47.99,47.44,47.69,199200,21.27
2010-11-08,47.68,47.68,47.02,47.35,199600,21.12
2010-11-09,47.23,47.45,46.34,46.59,291600,20.78
2010-11-10,46.48,46.5,44.83,45.94,439800,20.49
2010-11-11,45.31,45.57,44.27,44.46,327000,19.83
2010-11-12,44.05,44.14,42.51,42.96,607200,19.16
2010-11-15,42.99,43.42,42.91,42.91,431200,19.14
2010-11-16,42.45,42.73,40.2,40.95,1071200,18.26
2010-11-17,41.34,42.49,41.21,42.23,459800,18.83
2010-11-18,43.29,43.98,42.87,43.01,203600,19.18
2010-11-19,42.9,42.9,41.96,42.05,193800,18.75
2010-11-22,41.9,42.14,41.58,42.13,190800,18.79
2010-11-23,41.47,41.47,40.71,41.13,149600,18.34
2010-11-24,41.17,41.99,41.17,41.9,143200,18.69
2010-11-26,41.65,41.65,40.69,40.89,38400,18.24
2010-11-29,40.9,40.9,40.23,40.81,726600,18.2
2010-11-30,40.2,41.03,40.06,41.03,624000,18.3
2010-12-01,41.57,41.92,41.12,41.89,1181000,18.68
2010-12-02,42.05,42.77,41.7,42.67,368200,19.03
2010-12-03,42.82,43.34,42.61,42.96,220200,19.16
2010-12-06,42.86,43.4,42.8,43.25,108400,19.29
2010-12-07,44.04,44.27,42.78,42.83,77400,19.1
2010-12-08,42.97,43.23,42.5,42.97,96600,19.16
2010-12-09,43.21,43.21,42.32,42.42,232200,18.92
2010-12-10,42.35,43.45,42.17,43.42,310400,19.37
2010-12-13,43.6,43.6,42.76,42.94,157000,19.15
2010-12-14,42.93,43.33,42.8,42.88,107200,19.12
2010-12-15,42.94,42.94,42.15,42.16,92600,18.8
2010-12-16,42.31,42.34,41.79,42.15,250800,18.8
2010-12-17,42.01,42.24,41.93,41.96,70800,18.71
2010-12-20,42.11,42.11,41.54,41.61,237800,18.56
2010-12-21,41.83,41.95,41.56,41.81,71400,18.65
2010-12-22,41.88,42.56,41.83,42.52,65400,18.96
2010-12-23,42.56,42.58,42.27,42.41,61800,18.91
2010-12-27,42.24,42.7,42.05,42.21,137200,18.83
2010-12-28,41.88,41.88,41,41.02,141800,18.29
2010-12-29,40.83,41.92,40.74,41.71,260800,18.8
2010-12-30,42.13,42.54,42,42.09,94800,18.97
2010-12-31,42.5,42.56,42.1,42.53,89000,19.16
2011-01-03,42.79,42.79,41.95,41.98,153600,18.92
2011-01-04,41.93,42.08,41.6,41.9,136000,18.88
2011-01-05,41.63,42.41,41.63,42.22,111600,19.02
2011-01-06,42.35,42.35,41.75,41.82,162200,18.84
2011-01-07,41.91,42.28,41.26,41.28,254800,18.6
2011-01-10,41.26,41.36,40.62,40.96,324200,18.46
2011-01-11,41.58,41.9,41.4,41.77,219200,18.82
2011-01-12,42.37,42.5,42.3,42.36,135000,19.09
2011-01-13,42.44,42.75,42.36,42.57,247400,19.18
2011-01-14,42.51,42.62,42.34,42.45,43200,19.13
2011-01-18,42.53,42.75,42.4,42.45,131800,19.13
2011-01-19,42.74,42.9,41.99,41.99,222800,18.92
2011-01-20,42.11,42.11,41.25,41.78,73000,18.83
2011-01-21,41.98,42.5,41.98,42.26,104400,19.04
2011-01-24,41.92,42.39,41.92,42.31,212000,19.07
2011-01-25,41.8,42.38,41.64,41.99,98600,18.92
2011-01-26,42,42.22,41.76,42,124400,18.93
2011-01-27,42.1,42.25,41.89,42.02,86600,18.93
2011-01-28,42.07,42.2,41.45,41.54,119000,18.72
2011-01-31,41.67,41.93,41.59,41.86,157000,18.86
2011-02-01,41.91,42.3,41.88,41.93,134800,18.89
2011-02-02,42.11,42.11,41.48,41.48,143800,18.69
2011-02-03,41.22,41.52,40.88,40.89,198400,18.43
2011-02-04,40.89,41.15,40.02,40.13,137800,18.08
2011-02-07,40.16,40.34,39.41,39.68,294800,17.88
2011-02-08,39.7,39.8,39.4,39.52,218800,17.81
2011-02-09,40.06,40.12,39.51,40.11,139600,18.07
2011-02-10,39.65,39.88,38.87,39.16,731800,17.65
2011-02-11,39.38,39.77,39.3,39.5,130000,17.8
2011-02-14,39.62,39.74,39.25,39.25,92200,17.69
2011-02-15,39.62,39.75,39.05,39.25,116000,17.69
2011-02-16,39.04,39.36,38.91,39,55600,17.57
2011-02-17,39.24,39.4,38.98,39.25,92200,17.69
2011-02-18,39.13,39.4,38.5,38.65,217800,17.42
2011-02-22,38.48,38.93,38.36,38.54,211000,17.37
2011-02-23,38.7,39.75,38.7,39.59,136200,17.84
2011-02-24,39.65,40.02,39.62,39.72,63800,17.9
2011-02-25,39.68,40,39.68,40,97400,18.02
2011-02-28,39.98,40.66,39.98,40.55,59200,18.27
2011-03-01,40.72,40.94,40.56,40.84,84800,18.4
2011-03-02,40.85,40.85,40.33,40.76,55600,18.37
2011-03-03,41.11,41.75,40.84,41.52,151400,18.71
2011-03-04,41.77,42.02,41.6,41.85,53000,18.86
2011-03-07,42.2,42.3,41.65,41.76,199800,18.82
2011-03-08,41.64,41.65,41.14,41.35,88600,18.63
2011-03-09,41.35,41.73,41.32,41.52,58000,18.71
2011-03-10,41.42,41.42,40.58,40.64,71400,18.31
2011-03-11,40.52,40.52,39.06,39.94,102400,18
2011-03-14,39.35,39.49,38.9,39.35,125200,17.73
2011-03-15,38.22,38.78,37.91,38.24,173200,17.23
2011-03-16,38.02,38.62,37.71,37.9,175400,17.08
2011-03-17,38.99,40.22,38.97,40.09,109000,18.07
2011-03-18,40.79,40.86,40.29,40.72,69200,18.35
2011-03-21,41.13,41.16,40.56,40.92,378000,18.44
2011-03-22,41.01,41.01,40.43,40.85,52600,18.41
2011-03-23,40.61,41.01,40.53,40.92,92000,18.44
2011-03-24,40.96,41.23,40.83,40.99,31000,18.47
2011-03-25,41.21,41.21,40.52,40.63,68400,18.31
2011-03-28,40.55,40.68,40.2,40.25,24200,18.14
2011-03-29,40.01,40.33,39.73,39.76,71800,17.92
2011-03-30,39.95,40.21,39.9,40.05,50200,18.05
2011-03-31,40.16,40.55,40.1,40.5,105200,18.25
2011-04-01,40.89,40.92,40.55,40.83,113200,18.4
2011-04-04,40.61,41,40.56,40.81,161000,18.39
2011-04-05,40.54,41.48,40.54,41.42,122600,18.66
2011-04-06,41.75,42,41.56,41.68,163200,18.78
2011-04-07,41.74,41.74,41.3,41.3,87000,18.61
2011-04-08,41.97,41.98,41.55,41.82,152600,18.84
2011-04-11,41.83,41.83,41.14,41.22,59800,18.57
2011-04-12,20.5,20.63,20.26,20.32,78300,18.31
2011-04-13,20.63,20.67,20.26,20.48,139100,18.46
2011-04-14,20.48,20.6,20.4,20.6,121800,18.57
2011-04-15,20.4,20.55,20.4,20.49,77800,18.47
2011-04-18,20.35,20.54,20.28,20.36,69400,18.35
2011-04-19,20.44,20.55,20.36,20.52,21600,18.49
2011-04-20,20.81,21.05,20.75,21.04,90100,18.96
2011-04-21,21.01,21.28,21,21.22,137400,19.12
2011-04-25,21.3,21.3,21,21.12,110100,19.03
2011-04-26,21.15,21.21,20.94,21.07,596300,18.99
2011-04-27,21.03,21.21,20.92,21.21,57900,19.11
2011-04-28,21.01,21.33,21.01,21.32,272300,19.21
2011-04-29,21.47,21.49,19.98,21.31,467000,19.21
2011-05-02,21.46,21.67,21.1,21.2,231000,19.11
2011-05-03,21.06,21.14,20.86,20.96,137000,18.89
2011-05-04,21.07,21.07,20.75,20.97,81000,18.9
2011-05-05,21,21.03,20.76,20.79,167400,18.74
2011-05-06,20.89,20.99,20.64,20.79,150700,18.74
2011-05-09,20.88,20.91,20.66,20.8,141000,18.75
2011-05-10,20.95,21.06,20.8,21.05,66800,18.97
2011-05-11,21.08,21.08,20.69,20.77,218200,18.72
2011-05-12,20.77,21,20.65,21,109000,18.93
2011-05-13,21.04,21.05,20.78,20.91,173600,18.84
2011-05-16,20.91,20.98,20.61,20.63,147200,18.59
2011-05-17,20.58,20.7,20.5,20.68,123000,18.64
2011-05-18,20.62,20.82,20.61,20.72,36800,18.67
2011-05-19,20.85,20.85,20.63,20.7,52600,18.66
2011-05-20,20.63,20.75,20.46,20.71,41900,18.66
2011-05-23,20.4,20.54,20.4,20.5,46300,18.48
2011-05-24,20.6,20.68,20.55,20.62,30400,18.58
2011-05-25,20.57,20.69,20.51,20.67,33100,18.63
2011-05-26,20.62,20.93,20.62,20.88,58600,18.82
2011-05-27,20.97,21.2,20.95,21.17,72900,19.08
2011-05-31,21.39,21.83,21.25,21.65,236300,19.51
2011-06-01,21.67,21.79,21.58,21.68,856700,19.54
2011-06-02,21.71,21.74,21.58,21.68,126300,19.54
2011-06-03,21.35,21.73,21.33,21.73,99200,19.58
2011-06-06,21.79,21.79,21.32,21.32,120200,19.21
2011-06-07,21.5,21.95,21.5,21.75,106300,19.6
2011-06-08,21.76,21.89,21.57,21.67,74400,19.53
2011-06-09,21.82,21.89,21.7,21.75,208300,19.6
2011-06-10,21.73,21.78,21.54,21.7,391400,19.56
2011-06-13,21.81,21.81,21.4,21.48,196100,19.36
2011-06-14,21.6,21.65,21.48,21.59,677000,19.46
2011-06-15,21.42,21.52,20.98,21.11,146100,19.02
2011-06-16,21.08,21.08,20.76,20.9,300100,18.84
2011-06-17,21.13,21.13,20.9,20.95,127000,18.88
2011-06-20,20.92,21.01,20.61,20.92,74200,18.85
2011-06-21,21.16,21.22,20.95,21.12,180700,19.03
2011-06-22,21.17,21.33,21.17,21.27,58700,19.17
2011-06-23,21,21.1,20.73,21.06,44700,18.98
2011-06-24,21.15,21.2,20.92,20.97,52000,18.9
2011-06-27,20.88,21.17,20.82,21.14,24900,19.05
2011-06-28,21.11,21.28,20.99,21.18,94000,19.09
2011-06-29,21.28,21.35,21.2,21.31,94800,19.21
2011-06-30,21.44,21.45,21.14,21.14,120200,19.05
2011-07-01,21.35,21.35,21.12,21.25,246300,19.15
2011-07-05,21.37,21.37,21.22,21.32,99300,19.21
2011-07-06,21.14,21.39,20.98,21,86000,18.93
2011-07-07,21.11,21.25,20.95,21.05,96000,18.97
2011-07-08,20.89,20.99,20.6,20.96,161200,18.89
2011-07-11,20.69,20.74,20.18,20.2,198200,18.2
2011-07-12,20.12,20.35,19.95,20,1403500,18.02
2011-07-13,20.06,20.3,20.02,20.04,153700,18.06
2011-07-14,20.35,20.35,19.95,20.05,177100,18.07
2011-07-15,20.12,20.12,19.78,19.91,97000,17.94
2011-07-18,19.77,19.91,19.66,19.77,200400,17.82
2011-07-19,19.94,20.35,19.94,20.32,872000,18.31
2011-07-20,20.34,20.38,20.13,20.18,848000,18.19
2011-07-21,20.23,20.6,20.19,20.51,160300,18.48
2011-07-22,20.4,20.54,20.4,20.52,50200,18.49
2011-07-25,20.5,20.64,20.34,20.51,95100,18.48
2011-07-26,20.48,20.75,20.35,20.65,125400,18.61
2011-07-27,20.59,20.64,20.41,20.43,142000,18.41
2011-07-28,20.45,20.68,20.32,20.6,139300,18.57
2011-07-29,20.33,20.59,20.33,20.44,80100,18.42
2011-08-01,20.69,20.73,20.39,20.61,111100,18.57
2011-08-02,20.57,20.69,20.39,20.4,109100,18.38
2011-08-03,20.5,20.55,20.18,20.51,147500,18.48
2011-08-04,20.02,20.34,19.62,19.67,257000,17.73
2011-08-05,19.79,19.79,18.99,19.35,216000,17.44
2011-08-08,18.81,18.96,18,18.29,413500,16.48
2011-08-09,18.64,19.18,18.03,19.03,155100,17.15
2011-08-10,18.73,19.36,18.66,19.05,66600,17.17
2011-08-11,19.31,19.69,18.95,19.65,64300,17.71
2011-08-12,19.71,19.99,19.66,19.96,122000,17.99
2011-08-15,19.95,20.3,19.87,20.27,83500,18.27
2011-08-16,20.05,20.32,19.97,20.09,930200,18.11
2011-08-17,20.39,20.65,20.33,20.52,93400,18.49
2011-08-18,19.87,19.91,19.51,19.7,246400,17.75
2011-08-19,19.46,19.7,19.22,19.33,260300,17.42
2011-08-22,19.73,19.87,19.36,19.54,114200,17.61
2011-08-23,19.62,19.79,19.45,19.79,77000,17.84
2011-08-24,19.65,19.9,19.6,19.75,53500,17.8
2011-08-25,19.89,19.89,19.55,19.59,61800,17.65
2011-08-26,19.42,19.7,19.27,19.7,73300,17.75
2011-08-29,19.93,20.08,19.72,19.99,320800,18.02
2011-08-30,19.89,20.33,19.89,20.13,47400,18.14
2011-08-31,20.26,20.41,20.13,20.35,178000,18.34
2011-09-01,20.34,20.48,20.29,20.31,48700,18.3
2011-09-02,19.89,20.2,19.7,20.1,96700,18.11
2011-09-06,19.63,19.88,19.51,19.83,84000,17.87
2011-09-07,20.15,20.23,20.02,20.07,170500,18.09
2011-09-08,19.93,20.26,19.93,20.13,62100,18.14
2011-09-09,19.91,20.04,19.72,19.83,43400,17.87
2011-09-12,19.47,19.69,19.28,19.47,67400,17.55
2011-09-13,19.67,19.97,19.47,19.93,454100,17.96
2011-09-14,19.88,19.95,19.61,19.75,41100,17.8
2011-09-15,19.92,20.06,19.78,20.02,37800,18.04
2011-09-16,19.93,20.29,19.93,20.29,31900,18.29
2011-09-19,19.84,20.01,19.72,19.8,185100,17.84
2011-09-20,19.87,19.91,19.7,19.72,20400,17.77
2011-09-21,19.62,19.62,19.41,19.51,437400,17.58
2011-09-22,18.51,18.71,18.32,18.47,116500,16.65
2011-09-23,18.46,18.66,18.27,18.36,90800,16.55
2011-09-26,18.61,18.61,18.09,18.24,65100,16.44
2011-09-27,18.82,19.02,18.51,18.54,570300,16.71
2011-09-28,18.58,18.71,18.03,18.09,110300,16.3
2011-09-29,18.32,18.58,18.15,18.42,126500,16.6
2011-09-30,18.08,18.25,17.89,17.94,136300,16.17
2011-10-03,17.89,18.16,17.43,17.44,71000,15.72
2011-10-04,17.21,17.46,16.99,17.36,200300,15.65
2011-10-05,17.52,17.9,17.42,17.86,53400,16.1
2011-10-06,17.87,18.15,17.74,18.06,109000,16.28
2011-10-07,18.03,18.33,18.03,18.16,38100,16.37
2011-10-10,18.43,18.56,18.31,18.5,210000,16.67
2011-10-11,18.34,18.58,18.14,18.14,1696900,16.35
2011-10-12,18.65,18.81,18.59,18.76,111100,16.91
2011-10-13,18.52,18.74,18.43,18.68,74300,16.83
2011-10-14,18.98,19.09,18.81,19.05,55000,17.17
2011-10-17,18.92,19.1,18.74,18.89,161500,17.02
2011-10-18,18.72,18.98,18.68,18.94,193900,17.07
2011-10-19,19.03,19.08,18.76,18.87,245000,17.01
2011-10-20,18.78,18.99,18.5,18.78,144700,16.92
2011-10-21,19.05,19.22,19,19.2,41100,17.3
2011-10-24,19.21,19.47,19.21,19.4,43300,17.48
2011-10-25,19.24,19.44,19.1,19.13,59000,17.24
2011-10-26,19.3,19.33,18.96,19.07,96600,17.19
2011-10-27,19.85,19.99,19.44,19.76,170500,17.81
2011-10-28,19.54,19.68,19.51,19.55,147400,17.62
2011-10-31,19.21,19.47,19.09,19.34,191400,17.43
2011-11-01,18.74,18.91,18.52,18.76,110200,16.91
2011-11-02,19.03,19.08,18.53,18.58,193700,16.74
2011-11-03,18.75,18.79,18.55,18.76,33000,16.91
2011-11-04,18.59,18.74,18.46,18.61,59600,16.77
2011-11-07,18.59,18.71,18.42,18.64,18300,16.8
2011-11-08,18.7,18.7,18.43,18.51,238900,16.68
2011-11-09,18.28,18.33,17.97,18,86100,16.22
2011-11-10,18.24,18.33,18.03,18.2,133300,16.4
2011-11-11,18.23,18.38,18.1,18.27,48400,16.47
2011-11-14,18.19,18.21,18.07,18.11,23000,16.32
2011-11-15,18.13,18.2,18.08,18.11,37500,16.32
2011-11-16,18.01,18.29,17.95,18.21,81500,16.41
2011-11-17,18.21,18.35,18.07,18.15,19200,16.36
2011-11-18,18.18,18.18,18,18.12,15600,16.33
2011-11-21,17.78,17.78,17.65,17.7,23000,15.95
2011-11-22,17.61,17.79,17.54,17.67,73900,15.92
2011-11-23,17.56,17.56,17.05,17.13,176600,15.44
2011-11-25,17.14,17.14,16.75,16.86,212700,15.19
2011-11-28,17.34,17.37,17.13,17.2,260100,15.5
2011-11-29,17.22,17.25,17.07,17.2,66900,15.5
2011-11-30,17.7,18.01,17.57,17.96,356900,16.19
2011-12-01,17.76,17.88,17.63,17.84,33100,16.08
2011-12-02,18,18.17,18,18.04,22300,16.26
2011-12-05,18.2,18.24,18.01,18.02,23000,16.24
2011-12-06,18,18.12,17.64,17.67,66500,15.92
2011-12-07,17.55,17.9,17.51,17.86,46000,16.1
2011-12-08,17.77,17.85,17.47,17.55,113900,15.82
2011-12-09,17.62,17.99,17.62,17.97,53700,16.19
2011-12-12,17.88,17.88,17.7,17.87,55500,16.1
2011-12-13,17.89,18.03,17.75,17.82,59300,16.06
2011-12-14,17.67,17.74,17.44,17.49,37700,15.76
2011-12-15,17.59,17.87,17.53,17.67,270800,15.92
2011-12-16,17.77,17.85,17.65,17.85,52700,16.09
2011-12-19,17.82,17.93,17.57,17.59,83100,15.85
2011-12-20,17.93,18.09,17.86,18.08,97800,16.29
2011-12-21,17.94,18.23,17.94,18.23,30900,16.43
2011-12-22,18.2,18.37,18.2,18.33,31200,16.52
2011-12-23,18.34,18.54,18.34,18.48,29900,16.65
2011-12-27,18.26,18.34,18,18.08,139200,16.29
2011-12-28,17.5,17.88,17.47,17.8,302600,16.23
2011-12-29,17.68,17.91,17.57,17.76,301400,16.19
2011-12-30,17.8,17.87,17.63,17.82,57400,16.25
2012-01-03,17.99,18.22,17.95,18.14,245100,16.54
2012-01-04,18.19,18.49,18.19,18.46,158000,16.83
2012-01-05,18.44,18.61,18.33,18.57,157300,16.93
2012-01-06,18.59,18.59,18.34,18.44,56500,16.81
2012-01-09,18.5,18.57,18.31,18.55,17700,16.91
2012-01-10,18.64,18.99,18.64,18.9,46800,17.23
2012-01-11,18.82,19.06,18.82,19.04,35500,17.36
2012-01-12,19.08,19.24,18.93,18.94,249900,17.27
2012-01-13,18.9,19.01,18.71,18.89,36200,17.22
2012-01-17,18.89,19.05,18.89,18.96,37200,17.29
2012-01-18,19.05,19.4,19.05,19.39,104300,17.68
2012-01-19,19.46,19.46,19.24,19.29,149000,17.59
2012-01-20,19.32,19.32,19.13,19.21,79900,17.51
2012-01-23,19.38,19.51,19.26,19.37,52800,17.66
2012-01-24,19.32,19.35,19.26,19.33,33900,17.62
2012-01-25,19.27,19.49,19.23,19.44,35900,17.72
2012-01-26,19.62,19.71,19.39,19.41,69800,17.7
2012-01-27,19.37,19.52,19.37,19.46,34100,17.74
2012-01-30,19.31,19.52,19.31,19.51,39600,17.79
2012-01-31,19.66,19.95,19.61,19.93,184100,18.17
2012-02-01,20,20.11,19.94,19.98,335500,18.22
2012-02-02,20,20.18,19.95,20.16,79800,18.38
2012-02-03,20.15,20.35,20.14,20.33,216600,18.54
2012-02-06,20.3,20.3,20.14,20.26,43700,18.47
2012-02-07,20.3,20.35,20.2,20.35,101800,18.55
2012-02-08,20.31,20.51,20.31,20.43,37700,18.63
2012-02-09,20.5,20.62,20.46,20.54,36500,18.73
2012-02-10,20.4,20.41,20.21,20.4,83300,18.6
2012-02-13,20.58,20.67,20.46,20.61,70800,18.79
2012-02-14,20.64,20.64,20.4,20.5,82900,18.69
2012-02-15,20.52,20.68,20.49,20.5,26200,18.69
2012-02-16,20.53,21.04,20.53,21.03,141100,19.17
2012-02-17,21.11,21.19,21,21.18,111100,19.31
2012-02-21,21.29,21.29,21.06,21.1,27900,19.24
2012-02-22,21.14,21.14,20.86,20.96,58600,19.11
2012-02-23,20.96,21.34,20.96,21.31,35700,19.43
2012-02-24,21.4,21.5,21.29,21.36,45900,19.48
2012-02-27,21.25,21.3,21.13,21.19,51900,19.32
2012-02-28,21.17,21.19,21.04,21.11,19500,19.25
2012-02-29,21.23,21.38,21.12,21.33,197000,19.45
2012-03-01,21.41,21.67,21.29,21.63,142000,19.72
2012-03-02,21.66,21.7,21.47,21.57,64400,19.67
2012-03-05,21.53,21.66,21.39,21.51,147700,19.61
2012-03-06,21.26,21.26,20.91,20.97,89600,19.12
2012-03-07,21,21.2,20.87,21.18,61700,19.31
2012-03-08,21.5,21.5,21.35,21.43,95000,19.54
2012-03-09,21.45,21.54,21.45,21.49,51600,19.59
2012-03-12,21.47,21.47,21.3,21.37,95000,19.48
2012-03-13,21.36,21.84,21.35,21.84,89100,19.91
2012-03-14,21.83,21.94,21.67,21.7,154300,19.79
2012-03-15,21.81,21.86,21.62,21.85,303900,19.92
2012-03-16,21.79,21.79,21.62,21.66,361400,19.75
2012-03-19,21.42,21.68,21.23,21.63,95800,19.72
2012-03-20,21.3,21.5,21.26,21.48,115100,19.58
2012-03-21,21.46,21.56,21.35,21.44,53800,19.55
2012-03-22,21.34,21.43,21.3,21.37,58200,19.48
2012-03-23,21.48,21.65,21.32,21.64,41800,19.73
2012-03-26,21.86,21.86,21.68,21.78,80700,19.86
2012-03-27,21.85,21.85,21.65,21.66,155900,19.75
2012-03-28,21.67,21.68,21.43,21.51,53800,19.61
2012-03-29,21.41,21.45,21.2,21.45,93900,19.56
2012-03-30,21.45,21.45,21.19,21.2,338700,19.33
2012-04-02,21.14,21.4,21.14,21.32,211300,19.44
2012-04-03,21.37,21.5,21.33,21.4,40900,19.51
2012-04-04,21.19,21.32,21.18,21.29,25400,19.41
2012-04-05,21.26,21.48,21.2,21.36,34400,19.48
2012-04-09,21.35,21.38,21.25,21.26,54900,19.38
2012-04-10,21.17,21.23,21,21.19,263900,19.32
2012-04-11,21.28,21.44,21.26,21.43,18500,19.54
2012-04-12,21.42,21.64,21.35,21.56,53300,19.66
2012-04-13,21.5,21.53,21.39,21.44,98800,19.55
2012-04-16,21.54,21.68,21.5,21.68,69500,19.77
2012-04-17,21.73,21.91,21.73,21.81,123700,19.89
2012-04-18,21.78,21.88,21.67,21.73,108800,19.81
2012-04-19,21.82,21.82,21.62,21.76,50400,19.84
2012-04-20,21.81,22,21.78,21.95,97300,20.01
2012-04-23,21.82,21.93,21.7,21.89,189100,19.96
2012-04-24,21.84,21.95,21.75,21.79,72700,19.87
2012-04-25,21.9,22.05,21.9,22.05,67700,20.1
2012-04-26,22.05,22.2,22.05,22.19,68900,20.23
2012-04-27,22.22,22.38,22.19,22.37,192000,20.4
2012-04-30,22.36,22.59,22.27,22.57,188000,20.58
2012-05-01,22.6,23.15,22.6,23.06,612700,21.03
2012-05-02,22.89,23.07,22.67,23.06,242000,21.03
2012-05-03,23.13,23.16,22.83,22.92,110000,20.9
2012-05-04,23.03,23.03,22.72,22.78,73700,20.77
2012-05-07,22.81,22.83,22.57,22.82,58000,20.81
2012-05-08,22.84,22.86,22.52,22.6,68800,20.61
2012-05-09,22.31,22.58,22.3,22.42,250500,20.44
2012-05-10,22.57,22.73,22.44,22.53,105000,20.54
2012-05-11,22.33,22.54,22.3,22.39,246000,20.41
2012-05-14,22.18,22.53,21.8,21.82,248600,19.89
2012-05-15,21.88,21.88,21.56,21.6,339600,19.69
2012-05-16,21.56,21.83,21.5,21.53,137000,19.63
2012-05-17,21.47,21.47,20.94,20.94,154000,19.09
2012-05-18,20.97,21.05,20.68,20.85,428400,19.01
2012-05-21,20.9,21.1,20.69,21.09,172900,19.23
2012-05-22,21.15,21.2,20.93,21,565800,19.15
2012-05-23,20.91,20.94,20.6,20.94,377000,19.09
2012-05-24,20.92,21.01,20.76,20.84,99900,19
2012-05-25,20.76,20.86,20.72,20.85,60700,19.01
2012-05-29,20.96,21.1,20.8,20.92,245200,19.07
2012-05-30,20.77,20.77,20.47,20.55,100400,18.74
2012-05-31,20.44,20.78,20.38,20.78,306400,18.95
2012-06-01,20.6,20.62,20.1,20.2,251800,18.42
2012-06-04,20.3,20.34,20.02,20.08,274400,18.31
2012-06-05,20.15,20.4,20.09,20.31,171400,18.52
2012-06-06,20.42,20.69,20.42,20.62,134200,18.8
2012-06-07,20.91,21,20.8,20.8,108600,18.96
2012-06-08,20.7,20.74,20.54,20.7,213900,18.87
2012-06-11,20.84,20.93,20.39,20.39,121300,18.59
2012-06-12,20.46,20.57,20.41,20.53,95300,18.72
2012-06-13,20.44,20.49,20.28,20.34,97900,18.55
2012-06-14,20.17,20.44,20.17,20.43,91100,18.63
2012-06-15,20.41,20.72,20.41,20.66,99300,18.84
2012-06-18,20.87,20.87,20.34,20.55,125300,18.74
2012-06-19,20.62,20.85,20.5,20.63,1462800,18.81
2012-06-20,20.73,20.82,20.62,20.67,134900,18.85
2012-06-21,20.76,20.82,20.2,20.2,57000,18.42
2012-06-22,20.22,20.22,19.91,19.95,107700,18.19
2012-06-25,19.82,19.82,19.41,19.44,214900,17.72
2012-06-26,19.41,19.53,19.3,19.49,151100,17.77
2012-06-27,19.54,19.87,19.42,19.87,332500,18.12
2012-06-28,19.71,19.81,19.44,19.55,151900,17.82
2012-06-29,19.93,20.25,19.79,20.14,95800,18.36
2012-07-02,20.08,20.31,20.01,20.09,388500,18.32
2012-07-03,20.22,20.63,20.21,20.61,63000,18.79
2012-07-05,20.54,20.65,20.54,20.6,127800,18.78
2012-07-06,20.51,20.51,20.3,20.4,77600,18.6
2012-07-09,20.3,20.51,20.24,20.46,80700,18.65
2012-07-10,20.55,20.55,20.13,20.24,127400,18.45
2012-07-11,20.31,20.39,20.28,20.36,73500,18.56
2012-07-12,20.15,20.28,20,20.21,171300,18.43
2012-07-13,20.33,20.52,20.33,20.51,210000,18.7
2012-07-16,20.5,20.53,20.38,20.43,65100,18.63
2012-07-17,20.48,20.56,20.42,20.53,274700,18.72
2012-07-18,20.49,20.66,20.46,20.66,67200,18.84
2012-07-19,20.73,20.83,20.66,20.71,65700,18.88
2012-07-20,20.62,20.67,20.48,20.6,107000,18.78
2012-07-23,20.18,20.42,20.11,20.39,73700,18.59
2012-07-24,20.39,20.53,20.21,20.3,70000,18.51
2012-07-25,20.34,20.42,20.13,20.16,95700,18.38
2012-07-26,20.42,20.57,20.29,20.46,155300,18.65
2012-07-27,20.45,20.88,20.45,20.87,318900,19.03
2012-07-30,20.84,20.87,20.73,20.78,23900,18.95
2012-07-31,20.85,20.89,20.63,20.65,180300,18.83
2012-08-01,20.81,20.83,20.54,20.56,46700,18.75
2012-08-02,20.6,20.6,20.29,20.4,101600,18.6
2012-08-03,20.62,20.72,20.43,20.51,296200,18.7
2012-08-06,20.54,20.62,20.35,20.36,201100,18.56
2012-08-07,20.43,20.56,20.39,20.47,119600,18.66
2012-08-08,20.41,20.41,20.14,20.2,107600,18.42
2012-08-09,20.15,20.34,20.02,20.31,143900,18.52
2012-08-10,20.21,20.48,20.16,20.46,32600,18.65
2012-08-13,20.45,20.54,20.41,20.45,114800,18.65
2012-08-14,20.46,20.56,20.28,20.3,28000,18.51
2012-08-15,20.23,20.31,20.16,20.3,27800,18.51
2012-08-16,20.23,20.46,20.23,20.45,28900,18.65
2012-08-17,20.43,20.48,20.25,20.46,27500,18.65
2012-08-20,20.45,20.45,20.25,20.31,56600,18.52
2012-08-21,20.38,20.59,20.38,20.54,90000,18.73
2012-08-22,20.44,20.56,20.26,20.52,62200,18.71
2012-08-23,20.49,20.49,20.34,20.42,102500,18.62
2012-08-24,20.4,20.5,20.39,20.44,14800,18.64
2012-08-27,20.45,20.45,20.3,20.38,35200,18.58
2012-08-28,20.3,20.33,20.19,20.31,176800,18.52
2012-08-29,20.24,20.31,20.15,20.31,85100,18.52
2012-08-30,20.28,20.28,20.13,20.2,37900,18.42
2012-08-31,20.2,20.3,20.11,20.24,267900,18.45
2012-09-04,20.28,20.28,20.02,20.12,60800,18.34
2012-09-05,20.06,20.3,20.06,20.28,148900,18.49
2012-09-06,20.31,21.34,20.15,21.02,1975800,19.17
2012-09-07,21.17,21.32,21.1,21.22,1185200,19.35
2012-09-10,21.23,21.29,20.77,20.98,526000,19.13
2012-09-11,21.13,21.13,20.95,20.99,209600,19.14
2012-09-12,21.09,21.09,20.87,20.97,85100,19.12
2012-09-13,21.03,21.38,20.92,21.35,143400,19.47
2012-09-14,21.44,21.67,21.41,21.43,114400,19.54
2012-09-17,21.53,21.53,21.03,21.05,79200,19.19
2012-09-18,20.92,21.21,20.92,21.19,72800,19.32
2012-09-19,21.1,21.33,21,21.32,36400,19.44
2012-09-20,21.18,21.41,21.18,21.38,59600,19.49
2012-09-21,21.39,21.45,21.33,21.41,42800,19.52
2012-09-24,21.3,21.42,21.22,21.29,304400,19.41
2012-09-25,21.3,21.31,21.01,21.01,74200,19.16
2012-09-26,20.89,20.99,20.8,20.92,65800,19.07
2012-09-27,21.08,21.24,20.99,21.15,32300,19.28
2012-09-28,21.1,21.25,21.05,21.22,262400,19.35
2012-10-01,21.22,21.48,21.11,21.12,81000,19.26
2012-10-02,21.21,21.22,21.09,21.2,50900,19.33
2012-10-03,21.2,21.27,21.12,21.14,82200,19.27
2012-10-04,21.22,21.3,21.13,21.24,352200,19.37
2012-10-05,21.45,21.55,21.11,21.15,1419600,19.28
2012-10-08,21.19,21.19,20.98,21.08,1365300,19.22
2012-10-09,21.12,21.12,20.98,21.02,1074200,19.17
2012-10-10,21.04,21.09,20.87,21.03,359100,19.17
2012-10-11,21.05,21.09,20.85,21.05,746700,19.19
2012-10-12,21.03,21.22,21.02,21.19,147100,19.32
2012-10-15,21.22,21.44,21.12,21.32,69200,19.44
2012-10-16,21.44,21.62,21.31,21.61,331200,19.7
2012-10-17,21.66,21.83,21.58,21.8,89600,19.88
2012-10-18,21.83,22.07,21.76,22.01,59800,20.07
2012-10-19,22.03,22.18,21.9,22.04,379600,20.1
2012-10-22,21.95,22.3,21.91,22.08,342000,20.13
2012-10-23,21.92,22.14,21.82,22.03,373600,20.09
2012-10-24,22.05,22.21,21.98,21.99,471800,20.05
2012-10-25,22.06,22.31,22.05,22.31,63800,20.34
2012-10-26,22.34,22.51,22.21,22.23,126400,20.27
2012-10-31,22.1,22.63,21.86,22.1,317900,20.15
2012-11-01,22.2,22.2,21.59,21.67,217400,19.76
2012-11-02,21.85,21.87,21.21,21.34,481700,19.46
2012-11-05,21.59,21.59,21.22,21.32,272600,19.44
2012-11-06,21.62,21.62,21.15,21.39,260200,19.5
2012-11-07,21.3,21.39,20.86,20.96,260400,19.11
2012-11-08,21.06,21.26,20.66,21.23,299000,19.36
2012-11-09,21.06,21.32,20.81,21.27,246600,19.39
2012-11-12,21.19,21.37,21.19,21.26,51000,19.38
2012-11-13,21.12,21.25,21.07,21.11,141800,19.25
2012-11-14,21.06,21.15,20.85,20.96,201800,19.11
2012-11-15,21.07,21.07,20.79,20.88,205200,19.04
2012-11-16,20.93,20.93,20.7,20.81,278600,18.97
2012-11-19,20.85,21.14,20.85,21.07,112100,19.21
2012-11-20,20.88,21.25,20.88,21.18,241300,19.31
2012-11-21,21.13,21.19,21.04,21.06,103200,19.2
2012-11-23,21.1,21.33,21.04,21.08,30600,19.22
2012-11-26,20.93,21,20.87,20.93,191600,19.08
2012-11-27,20.89,20.95,20.76,20.81,33800,18.97
2012-11-28,20.75,20.98,20.64,20.97,171500,19.12
2012-11-29,21,21.16,20.94,21.15,75400,19.28
2012-11-30,21.1,21.19,21.02,21.15,233300,19.28
2012-12-03,21.15,21.3,21.01,21.21,54900,19.34
2012-12-04,21.25,21.49,21.2,21.4,219800,19.51
2012-12-05,21.4,21.68,21.34,21.57,43300,19.67
2012-12-06,21.65,21.97,21.65,21.92,152700,19.99
2012-12-07,21.94,21.94,21.8,21.89,24600,19.96
2012-12-10,21.91,22.08,21.91,22.06,190600,20.11
2012-12-11,22.04,22.1,21.87,22.06,87400,20.11
2012-12-12,22.15,22.33,22.11,22.26,306800,20.3
2012-12-13,22.26,22.31,22.04,22.15,85500,20.2
2012-12-14,22.09,22.1,21.92,22.01,164800,20.07
2012-12-17,21.97,22.1,21.93,22,69800,20.06
2012-12-18,21.99,22.14,21.99,22.13,248900,20.18
2012-12-19,22.08,22.18,22.06,22.15,109400,20.2
2012-12-20,22.22,22.23,22,22.2,251100,20.24
2012-12-21,22.11,22.4,21.92,22.34,266200,20.37
2012-12-24,22.36,22.41,22.18,22.27,30500,20.3
2012-12-26,22.38,22.43,22.23,22.24,47900,20.28
2012-12-27,21.89,22.25,21.81,21.95,195100,20.43
2012-12-28,22,22.18,21.97,22.06,123000,20.53
2012-12-31,21.95,22.3,21.85,22.24,84900,20.7
2013-01-02,22.33,22.38,22.16,22.34,174200,20.79
2013-01-03,22.24,22.52,22.13,22.5,226500,20.94
2013-01-04,22.51,22.51,22.23,22.37,149200,20.82
2013-01-07,22.34,22.49,22.26,22.37,133800,20.82
2013-01-08,22.37,22.42,22.23,22.29,126400,20.74
2013-01-09,22.32,22.39,22.25,22.39,68000,20.84
2013-01-10,22.53,22.63,22.35,22.46,131200,20.9
2013-01-11,22.49,22.49,22.18,22.4,225200,20.85
2013-01-14,22.53,22.75,22.31,22.38,289100,20.83
2013-01-15,22.29,22.29,22.14,22.24,239100,20.7
2013-01-16,22.19,22.2,22.04,22.18,161000,20.64
2013-01-17,22.2,22.37,22.2,22.25,41900,20.71
2013-01-18,22.36,22.38,22.2,22.34,42700,20.79
2013-01-22,22.18,22.34,22.16,22.3,137900,20.75
2013-01-23,22.4,22.45,22.33,22.38,190900,20.83
2013-01-24,22.31,22.47,22.31,22.44,90700,20.88
2013-01-25,22.49,22.58,22.43,22.53,87200,20.97
2013-01-28,22.4,22.51,22.34,22.41,218600,20.85
2013-01-29,22.31,22.5,22.31,22.46,400300,20.9
2013-01-30,22.55,22.58,22.44,22.52,96200,20.96
2013-01-31,22.57,22.63,22.38,22.4,105600,20.85
2013-02-01,22.33,22.63,22.31,22.59,125800,21.02
2013-02-04,22.44,22.51,22.4,22.48,273500,20.92
2013-02-05,22.53,22.55,22.43,22.53,166900,20.97
2013-02-06,22.57,22.57,22.34,22.35,128100,20.8
2013-02-07,22.38,22.38,22.12,22.21,115300,20.67
2013-02-08,22.12,22.4,22.12,22.37,98800,20.82
2013-02-11,22.32,22.32,22.15,22.21,55900,20.67
2013-02-12,22.17,22.38,22.14,22.32,25700,20.77
2013-02-13,22.32,22.54,22.31,22.54,82900,20.98
2013-02-14,22.47,22.49,22.41,22.47,83600,20.91
2013-02-15,22.38,22.45,22.27,22.29,277900,20.74
2013-02-19,22.24,22.26,22.13,22.13,236700,20.59
2013-02-20,22.16,22.17,21.97,21.98,156200,20.45
2013-02-21,22.01,22.02,21.78,21.91,358100,20.39
2013-02-22,22.02,22.11,22.01,22.05,70100,20.52
2013-02-25,22.02,22.06,21.79,21.79,105600,20.28
2013-02-26,21.78,21.85,21.69,21.75,143500,20.24
2013-02-27,21.72,21.92,21.72,21.9,149500,20.38
2013-02-28,21.93,21.97,21.72,21.81,141200,20.3
2013-03-01,21.82,21.82,21.71,21.77,181800,20.26
2013-03-04,21.74,21.79,21.66,21.71,72100,20.2
2013-03-05,21.65,21.71,21.54,21.58,77700,20.08
2013-03-06,21.58,21.68,21.49,21.54,122800,20.04
2013-03-07,21.54,21.57,21.41,21.42,28700,19.93
2013-03-08,21.43,21.52,21.37,21.46,99200,19.97
2013-03-11,21.49,21.55,21.39,21.52,136800,20.03
2013-03-12,21.59,21.6,21.44,21.49,221600,20
2013-03-13,21.47,21.56,21.38,21.41,38500,19.92
2013-03-14,21.54,21.54,21.36,21.43,45600,19.94
2013-03-15,21.4,21.4,21.25,21.31,123500,19.83
2013-03-18,21.31,21.35,21.08,21.16,70400,19.69
2013-03-19,21.13,21.13,20.85,20.91,174300,19.46
2013-03-20,20.89,20.91,20.75,20.77,137800,19.33
2013-03-21,20.71,20.84,20.69,20.75,156500,19.31
2013-03-22,20.71,20.84,20.71,20.76,62100,19.32
2013-03-25,20.71,20.76,20.54,20.6,135400,19.17
2013-03-26,20.65,20.83,20.6,20.79,47200,19.35
2013-03-27,20.76,20.95,20.67,20.86,117900,19.41
2013-03-28,20.86,20.95,20.82,20.93,71900,19.48
2013-04-01,20.93,20.97,20.85,20.89,59800,19.44
2013-04-02,20.99,20.99,20.82,20.89,377300,19.44
2013-04-03,20.93,20.93,20.49,20.54,232100,19.11
2013-04-04,20.48,20.53,20.42,20.49,68300,19.07
2013-04-05,20.33,20.57,20.27,20.57,121900,19.14
2013-04-08,20.59,20.63,20.52,20.57,58300,19.14
2013-04-09,20.68,20.71,20.5,20.68,119300,19.24
2013-04-10,20.69,20.79,20.66,20.75,160800,19.31
2013-04-11,20.71,20.84,20.71,20.82,87900,19.37
2013-04-12,20.68,20.75,20.51,20.51,182200,19.09
2013-04-15,20.44,20.44,20.02,20.08,138400,18.69
2013-04-16,20.2,20.33,20.09,20.17,104300,18.77
2013-04-17,20,20.05,19.71,19.77,349000,18.4
2013-04-18,19.83,19.94,19.75,19.89,181400,18.51
2013-04-19,20.01,20.2,19.99,20.11,224400,18.71
2013-04-22,20.06,20.17,20.01,20.11,56800,18.71
2013-04-23,20.12,20.24,20.08,20.2,154900,18.8
2013-04-24,20.18,20.29,20.11,20.25,270000,18.84
2013-04-25,20.24,20.43,20.24,20.37,154000,18.96
2013-04-26,20.26,20.31,20.17,20.17,171700,18.77
2013-04-29,20.24,20.27,20.15,20.23,33900,18.83
2013-04-30,20.29,20.29,20.11,20.22,304600,18.82
2013-05-01,20.09,20.1,19.98,19.99,42900,18.6
2013-05-02,20.05,20.19,20,20.07,172600,18.68
2013-05-03,20.19,20.3,20.15,20.25,201500,18.84
2013-05-06,20.13,20.25,19.97,20.21,253500,18.81
2013-05-07,20.17,20.33,20.17,20.22,33900,18.82
2013-05-08,20.27,20.28,20.01,20.03,117400,18.64
2013-05-09,19.99,20.03,19.93,19.96,102900,18.57
2013-05-10,19.96,19.96,19.65,19.71,93200,18.34
2013-05-13,19.68,19.76,19.65,19.7,91600,18.33
2013-05-14,19.69,19.83,19.61,19.82,133300,18.44
2013-05-15,19.82,19.82,19.7,19.81,68000,18.44
2013-05-16,19.83,20.08,19.83,19.94,163600,18.56
2013-05-17,19.95,20.18,19.85,19.91,239400,18.53
2013-05-20,19.92,19.95,19.78,19.83,396400,18.45
2013-05-21,19.81,19.84,19.6,19.62,204300,18.26
2013-05-22,19.69,19.87,19.6,19.64,222800,18.28
2013-05-23,19.49,19.69,19.3,19.65,1197500,18.29
2013-05-24,19.55,19.6,19.47,19.53,143500,18.17
2013-05-28,19.56,19.69,19.5,19.61,175400,18.25
2013-05-29,19.54,19.65,19.5,19.53,81300,18.17
2013-05-30,19.46,19.61,19.46,19.55,95800,18.19
2013-05-31,19.32,19.46,18.88,18.91,306900,17.6
2013-06-03,18.97,19.25,18.88,19.24,321800,17.9
2013-06-04,19.35,19.35,19.19,19.21,164000,17.88
2013-06-05,19.2,19.34,19.01,19.03,149500,17.71
2013-06-06,19.07,19.1,18.98,19.1,150800,17.77
2013-06-07,19.08,19.14,18.99,19.13,438300,17.8
2013-06-10,19.02,19.16,18.97,18.99,233000,17.67
2013-06-11,18.76,18.93,18.76,18.77,119500,17.47
2013-06-12,18.88,18.94,18.63,18.68,135200,17.38
2013-06-13,18.59,18.94,18.5,18.88,321400,17.57
2013-06-14,18.89,19.03,18.7,18.96,129000,17.64
2013-06-17,19.05,19.16,18.95,19.02,95600,17.7
2013-06-18,18.89,18.96,18.79,18.85,421600,17.54
2013-06-19,18.95,18.97,18.76,18.85,76600,17.54
2013-06-20,18.6,18.6,17.96,18,261600,16.75
2013-06-21,18.13,18.17,17.88,18.16,241000,16.9
2013-06-24,17.79,17.79,17.25,17.62,244500,16.4
2013-06-25,17.78,17.89,17.71,17.79,215700,16.56
2013-06-26,17.8,18.05,17.8,18.01,337400,16.76
2013-06-27,18,18.17,18,18.1,100700,16.84
2013-06-28,17.96,18.37,17.9,18.34,165100,17.07
2013-07-01,18.5,18.5,18.21,18.3,131500,17.03
2013-07-02,18.32,18.42,18.17,18.24,78700,16.97
2013-07-03,18.13,18.27,18.06,18.16,145500,16.9
2013-07-05,18.25,18.25,17.87,17.95,224300,16.7
2013-07-08,18.03,18.2,18,18.03,166700,16.78
2013-07-09,18.07,18.15,17.92,17.97,176100,16.72
2013-07-10,17.91,18.23,17.67,17.7,271300,16.47
2013-07-11,18.11,18.29,17.92,18.27,150300,17
2013-07-12,18.2,18.44,18.15,18.44,97000,17.16
2013-07-15,18.4,19.2,18.4,19.13,512500,17.8
2013-07-16,19.1,19.36,19.02,19.36,112400,18.02
2013-07-17,19.44,19.68,19.41,19.68,445700,18.31
2013-07-18,19.73,19.73,19.53,19.6,138500,18.24
2013-07-19,19.74,19.84,19.47,19.75,238200,18.38
2013-07-22,19.84,19.84,19.54,19.69,123000,18.32
2013-07-23,19.82,19.83,19.54,19.83,61100,18.45
2013-07-24,19.74,19.83,19.62,19.78,97600,18.41
2013-07-25,19.87,19.93,19.68,19.93,78100,18.55
2013-07-26,19.96,19.98,19.68,19.85,97300,18.47
2013-07-29,19.86,19.86,19.68,19.71,83500,18.34
2013-07-30,19.7,19.78,19.67,19.71,51500,18.34
2013-07-31,19.65,19.76,19.58,19.62,140700,18.26
2013-08-01,19.83,20.04,19.63,19.98,428100,18.59
2013-08-02,20.06,20.36,20.05,20.32,114400,18.91
2013-08-05,20.23,20.44,20.21,20.25,106600,18.84
2013-08-06,20.17,20.36,20.14,20.3,55800,18.89
2013-08-07,20.23,20.27,20.08,20.18,64500,18.78
2013-08-08,20.21,20.44,20.17,20.36,91900,18.95
2013-08-09,20.24,20.5,20.19,20.31,74300,18.9
2013-08-12,20.25,20.5,20.24,20.41,53600,18.99
2013-08-13,20.45,20.5,20.29,20.5,52100,19.08
2013-08-14,20.59,20.67,20.45,20.58,61600,19.15
2013-08-15,20.43,20.49,20.2,20.33,58600,18.92
2013-08-16,20.29,20.29,19.98,20,33600,18.61
2013-08-19,19.93,20.05,19.82,19.82,145900,18.44
2013-08-20,19.7,19.96,19.65,19.83,391200,18.45
2013-08-21,19.63,19.81,19.5,19.64,219200,18.28
2013-08-22,19.72,19.84,19.69,19.78,53300,18.41
2013-08-23,19.84,19.95,19.71,19.73,68200,18.36
2013-08-26,19.85,19.89,19.56,19.58,172600,18.22
2013-08-27,19.33,19.44,19.12,19.42,148900,18.07
2013-08-28,19.32,19.76,19.32,19.71,184200,18.34
2013-08-29,19.71,19.85,19.63,19.65,101400,18.29
2013-08-30,19.55,19.72,19.51,19.64,193800,18.28
2013-09-03,19.7,19.88,19.58,19.67,261700,18.3
2013-09-04,19.79,19.93,19.75,19.9,122300,18.52
2013-09-05,19.8,19.97,19.78,19.9,179300,18.52
2013-09-06,20,20.12,19.82,19.95,178000,18.57
2013-09-09,19.87,20.1,19.87,20.07,197700,18.68
2013-09-10,20.25,20.28,20.17,20.26,81700,18.85
2013-09-11,20.31,20.49,20.31,20.48,24200,19.06
2013-09-12,20.48,20.48,20.22,20.26,259500,18.85
2013-09-13,20.28,20.34,20.19,20.25,84100,18.84
2013-09-16,20.44,20.45,20.23,20.27,70600,18.86
2013-09-17,20.2,20.29,20.16,20.26,70100,18.85
2013-09-18,20.3,20.79,20.19,20.73,333600,19.29
2013-09-19,20.67,21.05,20.46,21.05,405300,19.59
2013-09-20,20.95,20.95,20.68,20.82,321200,19.37
2013-09-23,20.85,20.91,20.62,20.81,83100,19.37
2013-09-24,20.83,20.97,20.69,20.78,230200,19.34
2013-09-25,20.73,20.78,20.67,20.72,170200,19.28
2013-09-26,20.76,20.82,20.56,20.64,83200,19.21
2013-09-27,20.43,20.53,20.38,20.42,110400,19
2013-09-30,20.15,20.36,20.15,20.33,247600,18.92
2013-10-01,20.37,20.62,20.37,20.54,160500,19.11
2013-10-02,20.52,20.73,20.52,20.65,150100,19.22
2013-10-03,20.55,20.67,20.45,20.51,53700,19.09
2013-10-04,20.52,20.77,20.52,20.73,157000,19.29
2013-10-07,20.67,20.8,20.56,20.74,114100,19.3
2013-10-08,20.83,20.83,20.54,20.54,246100,19.11
2013-10-09,20.68,20.72,20.4,20.52,113200,19.1
2013-10-10,20.74,20.82,20.64,20.79,202500,19.35
2013-10-11,20.82,21.02,20.75,21.02,113000,19.56
2013-10-14,20.71,21.19,20.71,21.19,184700,19.72
2013-10-15,21.07,21.09,20.93,20.97,123900,19.51
2013-10-16,20.96,21.16,20.96,21,79900,19.54
2013-10-17,21.04,21.14,20.97,21.07,49600,19.61
2013-10-18,21.23,21.25,21.07,21.1,73600,19.64
2013-10-21,21.25,21.25,21.04,21.1,70400,19.64
2013-10-22,21.06,21.31,21.06,21.23,193500,19.76
2013-10-23,21.04,21.08,20.89,20.9,73900,19.45
2013-10-24,20.88,21.05,20.83,20.91,225500,19.46
2013-10-25,20.95,21.02,20.86,21.02,56700,19.56
2013-10-28,21.02,21.02,20.83,20.89,16500,19.44
2013-10-29,20.89,20.99,20.79,20.89,64700,19.44
2013-10-30,20.8,20.9,20.58,20.61,134700,19.18
2013-10-31,20.54,20.7,20.5,20.52,24800,19.1
2013-11-01,20.5,20.58,20.4,20.46,53000,19.04
2013-11-04,20.39,20.51,20.37,20.43,35400,19.01
2013-11-05,20.27,20.39,20.11,20.11,56400,18.71
2013-11-06,20.08,20.17,19.88,19.91,309400,18.53
2013-11-07,19.93,19.93,19.6,19.6,87600,18.24
2013-11-08,19.46,19.56,19.27,19.3,216000,17.96
2013-11-11,19.29,19.36,19.08,19.26,199100,17.92
2013-11-12,19.08,19.21,18.78,18.78,146700,17.48
2013-11-13,18.71,19.06,18.61,18.98,2e+05,17.66
2013-11-14,19.09,19.35,19,19.31,211700,17.97
2013-11-15,19.41,19.48,19.25,19.43,57400,18.08
2013-11-18,19.44,19.55,19.35,19.46,159300,18.11
2013-11-19,19.36,19.46,19.21,19.3,63600,17.96
2013-11-20,19.26,19.32,19.07,19.07,76700,17.75
2013-11-21,19.17,19.17,19.01,19.11,68900,17.78
2013-11-22,19.19,19.19,19.07,19.07,35600,17.75
2013-11-25,19.1,19.13,18.96,18.96,63200,17.64
2013-11-26,18.96,18.96,18.75,18.78,38400,17.48
2013-11-27,18.82,18.89,18.74,18.79,57200,17.49
2013-11-29,18.7,18.94,18.65,18.87,84900,17.56
2013-12-02,18.67,18.92,18.67,18.76,370900,17.46
2013-12-03,18.8,18.8,18.53,18.55,56200,17.26
2013-12-04,18.63,18.63,18.4,18.44,15900,17.16
2013-12-05,18.43,18.64,18.32,18.53,83800,17.24
2013-12-06,18.78,18.81,18.57,18.78,84800,17.48
2013-12-09,18.61,18.83,18.61,18.72,45800,17.42
2013-12-10,18.62,18.81,18.62,18.78,17700,17.48
2013-12-11,18.78,18.97,18.72,18.85,46600,17.54
2013-12-12,18.74,19.03,18.71,18.96,25200,17.64
2013-12-13,18.99,19.1,18.96,18.99,28700,17.67
2013-12-16,19,19.02,18.71,18.72,369300,17.42
2013-12-17,18.61,18.71,18.61,18.71,13800,17.41
2013-12-18,18.63,18.78,18.4,18.71,39500,17.41
2013-12-19,18.34,18.66,18.34,18.64,51800,17.35
2013-12-20,18.51,18.86,18.51,18.76,12100,17.46
2013-12-23,18.72,18.94,18.72,18.78,32500,17.48
2013-12-24,18.65,18.85,18.65,18.82,17000,17.51
2013-12-26,18.67,18.84,18.67,18.72,26000,17.42
2013-12-27,18.06,18.13,17.99,18.08,74900,17.52
2013-12-30,17.97,18.17,17.96,18.14,53400,17.58
2013-12-31,17.97,18.24,17.9,18.15,50100,17.59
2014-01-02,18.01,18.18,18,18,162300,17.44
2014-01-03,18.01,18.22,17.97,18.03,33600,17.47
2014-01-06,18.08,18.08,17.94,17.99,109200,17.44
2014-01-07,17.99,18.07,17.95,18.03,56000,17.47
2014-01-08,18.04,18.04,17.69,17.78,226400,17.23
2014-01-09,17.66,17.78,17.53,17.59,118300,17.05
2014-01-10,17.58,17.78,17.51,17.64,76800,17.1
2014-01-13,17.7,17.73,17.4,17.44,84200,16.9
2014-01-14,17.35,17.41,17.21,17.23,66500,16.7
2014-01-15,17.38,17.38,17.23,17.25,52400,16.72
2014-01-16,17.23,17.24,17.09,17.21,20100,16.68
2014-01-17,17.02,17.15,17.02,17.07,34300,16.54
2014-01-21,17.01,17.05,16.82,16.83,62300,16.31
2014-01-22,16.81,16.92,16.73,16.73,66000,16.21
2014-01-23,16.71,16.8,16.5,16.54,91300,16.03
2014-01-24,16.4,16.4,16.16,16.24,99300,15.74
2014-01-27,16.21,16.33,15.99,16.02,156300,15.53
2014-01-28,16.01,16.1,15.75,15.88,322500,15.39
2014-01-29,15.82,15.82,15.61,15.68,132100,15.2
2014-01-30,15.77,15.83,15.63,15.7,151700,15.22
2014-01-31,15.44,15.66,15.43,15.61,83000,15.13
2014-02-03,15.51,15.58,15.26,15.27,95200,14.8
2014-02-04,15.35,15.55,15.33,15.54,86200,15.06
2014-02-05,15.52,15.52,15.37,15.46,84200,14.98
2014-02-06,15.43,15.85,15.43,15.77,356600,15.28
2014-02-07,15.85,16.02,15.77,15.92,272400,15.43
2014-02-10,15.94,16,15.65,15.67,107900,15.19
2014-02-11,15.9,16.04,15.9,16.02,21900,15.53
2014-02-12,16.14,16.21,16.01,16.12,24700,15.62
2014-02-13,16.03,16.25,15.71,16.24,18800,15.74
2014-02-14,16.22,16.49,16.22,16.48,42600,15.97
2014-02-18,16.39,16.42,16.28,16.3,13900,15.8
2014-02-19,16.25,16.32,16.16,16.23,17900,15.73
2014-02-20,16.16,16.19,16.06,16.06,51700,15.56
2014-02-21,16.1,16.18,16.07,16.16,43300,15.66
2014-02-24,16.16,16.35,16.16,16.29,61600,15.79
2014-02-25,16.27,16.28,16.01,16.02,121200,15.53
2014-02-26,16.1,16.1,15.81,15.82,65100,15.33
2014-02-27,15.79,15.95,15.78,15.95,8900,15.46
2014-02-28,16.1,16.2,16.06,16.14,55900,15.64
2014-03-03,16.14,16.25,16.06,16.07,23600,15.57
2014-03-04,16.17,16.4,16.1,16.36,42700,15.86
2014-03-05,16.39,16.69,16.39,16.62,37300,16.11
2014-03-06,16.81,17.13,16.77,17.1,102400,16.57
2014-03-07,17.01,17.04,16.75,16.84,48200,16.32
2014-03-10,16.69,16.8,16.69,16.75,49400,16.23
2014-03-11,16.72,16.85,16.72,16.84,47900,16.32
2014-03-12,16.9,16.9,16.78,16.83,47000,16.31
2014-03-13,16.95,16.99,16.83,16.97,292000,16.45
2014-03-14,16.91,16.99,16.87,16.91,17900,16.39
2014-03-17,17.07,17.09,16.91,17.01,31700,16.49
2014-03-18,17.09,17.16,16.99,17.14,100300,16.61
2014-03-19,17.11,17.42,17.11,17.26,73600,16.73
2014-03-20,17.22,17.52,17.22,17.52,68500,16.98
2014-03-21,17.66,17.72,17.55,17.72,98000,17.17
2014-03-24,17.78,17.78,17.62,17.62,101200,17.08
2014-03-25,17.75,18.01,17.75,17.97,97100,17.42
2014-03-26,18,18.16,18,18.11,170400,17.55
2014-03-27,18.2,18.66,18.19,18.66,612300,18.08
2014-03-28,18.71,18.77,18.54,18.67,342400,18.09
2014-03-31,18.7,18.76,18.57,18.63,231700,18.06
2014-04-01,18.75,18.89,18.6,18.85,83200,18.27
2014-04-02,18.94,19.04,18.85,19.04,86600,18.45
2014-04-03,19.14,19.14,18.87,18.93,455600,18.35
2014-04-04,19.09,19.33,18.95,19.09,122000,18.5
2014-04-07,19.13,19.13,18.92,19.01,170200,18.42
2014-04-08,19.04,19.24,19.01,19.03,69000,18.44
2014-04-09,19.02,19.04,18.78,18.94,137800,18.36
2014-04-10,18.9,19.13,18.9,19.04,54200,18.45
2014-04-11,19.08,19.11,18.9,19.01,63200,18.42
2014-04-14,19.01,19.15,19.01,19.1,139000,18.51
2014-04-15,19.02,19.03,18.7,18.8,320600,18.22
2014-04-16,18.93,18.93,18.77,18.89,321800,18.31
2014-04-17,18.93,19.21,18.84,19.15,127900,18.56
2014-04-21,19.21,19.25,19.08,19.13,46300,18.54
2014-04-22,19.17,19.17,18.94,19.02,42200,18.43
2014-04-23,18.96,18.98,18.85,18.93,78700,18.35
2014-04-24,18.87,18.92,18.71,18.79,165600,18.21
2014-04-25,18.69,18.82,18.6,18.77,174900,18.19
2014-04-28,18.76,18.91,18.76,18.86,75800,18.28
2014-04-29,18.83,19.03,18.71,18.98,110200,18.39
2014-04-30,19.07,19.07,18.84,19.02,384500,18.43
2014-05-01,19.09,19.19,19.06,19.1,75700,18.51
2014-05-02,19.06,19.11,19.01,19.07,80000,18.48
2014-05-05,18.93,19.14,18.89,18.94,197500,18.36
2014-05-06,18.85,19.05,18.85,19.03,64300,18.44
2014-05-07,19.02,19.24,19.01,19.22,370400,18.63
2014-05-08,19.3,19.57,19.27,19.51,120500,18.91
2014-05-09,19.51,19.53,19.38,19.38,254900,18.78
2014-05-12,19.44,19.53,19.33,19.51,276300,18.91
2014-05-13,19.51,19.51,19.35,19.39,55800,18.79
2014-05-14,19.35,19.46,19.33,19.38,53900,18.78
2014-05-15,19.3,19.3,19.06,19.15,63600,18.56
2014-05-16,19.23,19.24,19.11,19.17,23800,18.58
2014-05-19,19.25,19.38,19.25,19.27,29700,18.68
2014-05-20,19.28,19.28,19,19,34000,18.41
2014-05-21,19.13,19.24,19.11,19.22,10500,18.63
2014-05-22,19.27,19.39,19.27,19.34,70200,18.74
2014-05-23,19.39,19.39,19.27,19.34,121700,18.74
2014-05-27,19.32,19.32,19.15,19.23,37600,18.64
2014-05-28,19.15,19.26,19.13,19.17,85200,18.58
2014-05-29,19.3,19.3,19.19,19.26,36500,18.67
2014-05-30,19.25,19.33,19.23,19.26,123000,18.67
2014-06-02,19.26,19.45,19.25,19.39,205600,18.79
2014-06-03,19.33,19.54,19.33,19.53,59500,18.93
2014-06-04,19.51,19.51,19.37,19.45,111000,18.85
2014-06-05,19.54,19.61,19.54,19.6,37000,19
2014-06-06,19.73,19.8,19.73,19.76,37500,19.15
2014-06-09,19.64,19.83,19.54,19.82,95100,19.21
2014-06-10,19.77,20.15,19.77,20.1,93800,19.48
2014-06-11,20.2,20.3,20.09,20.28,265800,19.65
2014-06-12,20.36,20.42,20.23,20.31,210300,19.68
2014-06-13,20.39,20.41,20.28,20.34,22800,19.71
2014-06-16,20.33,20.41,20.25,20.36,88700,19.73
2014-06-17,20.19,20.2,20.01,20.09,34800,19.47
2014-06-18,20.06,20.37,20.06,20.35,317100,19.72
2014-06-19,20.4,20.45,20.3,20.32,73400,19.69
2014-06-20,20.41,20.52,20.34,20.47,197200,19.84
2014-06-23,20.39,20.47,20.39,20.47,61900,19.84
2014-06-24,20.52,20.52,20.27,20.29,42200,19.66
2014-06-25,20.35,20.44,20.29,20.33,45000,19.7
2014-06-26,20.37,20.37,20.2,20.25,12600,19.63
2014-06-27,20.27,20.32,20.19,20.25,55600,19.63
2014-06-30,20.13,20.28,20.07,20.15,55700,19.53
2014-07-01,20.27,20.49,20.18,20.38,85200,19.75
2014-07-02,20.35,20.5,20.34,20.41,59800,19.78
2014-07-03,20.46,20.68,20.31,20.68,22700,20.04
2014-07-07,20.64,20.64,20.41,20.48,29600,19.85
2014-07-08,20.45,20.45,20.32,20.32,73300,19.69
2014-07-09,20.38,20.56,20.17,20.17,109700,19.55
2014-07-10,19.97,20.25,19.86,20.18,77100,19.56
2014-07-11,20.08,20.25,20.08,20.18,67900,19.56
2014-07-14,20.3,20.3,20.11,20.16,97700,19.54
2014-07-15,20.08,20.09,19.93,20.07,100500,19.45
2014-07-16,20.16,20.3,19.99,20.22,124500,19.6
2014-07-17,20.09,20.23,19.65,20.06,66800,19.44
2014-07-18,20.27,20.27,20.02,20.13,46000,19.51
2014-07-21,20.1,20.33,20.1,20.28,57700,19.65
2014-07-22,20.37,20.56,20.37,20.5,17500,19.87
2014-07-23,20.48,20.54,20.43,20.53,8900,19.9
2014-07-24,20.49,20.51,20.38,20.48,31900,19.85
2014-07-25,20.38,20.52,20.38,20.45,16100,19.82
2014-07-28,20.47,20.78,20.47,20.78,81900,20.14
2014-07-29,20.79,20.82,20.5,20.55,29700,19.92
2014-07-30,20.42,20.47,20.27,20.39,148400,19.76
2014-07-31,20.08,20.28,20.08,20.25,133500,19.63
2014-08-01,20.19,20.43,20.19,20.42,107300,19.79
2014-08-04,20.24,20.49,20.24,20.49,18400,19.86
2014-08-05,20.36,20.47,20.36,20.43,20700,19.8
2014-08-06,20.36,20.47,20.34,20.36,41100,19.73
2014-08-07,20.5,20.5,20.25,20.32,43000,19.69
2014-08-08,20.29,20.39,20.21,20.38,52800,19.75
2014-08-11,20.41,20.73,20.41,20.73,110500,20.09
2014-08-12,20.72,20.79,20.61,20.63,98300,19.99
2014-08-13,20.55,20.56,20.41,20.53,61300,19.9
2014-08-14,20.56,20.63,20.41,20.46,48100,19.83
2014-08-15,20.43,20.43,20.21,20.26,83300,19.64
2014-08-18,20.27,20.46,20.14,20.45,11200,19.82
2014-08-19,20.39,20.41,20.21,20.23,31300,19.61
2014-08-20,20.23,20.23,20.13,20.22,236200,19.6
2014-08-21,20.2,20.33,20.2,20.24,35200,19.62
2014-08-22,20.27,20.28,20.16,20.28,264100,19.65
2014-08-25,20.16,20.19,20.04,20.06,79200,19.44
2014-08-26,20.13,20.27,20.06,20.19,352300,19.57
2014-08-27,20.28,20.43,20.28,20.42,56200,19.79
2014-08-28,20.3,20.53,20.3,20.53,221000,19.9
2014-08-29,20.66,20.7,20.55,20.56,143400,19.93
2014-09-02,20.68,20.78,20.65,20.67,468200,20.03
2014-09-03,20.72,20.72,20.6,20.64,122800,20
2014-09-04,20.67,20.67,20.37,20.38,57900,19.75
2014-09-05,20.45,20.48,20.27,20.32,79500,19.69
2014-09-08,20.38,20.38,20.06,20.08,57500,19.46
2014-09-09,20.06,20.06,19.73,19.83,70200,19.22
2014-09-10,19.76,19.83,19.7,19.79,53200,19.18
2014-09-11,19.66,19.69,19.54,19.58,143600,18.98
2014-09-12,19.49,19.49,19.34,19.42,145700,18.82
2014-09-15,19.52,19.58,19.4,19.45,53400,18.85
2014-09-16,19.46,19.68,19.46,19.63,110000,19.02
2014-09-17,19.6,19.67,19.55,19.65,52100,19.04
2014-09-18,19.58,19.69,19.53,19.65,127300,19.04
2014-09-19,19.71,19.72,19.56,19.57,96900,18.97
2014-09-22,19.56,19.56,19.19,19.2,21700,18.61
2014-09-23,19.21,19.21,18.84,18.84,45600,18.26
2014-09-24,18.76,18.78,18.65,18.69,159300,18.11
2014-09-25,18.54,18.54,18.28,18.34,152800,17.77
2014-09-26,18.24,18.45,18.19,18.4,98800,17.83
2014-09-29,18.19,18.26,18.15,18.25,107500,17.69
2014-09-30,18.25,18.34,18.18,18.27,228500,17.71
2014-10-01,18.09,18.18,17.79,17.98,287700,17.43
2014-10-02,17.98,17.98,17.71,17.87,93000,17.32
2014-10-03,17.88,17.94,17.61,17.93,72000,17.38
2014-10-06,18.18,18.2,18.03,18.06,111100,17.5
2014-10-07,18.16,18.16,17.83,17.85,69700,17.3
2014-10-08,17.86,17.86,17.37,17.72,175700,17.17
2014-10-09,17.68,17.73,17.5,17.5,14000,16.96
2014-10-10,17.4,17.4,17.19,17.23,52100,16.7
2014-10-13,17.29,17.38,17.18,17.19,60900,16.66
2014-10-14,17.27,17.27,16.99,16.99,169900,16.47
2014-10-15,16.86,16.86,16.47,16.77,194800,16.25
2014-10-16,16.48,16.98,16.37,16.98,21700,16.46
2014-10-17,16.99,17.21,16.99,17.13,233300,16.6
2014-10-20,17.13,17.28,17.13,17.28,24500,16.75
2014-10-21,17.27,17.61,17.27,17.61,69200,17.07
2014-10-22,17.55,17.55,17.28,17.28,38000,16.75
2014-10-23,17.34,17.51,17.34,17.46,383100,16.92
2014-10-24,17.4,17.46,17.26,17.43,133800,16.89
2014-10-27,17.24,17.29,17.07,17.26,161600,16.73
2014-10-28,17.31,17.43,17.27,17.41,45800,16.87
2014-10-29,17.5,17.56,17.35,17.41,38100,16.87
2014-10-30,17.42,17.5,17.33,17.5,66800,16.96
2014-10-31,17.61,17.61,17.3,17.56,197600,17.02
2014-11-03,17.53,17.53,17.25,17.31,117400,16.78
2014-11-04,17.18,17.22,17.12,17.22,54900,16.69
2014-11-05,17.08,17.15,17.06,17.09,257700,16.56
2014-11-06,17.13,17.17,16.93,16.97,35300,16.45
2014-11-07,16.93,17.09,16.93,17.07,19300,16.54
2014-11-10,17,17.06,16.95,16.99,36000,16.47
2014-11-11,16.9,16.9,16.79,16.84,35400,16.32
2014-11-12,16.76,16.89,16.76,16.87,43200,16.35
2014-11-13,16.8,16.8,16.35,16.41,26200,15.9
2014-11-14,16.34,16.34,16.17,16.33,62300,15.83
2014-11-17,16.22,16.31,16.19,16.2,162300,15.7
2014-11-18,16.14,16.33,16.14,16.29,31100,15.79
2014-11-19,16.3,16.3,16.01,16.14,20600,15.64
2014-11-20,16.2,16.23,16.08,16.19,27300,15.69
2014-11-21,16.35,16.46,16.32,16.41,72800,15.9
2014-11-24,16.38,16.38,16.12,16.16,128200,15.66
2014-11-25,16.19,16.22,15.91,15.99,73000,15.5
2014-11-26,16.08,16.08,15.72,15.75,203900,15.26
2014-11-28,15.44,15.44,14.7,14.72,127500,14.27
2014-12-01,14.59,14.64,14.14,14.24,203500,13.8
2014-12-02,14.23,14.23,13.99,14.02,87700,13.59
2014-12-03,14.15,14.23,14.06,14.2,145600,13.76
2014-12-04,14.18,14.18,13.91,13.96,217600,13.53
2014-12-05,13.9,13.9,13.71,13.75,47400,13.33
2014-12-08,13.59,13.65,13.38,13.44,52100,13.03
2014-12-09,13.09,13.35,13.09,13.29,77200,12.88
2014-12-10,13.17,13.17,12.51,12.57,253800,12.18
2014-12-11,12.51,12.55,12.13,12.23,156800,11.85
2014-12-12,12.09,12.23,11.98,11.98,120400,11.61
2014-12-15,12.03,12.05,11.57,11.65,110200,11.29
2014-12-16,11.46,11.82,11.4,11.8,248100,11.44
2014-12-17,11.69,12.58,11.69,12.57,108700,12.18
2014-12-18,12.79,13.34,12.79,12.84,241100,12.44
2014-12-19,13.03,13.46,13,13.42,74700,13.01
2014-12-22,13.38,13.56,13.17,13.47,215700,13.05
2014-12-23,13.46,13.68,13.45,13.54,48800,13.12
2014-12-24,13.55,13.55,13.41,13.51,17900,13.09
2014-12-26,13.54,13.61,13.24,13.36,60600,12.95
2014-12-29,12.95,13.02,12.81,12.85,283800,12.85
2014-12-30,12.73,12.9,12.73,12.9,69100,12.9
2014-12-31,12.98,13.06,12.76,12.86,59700,12.86
2015-01-02,12.76,12.88,12.66,12.74,161400,12.74
2015-01-05,12.52,12.57,11.85,11.91,374700,11.91
2015-01-06,11.91,11.91,11.66,11.78,165900,11.78
2015-01-07,11.85,12.07,11.79,11.95,163900,11.95
2015-01-08,12.16,12.22,12.06,12.1,77200,12.1
2015-01-09,12.2,12.2,11.98,12.11,46700,12.11
2015-01-12,12.07,12.07,11.87,11.97,98000,11.97
2015-01-13,11.99,12.03,11.81,11.83,180800,11.83
2015-01-14,11.74,11.79,11.55,11.79,78000,11.79
2015-01-15,11.93,12,11.72,11.74,100200,11.74
2015-01-16,11.78,11.94,11.78,11.93,22700,11.93
2015-01-20,11.92,11.98,11.86,11.97,202400,11.97
2015-01-21,11.88,12.12,11.88,12.07,115400,12.07
2015-01-22,12.07,12.31,12.05,12.31,117700,12.31
2015-01-23,12.24,12.33,12.17,12.3,78800,12.3
