"Index","IDX.Open","IDX.High","IDX.Low","IDX.Close","IDX.Volume","IDX.Adjusted"
2009-01-20,24.67,24.67,23.65,23.65,1200,7.12
2009-01-21,23.65,23.65,23.65,23.65,0,7.12
2009-01-22,24.06,24.06,24.06,24.06,300,7.24
2009-01-23,24.85,24.85,24.85,24.85,1800,7.48
2009-01-26,24.7,25.48,24.7,25.48,600,7.67
2009-01-27,25.48,25.48,25.48,25.48,0,7.67
2009-01-28,25.48,25.48,25.48,25.48,0,7.67
2009-01-29,25.48,25.48,25.48,25.48,0,7.67
2009-01-30,23.87,23.87,23.87,23.87,1800,7.19
2009-02-02,23.01,23.28,23.01,23.28,31800,7.01
2009-02-03,23.25,23.25,23.25,23.25,600,7
2009-02-04,23.46,23.75,23.38,23.38,7200,7.04
2009-02-05,23.93,23.97,23.93,23.97,600,7.22
2009-02-06,23.97,25.2,23.97,25.2,1200,7.59
2009-02-09,24.31,26.04,24.13,24.44,4800,7.36
2009-02-10,23.45,23.58,23.25,23.25,900,7
2009-02-11,23.8,23.8,21.53,23.36,33300,7.03
2009-02-12,22.62,22.68,22.11,22.11,31200,6.66
2009-02-13,23.66,23.66,23.62,23.62,600,7.11
2009-02-17,22.78,22.81,22.66,22.66,31200,6.82
2009-02-18,22.87,23.08,22.66,23.08,82800,6.95
2009-02-19,23.04,23.19,22.62,22.69,41400,6.83
2009-02-20,22.1,22.29,21.79,22.01,109800,6.63
2009-02-23,22.64,22.66,22.09,22.09,102300,6.65
2009-02-24,22.35,23.05,22.34,23.05,32100,6.94
2009-02-25,22.4,22.4,22.1,22.3,66600,6.71
2009-02-26,22.17,22.45,21.96,21.97,49800,6.61
2009-02-27,21.92,21.95,21.92,21.95,54600,6.61
2009-03-02,21.64,21.68,20.85,20.87,65700,6.28
2009-03-03,21.11,21.12,21.11,21.12,1500,6.36
2009-03-04,22.32,22.83,22.14,22.83,77700,6.87
2009-03-05,21.6,21.6,21.6,21.6,300,6.5
2009-03-06,21.6,21.6,21.6,21.6,0,6.5
2009-03-09,22.02,22.03,22.02,22.03,45900,6.63
2009-03-10,22.84,23.32,22.84,23.32,32700,7.02
2009-03-11,22.94,23.02,22.94,23.02,30900,6.93
2009-03-12,22.69,23.55,22.69,23.55,36300,7.09
2009-03-13,23,23,22.78,22.8,35700,6.86
2009-03-16,22.99,23.03,22.82,23.03,35100,6.93
2009-03-17,22.72,23.02,22.72,23.02,31500,6.93
2009-03-18,22.81,23.41,22.8,23.41,61500,7.05
2009-03-19,23.58,23.58,23.2,23.25,238500,7
2009-03-20,24.14,24.14,23.75,24.11,17400,7.26
2009-03-23,25.66,26.2,25.66,26.2,19200,7.89
2009-03-24,26.56,26.76,26.45,26.76,9000,8.06
2009-03-25,26.03,26.1,26.03,26.1,4500,7.86
2009-03-26,25.99,26.33,25.6,26.33,43800,7.93
2009-03-27,26.55,26.68,26.41,26.42,44700,7.95
2009-03-30,25.46,25.52,25.03,25.03,47700,7.54
2009-03-31,25.6,25.67,25.6,25.67,2100,7.73
2009-04-01,26.08,26.49,26.08,26.49,1800,7.98
2009-04-02,27.94,28.1,27.77,27.9,50700,8.4
2009-04-03,27.53,27.96,27.53,27.92,14400,8.41
2009-04-06,28.1,28.11,27.67,28.09,44100,8.46
2009-04-07,28.01,28.01,27.56,27.74,17400,8.35
2009-04-08,27.65,27.92,27.53,27.7,32400,8.34
2009-04-09,27.79,28.64,27.79,28.64,51900,8.62
2009-04-13,29.58,30.22,29.58,30.22,105300,9.1
2009-04-14,31,31.26,30.76,30.77,77700,9.26
2009-04-15,31.34,31.5,31.26,31.5,45600,9.48
2009-04-16,32.34,32.96,32.25,32.77,66000,9.87
2009-04-17,32.95,33.2,32.7,33.06,77700,9.95
2009-04-20,33.35,33.35,32.27,32.28,24600,9.72
2009-04-21,31.96,32.73,31,32.66,56100,9.83
2009-04-22,31.67,32.36,31.32,31.99,84300,9.63
2009-04-23,31.37,31.37,30.94,31.24,72900,9.41
2009-04-24,31.76,32.16,31.75,32.16,8700,9.68
2009-04-27,31.55,31.82,31.5,31.64,23700,9.53
2009-04-28,31.8,32.31,31.8,32.31,15600,9.73
2009-04-29,33.11,33.52,33.07,33.32,36600,10.03
2009-04-30,35.24,35.43,34.93,35.04,52200,10.55
2009-05-01,35.84,35.85,35.5,35.7,25200,10.75
2009-05-04,40.8,40.8,37.71,39.17,135900,11.79
2009-05-05,38.17,38.17,37.17,37.7,17100,11.35
2009-05-06,38.59,38.9,38.44,38.8,21600,11.68
2009-05-07,39.53,39.81,38.65,38.78,128400,11.68
2009-05-08,40.71,41.12,40.32,41.04,37500,12.36
2009-05-11,40.05,40.05,39.32,39.78,34800,11.98
2009-05-12,39.79,39.79,39.13,39.46,24300,11.88
2009-05-13,39.82,39.82,39.11,39.13,24600,11.78
2009-05-14,38.32,38.53,37.91,38.4,23700,11.56
2009-05-15,37.4,37.4,36.82,37,24300,11.14
2009-05-18,38,39.63,38,39.46,21000,11.88
2009-05-19,40.46,42.06,40.46,42,239400,12.65
2009-05-20,41.67,41.84,40.72,40.88,32700,12.31
2009-05-21,40.51,40.6,39.87,40.28,44700,12.13
2009-05-22,40.93,41.46,40.93,41.2,30600,12.41
2009-05-26,40.31,41.35,40.18,41.26,251100,12.42
2009-05-27,41.2,41.2,40.06,40.08,91200,12.07
2009-05-28,41.29,41.73,40.86,41.71,363300,12.56
2009-05-29,42.04,42.04,41.54,41.62,97800,12.53
2009-06-01,42.83,45.36,42.83,45.35,108300,13.65
2009-06-02,44.58,45.08,44.4,44.99,152400,13.55
2009-06-03,45.47,45.47,44.25,44.61,158400,13.43
2009-06-04,45.61,46.48,45.61,46.48,217500,13.99
2009-06-05,47.48,48.29,47.48,47.87,202800,14.41
2009-06-08,47,47.16,46.39,47.05,169800,14.17
2009-06-09,47.61,48.68,47.25,47.61,96900,14.34
2009-06-10,48.18,48.18,47,47.46,323700,14.29
2009-06-11,46.85,47.27,46.66,46.9,77100,14.12
2009-06-12,46.65,46.8,46.34,46.56,35100,14.02
2009-06-15,45.83,53.23,44.79,44.92,89700,13.53
2009-06-16,44.74,44.74,43.89,43.89,50100,13.21
2009-06-17,43.81,44.05,43.41,43.77,116400,13.18
2009-06-18,42.77,43.9,41.62,41.9,219300,12.62
2009-06-19,42.77,43.04,42.65,42.88,73500,12.91
2009-06-22,42.01,42.01,40.95,40.95,63900,12.33
2009-06-23,40.44,40.44,39.1,40.14,141900,12.09
2009-06-24,42,43.32,42,42.94,138000,12.93
2009-06-25,44.28,44.91,43.86,44.91,84600,13.52
2009-06-26,44.54,44.71,44.19,44.64,71100,13.44
2009-06-29,45.64,45.64,44.1,44.93,51000,13.53
2009-06-30,45.73,45.73,43.67,43.85,35400,13.2
2009-07-01,44.35,45.21,44.35,44.99,42600,13.55
2009-07-02,44.66,44.66,43.95,43.95,51900,13.23
2009-07-06,43.48,44.39,43.48,44.39,204300,13.37
2009-07-07,44.16,45.18,44.16,44.36,69900,13.36
2009-07-08,44.84,45.08,44.15,44.62,131700,13.43
2009-07-09,45.49,46.72,45.45,45.74,112500,13.77
2009-07-10,45.11,45.13,44.18,45.03,82800,13.56
2009-07-13,44.14,44.91,43,44.91,55200,13.52
2009-07-14,44.9,45.03,44.68,45.03,8100,13.56
2009-07-15,47,48.68,46.93,47.71,151800,14.37
2009-07-16,46.8,48,46.53,47.21,422700,14.21
2009-07-17,46.54,47.5,46.21,46.48,135900,13.99
2009-07-20,47.12,48.86,47.11,48.56,348900,14.62
2009-07-21,48.43,48.53,48,48.35,200100,14.56
2009-07-22,47.78,48.13,47.52,47.83,105300,14.4
2009-07-23,48.54,49.62,48.5,49.37,219000,14.86
2009-07-24,49.25,49.69,49.06,49.69,112200,14.96
2009-07-27,50.14,50.37,49.89,50.16,495900,15.1
2009-07-28,50.91,50.91,50.31,50.87,87900,15.32
2009-07-29,50.31,50.57,49.72,50.2,225000,15.11
2009-07-30,51.86,52.76,51.85,52.31,246600,15.75
2009-07-31,53.75,54.22,53.59,53.61,195000,16.14
2009-08-03,54.35,55.11,54,54.69,270000,16.47
2009-08-04,53.91,55.9,53.91,55.52,498600,16.72
2009-08-05,54.41,54.42,53.62,54.26,542700,16.34
2009-08-06,55.26,55.66,54.63,54.77,68100,16.49
2009-08-07,55.61,55.95,54.34,55.85,222600,16.82
2009-08-10,56.12,56.27,55.57,56.13,556800,16.9
2009-08-11,56.1,56.1,54.83,55.27,213000,16.64
2009-08-12,54.38,55.55,54.17,55.28,196800,16.64
2009-08-13,56.11,56.3,55.16,56.23,170700,16.93
2009-08-14,55.64,55.75,54.69,54.93,207000,16.54
2009-08-17,53.95,53.95,52.4,52.4,279300,15.78
2009-08-18,53.19,53.93,53.05,53.79,75600,16.2
2009-08-19,51.47,52.45,51.23,52.28,196500,15.74
2009-08-20,52.64,53.33,52.27,53.31,124800,16.05
2009-08-21,53.93,54.74,53.9,54.62,522300,16.45
2009-08-24,54,55.95,54,55.08,694200,16.58
2009-08-25,55.09,55.25,54.63,54.63,154800,16.45
2009-08-26,54.51,54.85,54.34,54.65,192900,16.45
2009-08-27,53.72,53.72,52.63,53.64,210000,16.15
2009-08-28,55.45,55.45,54.14,54.41,180300,16.38
2009-08-31,53.17,53.35,52.78,52.98,145200,15.95
2009-09-01,53.34,53.39,51.81,52.29,185700,15.74
2009-09-02,51.51,51.54,50.54,51.41,294600,15.48
2009-09-03,52.24,52.94,52.15,52.94,186000,15.94
2009-09-04,52.69,52.98,52.24,52.98,65400,15.95
2009-09-08,54.72,54.75,54.28,54.72,125400,16.48
2009-09-09,55.53,55.83,55.21,55.81,77100,16.8
2009-09-10,55.88,56.54,55.61,56.54,169500,17.02
2009-09-11,56.54,56.72,56.15,56.58,79500,17.04
2009-09-14,55.49,56,55.27,56,84600,16.86
2009-09-15,56.74,57.27,56.31,57.03,179100,17.17
2009-09-16,57.91,59.23,57.91,59.23,348600,17.83
2009-09-17,59.08,59.42,58.72,58.85,130500,17.72
2009-09-18,59.16,59.29,58.69,58.83,80700,17.71
2009-09-21,58.91,59.58,57.82,59.06,180300,17.78
2009-09-22,59.65,59.95,59.37,59.6,273300,17.95
2009-09-23,59.65,60.09,59,59,182400,17.76
2009-09-24,59.65,59.79,58.25,58.98,162900,17.76
2009-09-25,59,59,58.2,58.49,64800,17.61
2009-09-28,57.49,58.13,56.95,57.79,261000,17.4
2009-09-29,59.2,59.2,58.33,58.7,988800,17.67
2009-09-30,59.65,59.7,58.7,59.24,165600,17.84
2009-10-01,60.06,60.06,58.63,58.77,501000,17.7
2009-10-02,58.93,59.61,58.64,59.47,462000,17.91
2009-10-05,60.66,61.12,59.94,60.82,820500,18.31
2009-10-06,62.71,63.24,62.29,62.99,555600,18.97
2009-10-07,62.06,62.71,61.5,62.24,293400,18.74
2009-10-08,61.34,61.43,60.82,61.28,661200,18.45
2009-10-09,61.2,61.2,60.5,60.99,585600,18.36
2009-10-12,60.28,61.25,59.95,60.2,632400,18.13
2009-10-13,60.67,60.86,60.24,60.64,386100,18.26
2009-10-14,62.95,63.13,62.35,63.11,327000,19
2009-10-15,62.7,62.99,62.39,62.97,156300,18.96
2009-10-16,62.61,62.61,61.61,62.16,327300,18.72
2009-10-19,62.57,63.33,62.27,63.23,160200,19.04
2009-10-20,62.38,62.38,61.5,61.7,261600,18.58
2009-10-21,61.08,61.79,60.69,60.96,175500,18.35
2009-10-22,60.05,60.15,58.52,60.09,336300,18.09
2009-10-23,61.24,61.34,60.12,60.45,273000,18.2
2009-10-26,60.55,61.05,59.49,59.86,263400,18.02
2009-10-27,58.98,59.02,58.03,58.57,253200,17.63
2009-10-28,56.93,56.93,54.47,54.65,966600,16.45
2009-10-29,56.48,57.49,56.2,57.44,303300,17.29
2009-10-30,57.27,57.27,55.05,55.14,507000,16.6
2009-11-02,57.28,57.55,56.15,56.77,645000,17.09
2009-11-03,56.25,56.64,55,55.75,1073700,16.79
2009-11-04,57.6,57.94,57.1,57.3,305400,17.25
2009-11-05,57.76,59.13,57.76,58.83,123600,17.71
2009-11-06,59.86,59.86,57.83,58.61,137400,17.65
2009-11-09,59.55,60.46,59.01,60.46,143400,18.2
2009-11-10,58.67,58.68,58.1,58.34,260400,17.57
2009-11-11,59,59.56,58.84,59.02,90900,17.77
2009-11-12,59.38,59.9,59.33,59.68,638100,17.97
2009-11-13,60.38,60.84,59.72,60.41,69300,18.19
2009-11-16,61.5,62.41,60.85,62.05,300300,18.68
2009-11-17,61.65,62.59,61.12,61.71,103500,18.58
2009-11-18,62.94,62.94,61.35,62.11,72600,18.7
2009-11-19,61.11,61.11,59.43,60.18,162600,18.12
2009-11-20,61.18,61.5,60.73,61.1,92700,18.4
2009-11-23,61.29,62.25,61.29,61.69,130500,18.57
2009-11-24,61.12,62.15,60.37,61.04,137700,18.38
2009-11-25,61.28,61.47,61,61.44,92100,18.5
2009-11-27,58,58.5,56.8,58.24,409200,17.54
2009-11-30,60.38,60.38,58.72,60.18,204000,18.12
2009-12-01,62.05,62.05,60.87,61.25,165900,18.44
2009-12-02,61.5,61.84,61.28,61.77,152100,18.6
2009-12-03,62,62.45,61.51,61.57,77700,18.54
2009-12-04,62.77,63.54,62.29,63.13,198900,19.01
2009-12-07,62.17,62.99,61.82,61.94,66900,18.65
2009-12-08,61.05,61.19,60.33,60.5,464700,18.22
2009-12-09,61.49,61.66,61.16,61.64,60600,18.56
2009-12-10,61.78,61.87,61.47,61.55,84600,18.53
2009-12-11,61.99,62.28,61.91,62.04,100500,18.68
2009-12-14,62.32,62.32,61.59,61.8,170100,18.61
2009-12-15,61.3,61.86,61.3,61.81,441000,18.61
2009-12-16,62.66,62.69,62.25,62.44,81000,18.8
2009-12-17,61.42,61.46,61.15,61.15,59100,18.41
2009-12-18,61.04,61.45,60.9,61.28,123900,18.45
2009-12-21,60.06,61.1,59.51,59.61,121800,17.95
2009-12-22,60.36,61.07,60.36,60.86,408600,18.32
2009-12-23,60.8,60.8,60.28,60.68,77700,18.32
2009-12-24,61,61.69,60.67,61.32,48600,18.52
2009-12-28,62.25,62.25,61.63,61.65,93900,18.62
2009-12-29,62.01,62.45,61.98,62.45,143700,18.86
2009-12-30,62.5,62.7,62.44,62.5,138600,18.87
2009-12-31,63.26,63.26,62.17,62.17,136800,18.77
2010-01-04,63.17,65.25,63.17,65.12,150900,19.67
2010-01-05,65.67,66.29,65.21,66.24,547200,20
2010-01-06,66.07,67.03,65.75,65.92,136800,19.91
2010-01-07,66.08,66.08,65.5,65.86,103800,19.89
2010-01-08,66.78,67.26,66.5,66.79,187800,20.17
2010-01-11,67.79,68.78,67.29,67.66,276600,20.43
2010-01-12,68.47,68.5,67.57,67.82,306000,20.48
2010-01-13,67.77,67.93,67.01,67.55,238500,20.4
2010-01-14,67.45,68.39,67.45,68.39,260100,20.65
2010-01-15,67.68,68.71,66.77,67.09,121500,20.26
2010-01-19,68.06,68.82,67.93,68.82,222900,20.78
2010-01-20,67.31,67.77,66.36,66.77,279600,20.16
2010-01-21,66.66,66.66,64.84,64.87,464700,19.59
2010-01-22,64.35,64.78,63.2,63.24,219600,19.1
2010-01-25,64.84,64.84,63.74,63.89,169800,19.29
2010-01-26,63.11,64.24,63,63.54,141900,19.19
2010-01-27,62.9,63.01,61.97,63,564000,19.03
2010-01-28,64.58,65.22,63.47,63.74,210900,19.25
2010-01-29,64.95,64.97,63.5,63.69,229200,19.23
2010-02-01,63.36,64.44,63.32,64.44,103800,19.46
2010-02-02,64.07,64.79,63.47,64.68,313200,19.53
2010-02-03,64.42,64.8,64.16,64.56,667200,19.5
2010-02-04,64.22,64.22,61.9,61.9,382800,18.69
2010-02-05,61.12,61.51,59.8,60.56,627900,18.29
2010-02-08,59.84,61.22,59.49,59.49,278700,17.97
2010-02-09,60.84,61.83,60.67,61.41,125400,18.54
2010-02-10,61.46,61.46,60.42,60.82,289500,18.37
2010-02-11,61.12,61.82,60.67,61.76,72000,18.65
2010-02-12,61.7,62.29,60.78,62.14,164700,18.77
2010-02-16,63.02,64.22,62.87,64.17,204300,19.38
2010-02-17,64.96,65,64.63,64.91,168000,19.6
2010-02-18,64.05,64.62,63.67,64.42,231600,19.45
2010-02-19,63.94,64.33,63.55,64.28,256500,19.41
2010-02-22,64.63,64.63,63.94,64.05,144300,19.34
2010-02-23,64.1,64.54,63.02,63.36,264600,19.13
2010-02-24,63.71,64.41,63.71,63.73,42300,19.25
2010-02-25,62.73,63.21,62,63.2,446400,19.09
2010-02-26,63.04,63.89,62.92,63.82,387600,19.27
2010-03-01,64.6,64.91,63.72,64.53,514200,19.49
2010-03-02,65.19,65.19,64.56,64.76,189900,19.56
2010-03-03,64.95,64.95,64.29,64.47,237000,19.47
2010-03-04,64.68,64.89,64.13,64.57,138900,19.5
2010-03-05,65.18,65.91,65.01,65.88,168300,19.89
2010-03-08,66.92,67.05,66.56,66.87,801300,20.19
2010-03-09,67.65,68.17,67.3,67.86,317700,20.49
2010-03-10,68.33,68.38,67.9,68.04,215400,20.55
2010-03-11,67.89,68.16,67.52,68.03,208800,20.54
2010-03-12,68,68.35,67.7,67.88,194700,20.5
2010-03-15,67.75,67.86,67.21,67.82,150300,20.48
2010-03-16,68.02,68.4,67.69,68.31,292800,20.63
2010-03-17,70.56,70.88,70.32,70.79,363300,21.38
2010-03-18,70.62,70.69,69.81,70.04,489600,21.15
2010-03-19,69.36,70.56,69.26,69.36,194100,20.95
2010-03-22,68.62,69.27,68.31,69.27,371700,20.92
2010-03-23,68.58,69.44,68.57,69.37,227700,20.95
2010-03-24,70.11,70.19,69.74,70.12,402000,21.18
2010-03-25,71,71.49,70.42,70.42,456000,21.27
2010-03-26,71.42,71.67,70.45,70.45,1401000,21.27
2010-03-29,70.77,71.16,70.48,71.16,404400,21.49
2010-03-30,71.28,71.35,70.82,70.85,372000,21.4
2010-03-31,70.01,70.56,69.83,69.83,284100,21.09
2010-04-01,72.19,72.4,71.76,72.09,759300,21.77
2010-04-05,73.56,74.13,73.5,73.87,492900,22.31
2010-04-06,73.76,74.5,73,74.22,547500,22.41
2010-04-07,74.32,74.32,73.24,73.85,681000,22.3
2010-04-08,72.53,72.72,71.63,72.36,1443600,21.85
2010-04-09,72.22,72.22,71.75,72.04,268800,21.76
2010-04-12,73.13,73.48,72.88,73.4,399300,22.17
2010-04-13,73.74,73.74,72.93,73.21,303300,22.11
2010-04-14,73.8,74.36,73.51,74.35,468600,22.45
2010-04-15,74.17,74.36,73.93,74.2,200700,22.41
2010-04-16,73.01,73.31,71.51,71.81,339600,21.69
2010-04-19,71.24,72.54,71.24,72.54,523500,21.91
2010-04-20,73.81,73.92,73.39,73.84,209100,22.3
2010-04-21,74.1,74.14,73.32,73.76,158100,22.27
2010-04-22,73.6,74.27,73,74.01,293100,22.35
2010-04-23,74.24,74.84,73.7,74.84,267600,22.6
2010-04-26,75.05,75.05,74.39,74.59,271800,22.53
2010-04-27,74.03,74.32,72.28,72.48,301200,21.89
2010-04-28,73.23,73.31,72.53,73.2,216600,22.11
2010-04-29,74.01,74.49,73.64,74.41,491700,22.47
2010-04-30,74.95,75.03,73.75,73.81,470700,22.29
2010-05-03,74.76,75.55,74.48,75.55,595200,22.82
2010-05-04,74.21,74.21,72.25,72.42,787500,21.87
2010-05-05,69.61,69.69,67.76,69.04,1258800,20.85
2010-05-06,68.05,68.89,60,66.33,1181700,20.03
2010-05-07,64.64,66.79,62.95,63.76,1329000,19.25
2010-05-10,70.3,70.98,70,70.55,734700,21.31
2010-05-11,70.5,71,69.34,69.78,863100,21.07
2010-05-12,70.78,71.46,70.46,71.17,386100,21.49
2010-05-13,71.25,71.4,70.52,70.53,708600,21.3
2010-05-14,70.4,70.5,69.26,69.91,154800,21.11
2010-05-17,70.03,70.03,68.12,69.54,246000,21
2010-05-18,70.52,70.84,68.49,68.94,802200,20.82
2010-05-19,66.62,67.04,65.77,66.7,496800,20.14
2010-05-20,63.74,63.86,62.44,62.7,549300,18.93
2010-05-21,61.79,64.22,61.67,64.09,1139400,19.35
2010-05-24,63.61,63.61,62.22,62.38,208200,18.84
2010-05-25,59.5,61.28,59.19,61.21,628200,18.48
2010-05-26,64.97,66.04,64.17,64.22,514200,19.39
2010-05-27,65.22,67.83,65.22,67.74,468000,20.46
2010-05-28,67.7,67.7,66.5,66.78,161100,20.17
2010-06-01,66.7,67.74,66.18,66.4,411300,20.05
2010-06-02,66.5,67.8,66.33,67.8,360600,20.47
2010-06-03,68.8,68.86,68.03,68.66,183600,20.73
2010-06-04,67.64,67.92,65.92,66.35,427200,20.04
2010-06-07,66.73,66.74,65.17,65.44,144600,19.76
2010-06-08,66.57,68.4,66.57,68.25,757200,20.61
2010-06-09,68.52,68.72,67.2,67.23,298800,20.3
2010-06-10,67.88,68.33,67.39,68.3,250800,20.63
2010-06-11,68,69.23,67.93,69.22,409200,20.9
2010-06-14,69.89,70.21,69.23,69.23,705900,20.91
2010-06-15,70.08,71.48,69.83,71.4,414000,21.56
2010-06-16,70.55,71.61,70.55,71.34,447300,21.54
2010-06-17,71.64,72.04,71.37,71.8,374700,21.68
2010-06-18,73.36,74.41,73.12,73.83,420000,22.3
2010-06-21,74.72,75.02,73.48,73.71,449400,22.26
2010-06-22,74,74.22,72.39,72.42,601800,21.87
2010-06-23,72.88,73.36,72.27,73.05,390000,22.06
2010-06-24,73.31,73.34,72.06,72.17,303900,21.79
2010-06-25,73.3,74.55,73.3,74.42,532200,22.47
2010-06-28,74.49,74.53,73.74,73.85,139200,22.3
2010-06-29,72.25,72.25,70.55,71.4,620700,21.56
2010-06-30,72.47,73.25,71.73,71.73,185700,21.66
2010-07-01,71.81,72.25,70.84,72,346500,21.74
2010-07-02,72,72.46,71.41,71.41,186300,21.56
2010-07-06,73.31,74.08,72.71,73.43,296700,22.17
2010-07-07,73.21,75,72.91,75,376800,22.65
2010-07-08,74.52,74.72,73.61,74.28,564900,22.43
2010-07-09,74.7,75.15,73.71,75.15,459000,22.69
2010-07-12,75.05,75.44,74.53,75.18,516900,22.7
2010-07-13,75.44,76.03,74.98,75.75,897300,22.88
2010-07-14,74.92,75.43,74.66,75,459600,22.65
2010-07-15,75.4,75.58,74.42,75.24,351000,22.72
2010-07-16,75.57,75.57,73.83,73.83,390300,22.3
2010-07-19,74.74,75.24,74.3,74.77,311700,22.58
2010-07-20,74.69,76.88,74.69,76.88,436800,23.22
2010-07-21,76.46,76.46,74.95,75.08,641100,22.67
2010-07-22,75.88,77.27,75.88,77.11,859500,23.29
2010-07-23,76.93,77.35,76.24,77.02,365100,23.26
2010-07-26,76.71,77.38,76.39,77.38,1101900,23.37
2010-07-27,77.53,77.53,76.55,76.58,366000,23.13
2010-07-28,76.41,76.76,76.12,76.26,445800,23.03
2010-07-29,78.01,78.29,76.91,77.3,286200,23.34
2010-07-30,77.22,78.16,76.7,77.75,263400,23.48
2010-08-02,77.99,78.29,77.4,78.28,768600,23.64
2010-08-03,75.36,75.97,74.52,75.08,1727400,22.67
2010-08-04,75.29,75.75,74.53,75.65,1151100,22.85
2010-08-05,75.97,76.45,75.89,76.24,1021800,23.02
2010-08-06,76.01,76.53,75.68,76.52,787200,23.11
2010-08-09,77.4,77.69,76.92,77.61,714900,23.44
2010-08-10,76.41,76.83,76,76.63,343500,23.14
2010-08-11,75.27,75.35,74.36,74.49,1500600,22.49
2010-08-12,74.08,74.73,73.96,74.69,557400,22.56
2010-08-13,74.85,75.49,74.85,75.24,153900,22.72
2010-08-16,75.19,75.99,75.19,75.95,144600,22.94
2010-08-17,76.51,77.07,76.3,76.67,259500,23.15
2010-08-18,76.51,76.94,76.03,76.73,423000,23.17
2010-08-19,76.71,77.02,75.82,76.26,454200,23.03
2010-08-20,76.85,77.53,76.85,77.53,425400,23.41
2010-08-23,78.14,78.14,77.35,77.5,376500,23.4
2010-08-24,76.89,77.59,76.5,77.12,1056600,23.29
2010-08-25,77.52,78.28,77.09,78.12,402300,23.59
2010-08-26,78.3,78.3,77.21,77.5,477600,23.4
2010-08-27,77.01,77.8,76.25,77.73,558000,23.47
2010-08-30,76.77,77,75.57,75.57,444000,22.82
2010-08-31,75.59,76.28,75.38,75.93,479100,22.93
2010-09-01,77.42,78.99,77.42,78.85,1034100,23.81
2010-09-02,77.41,77.8,77.16,77.69,717300,23.46
2010-09-03,78.53,79.08,78.37,78.93,612000,23.84
2010-09-07,79.58,79.7,79.21,79.27,616800,23.94
2010-09-08,79.68,80.43,79.46,80.21,660600,24.22
2010-09-09,80.98,81.07,80.42,80.85,583200,24.42
2010-09-10,80.81,81.63,80.81,81.42,535200,24.59
2010-09-13,82.82,83.34,82.78,83.34,743100,25.17
2010-09-14,83.04,83.34,81.5,82.72,650100,24.98
2010-09-15,83.78,84.19,83.45,84.15,452400,25.41
2010-09-16,83.48,83.66,83.05,83.29,579000,25.15
2010-09-17,84.08,84.14,83.3,83.51,511200,25.22
2010-09-20,83.92,84.95,83.58,84.86,580200,25.63
2010-09-21,84.15,84.15,83.2,83.65,795900,25.26
2010-09-22,83.6,83.65,82.73,82.89,543600,25.03
2010-09-23,82.62,83.03,82.01,82.64,505200,24.96
2010-09-24,84.54,86.09,84.54,85.47,653700,25.81
2010-09-27,86.14,86.58,86.04,86.17,500100,26.02
2010-09-28,86.06,86.58,85.5,86.3,621000,26.06
2010-09-29,86.26,86.68,85.9,86.35,398400,26.08
2010-09-30,86.89,87.09,86.12,86.61,512700,26.15
2010-10-01,87.66,88.04,87.4,88,1121700,26.57
2010-10-04,88.17,88.46,87.68,88.06,601800,26.59
2010-10-05,88.67,89.67,88.42,89.54,531000,27.04
2010-10-06,89.28,89.28,88.42,88.85,1103100,26.83
2010-10-07,89.03,89.03,87.87,88.19,699600,26.63
2010-10-08,87.7,88.15,87.09,88.06,515700,26.59
2010-10-11,87.39,87.45,86.83,86.97,918000,26.26
2010-10-12,86.98,87.67,86.93,87.57,760500,26.44
2010-10-13,88.49,89.26,88.27,89.17,1020000,26.93
2010-10-14,88.91,89.05,88.3,88.69,628500,26.78
2010-10-15,89.03,89.04,87.64,88.11,1047300,26.61
2010-10-18,87.7,87.95,87.37,87.95,626700,26.56
2010-10-19,86.97,87.07,85.43,85.67,2240700,25.87
2010-10-20,86.52,88.06,86.5,87.73,1264500,26.49
2010-10-21,87.72,88.07,86.72,87.24,673200,26.35
2010-10-22,87.74,88.1,87.7,87.85,459900,26.53
2010-10-25,89.06,89.68,89.06,89.15,489600,26.92
2010-10-26,89.49,89.65,89,89.57,3e+05,27.05
2010-10-27,88.59,88.59,87.72,88.44,248400,26.71
2010-10-28,89.17,89.17,88.18,88.47,310500,26.72
2010-10-29,88.66,89.23,88.59,88.92,305100,26.85
2010-11-01,89.23,89.6,88.5,88.89,655800,26.84
2010-11-02,89.37,89.37,88.66,88.98,261900,26.87
2010-11-03,88.54,88.54,86.93,88.27,673500,26.66
2010-11-04,88.9,89.84,88.75,89.74,544200,27.1
2010-11-05,89.99,90.45,89.53,90.43,1173600,27.31
2010-11-08,90.83,91.24,90.57,91.19,1638300,27.54
2010-11-09,93.04,93.14,91.44,91.78,1188600,27.72
2010-11-10,92.25,92.75,91.51,92.62,536400,27.97
2010-11-11,91.57,91.91,90.9,91.37,675000,27.59
2010-11-12,90.48,90.75,88.09,88.89,1044000,26.84
2010-11-15,88.89,89.6,88.74,88.85,485700,26.83
2010-11-16,89.48,89.99,87.91,88.25,1113900,26.65
2010-11-17,88.11,88.75,88.01,88.24,488100,26.65
2010-11-18,89.95,90.64,89.95,90.37,342000,27.29
2010-11-19,91.66,91.7,90.55,91.7,327300,27.69
2010-11-22,91.63,91.65,90.6,91.65,430500,27.68
2010-11-23,89.66,89.66,88.62,89.13,835200,26.92
2010-11-24,90.03,90.56,89.82,90.51,318000,27.33
2010-11-26,88.25,88.34,87.33,87.81,477600,26.52
2010-11-29,87.2,87.39,85.91,86.76,972300,26.2
2010-11-30,84.17,84.74,83.24,84.18,2502600,25.42
2010-12-01,86.96,88.1,86.78,88.05,1166100,26.59
2010-12-02,89.11,90.44,89.11,90.32,882900,27.28
2010-12-03,89.15,89.84,88.63,89.81,567900,27.12
2010-12-06,90.25,90.56,89.72,90.49,285900,27.33
2010-12-07,91.14,91.14,90.29,90.5,430200,27.33
2010-12-08,90.98,91.23,90.47,90.81,172800,27.42
2010-12-09,90.55,90.55,89.84,90.03,374400,27.19
2010-12-10,89.29,89.77,88.94,89.24,341400,26.95
2010-12-13,88.56,88.83,88.05,88.22,513600,26.64
2010-12-14,87.98,87.98,86.97,87.01,2124600,26.28
2010-12-15,86.94,86.94,86.07,86.07,754500,25.99
2010-12-16,84.58,84.58,82.11,83.88,939000,25.33
2010-12-17,84.04,84.04,83.62,83.76,368400,25.29
2010-12-20,83.84,84.22,83.68,84.03,295800,25.38
2010-12-21,85.77,86.1,85.45,85.91,295200,25.94
2010-12-22,85.51,85.51,85.03,85.22,154200,25.74
2010-12-23,83.98,83.98,83.25,83.82,391200,25.56
2010-12-27,83.92,84.41,83.69,84.1,228000,25.64
2010-12-28,85,85.64,85,85.38,3e+05,26.04
2010-12-29,86.5,86.94,86.01,86.89,292200,26.5
2010-12-30,86.9,86.99,86.47,86.79,206400,26.47
2010-12-31,86.92,87.31,86.75,87.31,121500,26.62
2011-01-03,88.22,88.45,88.06,88.33,602400,26.93
2011-01-04,88.62,89.15,88.2,88.9,347100,27.11
2011-01-05,89.07,89.99,89.05,89.96,368400,27.43
2011-01-06,88.36,88.48,87.33,87.52,627000,26.69
2011-01-07,85.02,85.44,84.19,84.62,553800,25.8
2011-01-10,80.87,80.87,80,80.4,1712700,24.52
2011-01-11,79.76,80.06,79,79.37,791700,24.2
2011-01-12,81.51,82.4,81.17,82.4,869700,25.13
2011-01-13,82.47,82.67,81.8,82.03,517200,25.01
2011-01-14,82.03,82.21,81.86,82.04,734100,25.02
2011-01-18,81.34,81.6,81.08,81.4,1358400,24.82
2011-01-19,80.71,80.8,79.52,79.66,1168800,24.29
2011-01-20,79,79.1,76.76,76.88,2056200,23.44
2011-01-21,77.4,77.67,75.38,75.54,1068000,23.03
2011-01-24,75.69,76.25,75.67,75.95,619800,23.16
2011-01-25,78.17,78.47,77.77,78.29,714600,23.87
2011-01-26,80.39,80.71,80.32,80.58,497400,24.57
2011-01-27,81,81.04,80.37,80.55,1001400,24.56
2011-01-28,80.49,80.49,77.6,77.99,832500,23.78
2011-01-31,77.7,78.12,77.21,77.97,2729700,23.78
2011-02-01,26.04,26.76,26.04,26.75,231600,24.47
2011-02-02,26.73,26.76,26.38,26.5,252600,24.24
2011-02-03,26.74,26.74,26.4,26.6,305700,24.33
2011-02-04,26.91,27.16,26.84,27.16,348800,24.85
2011-02-07,27.18,27.29,26.94,27.25,233200,24.93
2011-02-08,27.01,27.02,26.82,27.02,238400,24.72
2011-02-09,26.46,26.5,26.06,26.2,591500,23.97
2011-02-10,25.97,26,25.6,25.8,442800,23.6
2011-02-11,25.85,26.25,25.85,26.17,425300,23.94
2011-02-14,26.25,26.4,26.2,26.22,173900,23.99
2011-02-15,26.47,26.47,26.13,26.18,252800,23.95
2011-02-16,26.5,26.5,26.24,26.36,214900,24.11
2011-02-17,26.66,26.66,26.43,26.62,574400,24.35
2011-02-18,27.13,27.34,27.08,27.25,454300,24.93
2011-02-22,26.7,26.86,26.38,26.48,490600,24.22
2011-02-23,26.8,27.04,26.66,26.9,472900,24.61
2011-02-24,26.75,27,26.7,26.97,270000,24.67
2011-02-25,26.87,27.14,26.85,27.1,249800,24.79
2011-02-28,27.25,27.46,27.24,27.35,126300,25.02
2011-03-01,27.5,27.52,26.95,27.07,536600,24.76
2011-03-02,27.23,27.53,27.21,27.46,271900,25.12
2011-03-03,27.61,27.94,27.58,27.88,415500,25.5
2011-03-04,28.02,28.11,27.73,27.94,271800,25.56
2011-03-07,28.14,28.38,27.94,27.96,274000,25.58
2011-03-08,28.23,28.8,28.22,28.8,653500,26.35
2011-03-09,28.72,28.9,28.59,28.82,396200,26.36
2011-03-10,28.47,28.53,28.26,28.26,283800,25.85
2011-03-11,28.07,28.47,28.02,28.39,266900,25.97
2011-03-14,28.11,28.58,28,28.52,387300,26.09
2011-03-15,27.6,28.43,27.5,28.33,820200,25.92
2011-03-16,28.08,28.08,27.28,27.4,535000,25.07
2011-03-17,27.69,27.69,27.42,27.56,193500,25.21
2011-03-18,27.75,27.94,27.58,27.62,167100,25.27
2011-03-21,28.13,28.22,28.06,28.15,147000,25.75
2011-03-22,28.18,28.25,27.91,27.94,154900,25.56
2011-03-23,28.27,28.64,28.16,28.6,249700,26.16
2011-03-24,28.99,29.43,28.95,29.43,313700,26.92
2011-03-25,29.19,29.36,29.09,29.25,213400,26.76
2011-03-28,29.02,29.22,28.81,28.81,236300,26.36
2011-03-29,28.9,29.14,28.79,29.1,153700,26.62
2011-03-30,29.46,29.73,29.39,29.66,677500,27.13
2011-03-31,29.75,30.03,29.72,29.94,370900,27.39
2011-04-01,30.37,30.46,30.13,30.39,509900,27.8
2011-04-04,30.21,30.35,29.98,30.17,608000,27.6
2011-04-05,29.98,30.12,29.89,30.03,188700,27.47
2011-04-06,30.42,30.47,30.27,30.38,142600,27.79
2011-04-07,30.47,30.52,30.21,30.34,248600,27.76
2011-04-08,30.69,30.69,30.36,30.48,212700,27.88
2011-04-11,30.63,30.64,30.28,30.3,195200,27.72
2011-04-12,30.07,30.27,29.87,29.88,271700,27.33
2011-04-13,30.38,30.51,30.17,30.26,163500,27.68
2011-04-14,29.99,30.29,29.92,30.23,194100,27.65
2011-04-15,30.44,30.82,30.44,30.7,265700,28.08
2011-04-18,30.36,30.36,29.82,30.09,351400,27.53
2011-04-19,30.6,30.6,30.3,30.53,135100,27.93
2011-04-20,31.04,31.35,31.04,31.32,363400,28.65
2011-04-21,31.38,31.54,31.1,31.48,427800,28.8
2011-04-25,31.35,31.35,31,31.21,288700,28.55
2011-04-26,31.04,31.16,30.83,31.16,335700,28.51
2011-04-27,31.21,31.38,30.84,31.24,289300,28.58
2011-04-28,31.34,31.34,31.16,31.3,163800,28.63
2011-04-29,31.28,31.76,31.28,31.76,312000,29.05
2011-05-02,32,32.02,31.6,31.75,311700,29.04
2011-05-03,31.46,31.52,31.05,31.29,229000,28.62
2011-05-04,31.29,31.39,30.87,30.96,229000,28.32
2011-05-05,31.05,31.28,30.84,30.87,185800,28.24
2011-05-06,31.38,31.62,31.11,31.14,299900,28.49
2011-05-09,31.21,31.25,31.04,31.13,171000,28.48
2011-05-10,31.33,31.64,31.2,31.62,621300,28.93
2011-05-11,31.54,31.79,31.3,31.54,755300,28.85
2011-05-12,31.17,31.52,31.04,31.49,314000,28.81
2011-05-13,31.18,31.48,30.78,30.96,343500,28.32
2011-05-16,30.8,31.24,30.8,30.83,329500,28.2
2011-05-17,30.7,30.98,30.64,30.93,359300,28.29
2011-05-18,31.24,31.65,31.12,31.56,234500,28.87
2011-05-19,31.75,31.75,31.44,31.62,168700,28.93
2011-05-20,31.66,31.66,31.28,31.45,138200,28.77
2011-05-23,30.46,30.63,30.26,30.46,361300,27.86
2011-05-24,30.64,30.73,30.33,30.51,331800,27.91
2011-05-25,30.52,30.91,30.33,30.87,604800,28.24
2011-05-26,30.83,31.08,30.8,30.98,127900,28.34
2011-05-27,31.31,31.31,31.12,31.24,131100,28.58
2011-05-31,31.45,31.54,31.25,31.53,495400,28.84
2011-06-01,31.41,31.52,31.08,31.15,543600,28.5
2011-06-02,31.14,31.25,31.07,31.19,274000,28.53
2011-06-03,31.09,31.59,31.09,31.34,383700,28.67
2011-06-06,31.28,31.5,31.2,31.22,218700,28.56
2011-06-07,31.33,31.48,31.3,31.35,187500,28.68
2011-06-08,31.06,31.22,30.96,31.03,190500,28.39
2011-06-09,31.01,31.33,30.97,31.21,194600,28.55
2011-06-10,30.82,31.05,30.75,30.9,445000,28.27
2011-06-13,30.53,30.68,30.46,30.56,266500,27.96
2011-06-14,30.9,31.08,30.88,30.88,238300,28.25
2011-06-15,30.75,30.92,30.49,30.61,439600,28
2011-06-16,30.48,30.48,29.93,30.12,330400,27.55
2011-06-17,30.43,30.57,30.28,30.43,708600,27.84
2011-06-20,30.21,30.42,30.1,30.33,298200,27.75
2011-06-21,30.52,31,30.51,30.87,592000,28.24
2011-06-22,31.02,31.2,30.89,30.9,302000,28.27
2011-06-23,30.64,31.07,30.5,31.07,272800,28.42
2011-06-24,31.13,31.13,30.77,30.8,226400,28.18
2011-06-27,30.59,30.93,30.55,30.83,152700,28.2
2011-06-28,31,31.33,30.88,31.33,306400,28.66
2011-06-29,31.4,31.73,31.17,31.51,671000,28.83
2011-06-30,31.66,31.99,31.65,31.98,626100,29.26
2011-07-01,32.3,32.67,32.15,32.67,747300,29.89
2011-07-05,32.29,32.33,32.12,32.23,536700,29.48
2011-07-06,31.75,32.02,31.75,31.94,418000,29.22
2011-07-07,32.27,32.69,32.27,32.55,2094200,29.78
2011-07-08,32.37,32.82,32.37,32.81,564700,30.01
2011-07-11,32.66,32.66,32.29,32.39,543300,29.63
2011-07-12,32.18,32.49,32.15,32.22,272900,29.47
2011-07-13,32.53,32.82,32.39,32.61,662500,29.83
2011-07-14,32.66,32.72,32.3,32.39,506200,29.63
2011-07-15,32.85,32.98,32.71,32.91,369400,30.11
2011-07-18,32.91,32.98,32.68,32.96,314500,30.15
2011-07-19,32.96,33.11,32.83,33.11,224600,30.29
2011-07-20,33.23,33.34,33.01,33.15,1053800,30.33
2011-07-21,33.41,33.85,33.4,33.76,398500,30.88
2011-07-22,33.77,33.85,33.56,33.75,489100,30.87
2011-07-25,33.61,33.74,33.48,33.61,308900,30.75
2011-07-26,33.85,34.07,33.85,33.96,247800,31.07
2011-07-27,34.15,34.33,33.85,33.97,402000,31.08
2011-07-28,34.14,34.14,33.68,33.83,415100,30.95
2011-07-29,33.63,34.27,33.53,34.05,480700,31.15
2011-08-01,34.64,34.99,34.15,34.46,861200,31.52
2011-08-02,34.36,34.59,34.01,34.02,560000,31.12
2011-08-03,34.18,34.22,33.4,34.08,529000,31.18
2011-08-04,33.25,33.43,32.3,32.33,1467500,29.58
2011-08-05,32.1,32.22,30.5,31.15,1708200,28.5
2011-08-08,30.82,31.02,28.66,28.8,2049400,26.35
2011-08-09,30.2,30.66,28.96,30.57,1904500,27.97
2011-08-10,30.95,31.14,30.03,30.03,723200,27.47
2011-08-11,30.87,32.65,30.85,32.06,1123800,29.33
2011-08-12,32.18,32.18,31.58,31.64,456600,28.94
2011-08-15,31.84,32.68,31.84,32.66,619300,29.88
2011-08-16,32.4,32.62,31.95,32.3,289700,29.55
2011-08-17,32.54,32.76,32.23,32.46,216500,29.69
2011-08-18,31.79,32.23,31.35,31.6,915100,28.91
2011-08-19,30.71,31.61,30.61,30.75,806700,28.13
2011-08-22,31.24,31.61,30.5,30.6,383500,27.99
2011-08-23,31.11,31.88,30.78,31.84,445000,29.13
2011-08-24,31.29,31.51,30.9,31.45,280400,28.77
2011-08-25,31.13,31.13,30.07,30.14,689400,27.57
2011-08-26,30.19,30.99,30.18,30.82,322300,28.19
2011-08-29,31.51,31.61,31.25,31.54,819000,28.85
2011-08-30,31.5,31.6,31.14,31.31,1070900,28.64
2011-08-31,31.86,32.2,31.62,32.05,630200,29.32
2011-09-01,32.26,32.46,31.98,32.04,478200,29.31
2011-09-02,31.58,31.91,31.3,31.49,309200,28.81
2011-09-06,30.44,31.52,30.44,31.44,534600,28.76
2011-09-07,32.16,32.64,32.1,32.51,412800,29.74
2011-09-08,32.08,32.3,31.66,31.7,448800,29
2011-09-09,31.52,31.62,30.9,31.01,723500,28.37
2011-09-12,30.68,30.96,30.42,30.93,577400,28.29
2011-09-13,30.64,30.82,30.32,30.75,742200,28.13
2011-09-14,29.74,29.76,28.87,29.16,3351200,26.68
2011-09-15,29.4,29.41,28.91,29.24,1337700,26.75
2011-09-16,29.6,29.92,29.51,29.92,475900,27.37
2011-09-19,28.61,28.61,28.02,28.41,659200,25.99
2011-09-20,28.56,28.77,28.03,28.1,1512400,25.71
2011-09-21,27.8,27.8,26.39,26.45,1293900,24.2
2011-09-22,24.22,24.71,23.26,23.72,1649100,21.7
2011-09-23,24.12,25.5,24.12,24.88,910800,22.76
2011-09-26,24.43,25.32,23.87,25.25,867600,23.1
2011-09-27,26.48,27.27,26.11,26.65,874300,24.38
2011-09-28,26.8,27.08,26.22,26.25,647800,24.01
2011-09-29,27.08,27.12,26.4,26.75,681700,24.47
2011-09-30,26.68,26.76,25.28,25.3,1017600,23.14
2011-10-03,24.77,24.86,23.54,23.56,1390000,21.55
2011-10-04,23.33,24.34,23.16,24.16,966100,22.1
2011-10-05,24.36,25.34,24.12,25.2,461800,23.05
2011-10-06,25.54,26.5,25.49,26.44,402000,24.19
2011-10-07,26.26,26.29,25.57,25.88,402700,23.68
2011-10-10,26.28,27,26.06,26.86,673500,24.57
2011-10-11,26.78,27.22,26.66,27.02,201800,24.72
2011-10-12,28.04,28.89,27.67,28.49,677100,26.06
2011-10-13,28.49,28.69,28.05,28.55,328700,26.12
2011-10-14,28.9,29.07,28.73,29.01,194400,26.54
2011-10-17,28.75,29,28.08,28.15,417200,25.75
2011-10-18,28.04,28.99,27.71,28.78,247900,26.33
2011-10-19,28.8,29.07,28.65,28.75,133200,26.3
2011-10-20,28.25,28.27,27.59,28.02,298900,25.63
2011-10-21,28.33,28.83,28.33,28.72,134200,26.27
2011-10-24,29.08,30.21,29.03,29.86,968900,27.32
2011-10-25,29.43,29.49,29,29.21,372700,26.72
2011-10-26,29.66,29.9,29.27,29.81,336900,27.27
2011-10-27,30.99,31.81,30.65,31.51,539000,28.83
2011-10-28,30.89,31.01,30.6,30.75,407800,28.13
2011-10-31,29.95,30.22,29.51,29.56,305800,27.04
2011-11-01,28.24,28.67,27.7,28.52,484400,26.09
2011-11-02,29.29,29.56,29.11,29.44,232900,26.93
2011-11-03,29.49,29.79,28.98,29.74,426300,27.21
2011-11-04,29.44,29.62,29.1,29.61,319400,27.09
2011-11-07,29.69,30.09,29.54,30.05,219200,27.49
2011-11-08,29.94,30.44,29.91,30.43,193300,27.84
2011-11-09,29.84,29.84,28.92,29.07,688100,26.59
2011-11-10,29.79,29.79,29.22,29.54,250100,27.02
2011-11-11,29.72,30.15,29.69,30.15,531900,27.58
2011-11-14,29.84,29.98,29.62,29.72,492200,27.19
2011-11-15,29.73,30.04,29.51,29.88,193800,27.33
2011-11-16,29.5,29.87,29.3,29.41,551100,26.9
2011-11-17,29.42,29.42,28.31,28.47,375500,26.04
2011-11-18,28.92,29.01,28.46,28.5,122700,26.07
2011-11-21,28.12,28.12,27.19,27.49,398400,25.15
2011-11-22,27.77,28.1,27.63,27.87,237300,25.5
2011-11-23,27.63,27.67,27.14,27.19,347600,24.87
2011-11-25,27.19,27.37,26.95,27,383600,24.7
2011-11-28,27.49,27.64,27.23,27.42,516500,25.08
2011-11-29,27.49,28.18,27.49,27.93,307000,25.55
2011-11-30,29.13,29.48,28.91,29.4,492200,26.9
2011-12-01,29.05,29.37,28.92,29.28,371400,26.79
2011-12-02,29.17,29.35,28.94,28.94,151800,26.47
2011-12-05,29.36,29.61,29.32,29.5,451600,26.99
2011-12-06,28.94,29.33,28.94,29.15,334200,26.67
2011-12-07,29.09,29.44,28.85,29.29,212300,26.79
2011-12-08,28.99,29.17,28.49,28.55,312800,26.12
2011-12-09,28.81,29.31,28.81,29.25,243200,26.76
2011-12-12,29,29.05,28.45,28.63,368000,26.19
2011-12-13,28.87,29.12,28.22,28.34,212900,25.93
2011-12-14,28.15,28.44,28.01,28.07,186800,25.68
2011-12-15,28.33,28.49,27.93,27.93,389100,25.55
2011-12-16,28.6,28.98,28.59,28.65,257100,26.21
2011-12-19,28.55,28.81,28.11,28.19,192100,25.79
2011-12-20,28.68,28.98,28.68,28.96,183800,26.49
2011-12-21,28.78,29.03,28.46,29.01,211900,26.54
2011-12-22,28.99,29.3,28.96,29.26,228700,26.77
2011-12-23,28.75,28.77,28.33,28.75,200900,26.71
2011-12-27,28.45,28.53,28.14,28.39,99000,26.38
2011-12-28,28.15,28.15,27.78,27.83,193700,25.86
2011-12-29,28.29,28.48,28.15,28.43,158300,26.42
2011-12-30,28.33,28.53,28.31,28.47,330800,26.45
2012-01-03,29.05,29.19,28.87,29.1,790200,27.04
2012-01-04,29.03,29.26,29.03,29.25,1100800,27.18
2012-01-05,29.09,29.41,29,29.31,664600,27.23
2012-01-06,29.02,29.12,28.76,28.87,777900,26.83
2012-01-09,29.06,29.08,28.87,29.03,356400,26.97
2012-01-10,29.65,29.72,29.55,29.57,848600,27.48
2012-01-11,29.29,29.37,29.14,29.27,283700,27.2
2012-01-12,29.18,29.39,29.11,29.26,161400,27.19
2012-01-13,29.1,29.2,28.88,29.07,257200,27.01
2012-01-17,29.51,29.55,29.15,29.24,164500,27.17
2012-01-18,29.67,30.48,29.67,30.46,459900,28.3
2012-01-19,30.48,30.79,30.19,30.66,443800,28.49
2012-01-20,30.41,30.46,30.22,30.4,386500,28.25
2012-01-23,30.62,30.85,30.46,30.61,293800,28.44
2012-01-24,30.26,30.54,30.18,30.44,527800,28.28
2012-01-25,30.13,30.3,29.72,30.19,351100,28.05
2012-01-26,30.33,30.59,30,30.05,574500,27.92
2012-01-27,30.03,30.17,30,30.11,68100,27.98
2012-01-30,29.42,29.73,29.31,29.64,251500,27.54
2012-01-31,29.92,29.95,29.43,29.5,305000,27.41
2012-02-01,30.07,30.27,29.8,30.17,546700,28.03
2012-02-02,30.38,30.55,30.34,30.44,349800,28.28
2012-02-03,30.69,30.83,30.5,30.71,1024000,28.54
2012-02-06,30.12,30.2,29.91,30.07,1046700,27.94
2012-02-07,29.85,29.85,29.57,29.82,1203600,27.71
2012-02-08,30.06,30.28,29.96,30.15,380000,28.02
2012-02-09,30.12,30.14,29.89,30.03,287500,27.9
2012-02-10,29.31,29.35,29.02,29.13,632900,27.07
2012-02-13,29.52,29.78,29.42,29.58,341300,27.49
2012-02-14,29.5,29.61,29.4,29.56,142200,27.47
2012-02-15,29.68,29.71,29.3,29.37,262800,27.29
2012-02-16,29.33,29.53,29.14,29.52,311500,27.43
2012-02-17,29.84,30.09,29.76,29.9,296600,27.78
2012-02-21,29.98,30.03,29.68,29.73,597900,27.62
2012-02-22,29.71,29.71,29.53,29.6,650400,27.5
2012-02-23,29.38,29.55,29.2,29.35,338100,27.27
2012-02-24,28.77,28.77,28.55,28.65,552400,26.62
2012-02-27,28.29,28.33,28.08,28.22,494700,26.22
2012-02-28,28.65,28.9,28.57,28.84,398600,26.8
2012-02-29,29.41,29.76,29.26,29.4,337600,27.32
2012-03-01,29.48,29.48,29.26,29.46,336900,27.37
2012-03-02,29.59,29.62,29.44,29.58,293700,27.49
2012-03-05,29.42,29.55,29.07,29.1,300800,27.04
2012-03-06,28.58,28.75,28.27,28.42,2466400,26.41
2012-03-07,28.65,28.76,28.45,28.73,262800,26.7
2012-03-08,29.04,29.24,28.95,29.18,215500,27.11
2012-03-09,29.14,29.34,29.11,29.28,168400,27.21
2012-03-12,29.11,29.23,28.95,29.18,498400,27.11
2012-03-13,29.19,29.64,29.13,29.57,505900,27.48
2012-03-14,29.63,29.75,29.44,29.52,333500,27.43
2012-03-15,29.55,29.7,29.4,29.65,174500,27.55
2012-03-16,29.63,29.65,29.53,29.57,222000,27.48
2012-03-19,29.45,29.89,29.33,29.72,338900,27.62
2012-03-20,29.12,29.31,29.03,29.07,178100,27.01
2012-03-21,29.03,29.36,29.03,29.2,133700,27.13
2012-03-22,29.24,29.29,28.83,29,265800,26.95
2012-03-23,29.07,29.27,28.99,29.24,332000,27.17
2012-03-26,29.45,29.67,29.25,29.67,319700,27.57
2012-03-27,29.58,29.69,29.4,29.47,209100,27.38
2012-03-28,29.66,29.66,29.25,29.3,272800,27.23
2012-03-29,29.3,29.48,29.07,29.4,370300,27.32
2012-03-30,29.81,29.87,29.6,29.86,142200,27.75
2012-04-02,30.01,30.61,30.01,30.57,389700,28.41
2012-04-03,30.69,30.9,30.51,30.67,418300,28.5
2012-04-04,29.94,29.94,29.66,29.88,291600,27.76
2012-04-05,29.93,30.35,29.91,30.23,141300,28.09
2012-04-09,29.78,30,29.72,29.92,77300,27.8
2012-04-10,29.68,29.78,29.21,29.23,308500,27.16
2012-04-11,29.47,29.65,29.34,29.37,299300,27.29
2012-04-12,29.69,30.02,29.6,30.01,199200,27.88
2012-04-13,29.83,29.83,29.44,29.48,268100,27.39
2012-04-16,29.48,29.56,29.18,29.27,248100,27.2
2012-04-17,29.57,29.82,29.48,29.78,151500,27.67
2012-04-18,29.62,29.71,29.43,29.51,181900,27.42
2012-04-19,29.54,29.63,29.23,29.31,140100,27.23
2012-04-20,29.63,29.93,29.63,29.74,182500,27.63
2012-04-23,29.42,29.49,29.18,29.4,329900,27.32
2012-04-24,29.47,29.53,29.35,29.35,277400,27.27
2012-04-25,29.47,29.53,29.32,29.44,230400,27.36
2012-04-26,29.44,29.76,29.44,29.71,241300,27.61
2012-04-27,29.76,29.78,29.5,29.73,435200,27.62
2012-04-30,29.56,29.67,29.44,29.57,280000,27.48
2012-05-01,29.56,29.98,29.56,29.84,255900,27.73
2012-05-02,29.6,29.92,29.51,29.88,1042300,27.76
2012-05-03,29.81,29.87,29.5,29.6,563000,27.5
2012-05-04,29.52,29.63,29.39,29.48,607000,27.39
2012-05-07,29.37,29.59,29.23,29.51,270000,27.42
2012-05-08,29.23,29.41,28.94,29.22,269900,27.15
2012-05-09,28.77,28.95,28.58,28.77,904600,26.73
2012-05-10,28.97,28.97,28.74,28.8,671300,26.76
2012-05-11,28.67,28.91,28.56,28.56,277000,26.54
2012-05-14,28.13,28.21,27.98,27.98,564800,26
2012-05-15,27.92,28.03,27.66,27.69,803700,25.73
2012-05-16,27.69,27.69,27.26,27.28,460400,25.35
2012-05-17,27.34,27.45,27.08,27.11,568600,25.19
2012-05-18,26.91,27.15,26.61,26.72,514100,24.83
2012-05-21,26.78,27.21,26.76,27.18,433600,25.26
2012-05-22,27.32,27.72,27.23,27.43,320300,25.49
2012-05-23,27.06,27.33,26.81,27.29,512000,25.36
2012-05-24,27.2,27.2,26.62,26.81,662600,24.91
2012-05-25,26.09,26.14,25.18,25.25,2137900,23.46
2012-05-29,26.02,26.03,25.63,25.79,682200,23.96
2012-05-30,25.88,25.88,25.33,25.63,623300,23.82
2012-05-31,25.42,25.55,25.08,25.31,593800,23.52
2012-06-01,25.31,25.4,24.84,24.92,1017800,23.16
2012-06-04,24.55,24.79,24.2,24.46,599500,22.73
2012-06-05,24.68,24.87,24.58,24.73,868400,22.98
2012-06-06,25.62,26.21,25.61,26.17,642000,24.32
2012-06-07,26.35,26.5,26.04,26.04,365300,24.2
2012-06-08,25.84,26.07,25.7,26.07,203100,24.22
2012-06-11,26.22,26.22,25.6,25.62,355800,23.81
2012-06-12,25.97,26.06,25.74,25.92,567000,24.08
2012-06-13,25.99,26.16,25.68,25.76,765100,23.94
2012-06-14,25.72,25.84,25.42,25.68,256700,23.86
2012-06-15,25.85,25.95,25.62,25.94,378600,24.1
2012-06-18,26.05,26.15,25.97,26.07,630300,24.22
2012-06-19,26.32,26.55,26.15,26.45,768900,24.58
2012-06-20,26.58,26.61,26.18,26.57,989200,24.69
2012-06-21,26.32,26.45,25.76,25.81,325100,23.98
2012-06-22,26.21,26.3,25.97,26.17,193300,24.32
2012-06-25,25.84,25.84,25.57,25.74,154300,23.92
2012-06-26,26.03,26.25,25.91,26.1,240200,24.25
2012-06-27,26.5,26.69,26.37,26.53,156100,24.65
2012-06-28,26.27,26.32,25.89,26.31,167800,24.45
2012-06-29,27.25,27.45,27.12,27.45,280800,25.51
2012-07-02,27.55,27.55,27.28,27.43,139200,25.49
2012-07-03,27.81,28.35,27.75,28.2,107100,26.2
2012-07-05,27.9,28.08,27.8,27.8,226100,25.83
2012-07-06,27.57,27.64,27.43,27.45,75300,25.51
2012-07-09,27.3,27.46,27.14,27.27,135100,25.34
2012-07-10,27.4,27.59,26.85,27,222000,25.09
2012-07-11,27.43,27.43,27.1,27.27,77400,25.34
2012-07-12,27.17,27.17,26.87,27.01,129500,25.1
2012-07-13,27.26,27.62,27.26,27.56,98100,25.61
2012-07-16,27.49,27.61,27.36,27.61,147600,25.65
2012-07-17,27.96,28.35,27.58,28.28,650100,26.28
2012-07-18,27.95,28.31,27.95,28.26,143000,26.26
2012-07-19,28.33,28.52,28.12,28.49,273200,26.47
2012-07-20,28.03,28.1,27.88,27.92,115400,25.94
2012-07-23,27.24,27.39,27.03,27.3,201800,25.37
2012-07-24,27.44,27.47,27,27.19,215400,25.26
2012-07-25,27.32,27.58,27.17,27.46,155100,25.52
2012-07-26,27.78,27.94,27.62,27.91,109500,25.93
2012-07-27,28.18,28.56,28.01,28.52,155600,26.5
2012-07-30,28.26,28.49,28.21,28.4,92700,26.39
2012-07-31,28.6,28.76,28.54,28.69,253900,26.66
2012-08-01,28.62,28.71,28.38,28.49,140300,26.47
2012-08-02,27.98,28.26,27.8,27.97,89600,25.99
2012-08-03,28.47,28.72,28.28,28.63,161900,26.6
2012-08-06,28.57,28.66,28.38,28.58,97200,26.56
2012-08-07,28.5,28.66,28.33,28.38,232400,26.37
2012-08-08,28.33,28.59,28.27,28.59,443700,26.57
2012-08-09,28.67,28.81,28.59,28.64,170000,26.61
2012-08-10,28.61,28.85,28.5,28.82,307400,26.78
2012-08-13,28.48,28.6,28.32,28.53,168300,26.51
2012-08-14,28.72,28.73,28.58,28.71,136900,26.68
2012-08-15,28.61,28.82,28.61,28.72,88100,26.69
2012-08-16,28.8,29.02,28.8,28.88,130700,26.83
2012-08-17,28.89,28.89,28.68,28.82,51900,26.78
2012-08-20,28.69,28.84,28.64,28.76,55100,26.72
2012-08-21,28.8,28.9,28.64,28.74,109400,26.7
2012-08-22,28.61,28.76,28.4,28.72,125200,26.69
2012-08-23,28.6,28.6,28.37,28.5,138300,26.48
2012-08-24,28.43,28.45,28.16,28.39,89000,26.38
2012-08-27,28.5,28.55,28.23,28.23,54100,26.23
2012-08-28,28.19,28.25,27.92,27.95,578100,25.97
2012-08-29,27.84,27.84,27.49,27.56,165800,25.61
2012-08-30,27.12,27.23,26.87,26.88,305600,24.98
2012-08-31,27.44,27.52,27.24,27.35,207200,25.41
2012-09-04,27.54,27.54,27.29,27.44,176600,25.5
2012-09-05,27.54,27.54,27.36,27.42,115100,25.48
2012-09-06,27.59,27.97,27.59,27.9,92500,25.92
2012-09-07,27.89,28.33,27.88,28.32,269100,26.31
2012-09-10,28.25,28.34,28.08,28.19,117100,26.19
2012-09-11,28.16,28.33,28.12,28.2,82600,26.2
2012-09-12,28.23,28.31,28.16,28.28,94500,26.28
2012-09-13,28.17,28.97,28.1,28.96,172700,26.91
2012-09-14,29.25,29.72,29.24,29.37,232000,27.29
2012-09-17,29.3,29.5,29.25,29.26,550700,27.19
2012-09-18,28.96,29.26,28.9,28.9,107000,26.85
2012-09-19,28.9,29.03,28.87,28.96,62900,26.91
2012-09-20,28.93,28.93,28.64,28.74,172700,26.7
2012-09-21,29.17,29.2,28.87,28.87,166100,26.83
2012-09-24,28.48,28.54,28.25,28.54,144600,26.52
2012-09-25,28.7,28.7,28.15,28.15,105800,26.16
2012-09-26,28.11,28.11,27.79,27.79,98700,25.82
2012-09-27,28.47,28.61,28.27,28.55,98400,26.53
2012-09-28,28.66,28.71,28.41,28.58,256700,26.56
2012-10-01,28.57,28.83,28.55,28.66,116800,26.63
2012-10-02,28.68,28.81,28.56,28.69,177300,26.66
2012-10-03,28.72,28.74,28.52,28.7,145400,26.67
2012-10-04,28.89,29.12,28.86,29.12,194000,27.06
2012-10-05,29.31,29.49,29.19,29.24,403200,27.17
2012-10-08,28.95,29.09,28.79,29.08,197700,27.02
2012-10-09,29,29.08,28.81,28.88,98600,26.83
2012-10-10,28.98,29.04,28.73,28.74,194200,26.7
2012-10-11,29.15,29.15,28.83,28.83,155800,26.79
2012-10-12,28.99,29.11,28.91,29.03,123900,26.97
2012-10-15,29.03,29.25,28.98,29.11,65500,27.05
2012-10-16,29.37,29.6,29.3,29.58,556500,27.49
2012-10-17,29.5,29.69,29.43,29.63,306100,27.53
2012-10-18,29.38,29.59,29.3,29.42,154200,27.34
2012-10-19,29.25,29.26,28.88,28.91,122900,26.86
2012-10-22,29.35,29.44,29.23,29.37,87000,27.29
2012-10-23,29.17,29.17,28.87,29.04,99600,26.98
2012-10-24,29.16,29.38,29.04,29.06,140700,27
2012-10-25,29.31,29.41,29.17,29.31,141600,27.23
2012-10-26,29.19,29.26,28.99,29.15,67600,27.09
2012-10-31,29.11,29.17,28.99,29.11,180800,27.05
2012-11-01,29.28,29.52,29.16,29.4,240700,27.32
2012-11-02,29.48,29.48,29.04,29.19,201000,27.12
2012-11-05,28.83,29.12,28.68,29.04,278700,26.98
2012-11-06,29.17,29.28,29.04,29.27,71800,27.2
2012-11-07,29.16,29.16,28.68,28.99,248300,26.94
2012-11-08,28.95,29.18,28.65,28.67,161500,26.64
2012-11-09,28.97,29.15,28.78,28.97,167700,26.92
2012-11-12,28.96,29.11,28.85,29.06,150800,27
2012-11-13,28.81,29.35,28.81,29.18,426000,27.11
2012-11-14,29.12,29.2,28.56,28.59,137400,26.57
2012-11-15,28.54,28.68,28.47,28.56,212400,26.54
2012-11-16,28.74,28.78,28.37,28.76,252600,26.72
2012-11-19,28.82,29.12,28.75,29.12,194300,27.06
2012-11-20,28.8,28.99,28.68,28.97,173400,26.92
2012-11-21,28.88,28.99,28.79,28.95,100100,26.9
2012-11-23,29,29.31,29,29.3,108300,27.23
2012-11-26,29.35,29.49,29.26,29.47,264700,27.38
2012-11-27,29.1,29.18,28.96,29.03,261100,26.97
2012-11-28,28.75,28.92,28.56,28.82,277700,26.78
2012-11-29,28.91,29.11,28.84,28.94,71300,26.89
2012-11-30,28.91,28.95,28.54,28.68,352200,26.65
2012-12-03,28.68,29.06,28.68,28.91,405000,26.86
2012-12-04,28.56,28.7,28.43,28.47,947100,26.45
2012-12-05,28.5,28.57,28.39,28.45,143900,26.44
2012-12-06,28.56,28.56,28.42,28.54,87100,26.52
2012-12-07,28.39,28.51,28.32,28.51,305800,26.49
2012-12-10,28.46,28.66,28.42,28.66,128900,26.63
2012-12-11,28.81,28.95,28.74,28.8,251400,26.76
2012-12-12,28.95,29.08,28.89,29.03,153400,26.97
2012-12-13,29.05,29.23,28.84,28.93,138100,26.88
2012-12-14,28.76,28.92,28.71,28.82,196000,26.78
2012-12-17,28.82,29.2,28.82,29.17,241500,27.1
2012-12-18,29,29.16,28.78,29.14,312900,27.08
2012-12-19,28.92,28.92,28.72,28.8,228400,26.76
2012-12-20,28.53,28.7,28.53,28.66,104800,26.63
2012-12-21,28.43,28.73,28.42,28.7,279300,26.67
2012-12-24,28.08,28.22,28,28.08,69500,26.56
2012-12-26,27.92,28.1,27.85,27.91,166400,26.4
2012-12-27,28.02,28.11,27.86,28.1,167400,26.58
2012-12-28,28.19,28.31,28.07,28.27,158200,26.74
2012-12-31,28.59,28.64,28.25,28.64,142200,27.09
2013-01-02,28.79,29.16,28.75,29.12,282900,27.55
2013-01-03,29.1,29.16,28.85,28.87,349900,27.31
2013-01-04,29,29.12,28.91,29.02,278800,27.45
2013-01-07,28.85,28.85,28.69,28.75,188600,27.2
2013-01-08,28.81,28.85,28.65,28.69,109400,27.14
2013-01-09,28.29,28.62,28.29,28.55,102500,27.01
2013-01-10,28.18,28.26,28.01,28.24,135700,26.71
2013-01-11,28.05,28.09,27.9,28.06,151000,26.54
2013-01-14,28.42,28.5,28.3,28.48,366900,26.94
2013-01-15,28.79,28.79,28.42,28.64,286800,27.09
2013-01-16,28.58,28.98,28.58,28.92,182200,27.36
2013-01-17,28.8,28.94,28.72,28.83,184700,27.27
2013-01-18,29.07,29.18,28.93,29.17,235200,27.59
2013-01-22,29.15,29.15,28.91,29.01,260600,27.44
2013-01-23,29,29.01,28.79,28.81,195200,27.25
2013-01-24,28.94,28.94,28.67,28.67,192200,27.12
2013-01-25,29,29,28.71,28.77,173200,27.22
2013-01-28,28.9,28.9,28.56,28.62,218900,27.07
2013-01-29,28.77,28.94,28.7,28.89,453800,27.33
2013-01-30,29.03,29.06,28.87,29,138500,27.43
2013-01-31,29,29.16,28.91,29.13,133800,27.56
2013-02-01,29.53,29.81,29.53,29.75,179600,28.14
2013-02-04,29.4,29.75,29.17,29.28,230500,27.7
2013-02-05,29.67,29.71,29.47,29.51,246600,27.92
2013-02-06,29.42,29.66,29.36,29.65,149300,28.05
2013-02-07,29.7,29.7,29.41,29.58,144600,27.98
2013-02-08,29.61,29.8,29.61,29.8,238100,28.19
2013-02-11,29.89,30.09,29.76,30.08,163700,28.45
2013-02-12,30.2,30.58,30.2,30.5,286800,28.85
2013-02-13,30.52,30.63,30.51,30.61,110400,28.96
2013-02-14,30.33,30.73,30.33,30.67,189200,29.01
2013-02-15,30.81,30.81,30.65,30.73,117700,29.07
2013-02-19,30.7,30.73,30.42,30.72,246800,29.06
2013-02-20,30.7,30.72,30.38,30.44,442200,28.8
2013-02-21,30.43,30.46,30.01,30.29,503400,28.65
2013-02-22,30.42,30.58,30.35,30.49,273600,28.84
2013-02-25,30.81,31.01,30.47,30.48,231300,28.83
2013-02-26,30.55,30.76,30.46,30.71,485200,29.05
2013-02-27,30.92,31.61,30.92,31.6,482100,29.89
2013-02-28,31.77,32.06,31.72,31.79,384600,30.07
2013-03-01,31.7,32.07,31.68,32.07,283600,30.34
2013-03-04,31.49,31.68,31.37,31.63,445200,29.92
2013-03-05,31.63,31.8,31.53,31.69,345800,29.98
2013-03-06,32.11,32.25,32.02,32.15,226800,30.41
2013-03-07,32.18,32.24,32.1,32.18,192600,30.44
2013-03-08,32.21,32.59,32.21,32.51,303100,30.75
2013-03-11,32.19,32.26,32.11,32.21,158100,30.47
2013-03-12,32.1,32.1,31.76,31.82,240400,30.1
2013-03-13,31.83,31.92,31.54,31.59,258800,29.88
2013-03-14,31.45,31.53,31.26,31.31,253300,29.62
2013-03-15,31.61,31.67,31.43,31.51,114200,29.81
2013-03-18,31.42,31.47,30.2,31.36,716700,29.67
2013-03-19,31.27,31.47,31.11,31.27,382800,29.58
2013-03-20,31.47,31.68,31.46,31.66,259100,29.95
2013-03-21,31.33,31.33,30.96,31.04,363900,29.36
2013-03-22,30.69,30.71,30.5,30.68,220900,29.02
2013-03-25,30.88,30.98,30.5,30.58,150200,28.93
2013-03-26,31.28,31.59,31.28,31.57,114900,29.86
2013-03-27,31.62,32.01,31.62,32,160800,30.27
2013-03-28,31.97,32.23,31.97,32.21,229600,30.47
2013-04-01,32.09,32.18,31.73,31.8,600400,30.08
2013-04-02,31.98,32.08,31.88,31.91,233000,30.19
2013-04-03,31.94,32.17,31.7,31.74,144400,30.02
2013-04-04,31.62,31.71,31.45,31.55,215900,29.85
2013-04-05,31.1,31.59,31.02,31.53,192300,29.83
2013-04-08,31.22,31.51,31.22,31.46,205400,29.76
2013-04-09,31.56,31.91,31.44,31.7,206600,29.99
2013-04-10,31.78,31.96,31.62,31.92,138700,30.2
2013-04-11,31.85,31.99,31.76,31.86,157000,30.14
2013-04-12,31.69,31.88,31.45,31.65,112400,29.94
2013-04-15,31.36,31.46,31.02,31.02,154800,29.34
2013-04-16,31.94,32.01,31.74,31.91,147000,30.19
2013-04-17,32.02,32.1,31.75,31.86,253000,30.14
2013-04-18,32.22,32.24,31.91,31.97,159200,30.24
2013-04-19,32.17,32.24,32.03,32.18,110100,30.44
2013-04-22,32.27,32.27,31.96,32.19,153000,30.45
2013-04-23,32.22,32.64,32.22,32.6,462000,30.84
2013-04-24,32.54,32.69,32.4,32.59,125900,30.83
2013-04-25,32.59,32.63,32.28,32.43,207700,30.68
2013-04-26,32.4,32.4,32.09,32.12,175900,30.38
2013-04-29,32.39,32.66,32.38,32.53,99700,30.77
2013-04-30,32.57,32.94,32.4,32.85,289800,31.07
2013-05-01,32.8,32.8,32.43,32.49,290100,30.73
2013-05-02,32.43,32.61,32.2,32.54,303300,30.78
2013-05-03,32.14,32.32,32.03,32.23,300600,30.49
2013-05-06,32.37,32.42,32.28,32.34,136400,30.59
2013-05-07,32.63,32.84,32.54,32.68,95300,30.91
2013-05-08,32.88,32.88,32.74,32.8,129600,31.03
2013-05-09,32.84,32.96,32.58,32.72,94000,30.95
2013-05-10,32.72,32.84,32.59,32.67,129100,30.9
2013-05-13,32.49,32.49,32.2,32.2,197200,30.46
2013-05-14,32.32,32.65,32.28,32.65,186100,30.89
2013-05-15,32.66,32.66,32.38,32.51,71800,30.75
2013-05-16,32.32,32.49,32.3,32.31,223700,30.56
2013-05-17,32.9,32.9,32.6,32.74,184000,30.97
2013-05-20,33.02,33.31,33.02,33.21,141500,31.42
2013-05-21,33.16,33.21,32.77,32.93,103000,31.15
2013-05-22,33.01,33.39,32.64,32.76,362100,30.99
2013-05-23,32.21,32.52,31.95,32.45,450400,30.7
2013-05-24,32.39,32.59,32,32.13,331600,30.39
2013-05-28,32.65,32.65,32.26,32.41,485200,30.66
2013-05-29,32.44,32.48,32.16,32.19,839800,30.45
2013-05-30,31.92,32.14,31.85,31.93,747500,30.2
2013-05-31,31.37,31.42,30.86,30.86,288400,29.19
2013-06-03,30.5,31.08,30.42,30.97,609500,29.3
2013-06-04,31.21,31.33,30.57,30.6,979400,28.95
2013-06-05,30.79,30.8,29.8,29.84,938400,28.23
2013-06-06,29.9,30.25,29.76,30.21,631300,28.58
2013-06-07,29.66,30.05,29.45,29.89,993600,28.27
2013-06-10,29,29.02,28.47,28.6,885300,27.05
2013-06-11,27.74,27.91,27.23,27.5,1162000,26.01
2013-06-12,28.51,28.62,27.48,27.78,880600,26.28
2013-06-13,28.05,28.98,27.68,28.83,747900,27.27
2013-06-14,29.34,29.48,28.78,29.03,280600,27.46
2013-06-17,29.49,29.59,29.32,29.47,103100,27.88
2013-06-18,29.51,29.97,29.46,29.71,658700,28.1
2013-06-19,29.38,29.38,28.21,28.34,397600,26.81
2013-06-20,27.71,27.71,26,26.24,694400,24.82
2013-06-21,27.1,27.39,26.19,27.15,1039000,25.68
2013-06-24,26.22,26.77,25.91,26.28,744300,24.86
2013-06-25,26.6,26.89,26.39,26.76,562700,25.31
2013-06-26,27.99,28.5,27.83,28.38,402000,26.85
2013-06-27,28.62,29.19,28.61,29.16,262200,27.58
2013-06-28,29,29.12,28.66,28.93,476700,27.37
2013-07-01,29.35,29.41,28.83,28.91,298500,27.35
2013-07-02,28.76,29.16,28.06,28.37,307500,26.84
2013-07-03,27.76,28.22,27.5,27.86,168900,26.35
2013-07-05,27.63,27.95,26.76,27.32,612500,25.84
2013-07-08,27.1,27.2,26.74,27.07,352900,25.61
2013-07-09,26.83,27.09,26.46,26.84,531500,25.39
2013-07-10,27.1,27.33,26.82,26.92,240600,25.47
2013-07-11,27.82,28.92,27.82,28.82,427200,27.26
2013-07-12,28.33,28.49,28.09,28.44,263100,26.9
2013-07-15,28.21,28.73,28.21,28.55,228200,27.01
2013-07-16,28.33,28.53,28.09,28.45,136600,26.91
2013-07-17,28.62,28.82,28.59,28.65,165800,27.1
2013-07-18,28.49,28.53,28.11,28.18,189400,26.66
2013-07-19,28.44,28.44,27.92,28.1,169100,26.58
2013-07-22,27.94,28.43,27.89,28.35,217200,26.82
2013-07-23,28.74,28.74,28.28,28.29,417500,26.76
2013-07-24,28.19,28.2,27.78,27.88,205400,26.37
2013-07-25,27.76,27.98,27.63,27.96,157900,26.45
2013-07-26,27.57,27.94,27.4,27.86,119400,26.35
2013-07-29,27.51,27.51,27.2,27.32,149100,25.84
2013-07-30,27.58,27.59,27.05,27.14,211200,25.67
2013-07-31,27.36,27.64,27.01,27.49,676900,26
2013-08-01,27.72,28.21,27.63,27.96,580100,26.45
2013-08-02,27.7,28.22,27.7,28.01,222300,26.5
2013-08-05,27.85,27.89,27.42,27.59,266000,26.1
2013-08-06,27.54,27.54,27.06,27.24,151900,25.77
2013-08-07,26.97,27,26.6,26.7,217200,25.26
2013-08-08,26.96,27.31,26.65,27.21,182700,25.74
2013-08-09,27.06,27.58,27.06,27.35,136000,25.87
2013-08-12,27.45,27.72,27.41,27.66,265500,26.17
2013-08-13,27.88,27.9,27.46,27.7,120300,26.2
2013-08-14,28.2,28.36,27.94,27.97,208600,26.46
2013-08-15,27.49,27.52,27.09,27.32,204700,25.84
2013-08-16,27.09,27.11,26.33,26.37,280300,24.95
2013-08-19,25.01,25.11,24.56,24.56,670800,23.23
2013-08-20,23.64,24.04,23.32,23.59,877500,22.32
2013-08-21,23.47,23.47,22.65,22.8,494900,21.57
2013-08-22,22.86,23.48,22.86,23.25,392900,21.99
2013-08-23,23.4,23.42,23.1,23.24,315400,21.98
2013-08-26,22.91,23.19,22.24,22.25,398000,21.05
2013-08-27,21.5,21.6,20.54,20.56,833400,19.45
2013-08-28,21.2,21.49,20.81,21.03,1483700,19.89
2013-08-29,21.91,22.16,21.51,21.56,1015000,20.39
2013-08-30,22.35,22.59,21.82,22.15,527900,20.95
2013-09-03,21.93,22.27,21.4,21.49,391200,20.33
2013-09-04,21.45,21.84,21.24,21.78,457600,20.6
2013-09-05,21.41,21.87,21.22,21.81,475200,20.63
2013-09-06,22.06,22.58,21.59,22.49,492300,21.27
2013-09-09,23.1,23.8,22.83,23.7,881200,22.42
2013-09-10,24.37,24.6,24.22,24.38,622400,23.06
2013-09-11,24.12,24.21,23.64,24.01,221900,22.71
2013-09-12,24.08,24.18,23.31,23.45,354800,22.18
2013-09-13,23.82,24.1,23.66,24.08,302400,22.78
2013-09-16,25,25.41,24.84,25,202300,23.65
2013-09-17,24.97,24.97,24.38,24.54,420600,23.21
2013-09-18,24.35,26.86,24.07,26.65,521200,25.21
2013-09-19,26.64,27,26.49,26.83,488400,25.38
2013-09-20,25.65,26.08,25.35,25.45,444400,24.07
2013-09-23,25.21,25.5,25,25.07,284300,23.72
2013-09-24,24.63,24.63,24.14,24.23,319800,22.92
2013-09-25,24.01,24.13,23.56,23.66,298000,22.38
2013-09-26,24.12,24.31,23.85,24.15,316300,22.85
2013-09-27,23.98,23.98,23.5,23.71,175200,22.43
2013-09-30,22.98,23.03,22.71,22.94,263000,21.7
2013-10-01,23.42,24.12,23.42,24.05,269100,22.75
2013-10-02,23.86,24.26,23.85,24.26,307500,22.95
2013-10-03,24.08,24.19,23.37,23.66,155300,22.38
2013-10-04,23.24,23.8,23.03,23.61,439800,22.33
2013-10-07,23.17,23.28,22.98,23.05,148500,21.8
2013-10-08,23.54,23.6,22.81,22.81,235000,21.58
2013-10-09,23.63,23.71,23.19,23.62,297100,22.34
2013-10-10,24.01,24.53,23.98,24.46,346100,23.14
2013-10-11,24.54,24.6,24.2,24.36,324100,23.04
2013-10-14,24.25,25.19,24.25,25.1,244300,23.74
2013-10-15,25.06,25.12,24.33,24.45,193000,23.13
2013-10-16,24.49,24.71,24.18,24.48,110100,23.16
2013-10-17,24.55,24.9,24.46,24.87,105900,23.53
2013-10-18,25.11,25.15,24.76,25.14,279400,23.78
2013-10-21,24.99,25.19,24.78,24.84,115700,23.5
2013-10-22,24.7,25.25,24.7,24.82,196500,23.48
2013-10-23,24.84,24.84,24.29,24.31,169900,23
2013-10-24,25.1,25.14,24.65,24.68,189200,23.35
2013-10-25,25.17,25.45,25.04,25.38,70300,24.01
2013-10-28,25.31,25.4,25.11,25.38,146700,24.01
2013-10-29,25.11,25.11,24.96,25.06,73800,23.71
2013-10-30,25.04,25.04,24.3,24.51,98600,23.19
2013-10-31,24.39,24.48,23.94,24.02,164600,22.72
2013-11-01,23.78,24.14,23.3,23.61,278400,22.33
2013-11-04,23.8,23.99,23.61,23.82,227200,22.53
2013-11-05,23.54,23.82,23.31,23.42,277300,22.15
2013-11-06,23.68,23.99,23.54,23.69,181000,22.41
2013-11-07,24.06,24.12,23.31,23.4,179500,22.14
2013-11-08,23.57,23.67,23.3,23.6,196900,22.32
2013-11-11,23.42,23.52,23.06,23.13,175900,21.88
2013-11-12,23,23.03,22.34,22.55,886000,21.33
2013-11-13,22.39,22.89,22.38,22.77,198700,21.54
2013-11-14,22.98,23.46,22.82,23.35,262400,22.09
2013-11-15,23.3,23.69,23.14,23.53,380900,22.26
2013-11-18,23.76,23.81,23.27,23.32,111700,22.06
2013-11-19,23.4,23.55,23.07,23.07,122800,21.82
2013-11-20,22.97,22.97,22.36,22.46,208000,21.25
2013-11-21,22.72,22.85,22.57,22.58,215700,21.36
2013-11-22,22.72,22.72,22.22,22.49,235700,21.27
2013-11-25,22.58,22.58,22.26,22.28,98000,21.08
2013-11-26,22.03,22.2,21.62,22.16,255800,20.96
2013-11-27,22.29,22.29,21.93,22.16,92100,20.96
2013-11-29,21.9,22.12,21.87,22.02,97300,20.83
2013-12-02,22.69,22.97,22.04,22.09,128100,20.9
2013-12-03,22.13,22.28,21.85,21.96,181400,20.77
2013-12-04,21.66,21.87,21.53,21.78,84000,20.6
2013-12-05,21.74,21.79,21.38,21.43,131300,20.27
2013-12-06,21.61,21.96,21.54,21.8,152900,20.62
2013-12-09,21.8,22.09,21.78,21.93,357800,20.75
2013-12-10,21.87,22.23,21.64,22.09,163500,20.9
2013-12-11,21.84,21.94,21.47,21.54,1e+05,20.38
2013-12-12,21.4,21.67,21.32,21.4,119200,20.24
2013-12-13,21.4,21.4,20.98,21.05,180700,19.91
2013-12-16,21.15,21.48,21.15,21.2,105700,20.05
2013-12-17,21.38,21.46,21.22,21.24,109700,20.09
2013-12-18,21.42,21.89,20.85,21.65,208200,20.48
2013-12-19,21.36,21.44,21.14,21.36,188500,20.21
2013-12-20,21.2,21.29,20.96,21,146200,19.87
2013-12-23,20.7,20.7,20.28,20.42,157100,20
2013-12-24,20.45,20.64,20.43,20.51,74100,20.09
2013-12-26,20.59,20.59,20.4,20.51,158500,20.09
2013-12-27,20.48,20.83,20.42,20.83,111900,20.4
2013-12-30,20.99,21.08,20.73,20.95,186200,20.52
2013-12-31,21,21.29,20.95,21.26,125600,20.82
2014-01-02,21.28,21.28,20.41,20.51,405500,20.09
2014-01-03,20.61,20.63,20.23,20.38,182000,19.96
2014-01-06,20.26,20.35,20.11,20.14,100500,19.73
2014-01-07,20.2,20.44,20.06,20.12,350600,19.71
2014-01-08,20.3,20.35,20.12,20.19,125200,19.78
2014-01-09,20.31,20.33,20.08,20.27,138100,19.85
2014-01-10,20.73,21.3,20.73,21.2,243900,20.76
2014-01-13,21.75,21.8,21.29,21.39,118900,20.95
2014-01-14,21.65,21.65,21.16,21.48,125300,21.04
2014-01-15,21.81,21.97,21.75,21.94,135100,21.49
2014-01-16,21.76,21.76,21.4,21.52,129900,21.08
2014-01-17,21.64,21.68,21.48,21.54,53100,21.1
2014-01-21,21.74,21.75,21.41,21.57,88400,21.13
2014-01-22,21.88,22.2,21.61,22.16,149100,21.7
2014-01-23,22,22.04,21.4,21.71,223400,21.26
2014-01-24,21.32,21.32,20.76,20.8,333500,20.37
2014-01-27,20.82,20.9,20.26,20.45,171300,20.03
2014-01-28,20.99,21,20.62,20.86,130900,20.43
2014-01-29,20.63,20.89,20.42,20.62,116100,20.2
2014-01-30,21.24,21.4,20.89,21.16,102600,20.73
2014-01-31,20.75,21.16,20.51,21.1,126900,20.67
2014-02-03,20.97,20.97,20.3,20.32,123100,19.9
2014-02-04,20.76,21.51,20.76,21.41,253100,20.97
2014-02-05,21.28,21.43,21.02,21.26,104000,20.82
2014-02-06,21.43,21.98,21.3,21.79,150400,21.34
2014-02-07,22.16,22.28,21.85,22.06,99200,21.61
2014-02-10,21.87,21.87,21.31,21.43,153800,20.99
2014-02-11,21.59,22.24,21.59,22.12,116300,21.67
2014-02-12,22.01,22.38,21.96,22.1,62700,21.65
2014-02-13,21.91,22.44,21.88,22.35,69700,21.89
2014-02-14,22.59,23,22.58,22.92,244100,22.45
2014-02-18,22.89,23.08,22.72,22.77,246500,22.3
2014-02-19,22.88,23.24,22.8,22.83,132400,22.36
2014-02-20,23.02,23.28,22.78,23.24,138700,22.76
2014-02-21,23.46,23.53,23.3,23.45,287500,22.97
2014-02-24,23.55,23.71,23.42,23.53,112500,23.05
2014-02-25,23.16,23.16,22.6,22.83,177800,22.36
2014-02-26,22.7,22.83,22.41,22.64,131800,22.17
2014-02-27,22.82,23.35,22.81,23.35,184900,22.87
2014-02-28,23.48,23.62,23.01,23.12,270900,22.64
2014-03-03,23.14,23.23,22.93,23.1,241500,22.63
2014-03-04,23.58,23.7,23.41,23.44,135900,22.96
2014-03-05,23.57,23.88,23.52,23.8,161100,23.31
2014-03-06,24.36,24.41,24.04,24.22,213900,23.72
2014-03-07,24.23,24.23,23.6,23.94,137700,23.45
2014-03-10,23.94,24.02,23.7,23.98,124400,23.49
2014-03-11,24.1,24.18,23.72,23.89,376800,23.4
2014-03-12,23.74,24.06,23.62,23.99,133800,23.5
2014-03-13,24.24,24.34,23.64,23.8,156600,23.31
2014-03-14,25.24,25.5,25.02,25.21,296000,24.69
2014-03-17,26.27,26.27,25.03,25.54,200200,25.02
2014-03-18,25.33,25.54,25.03,25.52,161000,25
2014-03-19,25.27,25.49,24.83,25.02,592600,24.51
2014-03-20,24.22,24.56,23.9,24.4,431600,23.9
2014-03-21,24.68,24.93,24.32,24.43,111100,23.93
2014-03-24,24.49,24.64,24.33,24.64,109300,24.13
2014-03-25,24.71,24.85,24.5,24.72,214600,24.21
2014-03-26,24.72,24.84,24.48,24.53,358600,24.03
2014-03-27,24.56,24.99,24.41,24.61,178100,24.1
2014-03-28,24.98,25.27,24.83,24.93,212400,24.42
2014-03-31,25.22,25.38,24.93,25.14,328500,24.62
2014-04-01,25.57,25.89,25.52,25.84,329000,25.31
2014-04-02,25.5,25.79,25.5,25.78,178900,25.25
2014-04-03,25.65,25.71,25.22,25.7,260800,25.17
2014-04-04,25.86,26.09,25.45,25.54,229300,25.02
2014-04-07,25.77,25.97,25.61,25.73,328700,25.2
2014-04-08,25.98,26.55,25.98,26.29,562400,25.75
2014-04-09,26.62,26.85,25.5,25.92,339700,25.39
2014-04-10,24.76,25.36,24.66,24.95,523100,24.44
2014-04-11,24.85,25.18,24.83,25.01,84500,24.5
2014-04-14,25.4,25.7,25.28,25.52,359200,25
2014-04-15,25.38,25.75,24.83,25.34,1143900,24.82
2014-04-16,25.45,25.84,25.28,25.77,423000,25.24
2014-04-17,25.77,25.99,25.52,25.85,516600,25.32
2014-04-21,25.8,25.91,25.6,25.69,278300,25.16
2014-04-22,25.4,25.58,25.18,25.36,79000,24.84
2014-04-23,25.29,25.29,24.77,25.01,75000,24.5
2014-04-24,25.18,25.23,24.87,25.18,251900,24.66
2014-04-25,25.41,25.41,25.01,25.34,62800,24.82
2014-04-28,25.02,25.29,24.41,24.8,207900,24.29
2014-04-29,25.06,25.27,24.83,25.18,223700,24.66
2014-04-30,25.11,25.41,25.11,25.39,153700,24.87
2014-05-01,25.47,25.59,25.19,25.56,133600,25.03
2014-05-02,25.51,25.58,25.36,25.54,66500,25.02
2014-05-05,25.2,25.52,25.2,25.51,23500,24.99
2014-05-06,25.42,25.56,25.36,25.43,51200,24.91
2014-05-07,25.38,25.54,25.3,25.51,92100,24.99
2014-05-08,25.42,25.64,25.31,25.34,140500,24.82
2014-05-09,25.51,25.65,25.4,25.59,67500,25.06
2014-05-12,25.96,26.17,25.95,26.09,381900,25.55
2014-05-13,25.9,26.09,25.75,26.09,267600,25.55
2014-05-14,26.27,26.93,26.21,26.59,185800,26.04
2014-05-15,26.51,26.51,26.1,26.4,142100,25.86
2014-05-16,26.61,27.06,26.61,26.97,117200,26.42
2014-05-19,26.71,26.93,26.7,26.77,188200,26.22
2014-05-20,25.94,26.25,25.59,25.73,339600,25.2
2014-05-21,25.89,26.04,25.77,25.79,117000,25.26
2014-05-22,26.11,26.3,26.11,26.27,69600,25.73
2014-05-23,26.2,26.68,26.07,26.12,45100,25.58
2014-05-27,25.63,26.18,25.63,26,824500,25.47
2014-05-28,25.94,26.1,25.82,25.86,789600,25.33
2014-05-29,26.08,26.2,26,26.12,39900,25.58
2014-05-30,25.6,25.73,25.11,25.25,257700,24.73
2014-06-02,25.16,25.36,25.14,25.22,237600,24.7
2014-06-03,25.35,25.5,25.23,25.45,447400,24.93
2014-06-04,25.16,25.16,24.9,24.98,196700,24.47
2014-06-05,25.19,25.33,25.02,25.11,269100,24.59
2014-06-06,25.31,25.57,25.25,25.42,255100,24.9
2014-06-09,25.29,25.59,25.16,25.25,78700,24.73
2014-06-10,25.25,25.62,25.25,25.53,54200,25.01
2014-06-11,25.4,25.68,25.14,25.31,257700,24.79
2014-06-12,25.32,25.33,24.87,24.93,415700,24.42
2014-06-13,24.94,25.13,24.69,24.99,214000,24.48
2014-06-16,24.83,24.88,24.66,24.76,352500,24.25
2014-06-17,24.76,24.84,24.6,24.81,156600,24.3
2014-06-18,24.61,24.87,24.36,24.86,297800,24.35
2014-06-19,24.63,24.75,24.55,24.69,273200,24.18
2014-06-20,24.59,24.62,24.46,24.52,124000,24.02
2014-06-23,24.39,24.5,24.31,24.41,90800,23.91
2014-06-24,24.4,24.56,24.21,24.34,462500,23.84
2014-06-25,24.17,24.3,24.02,24.25,222300,23.75
2014-06-26,24.27,24.49,24.16,24.21,215200,23.71
2014-06-27,24.29,24.32,24.07,24.18,90600,23.68
2014-06-30,24.54,24.75,24.47,24.65,326700,24.14
2014-07-01,24.82,24.92,24.71,24.82,267100,24.31
2014-07-02,24.94,25.12,24.75,25.12,228300,24.6
2014-07-03,24.94,25.12,24.86,25.05,103900,24.54
2014-07-07,25.76,25.99,25.66,25.94,243000,25.41
2014-07-08,26.33,26.33,26.03,26.09,153600,25.55
2014-07-09,26.67,27.38,26.5,27.33,373100,26.77
2014-07-10,26.77,26.83,26.31,26.8,291900,26.25
2014-07-11,26.5,26.64,26.33,26.55,71200,26
2014-07-14,26.47,26.51,26.38,26.51,72300,25.97
2014-07-15,26.5,26.5,26.25,26.39,144600,25.85
2014-07-16,26.65,26.87,26.65,26.75,164000,26.2
2014-07-17,26.58,26.65,26.15,26.15,230300,25.61
2014-07-18,26.63,26.91,26.53,26.86,135500,26.31
2014-07-21,26.97,27.45,26.95,27.39,84600,26.83
2014-07-22,27.24,27.7,27.11,27.33,267700,26.77
2014-07-23,27.36,27.39,27.18,27.31,116900,26.75
2014-07-24,27.31,27.31,27.09,27.2,35500,26.64
2014-07-25,27.16,27.16,26.74,26.92,109500,26.37
2014-07-28,27.09,27.39,26.88,27.34,153300,26.78
2014-07-29,27.36,27.36,27.07,27.16,161000,26.6
2014-07-30,27.22,27.26,26.55,26.7,189400,26.15
2014-07-31,26.29,26.65,25.64,25.89,219300,25.36
2014-08-01,25.51,26.24,25.51,26.16,272800,25.62
2014-08-04,26.35,26.99,26.35,26.9,229600,26.35
2014-08-05,26.64,26.77,26.23,26.42,149400,25.88
2014-08-06,25.62,26.25,25.62,25.9,127400,25.37
2014-08-07,26.25,26.25,25.82,26,102300,25.47
2014-08-08,26.28,26.48,26.11,26.33,208900,25.79
2014-08-11,26.65,27,26.54,26.97,70600,26.42
2014-08-12,26.8,26.94,26.72,26.87,87200,26.32
2014-08-13,27.17,27.19,26.92,27,124800,26.45
2014-08-14,26.87,27,26.87,26.94,100500,26.39
2014-08-15,27,27,26.63,26.76,69300,26.21
2014-08-18,26.79,27.07,26.74,27.02,53600,26.46
2014-08-19,27.02,27.07,26.9,27.03,34400,26.47
2014-08-20,26.86,27.17,26.86,27.07,42800,26.51
2014-08-21,27.01,27.23,26.96,26.97,96400,26.42
2014-08-22,26.94,26.94,26.59,26.64,94600,26.09
2014-08-25,26.72,26.91,26.7,26.91,65800,26.36
2014-08-26,26.71,26.84,26.48,26.82,70200,26.27
2014-08-27,26.66,26.94,26.66,26.88,69700,26.33
2014-08-28,26.56,26.86,26.52,26.72,59800,26.17
2014-08-29,26.7,26.79,26.32,26.5,115300,25.96
2014-09-02,26.54,26.68,26.53,26.6,211500,26.05
2014-09-03,26.95,27,26.68,26.76,115700,26.21
2014-09-04,26.77,26.89,26.66,26.74,86900,26.19
2014-09-05,26.75,27.04,26.75,27.02,32000,26.46
2014-09-08,26.93,27.12,26.81,26.99,64700,26.44
2014-09-09,26.7,26.7,26.25,26.37,77600,25.83
2014-09-10,26.29,26.29,25.95,26.17,85200,25.63
2014-09-11,26.1,26.11,25.85,25.92,81700,25.39
2014-09-12,26.04,26.04,25.64,25.73,120600,25.2
2014-09-15,25.65,25.74,25.5,25.54,81900,25.02
2014-09-16,25.54,26.27,25.5,26.11,118100,25.57
2014-09-17,26.1,26.28,25.68,25.77,174600,25.24
2014-09-18,25.92,26.2,25.75,26.05,29700,25.51
2014-09-19,26.19,26.23,25.85,25.99,97500,25.46
2014-09-22,26.08,26.08,25.78,25.8,124200,25.27
2014-09-23,25.98,25.99,25.72,25.72,92300,25.19
2014-09-24,25.88,26.22,25.79,26.14,85300,25.6
2014-09-25,26.04,26.04,25.62,25.71,104300,25.18
2014-09-26,25.5,25.51,25.15,25.23,550300,24.71
2014-09-29,24.88,24.94,24.5,24.9,142400,24.39
2014-09-30,25,25.15,24.52,25,198400,24.49
2014-10-01,24.96,25.07,24.61,24.7,247700,24.19
2014-10-02,24.39,24.65,24.17,24.47,131700,23.97
2014-10-03,24.2,24.2,23.87,24.08,158300,23.59
2014-10-06,24.34,24.65,24.31,24.31,77500,23.81
2014-10-07,24.37,24.48,24.25,24.25,154900,23.75
2014-10-08,24.16,24.64,23.76,24.58,254100,24.07
2014-10-09,24.43,24.48,23.78,23.91,89900,23.42
2014-10-10,24.05,24.05,23.63,23.67,209400,23.18
2014-10-13,23.97,24.14,23.69,23.77,91800,23.28
2014-10-14,24,24.1,23.81,23.96,62100,23.47
2014-10-15,23.77,24.06,23.26,23.93,197100,23.44
2014-10-16,23.69,24.29,23.47,24.03,197000,23.54
2014-10-17,24.57,25.08,24.57,24.79,92500,24.28
2014-10-20,24.83,25.16,24.83,25.03,117100,24.52
2014-10-21,25.03,25.4,25.03,25.21,92500,24.69
2014-10-22,25.24,25.3,25.04,25.14,116600,24.62
2014-10-23,25.26,25.6,25.25,25.45,113000,24.93
2014-10-24,25.31,25.42,25.18,25.28,111400,24.76
2014-10-27,24.9,24.9,24.53,24.82,86300,24.31
2014-10-28,24.79,25.03,24.59,24.8,201900,24.29
2014-10-29,25.04,25.33,24.9,25,196100,24.49
2014-10-30,24.92,25.23,24.87,25.13,29800,24.61
2014-10-31,25.3,25.51,25.13,25.34,132700,24.82
2014-11-03,25.24,25.37,25.03,25.09,44900,24.57
2014-11-04,25.08,25.09,24.81,25.01,55500,24.5
2014-11-05,24.99,25.01,24.64,24.86,30000,24.35
2014-11-06,24.81,24.83,24.61,24.62,77900,24.11
2014-11-07,24.6,24.74,24.49,24.73,34900,24.22
2014-11-10,24.8,24.8,24.39,24.42,54900,23.92
2014-11-11,24.69,24.9,24.59,24.78,47900,24.27
2014-11-12,24.77,24.83,24.69,24.73,37600,24.22
2014-11-13,24.75,24.78,24.68,24.69,16500,24.18
2014-11-14,24.7,24.86,24.68,24.86,20100,24.35
2014-11-17,24.92,25.07,24.89,25.04,79800,24.53
2014-11-18,25.21,25.57,25.21,25.47,64100,24.95
2014-11-19,25.36,25.54,25.3,25.4,101500,24.88
2014-11-20,25.17,25.2,25.03,25.06,42300,24.55
2014-11-21,25.44,25.7,25.44,25.66,126500,25.13
2014-11-24,25.41,25.67,25.34,25.41,120500,24.89
2014-11-25,25.46,25.46,25.12,25.16,103000,24.64
2014-11-26,25.29,25.44,25.24,25.42,22800,24.9
2014-11-28,25.23,25.23,25.01,25.05,96500,24.54
2014-12-01,25.17,25.27,25.01,25.01,39500,24.5
2014-12-02,25.15,25.32,25.15,25.23,76500,24.71
2014-12-03,25.24,25.43,25.13,25.19,67700,24.67
2014-12-04,25.35,25.41,25.15,25.26,71900,24.74
2014-12-05,25.12,25.18,24.93,25.12,170200,24.6
2014-12-08,24.92,24.92,24.56,24.6,135900,24.09
2014-12-09,24.52,24.65,24.42,24.65,92700,24.14
2014-12-10,24.84,24.84,24.51,24.59,25100,24.08
2014-12-11,24.46,24.68,24.02,24.43,180100,23.93
2014-12-12,24.42,24.42,24,24,60300,23.51
2014-12-15,23.67,23.67,22.83,22.92,135000,22.45
2014-12-16,22.87,23.5,22.55,22.88,338000,22.41
2014-12-17,23.36,24.08,23.16,23.73,218100,23.24
2014-12-18,24.04,24.49,24.04,24.29,37400,23.79
2014-12-19,24.38,24.73,24.31,24.48,55100,23.98
2014-12-22,24.08,24.18,23.95,24.03,245300,24.03
2014-12-23,24,24.35,23.78,23.9,58000,23.9
2014-12-24,23.96,24.26,23.96,24.16,30400,24.16
2014-12-26,24.37,24.49,24.14,24.33,71800,24.33
2014-12-29,24.31,24.34,24.12,24.14,79800,24.14
2014-12-30,24.26,24.35,24.14,24.27,86000,24.27
2014-12-31,24.38,24.51,24.17,24.29,158400,24.29
2015-01-02,24.25,24.46,23.83,23.87,51400,23.87
2015-01-05,23.74,23.74,23.37,23.39,82100,23.39
2015-01-06,23.44,23.62,23.26,23.39,92300,23.39
2015-01-07,23.82,23.93,23.64,23.78,91200,23.78
2015-01-08,24.04,24.05,23.88,23.89,38800,23.89
2015-01-09,24,24,23.76,23.78,26000,23.78
2015-01-12,23.76,23.76,23.56,23.65,54400,23.65
2015-01-13,23.91,24.08,23.67,23.85,125900,23.85
2015-01-14,23.56,23.72,23.39,23.67,80800,23.67
2015-01-15,23.87,23.95,23.68,23.68,82400,23.68
2015-01-16,23.64,23.93,23.64,23.89,31900,23.89
2015-01-20,23.85,24,23.7,23.74,77200,23.74
2015-01-21,24.04,24.47,23.97,24.41,129400,24.41
2015-01-22,24.49,25.13,24.49,25.07,61900,25.07
2015-01-23,25.1,25.15,24.89,24.92,122700,24.92
