"Index","JPP.Open","JPP.High","JPP.Low","JPP.Close","JPP.Volume","JPP.Adjusted"
2006-11-14,53.45,53.58,53.12,53.58,5700,44.28
2006-11-15,52.9,52.9,52.9,52.9,600,43.72
2006-11-16,52.75,52.75,52.68,52.68,1500,43.54
2006-11-17,52.1,52.31,52.1,52.3,700,43.22
2006-11-20,51.15,51.15,51.15,51.15,100,42.27
2006-11-21,51.15,51.15,51.15,51.15,0,42.27
2006-11-22,51.84,51.84,51.84,51.84,400,42.84
2006-11-24,51.9,51.9,51.9,51.9,200,42.89
2006-11-27,52.25,52.25,51.81,51.81,1900,42.82
2006-11-28,51.81,51.81,51.81,51.81,0,42.82
2006-11-29,53.48,53.6,53.31,53.31,1300,44.06
2006-11-30,54.12,54.12,54.12,54.12,1000,44.73
2006-12-01,54.05,54.05,54.05,54.05,1100,44.67
2006-12-04,54.77,54.77,54.77,54.77,10000,45.26
2006-12-05,54.49,54.5,54.49,54.5,200,45.04
2006-12-06,54.5,54.5,54.5,54.5,0,45.04
2006-12-07,55.34,55.35,55.1,55.1,2300,45.54
2006-12-08,54.92,54.92,54.92,54.92,50000,45.39
2006-12-11,54.92,54.92,54.92,54.92,0,45.39
2006-12-12,54.76,54.76,54.76,54.76,50000,45.26
2006-12-13,54.92,54.92,54.76,54.76,600,45.26
2006-12-14,55.14,55.52,55.14,55.52,1500,45.88
2006-12-15,55.43,55.44,55.39,55.4,600,45.78
2006-12-18,55.38,55.38,55.09,55.09,300,45.53
2006-12-19,54.73,54.78,54.73,54.78,200,45.27
2006-12-20,55.5,55.54,55.25,55.25,800,45.66
2006-12-21,55.27,55.69,55.27,55.4,1800,45.78
2006-12-22,55.26,55.47,55.26,55.47,1200,45.84
2006-12-26,55.41,55.41,55.25,55.28,800,45.69
2006-12-27,55.28,55.28,55.28,55.28,0,45.69
2006-12-28,55.75,55.75,55.62,55.62,200,45.97
2006-12-29,55.64,55.74,55.64,55.69,1000,46.02
2007-01-03,55.58,55.65,55.5,55.5,1400,45.87
2007-01-04,56,56.1,56,56.1,1300,46.36
2007-01-05,55.3,55.37,54.55,55.08,12600,45.52
2007-01-08,55.24,55.24,55.24,55.24,500,45.65
2007-01-09,55.45,55.51,55.41,55.51,2300,45.88
2007-01-10,54.6,54.88,54.5,54.82,700,45.3
2007-01-11,54.5,54.68,54.41,54.68,500,45.19
2007-01-12,55.07,55.32,55.07,55.32,1500,45.72
2007-01-16,55.55,55.55,55.49,55.51,1800,45.88
2007-01-17,55.52,55.64,55.45,55.5,4100,45.87
2007-01-18,55.65,55.68,55.65,55.68,2900,46.02
2007-01-19,55.79,55.92,55.74,55.9,109100,46.2
2007-01-22,55.44,55.58,55.44,55.53,9300,45.89
2007-01-23,55.95,56.11,55.93,55.93,6600,46.22
2007-01-24,56.24,56.73,56.24,56.71,900,46.87
2007-01-25,56.05,56.05,55.49,55.59,4700,45.94
2007-01-26,55.8,55.81,55.56,55.81,4100,46.12
2007-01-29,55.9,56.1,55.85,55.96,4000,46.25
2007-01-30,55.99,56.17,55.99,56.12,6200,46.38
2007-01-31,55.5,56.41,55.5,56.13,17600,46.39
2007-02-01,57.16,57.16,56.75,56.96,13700,47.07
2007-02-02,56.6,56.66,56.46,56.47,6700,46.67
2007-02-05,56.03,56.03,56.01,56.01,3100,46.29
2007-02-06,56.6,56.6,56.27,56.41,3900,46.62
2007-02-07,56.43,56.43,56.4,56.4,6700,46.61
2007-02-08,55.57,55.74,55.57,55.74,1500,46.07
2007-02-09,56.35,56.35,56.06,56.06,700,46.33
2007-02-12,55.97,55.97,55.81,55.82,2300,46.13
2007-02-13,56.8,56.92,56.8,56.92,2000,47.04
2007-02-14,57.17,57.89,57.17,57.85,14500,47.81
2007-02-15,58.1,58.1,58.1,58.1,100,48.02
2007-02-16,58.04,58.35,58.04,58.35,900,48.22
2007-02-20,58.1,58.16,57.98,58.16,1100,48.07
2007-02-21,57.75,57.94,57.75,57.94,4000,47.88
2007-02-22,58.25,58.25,58.22,58.22,1600,48.11
2007-02-23,58.66,58.9,58.56,58.9,15100,48.68
2007-02-26,59.1,59.15,58.77,58.81,7100,48.6
2007-02-27,58.81,58.81,57.23,57.35,43000,47.4
2007-02-28,57.29,57.78,57.29,57.54,3000,47.55
2007-03-01,57,57.44,56.46,57.44,3000,47.47
2007-03-02,57,57,56.5,56.5,700,46.69
2007-03-05,56.08,56.12,55.73,55.73,11200,46.06
2007-03-06,56.77,56.77,56.77,56.77,100,46.92
2007-03-07,57,57,56.75,56.75,2100,46.9
2007-03-08,57.37,57.65,57.37,57.65,9200,47.64
2007-03-09,57.35,57.47,57.31,57.41,40600,47.45
2007-03-12,57.82,58.1,57.48,58.06,119500,47.98
2007-03-13,57.55,57.55,56.77,56.79,10300,46.93
2007-03-14,56.28,56.31,55.95,56.15,5400,46.4
2007-03-15,56.6,56.6,56.44,56.49,5200,46.68
2007-03-16,56.38,56.62,56.29,56.29,10200,46.52
2007-03-19,56.81,56.86,56.79,56.81,3900,46.95
2007-03-20,56.99,57.44,56.99,57.44,3300,47.47
2007-03-21,57.41,57.89,57.15,57.89,6900,47.84
2007-03-22,58.05,58.37,58,58,9200,47.93
2007-03-23,58.23,58.23,58.02,58.05,10400,47.97
2007-03-26,57.67,57.67,57.67,57.67,100,47.66
2007-03-27,57.18,57.19,57.18,57.19,400,47.26
2007-03-28,57.18,57.18,57,57,1300,47.11
2007-03-29,57.18,57.28,57.18,57.28,300,47.34
2007-03-30,57.24,57.33,56.98,56.98,1400,47.09
2007-04-02,56.65,56.65,56.65,56.65,3000,46.82
2007-04-03,56.85,57.14,56.75,56.95,5600,47.07
2007-04-04,57.32,57.48,57.17,57.48,35300,47.5
2007-04-05,57.41,57.41,57.24,57.27,10000,47.33
2007-04-09,57.45,57.48,57.31,57.39,6700,47.43
2007-04-10,57.53,57.73,57.48,57.64,20600,47.64
2007-04-11,57.35,57.35,57.13,57.13,4600,47.21
2007-04-12,57.07,57.39,57.07,57.35,14100,47.4
2007-04-13,57.2,57.2,57.01,57.12,7800,47.21
2007-04-16,57.12,57.69,57.12,57.69,10200,47.68
2007-04-17,57.09,57.21,57.09,57.21,4600,47.28
2007-04-18,57.47,57.47,57.32,57.32,3500,47.37
2007-04-19,57.06,57.06,57.05,57.05,5000,47.15
2007-04-20,57.2,57.29,57.2,57.29,7200,47.35
2007-04-23,56.67,56.67,56.67,56.67,200,46.83
2007-04-24,56.62,56.62,56.62,56.62,1200,46.79
2007-04-25,56.5,56.89,56.5,56.89,6300,47.02
2007-04-26,56.29,56.37,56.22,56.22,10000,46.46
2007-04-27,55.86,55.99,55.79,55.99,22400,46.27
2007-04-30,56.15,56.28,55.73,55.74,11300,46.07
2007-05-01,55.74,55.74,55.74,55.74,0,46.07
2007-05-02,55.94,56.3,55.94,56.26,18400,46.49
2007-05-03,56.41,56.41,56.41,56.41,300,46.62
2007-05-04,56.54,56.54,56.54,56.54,2000,46.73
2007-05-07,56.91,56.91,56.79,56.91,13000,47.03
2007-05-08,56.74,56.74,56.55,56.55,6000,46.73
2007-05-09,57.35,57.41,57.29,57.31,8000,47.36
2007-05-10,56.5,56.5,56.48,56.48,400,46.68
2007-05-11,56.69,56.99,56.69,56.99,26400,47.1
2007-05-14,56.49,56.64,56.49,56.64,11800,46.81
2007-05-15,56.2,56.36,56.11,56.25,6100,46.49
2007-05-16,56.1,56.1,56.1,56.1,10000,46.36
2007-05-17,55.64,55.64,55.47,55.56,5400,45.92
2007-05-18,55.7,55.7,55.54,55.54,900,45.9
2007-05-21,55.5,55.63,55.45,55.5,6200,45.87
2007-05-22,56.27,56.27,56.27,56.27,300,46.5
2007-05-23,56.54,56.58,56.3,56.3,24100,46.53
2007-05-24,56.2,56.38,55.68,55.68,51800,46.02
2007-05-25,55.76,55.76,55.76,55.76,5000,46.08
2007-05-29,56.4,56.4,56.31,56.31,8600,46.54
2007-05-30,56.15,56.38,56.15,56.38,5300,46.59
2007-05-31,56.83,56.84,56.83,56.84,500,46.97
2007-06-01,57.23,57.27,57.21,57.27,17800,47.33
2007-06-04,57.31,57.31,57.2,57.31,7300,47.36
2007-06-05,57.49,57.49,57.29,57.44,10000,47.47
2007-06-06,57.42,57.43,56.96,56.96,2000,47.07
2007-06-07,56.82,56.82,56.75,56.75,5800,46.9
2007-06-08,56.96,57.09,56.96,57.09,400,47.18
2007-06-11,57.31,57.31,57.12,57.12,500,47.21
2007-06-12,56.4,56.4,56.4,56.4,100,46.61
2007-06-13,56.39,56.58,56.38,56.56,13000,46.74
2007-06-14,56.7,56.7,56.64,56.64,4900,46.81
2007-06-15,57.09,57.1,57.02,57.07,8200,47.16
2007-06-18,57.06,57.07,56.96,57,38500,47.11
2007-06-19,56.82,56.96,56.82,56.94,16800,47.06
2007-06-20,56.99,56.99,56.71,56.71,5200,46.87
2007-06-21,56.85,56.94,56.77,56.94,20000,47.06
2007-06-22,56.7,56.7,56.17,56.17,5900,46.42
2007-06-25,56.17,56.31,56.01,56.06,2500,46.33
2007-06-26,56.31,56.31,56.31,56.31,100,46.54
2007-06-27,55.9,56.25,55.9,56.24,21400,46.48
2007-06-28,56.35,56.35,56.25,56.25,700,46.49
2007-06-29,56.67,56.9,56.67,56.9,2700,47.02
2007-07-02,57.59,57.59,57.59,57.59,200,47.59
2007-07-03,57.7,57.88,57.58,57.88,4600,47.83
2007-07-05,57,57.12,56.88,57.09,29400,47.18
2007-07-06,57,57.19,56.95,57.07,44600,47.16
2007-07-09,57.45,57.45,57.14,57.14,10000,47.22
2007-07-10,57.09,57.19,57.03,57.1,2800,47.19
2007-07-11,56.97,57.08,56.97,57.08,1500,47.17
2007-07-12,57.29,57.33,57.29,57.33,9000,47.38
2007-07-13,57.62,57.62,57.62,57.62,200,47.62
2007-07-16,57.62,57.62,57.62,57.62,0,47.62
2007-07-17,57.27,57.32,57.15,57.18,26100,47.26
2007-07-18,57,57,56.62,56.88,45700,47.01
2007-07-19,57.36,57.39,57.25,57.31,11200,47.36
2007-07-20,57.17,57.28,56.92,56.99,3700,47.1
2007-07-23,56.94,57.32,56.94,57.27,17000,47.33
2007-07-24,57.27,57.45,56.89,57.05,33300,47.15
2007-07-25,57.15,57.15,57.15,57.15,1000,47.23
2007-07-26,56.35,56.45,55.62,56.16,7500,46.41
2007-07-27,55.57,55.9,55.57,55.75,4800,46.07
2007-07-30,56.74,56.74,56.54,56.54,900,46.73
2007-07-31,56.6,56.72,56.45,56.52,132600,46.71
2007-08-01,55.5,55.71,55.15,55.71,29200,46.04
2007-08-02,55.64,55.69,55.5,55.52,29200,45.88
2007-08-03,55.13,55.13,54.71,54.72,1500,45.22
2007-08-06,55.3,55.53,55.29,55.53,2400,45.89
2007-08-07,55.11,55.63,55.11,55.63,1600,45.97
2007-08-08,55.56,55.77,55.49,55.49,5800,45.86
2007-08-09,55.03,55.27,55.03,55.06,18200,45.5
2007-08-10,53.71,54.22,53.68,54.19,17000,44.78
2007-08-13,54.7,54.7,54.26,54.26,14000,44.84
2007-08-14,54.37,54.37,54.08,54.13,13800,44.73
2007-08-15,53.4,53.41,53.36,53.4,5500,44.13
2007-08-16,52.79,52.88,52.52,52.6,144600,43.47
2007-08-17,52.76,53.07,52.63,53.07,6300,43.86
2007-08-20,52.48,52.54,52.46,52.47,23200,43.36
2007-08-21,53,53.12,52.98,53.12,7700,43.9
2007-08-22,53.7,53.87,53.7,53.85,10900,44.5
2007-08-23,54.24,54.24,54.21,54.23,5000,44.82
2007-08-24,54.1,54.6,54.08,54.58,12300,45.11
2007-08-27,54.08,54.08,54.02,54.02,1100,44.64
2007-08-28,53.9,53.9,53.51,53.51,2400,44.22
2007-08-29,53.65,54.05,53.65,54.05,4000,44.67
2007-08-30,53.87,53.99,53.87,53.98,15000,44.61
2007-08-31,54.91,54.93,54.73,54.83,23000,45.31
2007-09-04,54.62,54.78,54.48,54.78,22600,45.27
2007-09-05,53.74,53.74,53.49,53.5,1300,44.21
2007-09-06,53.83,53.83,53.41,53.56,26700,44.26
2007-09-07,53.19,53.19,53.07,53.18,20900,43.95
2007-09-10,52.53,53.2,52.53,53.2,1100,43.97
2007-09-11,53.27,53.35,53.18,53.35,1700,44.09
2007-09-12,53.03,53.03,53.03,53.03,100,43.83
2007-09-13,52.65,52.93,52.51,52.93,800,43.74
2007-09-14,52.93,52.93,52.9,52.93,4600,43.74
2007-09-17,52.67,52.71,52.41,52.44,43900,43.34
2007-09-18,52.32,52.42,52.32,52.41,500,43.31
2007-09-19,54,54,53.9,53.9,200,44.54
2007-09-20,53.76,53.76,53.73,53.73,3500,44.4
2007-09-21,53.45,53.58,53.45,53.57,4100,44.27
2007-09-24,53.71,53.78,53.71,53.72,1900,44.4
2007-09-25,53.92,53.98,53.81,53.82,27500,44.48
2007-09-26,54.52,54.54,54.41,54.51,14200,45.05
2007-09-27,55.43,55.76,55.37,55.76,106200,46.08
2007-09-28,55.74,55.75,55.63,55.63,25400,45.97
2007-10-01,55.79,56.51,55.7,56.51,22900,46.7
2007-10-02,56.33,56.35,56.28,56.28,13200,46.51
2007-10-03,56.23,56.37,56.23,56.36,3300,46.58
2007-10-04,56.15,56.39,56.15,56.39,200,46.6
2007-10-05,56.67,56.74,56.67,56.74,1000,46.89
2007-10-08,56.38,56.77,56.38,56.77,300,46.92
2007-10-09,56.5,56.77,56.5,56.77,8700,46.92
2007-10-10,56.3,56.3,56.3,56.3,100,46.53
2007-10-11,56.92,57,56.47,56.64,10700,46.81
2007-10-12,56.52,56.59,56.42,56.48,57200,46.68
2007-10-15,55.93,55.93,55.93,55.93,100,46.22
2007-10-16,55.04,55.1,54.73,54.73,20200,45.23
2007-10-17,54.85,54.98,54.76,54.76,6600,45.26
2007-10-18,55.12,55.14,54.81,54.88,173500,45.35
2007-10-19,54.22,54.22,53.95,53.95,14000,44.59
2007-10-22,54.42,54.49,54.18,54.18,2100,44.78
2007-10-23,54.48,54.48,54.21,54.21,900,44.8
2007-10-24,53.55,54.05,53.51,54.05,20700,44.67
2007-10-25,53.86,53.96,53.8,53.9,3600,44.54
2007-10-26,54.64,54.74,54.56,54.7,31700,45.21
2007-10-29,55.6,55.78,55.27,55.55,22800,45.91
2007-10-30,55.46,55.46,55.34,55.34,5300,45.73
2007-10-31,55.66,55.75,55.66,55.7,11300,46.03
2007-11-01,55.53,55.53,54.98,54.98,13200,45.44
2007-11-02,54.76,54.88,54.76,54.88,700,45.35
2007-11-05,53.98,54.07,53.95,54.06,7700,44.68
2007-11-06,54.6,54.68,54.6,54.68,600,45.19
2007-11-07,53.9,53.9,53.48,53.48,12700,44.2
2007-11-08,53.01,53.01,53.01,53.01,400,43.81
2007-11-09,51.85,51.92,51.72,51.76,13900,42.78
2007-11-12,52.08,52.08,52.08,52.08,500,43.04
2007-11-13,52.65,52.79,52.43,52.79,1700,43.63
2007-11-14,52.79,52.79,52.79,52.79,0,43.63
2007-11-15,52.61,52.61,52.61,52.61,400,43.48
2007-11-16,52.52,52.68,52.52,52.68,700,43.54
2007-11-19,51.8,51.8,51.4,51.61,500,42.65
2007-11-20,52.98,53.02,52.45,52.66,26000,43.52
2007-11-21,51.96,52.04,51.95,52.04,1600,43.01
2007-11-23,53,53,52.94,52.94,1000,43.75
2007-11-26,53.58,53.58,53.22,53.26,16800,44.02
2007-11-27,53.84,53.89,53.77,53.89,11200,44.54
2007-11-28,54.16,54.39,54.16,54.39,800,44.95
2007-11-29,54.7,54.89,54.7,54.89,1300,45.36
2007-11-30,55.21,55.21,54.76,54.76,400,45.26
2007-12-03,55.6,55.6,54.65,54.65,500,45.16
2007-12-04,54.33,54.33,54.33,54.33,1800,44.9
2007-12-05,55.46,55.46,55.42,55.42,800,45.8
2007-12-06,55.17,55.17,55.17,55.17,500,45.59
2007-12-07,55.17,55.17,55.17,55.17,0,45.59
2007-12-10,55.4,55.48,55.4,55.48,700,45.85
2007-12-11,55.48,55.48,55.48,55.48,0,45.85
2007-12-12,55.41,55.41,55.32,55.32,18000,45.72
2007-12-13,53.57,53.57,53.31,53.57,32500,44.27
2007-12-14,52.72,52.72,52.2,52.2,12100,43.14
2007-12-17,51.45,51.45,50.76,50.96,14200,42.11
2007-12-18,50.96,50.96,50.96,50.96,0,42.11
2007-12-19,51.18,51.18,51.11,51.11,200,42.24
2007-12-20,51.11,51.11,51.11,51.11,0,42.24
2007-12-21,50.11,50.11,49.71,49.9,28000,42.79
2007-12-24,49.9,49.9,49.9,49.9,1400,42.79
2007-12-26,50.53,50.7,50.52,50.7,7100,43.48
2007-12-27,50.3,50.3,50.24,50.29,5000,43.12
2007-12-28,50.41,50.51,50.12,50.22,40100,43.06
2007-12-31,50.35,50.35,50.1,50.17,18000,43.02
2008-01-02,50.32,50.39,49.83,50.31,17300,43.14
2008-01-03,51.2,51.2,50.07,50.07,2700,42.94
2008-01-04,49.9,49.9,48.78,48.85,4800,41.89
2008-01-07,49.07,49.09,48.52,48.52,2400,41.61
2008-01-08,49.3,49.3,49.17,49.17,600,42.16
2008-01-09,49.55,49.7,49.55,49.7,300,42.62
2008-01-10,48.92,49.26,48.92,49.26,2000,42.24
2008-01-11,48.43,48.55,48.43,48.43,900,41.53
2008-01-14,48.97,49.11,48.97,49.11,300,42.11
2008-01-15,47.01,47.01,47.01,47.01,100,40.31
2008-01-16,47,47,46.49,46.49,3700,39.87
2008-01-17,46.36,46.36,46.27,46.28,5200,39.69
2008-01-18,47.3,47.3,47.03,47.03,5300,40.33
2008-01-22,44.8,45.61,44.8,45.37,4500,38.9
2008-01-23,44.4,45.39,44.4,45.27,3900,38.82
2008-01-24,46.47,46.51,46.4,46.41,33400,39.8
2008-01-25,47.42,47.42,47.42,47.42,200,40.66
2008-01-28,46.84,46.84,46.84,46.84,5000,40.17
2008-01-29,47.43,47.43,47.37,47.37,5000,40.62
2008-01-30,48.17,48.19,47.56,47.56,4100,40.78
2008-01-31,47.73,48.33,47.73,48.29,6600,41.41
2008-02-01,48.52,48.72,48.52,48.58,6500,41.66
2008-02-04,48.44,48.55,48.31,48.31,12300,41.43
2008-02-05,47.8,47.8,46.67,46.67,10100,40.02
2008-02-06,46.57,46.57,46.13,46.13,3100,39.56
2008-02-07,46.08,46.52,46.08,46.21,10700,39.63
2008-02-08,45.37,45.37,45.1,45.1,14200,38.67
2008-02-11,45.85,45.85,45.31,45.33,1700,38.87
2008-02-12,46.23,46.41,46.23,46.41,2100,39.8
2008-02-13,45.97,46.08,45.97,46.08,6700,39.51
2008-02-14,46.88,46.92,46.37,46.39,7600,39.78
2008-02-15,46.66,46.76,46.42,46.75,9700,40.09
2008-02-19,47.89,47.89,47.61,47.61,600,40.83
2008-02-20,46.29,46.58,46.29,46.58,6500,39.94
2008-02-21,47.33,47.33,46.72,46.72,7200,40.06
2008-02-22,47,47,46.39,46.39,5300,39.78
2008-02-25,47.5,48.15,47.5,48.15,3900,41.29
2008-02-26,47.91,48.75,47.91,48.67,12600,41.73
2008-02-27,48.78,48.78,48.4,48.42,32800,41.52
2008-02-28,48.48,48.48,48.02,48.02,31200,41.18
2008-02-29,47.43,47.48,47.38,47.41,20600,40.65
2008-03-03,47.28,47.37,47.05,47.23,16700,40.5
2008-03-04,46.41,46.47,46.38,46.38,1100,39.77
2008-03-05,46.75,46.75,46.4,46.4,300,39.79
2008-03-06,46.59,46.59,46.26,46.26,10200,39.67
2008-03-07,45.59,45.71,45.53,45.69,32300,39.18
2008-03-10,45.69,45.69,45.69,45.69,0,39.18
2008-03-11,46.05,46.86,46.01,46.86,32200,40.18
2008-03-12,47,47,46.8,46.82,10900,40.15
2008-03-13,46.18,46.82,45.77,46.66,12900,40.01
2008-03-14,45.6,45.6,45.3,45.3,2900,38.84
2008-03-17,45.08,45.09,44.79,45.09,5200,38.66
2008-03-18,45.87,46.35,45.87,46.24,1800,39.65
2008-03-19,46.39,46.5,45.5,45.55,36900,39.06
2008-03-20,45.01,46.07,45.01,46.07,900,39.51
2008-03-24,46.84,47.09,46.84,47.01,5800,40.31
2008-03-25,47.2,47.2,47.2,47.2,700,40.47
2008-03-26,47.41,47.61,47.13,47.13,4200,40.41
2008-03-27,47.96,48.09,47.3,47.3,21600,40.56
2008-03-28,47.72,47.72,47.72,47.72,100,40.92
2008-03-31,47.2,47.25,47.2,47.25,5400,40.52
2008-04-01,47.86,48.27,47.86,48.27,1700,41.39
2008-04-02,48.41,48.41,48.3,48.3,3400,41.42
2008-04-03,48.43,48.43,48.43,48.43,100,41.53
2008-04-04,48.76,48.85,48.7,48.7,6400,41.76
2008-04-07,49.47,49.47,48.96,48.96,2300,41.98
2008-04-08,48.3,48.3,48.3,48.3,200,41.42
2008-04-09,48.3,48.3,48.3,48.3,0,41.42
2008-04-10,47.56,47.56,47.5,47.5,3100,40.73
2008-04-11,47.77,47.86,47.44,47.44,10500,40.68
2008-04-14,47.65,47.65,47.5,47.5,8100,40.73
2008-04-15,47.67,47.67,47.54,47.6,11400,40.82
2008-04-16,48.73,48.99,48.72,48.99,14200,42.01
2008-04-17,48.62,48.62,48.62,48.62,500,41.69
2008-04-18,49.31,49.33,49.31,49.33,400,42.3
2008-04-21,49.2,49.2,49.2,49.2,1200,42.19
2008-04-22,48.72,48.72,48.54,48.54,3600,41.62
2008-04-23,48.93,49.08,48.9,49.02,11700,42.03
2008-04-24,48.82,49,48.62,49,21500,42.02
2008-04-25,49.86,49.86,49.51,49.51,3100,42.45
2008-04-28,50.51,50.51,50.51,50.51,300,43.31
2008-04-29,50.38,50.38,50.07,50.07,1000,42.94
2008-04-30,50.69,50.69,50.69,50.69,100,43.47
2008-05-01,50.18,50.67,50.13,50.67,10200,43.45
2008-05-02,50.9,50.9,50.57,50.57,400,43.36
2008-05-05,51.55,51.55,50.88,50.88,600,43.63
2008-05-06,51,51,51,51,100,43.73
2008-05-07,50.9,50.95,50.4,50.41,7500,43.23
2008-05-08,49.57,50.79,49.57,50.53,18400,43.33
2008-05-09,49.98,49.98,49.75,49.75,1400,42.66
2008-05-12,49.9,50.28,49.9,50.28,1600,43.12
2008-05-13,50.43,50.43,50,50.04,800,42.91
2008-05-14,50.84,50.92,50.57,50.57,39100,43.36
2008-05-15,51.03,51.64,51.03,51.59,24300,44.24
2008-05-16,51.77,51.92,51.77,51.79,19600,44.41
2008-05-19,51.83,51.88,51.83,51.88,200,44.49
2008-05-20,51.8,51.8,51.3,51.33,11300,44.02
2008-05-21,50.93,50.93,50.34,50.45,10400,43.26
2008-05-22,51.11,51.23,50.97,51.05,23800,43.78
2008-05-23,50.68,50.73,50.68,50.73,10500,43.5
2008-05-27,50.75,50.75,50.55,50.68,22000,43.46
2008-05-28,50,50.27,50,50.27,20100,43.11
2008-05-29,50.54,50.78,50.54,50.78,2200,43.54
2008-05-30,51.45,51.45,51.42,51.42,5000,44.09
2008-06-02,51.64,51.64,51.43,51.43,1100,44.1
2008-06-03,51.28,51.54,51.28,51.54,200,44.2
2008-06-04,52.18,52.18,52,52,200,44.59
2008-06-05,52.01,52.4,52.01,52.37,8000,44.91
2008-06-06,51.55,51.55,50.64,50.64,4300,43.42
2008-06-09,50.82,50.82,50.55,50.57,700,43.36
2008-06-10,49.6,49.68,49.57,49.68,4500,42.6
2008-06-11,49.44,49.44,48.82,48.82,1300,41.86
2008-06-12,48.9,49.1,48.82,48.82,18200,41.86
2008-06-13,49.26,49.26,49.03,49.15,6200,42.15
2008-06-16,49.52,49.67,49.21,49.67,5800,42.59
2008-06-17,50.04,50.1,50.04,50.08,10000,42.94
2008-06-18,49.71,49.71,49.62,49.67,2000,42.59
2008-06-19,49.14,49.25,48.96,49.2,31000,42.19
2008-06-20,47.91,47.91,47.77,47.8,5600,40.99
2008-06-23,46.07,47.99,46.07,47.88,1600,41.06
2008-06-24,47.85,47.85,47.75,47.75,6000,40.95
2008-06-25,47.99,48.55,47.99,48.53,27200,41.61
2008-06-26,47.65,47.67,47.16,47.16,45800,40.44
2008-06-27,47.45,47.54,47.4,47.5,6000,40.73
2008-06-30,46.67,48.02,46.67,47.76,20300,40.95
2008-07-01,47.41,47.89,47.1,47.77,76400,40.96
2008-07-02,47.5,47.5,46.8,46.8,2900,40.13
2008-07-03,46.97,46.97,46.92,46.92,900,40.23
2008-07-07,47.69,47.69,46.94,47.22,17100,40.49
2008-07-08,46.36,46.96,46.3,46.86,97600,40.18
2008-07-09,46.64,46.85,46.02,46.02,38400,39.46
2008-07-10,46.45,46.45,46.15,46.4,10100,39.79
2008-07-11,45.9,45.9,45.65,45.65,10500,39.14
2008-07-14,46.17,46.17,46.17,46.17,100,39.59
2008-07-15,45.23,45.73,45.23,45.73,4400,39.21
2008-07-16,45.88,46.51,45.88,46.51,2300,39.88
2008-07-17,46.62,46.62,46.07,46.22,28900,39.63
2008-07-18,45.99,45.99,45.99,45.99,100,39.44
2008-07-21,46.45,46.45,46.16,46.16,600,39.58
2008-07-22,46.32,46.32,46.13,46.13,1500,39.56
2008-07-23,46.9,46.9,46.89,46.9,1300,40.22
2008-07-24,47.27,47.27,46.86,46.89,2800,40.21
2008-07-25,46.85,46.85,46.43,46.51,19100,39.88
2008-07-28,46.21,46.21,46.02,46.02,500,39.46
2008-07-29,46.02,46.02,46.02,46.02,100,39.46
2008-07-30,46.59,46.59,46.59,46.59,1400,39.95
2008-07-31,46.33,46.33,45.9,45.9,4700,39.36
2008-08-01,45.65,45.65,45.24,45.24,300,38.79
2008-08-04,44.45,44.45,44.27,44.27,1000,37.96
2008-08-05,44.7,45.06,44.7,44.99,4200,38.58
2008-08-06,44.78,44.86,44.78,44.86,3200,38.47
2008-08-07,44.1,44.39,43.91,43.91,1500,37.65
2008-08-08,43.7,44.33,43.7,44.33,2000,38.01
2008-08-11,44.78,44.78,44.78,44.78,300,38.4
2008-08-12,44.42,44.42,44.3,44.36,12200,38.04
2008-08-13,43.66,43.8,43.56,43.56,1400,37.35
2008-08-14,43.56,43.56,43.39,43.39,10500,37.21
2008-08-15,43.02,43.02,43.02,43.02,100,36.89
2008-08-18,43.67,43.67,43.44,43.44,600,37.25
2008-08-19,43.02,43.02,42.78,42.78,5700,36.68
2008-08-20,43.06,43.13,43.06,43.13,5200,36.98
2008-08-21,42.77,43.54,42.77,43.54,2100,37.34
2008-08-22,42.99,43.19,42.98,43.19,800,37.04
2008-08-25,43,43,43,43,500,36.87
2008-08-26,43,43,43,43,0,36.87
2008-08-27,43.15,43.16,43.15,43.16,800,37.01
2008-08-28,43.49,43.49,43.49,43.49,200,37.29
2008-08-29,43.92,43.92,43.72,43.72,1000,37.49
2008-09-02,43.5,43.5,43.1,43.1,400,36.96
2008-09-03,42.94,42.94,42.87,42.88,7200,36.77
2008-09-04,43.74,43.74,41.84,41.87,12000,35.9
2008-09-05,41.86,41.87,41.69,41.76,14500,35.81
2008-09-08,42.59,42.59,42.44,42.44,700,36.39
2008-09-09,42.23,42.23,41.74,41.74,200,35.79
2008-09-10,42.26,42.26,42.14,42.14,700,36.14
2008-09-11,41.61,41.61,41.61,41.61,100,35.68
2008-09-12,41.91,41.91,41.91,41.91,100,35.94
2008-09-15,40.99,41.17,40.69,40.99,2500,35.15
2008-09-16,39.01,40.61,39.01,40.55,3400,34.77
2008-09-17,39.98,40.13,39.24,39.24,300,33.65
2008-09-18,40.79,41.23,39.61,41.23,8300,35.35
2008-09-19,44.47,44.47,41.76,42.61,800,36.54
2008-09-22,42.15,42.15,41.54,41.9,4600,35.93
2008-09-23,41.68,41.68,41.68,41.68,400,35.74
2008-09-24,41.76,41.76,41.49,41.64,2600,35.71
2008-09-25,42.17,42.17,40.48,41.63,9900,35.7
2008-09-26,41.66,42,41.66,41.91,8700,35.94
2008-09-29,40.49,40.49,38.99,39.18,13300,33.6
2008-09-30,40.25,40.5,40.14,40.5,2700,34.73
2008-10-01,40.08,40.43,40.08,40.18,2100,34.45
2008-10-02,39.41,39.41,38.45,38.5,3000,33.01
2008-10-03,38.38,39.15,38.2,38.2,6600,32.76
2008-10-06,36.11,36.97,35.68,35.68,7600,30.6
2008-10-07,35.54,36.84,35.54,35.92,14100,30.8
2008-10-08,34.6,35.05,34.3,35.04,1700,30.05
2008-10-09,35,35,32.52,32.52,1900,27.89
2008-10-10,30.5,30.75,29.57,29.57,3400,25.36
2008-10-13,32.08,34.51,32.08,34.48,44200,29.57
2008-10-14,36.5,36.5,35.1,35.1,6000,30.1
2008-10-15,35.71,35.71,32.88,33.19,4800,28.46
2008-10-16,33.2,33.66,31.92,33.65,10800,28.85
2008-10-17,33.15,34.19,33.15,34.19,800,29.32
2008-10-20,34.19,34.19,34.19,34.19,0,29.32
2008-10-21,35.67,35.71,35.11,35.55,6500,30.48
2008-10-22,34.53,34.53,32.5,32.5,2100,27.87
2008-10-23,32.85,33.17,32.51,32.7,2300,28.04
2008-10-24,32.21,32.25,30.51,32.25,2500,27.65
2008-10-27,30.71,31.37,30.61,30.92,8900,26.51
2008-10-28,31.87,33.54,31.04,33.54,12900,28.76
2008-10-29,34.51,34.51,33.06,33.55,3200,28.77
2008-10-30,34.46,34.51,34.22,34.35,3500,29.46
2008-10-31,34,35.16,34,34.83,5700,29.87
2008-11-03,36.27,36.27,34.78,35.1,4000,30.1
2008-11-04,36.28,36.96,36.28,36.6,8800,31.38
2008-11-05,37.33,37.65,36.19,36.45,2600,31.26
2008-11-06,35.49,35.49,35,35,500,30.01
2008-11-07,34.77,35.15,34.77,34.92,3800,29.94
2008-11-10,35.75,35.75,35.16,35.43,11600,30.38
2008-11-11,34.09,34.17,33.73,34.17,6200,29.3
2008-11-12,33.66,33.66,33.3,33.3,7100,28.55
2008-11-13,33.68,34.81,33.68,34.81,14400,29.85
2008-11-14,34.22,34.59,34.22,34.59,200,29.66
2008-11-17,33.24,33.8,33.23,33.48,1100,28.71
2008-11-18,33.08,33.08,32.66,32.66,2300,28.01
2008-11-19,32.93,32.93,31.89,31.89,202000,27.35
2008-11-20,31.53,31.53,30.9,30.9,2400,26.5
2008-11-21,31.25,31.34,31.13,31.13,6900,26.69
2008-11-24,32.87,34.5,32.84,34.5,4900,29.58
2008-11-25,34.77,34.77,33.24,33.24,1500,28.5
2008-11-26,34.04,34.04,34.04,34.04,500,29.19
2008-11-28,34.04,34.04,34.04,34.04,0,29.19
2008-12-01,32.33,32.53,32.33,32.53,9100,27.89
2008-12-02,32.53,32.53,32.53,32.53,0,27.89
2008-12-03,32.61,32.61,32.61,32.61,300,27.96
2008-12-04,32.61,32.61,32.61,32.61,0,27.96
2008-12-05,32.68,32.68,32.68,32.68,1000,28.02
2008-12-08,34.62,34.73,34.38,34.42,40700,29.52
2008-12-09,34.56,34.71,34.48,34.6,1400,29.67
2008-12-10,35,35.04,35,35.04,600,30.05
2008-12-11,35.77,35.98,34.7,34.75,85600,29.8
2008-12-12,34.97,35.41,34.69,35.41,98200,30.36
2008-12-15,35.7,35.7,35.44,35.44,4700,30.39
2008-12-16,35.48,36.65,35.48,36.65,11600,31.43
2008-12-17,36.79,36.87,36.7,36.87,18500,31.62
2008-12-18,36.22,36.29,35.44,35.44,4000,30.39
2008-12-19,34.56,34.75,34,34.34,21000,30.6
2008-12-22,34.62,34.62,34.62,34.62,500,30.85
2008-12-23,34.27,34.27,33.71,33.71,1200,30.04
2008-12-24,33.93,33.93,33.87,33.88,1800,30.19
2008-12-26,35.12,35.12,34.45,34.45,3300,30.7
2008-12-29,35.29,35.29,35.2,35.2,800,31.37
2008-12-30,35.57,36.14,35.36,36.14,39800,32.21
2008-12-31,36.45,36.6,36.06,36.57,8000,32.59
2009-01-02,36.56,36.56,36.12,36.12,400,32.19
2009-01-05,36.08,36.1,35.5,36.1,26600,32.17
2009-01-06,35.77,35.77,35.33,35.33,800,31.49
2009-01-07,37.1,37.11,34.49,34.8,4500,31.01
2009-01-08,35.01,35.01,35,35,1000,31.19
2009-01-09,34.52,34.85,34.52,34.85,400,31.06
2009-01-12,34.38,34.38,33.81,33.81,500,30.13
2009-01-13,33.81,33.81,33.81,33.81,0,30.13
2009-01-14,32.59,32.74,32.37,32.53,22500,28.99
2009-01-15,32.94,33.06,32.47,32.47,700,28.94
2009-01-16,33.46,33.48,33.16,33.16,600,29.55
2009-01-20,32.87,32.87,32.87,32.87,100,29.29
2009-01-21,32.38,32.71,32.38,32.67,1700,29.12
2009-01-22,32.67,32.67,32.67,32.67,0,29.12
2009-01-23,32.67,32.67,32.67,32.67,0,29.12
2009-01-26,32.67,32.67,32.67,32.67,0,29.12
2009-01-27,33.42,33.52,33.42,33.5,3400,29.86
2009-01-28,33.92,33.92,33.92,33.92,600,30.23
2009-01-29,32.99,32.99,32.7,32.7,800,29.14
2009-01-30,32.16,32.18,32.16,32.18,300,28.68
2009-02-02,31.86,32.09,31.86,32.09,600,28.6
2009-02-03,32.18,32.5,32.15,32.5,10500,28.96
2009-02-04,32.88,33.1,32.88,33.1,1200,29.5
2009-02-05,32.13,32.74,32.13,32.74,1700,29.18
2009-02-06,32.55,32.7,32.46,32.47,29100,28.94
2009-02-09,32.39,32.39,32.17,32.17,400,28.67
2009-02-10,31.57,31.57,30.89,30.93,2200,27.57
2009-02-11,31.24,31.24,31.05,31.05,300,27.67
2009-02-12,30.63,30.92,30.55,30.92,1200,27.56
2009-02-13,30.8,30.82,30.72,30.72,900,27.38
2009-02-17,29.68,29.68,29.57,29.57,1000,26.35
2009-02-18,29.6,29.83,29.6,29.83,3900,26.59
2009-02-19,29.83,29.83,29.83,29.83,0,26.59
2009-02-20,28.66,29.09,28.54,29.09,2200,25.93
2009-02-23,28.49,28.53,27.98,27.98,2100,24.94
2009-02-24,28,28.59,28,28.59,3700,25.48
2009-02-25,27.96,28,27.9,27.98,2700,24.94
2009-02-26,28.14,28.14,28.14,28.14,3600,25.08
2009-02-27,28.16,28.22,27.96,27.96,1400,24.92
2009-03-02,27.25,27.25,27.25,27.25,1000,24.29
2009-03-03,26.96,27.09,26.52,26.56,1500,23.67
2009-03-04,27.53,27.53,27.53,27.53,100,24.54
2009-03-05,27.3,27.3,27.25,27.25,300,24.29
2009-03-06,26.86,26.86,26.83,26.83,5200,23.91
2009-03-09,26.08,26.54,26.08,26.5,2300,23.62
2009-03-10,27.34,27.46,27.34,27.46,3000,24.47
2009-03-11,27.43,27.63,27.4,27.63,900,24.62
2009-03-12,26.78,26.81,26.74,26.81,7400,23.89
2009-03-13,26.81,26.81,26.81,26.81,0,23.89
2009-03-16,28.25,28.57,28.25,28.57,300,25.46
2009-03-17,28.33,28.33,28.33,28.33,500,25.25
2009-03-18,28.81,29.78,28.81,29.78,4900,26.54
2009-03-19,29.96,29.96,29.96,29.96,100,26.7
2009-03-20,29.34,29.38,29.05,29.05,500,25.89
2009-03-23,30.3,30.72,30.3,30.49,1100,27.17
2009-03-24,29.94,30.39,29.94,30.39,900,27.08
2009-03-25,31.04,31.55,30.74,30.74,2000,27.4
2009-03-26,31.27,31.27,31.27,31.27,5900,27.87
2009-03-27,31.02,31.08,31.02,31.06,2600,27.68
2009-03-30,29.93,29.93,29.6,29.71,800,26.48
2009-03-31,29.8,30.05,29.8,30.05,900,26.78
2009-04-01,30.05,30.05,30.05,30.05,0,26.78
2009-04-02,31.27,31.99,31.27,31.99,3800,28.51
2009-04-03,31.29,31.29,31.2,31.2,1700,27.81
2009-04-06,31.09,31.09,30.93,30.93,400,27.57
2009-04-07,30.93,30.93,30.93,30.93,0,27.57
2009-04-08,30.93,30.93,30.93,30.93,0,27.57
2009-04-09,31.75,31.79,31.75,31.79,400,28.33
2009-04-13,31.95,31.95,31.95,31.95,200,28.47
2009-04-14,31.95,31.95,31.95,31.95,0,28.47
2009-04-15,31.95,31.95,31.95,31.95,0,28.47
2009-04-16,32,32.09,31.87,32.09,300,28.6
2009-04-17,32.04,32.08,32.04,32.08,400,28.59
2009-04-20,31.7,31.7,31.5,31.5,4100,28.07
2009-04-21,31.39,31.79,31.39,31.75,2500,28.3
2009-04-22,31.75,31.75,31.75,31.75,0,28.3
2009-04-23,31.75,31.75,31.75,31.75,0,28.3
2009-04-24,32.51,32.69,32.51,32.69,400,29.13
2009-04-27,32.5,32.5,32.49,32.49,300,28.96
2009-04-28,31.87,31.87,31.87,31.87,800,28.4
2009-04-29,31.87,31.87,31.87,31.87,0,28.4
2009-04-30,31.87,31.87,31.87,31.87,0,28.4
2009-05-01,32.13,32.32,32.13,32.32,200,28.8
2009-05-04,32.78,33,32.77,33,900,29.41
2009-05-05,33.29,33.29,33.29,33.29,300,29.67
2009-05-06,33.68,33.68,33.68,33.68,100,30.02
2009-05-07,33.53,33.53,33.12,33.12,2200,29.52
2009-05-08,34,34.26,34,34.15,900,30.44
2009-05-11,34.16,34.2,34.16,34.2,800,30.48
2009-05-12,34.4,34.49,34.3,34.49,1400,30.74
2009-05-13,33.85,33.85,33.85,33.85,500,30.17
2009-05-14,33.85,33.85,33.85,33.85,0,30.17
2009-05-15,34.37,34.37,34.37,34.37,300,30.63
2009-05-18,34.27,34.51,34.27,34.51,1700,30.76
2009-05-19,34.39,34.61,34.39,34.61,800,30.85
2009-05-20,34.61,34.61,34.61,34.61,0,30.85
2009-05-21,34.81,34.81,34.46,34.46,1800,30.71
2009-05-22,34.82,34.95,34.82,34.95,600,31.15
2009-05-26,35.15,35.52,35.15,35.52,2000,31.66
2009-05-27,35.49,35.49,35.49,35.49,200,31.63
2009-05-28,34.76,35.08,34.76,35.08,1600,31.26
2009-05-29,35.06,35.06,35.06,35.06,500,31.25
2009-06-01,36.05,36.05,36.05,36.05,500,32.13
2009-06-02,36.01,36.01,36.01,36.01,400,32.09
2009-06-03,35.58,35.58,35.03,35.03,1500,31.22
2009-06-04,35.44,35.62,35.4,35.62,1600,31.75
2009-06-05,35.35,35.35,34.87,35.07,1900,31.26
2009-06-08,34.95,35.24,34.95,35.24,1500,31.41
2009-06-09,35.24,35.24,35.24,35.24,0,31.41
2009-06-10,35.58,35.58,35.45,35.45,800,31.59
2009-06-11,35.99,36.3,35.99,36.3,1100,32.35
2009-06-12,35.93,35.93,35.93,35.93,100,32.02
2009-06-15,35.93,35.93,35.93,35.93,0,32.02
2009-06-16,35.06,35.06,35.06,35.06,100,31.25
2009-06-17,35.72,35.72,35.49,35.49,300,31.63
2009-06-18,35.73,35.73,35.27,35.27,900,31.43
2009-06-19,35.27,35.27,35.27,35.27,0,31.43
2009-06-22,35.49,35.49,34.99,35.07,2800,31.26
2009-06-23,35.22,35.54,35.22,35.54,600,31.67
2009-06-24,36,36,35.64,35.64,900,31.76
2009-06-25,36.01,36.25,36,36.25,2500,32.31
2009-06-26,36.25,36.25,36.25,36.25,0,32.31
2009-06-29,36.25,36.25,36.25,36.25,0,32.31
2009-06-30,36.25,36.25,36.25,36.25,0,32.31
2009-07-01,36.03,36.1,36.03,36.09,800,32.16
2009-07-02,36.09,36.09,36.09,36.09,0,32.16
2009-07-06,35.73,35.74,35.73,35.74,1000,31.85
2009-07-07,35.54,35.54,35.54,35.54,200,31.67
2009-07-08,35.15,35.3,35.15,35.3,1800,31.46
2009-07-09,35.31,35.37,35.31,35.37,1200,31.52
2009-07-10,35.37,35.37,35.37,35.37,0,31.52
2009-07-13,35,35.15,33.24,35.15,2300,31.33
2009-07-14,35.72,35.72,35.15,35.15,700,31.33
2009-07-15,35.41,35.41,35.41,35.41,4000,31.56
2009-07-16,35.33,35.39,35.14,35.39,13800,31.54
2009-07-17,35.17,35.17,35.17,35.17,100,31.34
2009-07-20,35.54,35.54,35.54,35.54,100,31.67
2009-07-21,35.93,35.93,35.93,35.93,100,32.02
2009-07-22,36.09,36.09,36.09,36.09,100,32.16
2009-07-23,36.3,36.5,36.3,36.5,3600,32.53
2009-07-24,36.65,36.65,36.65,36.65,200,32.66
2009-07-27,36.33,36.33,36.33,36.33,100,32.38
2009-07-28,36.33,36.33,36.33,36.33,0,32.38
2009-07-29,36.72,36.72,36.65,36.65,400,32.66
2009-07-30,37.32,37.66,37.32,37.65,3000,33.55
2009-07-31,37.65,37.65,37.65,37.65,0,33.55
2009-08-03,38,38,38,38,200,33.87
2009-08-04,38.02,38.06,37.99,38.04,8300,33.9
2009-08-05,37.38,37.38,37.38,37.38,500,33.31
2009-08-06,37.38,37.38,37.38,37.38,0,33.31
2009-08-07,37.49,37.49,37.49,37.49,300,33.41
2009-08-10,37.53,37.53,37.53,37.53,1300,33.45
2009-08-11,37.52,37.52,37.5,37.5,1000,33.42
2009-08-12,37.5,37.5,37.5,37.5,0,33.42
2009-08-13,38.02,38.21,37.93,38.21,500,34.05
2009-08-14,37.86,37.86,37.67,37.67,700,33.57
2009-08-17,37.6,37.6,37.13,37.13,4500,33.09
2009-08-18,37.47,37.47,37.47,37.47,500,33.39
2009-08-19,37.65,37.65,37.65,37.65,200,33.55
2009-08-20,37.65,37.65,37.65,37.65,0,33.55
2009-08-21,38.43,38.63,38.4,38.63,700,34.43
2009-08-24,38.42,38.46,38.42,38.46,900,34.28
2009-08-25,38.46,38.46,38.46,38.46,0,34.28
2009-08-26,38.71,38.71,38.62,38.62,1300,34.42
2009-08-27,38.5,38.5,38.5,38.5,7700,34.31
2009-08-28,38.5,38.5,38.5,38.5,0,34.31
2009-08-31,38.5,38.5,38.5,38.5,0,34.31
2009-09-01,38.2,38.2,38.18,38.2,1200,34.04
2009-09-02,38.16,38.47,38.16,38.47,1800,34.29
2009-09-03,38.14,38.14,38.14,38.14,4000,33.99
2009-09-04,37.84,38.1,37.76,38.1,2600,33.96
2009-09-08,38.51,38.51,38.51,38.51,200,34.32
2009-09-09,38.51,38.51,38.51,38.51,0,34.32
2009-09-10,38.97,39.3,38.94,39.3,2100,35.03
2009-09-11,39.3,39.3,39.3,39.3,0,35.03
2009-09-14,38.87,38.89,38.87,38.89,800,34.66
2009-09-15,38.89,38.89,38.89,38.89,0,34.66
2009-09-16,38.72,38.88,38.6,38.6,1000,34.4
2009-09-17,38.64,38.64,38.43,38.43,1200,34.25
2009-09-18,38.43,38.43,38.43,38.43,0,34.25
2009-09-21,38.21,38.29,37.99,38.23,1800,34.07
2009-09-22,38.63,38.63,38.63,38.63,200,34.43
2009-09-23,38.6,38.6,38.59,38.59,3600,34.39
2009-09-24,38.99,38.99,38.31,38.31,1800,34.14
2009-09-25,38.37,38.42,38.35,38.37,7100,34.2
2009-09-28,38.44,38.44,38.44,38.44,1400,34.26
2009-09-29,38,38,38,38,800,33.87
2009-09-30,38.09,38.09,37.97,37.97,1500,33.84
2009-10-01,37.59,37.59,37.15,37.15,1800,33.11
2009-10-02,36.7,36.83,36.7,36.83,200,32.82
2009-10-05,36.68,36.74,36.58,36.74,1500,32.74
2009-10-06,37.27,37.42,37.27,37.42,900,33.35
2009-10-07,37.23,37.23,37.19,37.19,700,33.14
2009-10-08,37.84,37.99,37.84,37.99,4200,33.86
2009-10-09,37.99,37.99,37.99,37.99,0,33.86
2009-10-12,37.99,37.99,37.99,37.99,0,33.86
2009-10-13,37.99,37.99,37.99,37.99,0,33.86
2009-10-14,38.08,38.08,37.87,37.9,600,33.78
2009-10-15,37.68,37.71,37.57,37.71,1600,33.61
2009-10-16,36.9,36.9,36.9,36.9,100,32.89
2009-10-19,37.77,38.01,37.77,38.01,500,33.88
2009-10-20,38.01,38.01,38.01,38.01,0,33.88
2009-10-21,38.01,38.01,38.01,38.01,0,33.88
2009-10-22,38.01,38.01,38.01,38.01,0,33.88
2009-10-23,36.83,36.84,36.57,36.67,4800,32.68
2009-10-26,36.67,36.67,36.67,36.67,0,32.68
2009-10-27,36.48,36.48,36.39,36.39,200,32.43
2009-10-28,36.39,36.39,36.39,36.39,0,32.43
2009-10-29,36.72,36.73,36.65,36.73,700,32.73
2009-10-30,36.57,36.57,36.14,36.14,5800,32.21
2009-11-02,36.71,36.71,36.71,36.71,300,32.72
2009-11-03,36.22,36.22,36.19,36.19,600,32.25
2009-11-04,36,36.76,36,36.49,16600,32.52
2009-11-05,36.83,36.95,36.7,36.81,6800,32.81
2009-11-06,36.08,36.4,36.08,36.4,500,32.44
2009-11-09,36.57,36.81,36.57,36.81,500,32.81
2009-11-10,36.81,36.81,36.81,36.81,0,32.81
2009-11-11,36.81,36.81,36.81,36.81,0,32.81
2009-11-12,36.81,36.81,36.81,36.81,0,32.81
2009-11-13,36.81,36.81,36.81,36.81,0,32.81
2009-11-16,36.15,36.52,36.15,36.48,1100,32.51
2009-11-17,36.48,36.48,36.48,36.48,0,32.51
2009-11-18,36.03,36.03,35.67,35.67,500,31.79
2009-11-19,35.67,35.67,35.67,35.67,0,31.79
2009-11-20,35.18,35.25,35.18,35.25,400,31.42
2009-11-23,35.5,35.5,35.5,35.5,100,31.64
2009-11-24,35.22,35.22,35.22,35.22,100,31.39
2009-11-25,35.22,35.22,35.22,35.22,0,31.39
2009-11-27,35.35,35.69,35.35,35.51,4300,31.65
2009-11-30,36.23,36.23,36.23,36.23,100,32.29
2009-12-01,36.23,36.23,36.23,36.23,0,32.29
2009-12-02,37.03,37.29,37.03,37.29,800,33.23
2009-12-03,37.29,37.29,37.29,37.29,0,33.23
2009-12-04,37.95,37.95,37.62,37.62,1100,33.53
2009-12-07,37.59,37.6,37.55,37.55,800,33.47
2009-12-08,37.53,37.53,37.53,37.53,200,33.45
2009-12-09,37.53,37.53,37.53,37.53,0,33.45
2009-12-10,37.53,37.53,37.53,37.53,0,33.45
2009-12-11,37.53,37.53,37.53,37.53,0,33.45
2009-12-14,37.63,37.65,37.63,37.65,2600,33.55
2009-12-15,37.18,37.18,37.18,37.18,200,33.14
2009-12-16,37.18,37.18,37.18,37.18,0,33.14
2009-12-17,37.19,37.2,37.19,37.2,1000,33.15
2009-12-18,36.86,36.86,36.83,36.83,500,33.11
2009-12-21,37.29,37.29,36.75,36.79,3000,33.07
2009-12-22,36.87,36.87,36.86,36.86,1000,33.14
2009-12-23,36.86,36.86,36.86,36.86,0,33.14
2009-12-24,37.32,37.41,37.32,37.4,3700,33.62
2009-12-28,37.26,37.32,37.26,37.28,700,33.51
2009-12-29,37.45,37.45,37.45,37.45,300,33.67
2009-12-30,37.45,37.45,37.45,37.45,0,33.67
2009-12-31,37.45,37.45,37.45,37.45,0,33.67
2010-01-04,37.63,37.63,37.6,37.6,700,33.8
2010-01-05,37.85,38.02,37.78,37.88,3000,34.05
2010-01-06,37.88,37.88,37.88,37.88,0,34.05
2010-01-07,37.66,37.78,37.66,37.78,2000,33.96
2010-01-08,38.11,38.15,38.11,38.15,1300,34.3
2010-01-11,38.49,38.49,38.49,38.49,200,34.6
2010-01-12,38.81,38.96,38.67,38.8,3700,34.88
2010-01-13,38.78,38.78,38.78,38.78,500,34.86
2010-01-14,39.38,39.38,39.31,39.31,300,35.34
2010-01-15,39.28,39.3,39.22,39.3,1100,35.33
2010-01-19,39.28,39.57,39.28,39.57,6700,35.57
2010-01-20,38.49,38.53,38.17,38.53,3600,34.64
2010-01-21,38.53,38.8,38.53,38.77,8100,34.85
2010-01-22,38.83,38.83,38.51,38.51,800,34.62
2010-01-25,38.72,38.72,38.63,38.65,400,34.74
2010-01-26,38.45,38.45,38.21,38.21,900,34.35
2010-01-27,38.02,38.04,37.71,37.71,1100,33.9
2010-01-28,37.72,37.89,37.55,37.61,2100,33.81
2010-01-29,37.56,37.56,37.25,37.25,800,33.49
2010-02-01,37.39,37.46,37.39,37.46,1200,33.67
2010-02-02,37.98,37.98,37.84,37.84,300,34.02
2010-02-03,37.95,37.95,37.75,37.88,800,34.05
2010-02-04,37.27,37.27,37.01,37.18,2900,33.42
2010-02-05,36.87,37.08,36.7,37.08,4100,33.33
2010-02-08,37.06,37.19,37.06,37.19,1300,33.43
2010-02-09,37.23,37.23,36.96,37.15,1200,33.4
2010-02-10,37.13,37.13,37.13,37.13,300,33.38
2010-02-11,37.17,37.3,37.17,37.3,500,33.53
2010-02-12,36.95,37.02,36.82,36.98,2700,33.24
2010-02-16,36.98,37.27,36.98,37.27,1800,33.5
2010-02-17,37.54,37.59,37.54,37.54,1200,33.75
2010-02-18,37.3,37.3,37.29,37.29,4000,33.52
2010-02-19,36.7,37,36.64,36.89,700,33.16
2010-02-22,37.14,37.21,37.14,37.21,600,33.45
2010-02-23,37.03,37.03,37.03,37.03,100,33.29
2010-02-24,37.05,37.35,37.05,37.35,1200,33.58
2010-02-25,37.12,37.12,37.12,37.12,1400,33.37
2010-02-26,37.12,37.12,37.12,37.12,0,33.37
2010-03-01,37.92,38.05,37.92,37.99,2600,34.15
2010-03-02,37.99,37.99,37.99,37.99,0,34.15
2010-03-03,38.5,38.61,38.43,38.43,4300,34.55
2010-03-04,38.43,38.43,38.43,38.43,0,34.55
2010-03-05,38.29,38.29,38.29,38.29,100,34.42
2010-03-08,38.7,38.7,38.6,38.61,1300,34.71
2010-03-09,38.61,38.61,38.61,38.61,0,34.71
2010-03-10,38.34,38.38,38.34,38.37,4100,34.49
2010-03-11,38.65,38.65,38.54,38.54,200,34.65
2010-03-12,39.72,39.72,38.84,38.88,2600,34.95
2010-03-15,38.88,38.88,38.88,38.88,0,34.95
2010-03-16,39.07,39.09,39.07,39.09,500,35.14
2010-03-17,39.09,39.09,39.09,39.09,0,35.14
2010-03-18,39.24,39.25,39.24,39.25,200,35.28
2010-03-19,38.97,38.97,38.97,38.97,300,35.03
2010-03-22,38.94,38.94,38.94,38.94,300,35.01
2010-03-23,39.26,39.49,39.13,39.49,1300,35.5
2010-03-24,38.75,38.86,38.75,38.86,400,34.93
2010-03-25,38.94,39.08,38.94,39.03,1900,35.09
2010-03-26,39.25,39.25,39.13,39.22,2700,35.26
2010-03-29,39.44,39.7,39.37,39.66,33800,35.65
2010-03-30,39.64,40.01,39.64,39.81,7500,35.79
2010-03-31,39.81,39.81,39.81,39.81,0,35.79
2010-04-01,39.78,39.78,39.73,39.75,7900,35.73
2010-04-05,39.97,40.1,39.96,40.01,1900,35.97
2010-04-06,39.85,40.15,39.83,40.15,8100,36.09
2010-04-07,40.15,40.21,40.12,40.21,700,36.15
2010-04-08,39.81,40.02,39.79,39.99,900,35.95
2010-04-09,39.99,39.99,39.99,39.99,0,35.95
2010-04-12,40.35,40.46,40.35,40.35,5000,36.27
2010-04-13,40.35,40.35,40.35,40.35,0,36.27
2010-04-14,40.1,40.4,40.07,40.39,35900,36.31
2010-04-15,40.58,40.58,40.58,40.58,100,36.48
2010-04-16,40.42,40.42,39.69,39.69,15400,35.68
2010-04-19,39.61,39.61,39.61,39.61,400,35.61
2010-04-20,39.55,39.62,39.53,39.62,1000,35.62
2010-04-21,39.69,39.78,39.65,39.65,1200,35.64
2010-04-22,39.29,39.29,39.15,39.25,1700,35.28
2010-04-23,39.16,39.36,38.88,39.36,4100,35.38
2010-04-26,40.05,40.05,39.95,40.02,1100,35.98
2010-04-27,39.85,39.86,39.85,39.85,2000,35.82
2010-04-28,39.22,39.22,38.95,39.1,3400,35.15
2010-04-29,39.23,39.49,39.23,39.49,2100,35.5
2010-04-30,39.38,39.38,39.24,39.24,2000,35.28
2010-05-03,39.43,39.59,39.19,39.59,1700,35.59
2010-05-04,38.83,38.84,38.35,38.35,8800,34.47
2010-05-05,37.8,38.2,37.8,38.2,1100,34.34
2010-05-06,37.98,38.13,37.21,37.21,1900,33.45
2010-05-07,38.2,38.2,36.48,36.48,400,32.79
2010-05-10,39.25,39.25,38.59,38.73,3800,34.82
2010-05-11,38.73,38.73,38.73,38.73,0,34.82
2010-05-12,38.3,38.31,38.18,38.31,900,34.44
2010-05-13,38.19,38.3,38.19,38.19,4300,34.33
2010-05-14,37.71,37.71,37.36,37.36,1000,33.59
2010-05-17,37.77,37.77,37.35,37.35,800,33.58
2010-05-18,37.3,37.58,37.21,37.21,1200,33.45
2010-05-19,37.32,37.33,37.17,37.33,9300,33.56
2010-05-20,36.61,37,36.61,37,2700,33.26
2010-05-21,36.4,37,36.4,37,1000,33.26
2010-05-24,36.43,36.72,36.43,36.72,900,33.01
2010-05-25,35.99,36.25,35.99,36.25,1300,32.59
2010-05-26,36.23,36.23,36.14,36.18,6800,32.52
2010-05-27,36.38,36.77,36.38,36.76,10600,33.05
2010-05-28,36.41,36.45,36.11,36.11,11000,32.46
2010-06-01,36.11,36.11,36.11,36.11,0,32.46
2010-06-02,35.92,36.17,35.9,36.17,3200,32.52
2010-06-03,36.13,36.14,36.13,36.14,300,32.49
2010-06-04,35.85,35.85,35.78,35.78,2700,32.16
2010-06-07,35.21,35.21,35.21,35.21,100,31.65
2010-06-08,34.89,35.38,34.89,35.38,600,31.81
2010-06-09,35.51,35.61,35.51,35.61,1100,32.01
2010-06-10,36.15,36.15,36.15,36.15,1200,32.5
2010-06-11,35.76,35.82,35.73,35.82,2200,32.2
2010-06-14,36.08,36.08,36.08,36.08,100,32.43
2010-06-15,36.67,36.86,36.67,36.86,7400,33.14
2010-06-16,36.86,36.86,36.86,36.86,0,33.14
2010-06-17,36.86,36.86,36.86,36.86,0,33.14
2010-06-18,36.86,36.86,36.86,36.86,0,33.33
2010-06-21,37.13,37.13,37.13,37.13,400,33.57
2010-06-22,36.82,36.82,36.55,36.55,700,33.05
2010-06-23,36.53,36.54,36.47,36.47,400,32.97
2010-06-24,36.33,36.33,36.33,36.33,500,32.85
2010-06-25,36.48,36.48,36.43,36.43,400,32.94
2010-06-28,36.43,36.43,36.43,36.43,0,32.94
2010-06-29,35.51,35.51,35.49,35.49,400,32.09
2010-06-30,35.49,35.49,35.49,35.49,0,32.09
2010-07-01,35.48,35.48,35.43,35.43,1100,32.03
2010-07-02,35.47,35.69,35.46,35.69,3400,32.27
2010-07-06,36.89,36.89,36.76,36.76,1600,33.24
2010-07-07,36.77,36.97,36.77,36.97,4200,33.43
2010-07-08,36.71,36.71,36.71,36.71,1900,33.19
2010-07-09,36.71,36.71,36.71,36.71,0,33.19
2010-07-12,36.71,36.71,36.71,36.71,0,33.19
2010-07-13,36.89,36.93,36.89,36.93,2000,33.39
2010-07-14,37.13,37.13,37.1,37.1,500,33.54
2010-07-15,36.45,36.45,36.44,36.44,200,32.95
2010-07-16,35.82,35.87,35.82,35.87,1000,32.43
2010-07-19,35.87,35.87,35.87,35.87,0,32.43
2010-07-20,36.08,36.19,36.08,36.19,1900,32.72
2010-07-21,35.85,35.85,35.85,35.85,400,32.41
2010-07-22,36.26,36.26,36.26,36.26,500,32.78
2010-07-23,36.26,36.26,36.26,36.26,0,32.78
2010-07-26,36.26,36.26,36.26,36.26,0,32.78
2010-07-27,36.26,36.26,36.26,36.26,0,32.78
2010-07-28,37.06,37.06,36.99,36.99,1000,33.44
2010-07-29,37.45,37.45,37.4,37.4,600,33.81
2010-07-30,36.94,36.94,36.94,36.94,1000,33.4
2010-08-02,37.19,37.35,37.19,37.35,2100,33.77
2010-08-03,37.35,37.35,37.35,37.35,0,33.77
2010-08-04,37.35,37.35,37.35,37.35,0,33.77
2010-08-05,37.33,37.35,37.3,37.35,3000,33.77
2010-08-06,37.35,37.35,37.35,37.35,0,33.77
2010-08-09,37.57,37.69,37.57,37.69,4800,34.08
2010-08-10,37.14,37.14,37.14,37.14,300,33.58
2010-08-11,36.21,36.21,36.21,36.21,100,32.74
2010-08-12,36.21,36.21,36.21,36.21,0,32.74
2010-08-13,36.21,36.21,36.21,36.21,0,32.74
2010-08-16,36.25,36.35,36.25,36.35,1000,32.87
2010-08-17,36.65,36.78,36.65,36.78,2400,33.25
2010-08-18,36.7,36.72,36.7,36.72,900,33.2
2010-08-19,36.77,36.77,36.7,36.7,900,33.18
2010-08-20,36.49,36.49,36.3,36.3,200,32.82
2010-08-23,36.3,36.3,36.3,36.3,0,32.82
2010-08-24,36.3,36.3,36.3,36.3,0,32.82
2010-08-25,36.03,36.07,36.03,36.05,2000,32.59
2010-08-26,36.05,36.05,36.05,36.05,0,32.59
2010-08-27,36.49,36.49,36.49,36.49,100,32.99
2010-08-30,36.8,36.8,36.5,36.5,1900,33
2010-08-31,36.5,36.5,36.5,36.5,0,33
2010-09-01,36.54,36.77,36.54,36.77,2300,33.24
2010-09-02,36.67,36.67,36.67,36.67,1300,33.15
2010-09-03,36.67,36.67,36.67,36.67,0,33.15
2010-09-07,37.67,37.67,37,37,1600,33.45
2010-09-08,37,37,37,37,0,33.45
2010-09-09,37.36,37.37,37.31,37.35,4600,33.77
2010-09-10,37.49,37.49,37.49,37.49,700,33.9
2010-09-13,38.01,38.01,38.01,38.01,600,34.37
2010-09-14,37.84,37.91,37.83,37.91,10700,34.28
2010-09-15,37.91,37.91,37.91,37.91,0,34.28
2010-09-16,37.27,37.27,37.27,37.27,100,33.7
2010-09-17,37.42,37.65,37.42,37.63,20600,34.02
2010-09-20,37.57,37.59,37.57,37.59,3900,33.99
2010-09-21,37.38,37.49,37.38,37.49,500,33.9
2010-09-22,37.51,37.65,37.38,37.38,6900,33.8
2010-09-23,37.25,37.25,37.21,37.21,800,33.64
2010-09-24,37.72,37.74,37.72,37.74,900,34.12
2010-09-27,37.83,37.86,37.83,37.86,300,34.23
2010-09-28,37.88,37.98,37.82,37.98,1800,34.34
2010-09-29,38.52,38.52,38.27,38.3,2600,34.63
2010-09-30,37.95,37.98,37.7,37.7,1100,34.09
2010-10-01,37.7,37.7,37.7,37.7,0,34.09
2010-10-04,37.7,37.7,37.7,37.7,0,34.09
2010-10-05,37.7,37.7,37.7,37.7,0,34.09
2010-10-06,38.67,38.67,38.55,38.56,21000,34.86
2010-10-07,38.83,38.83,38.83,38.83,300,35.11
2010-10-08,38.83,38.83,38.83,38.83,0,35.11
2010-10-11,38.95,38.95,38.95,38.95,100,35.22
2010-10-12,38.47,38.47,38.13,38.42,3000,34.74
2010-10-13,38.7,38.7,38.7,38.7,200,34.99
2010-10-14,38.91,38.91,38.85,38.85,700,35.13
2010-10-15,38.85,38.85,38.85,38.85,0,35.13
2010-10-18,38.85,38.85,38.85,38.85,0,35.13
2010-10-19,38.75,38.81,38.56,38.59,2300,34.89
2010-10-20,39.03,39.03,38.99,38.99,300,35.25
2010-10-21,38.99,38.99,38.99,38.99,0,35.25
2010-10-22,38.99,38.99,38.99,38.99,0,35.25
2010-10-25,38.99,38.99,38.99,38.99,0,35.25
2010-10-26,38.09,38.18,38.09,38.18,1100,34.52
2010-10-27,37.93,37.93,37.91,37.91,2900,34.28
2010-10-28,38.1,38.26,38.1,38.21,5300,34.55
2010-10-29,38.12,38.12,38,38,26000,34.36
2010-11-01,38,38,38,38,0,34.36
2010-11-02,37.97,37.97,37.95,37.95,400,34.31
2010-11-03,37.84,37.96,37.75,37.96,1500,34.32
2010-11-04,37.96,37.96,37.96,37.96,0,34.32
2010-11-05,37.96,37.96,37.96,37.96,0,34.32
2010-11-08,39.52,39.52,39.25,39.31,2300,35.54
2010-11-09,39.36,39.43,39.08,39.08,6400,35.33
2010-11-10,39.49,39.49,39.49,39.49,100,35.7
2010-11-11,39.41,39.41,39.19,39.19,1800,35.43
2010-11-12,39.4,39.4,39.24,39.24,800,35.48
2010-11-15,39.16,39.16,39.16,39.16,500,35.41
2010-11-16,39.16,39.16,39.16,39.16,0,35.41
2010-11-17,38.85,38.87,38.79,38.79,2600,35.07
2010-11-18,39.83,39.84,39.8,39.8,3100,35.98
2010-11-19,39.8,39.8,39.8,39.8,0,35.98
2010-11-22,39.51,39.73,39.37,39.63,2900,35.83
2010-11-23,39.25,39.25,38.85,39.05,2500,35.31
2010-11-24,39.05,39.05,39.05,39.05,0,35.31
2010-11-26,39.11,39.17,39.11,39.17,800,35.41
2010-11-29,39.18,39.18,39.04,39.04,800,35.3
2010-11-30,38.93,39.15,38.93,39.15,600,35.4
2010-12-01,39.51,39.7,39.51,39.63,1600,35.83
2010-12-02,39.63,39.63,39.63,39.63,0,35.83
2010-12-03,39.63,39.63,39.63,39.63,0,35.83
2010-12-06,40.58,40.58,40.58,40.58,200,36.69
2010-12-07,40.3,40.33,40.3,40.31,2200,36.45
2010-12-08,40.31,40.31,40.31,40.31,0,36.45
2010-12-09,40.21,40.22,40.21,40.22,1000,36.36
2010-12-10,40.22,40.22,40.22,40.22,0,36.36
2010-12-13,40.59,40.83,40.59,40.83,300,36.92
2010-12-14,40.87,41.14,40.84,40.85,3000,36.93
2010-12-15,40.5,40.5,40.5,40.5,800,36.62
2010-12-16,40.48,40.52,40.48,40.52,1400,36.64
2010-12-17,39.93,39.93,39.93,39.93,100,36.72
2010-12-20,40.05,40.09,40.05,40.09,1500,36.86
2010-12-21,40.27,40.27,40.27,40.27,100,37.03
2010-12-22,40.27,40.27,40.27,40.27,0,37.03
2010-12-23,40.27,40.27,40.27,40.27,0,37.03
2010-12-27,40.27,40.27,40.27,40.27,0,37.03
2010-12-28,40.27,40.27,40.27,40.27,0,37.03
2010-12-29,40.27,40.27,40.27,40.27,0,37.03
2010-12-30,41.12,41.12,40.71,40.71,1700,37.43
2010-12-31,41.06,41.06,41.06,41.06,100,37.76
2011-01-03,41.25,41.39,41.25,41.39,800,38.06
2011-01-04,41.39,41.39,41.39,41.39,0,38.06
2011-01-05,41.25,41.26,41.23,41.23,600,37.91
2011-01-06,41.6,41.6,41.23,41.23,1700,37.91
2011-01-07,41.35,41.35,41.26,41.26,3800,37.94
2011-01-10,40.98,41.36,40.98,41.36,2500,38.03
2011-01-11,42.2,42.2,41.56,41.76,8300,38.4
2011-01-12,41.87,42.11,41.75,42.05,6000,38.67
2011-01-13,42.05,42.05,42.05,42.05,0,38.67
2011-01-14,42,42.13,41.89,42.13,3200,38.74
2011-01-18,42.16,42.16,42.08,42.1,1200,38.71
2011-01-19,42.1,42.1,42.1,42.1,0,38.71
2011-01-20,41.5,41.76,41.5,41.76,3100,38.4
2011-01-21,41.11,41.11,41.11,41.11,200,37.8
2011-01-24,41.47,41.47,41.47,41.47,200,38.13
2011-01-25,41.9,41.9,41.9,41.9,200,38.53
2011-01-26,41.9,41.9,41.9,41.9,0,38.53
2011-01-27,41.84,41.84,41.75,41.75,600,38.39
2011-01-28,41.23,41.23,41.19,41.19,800,37.88
2011-01-31,41.34,41.35,41.31,41.31,4400,37.99
2011-02-01,41.98,41.98,41.95,41.95,400,38.57
2011-02-02,42.29,42.33,42.21,42.21,3000,38.81
2011-02-03,42.2,42.49,41.97,42.46,16100,39.04
2011-02-04,42.51,42.66,42.33,42.66,5500,39.23
2011-02-07,42.66,42.67,42.64,42.67,1500,39.24
2011-02-08,42.67,42.67,42.67,42.67,0,39.24
2011-02-09,42.49,42.49,42.49,42.49,200,39.07
2011-02-10,42.3,42.3,42.27,42.27,200,38.87
2011-02-11,41.97,42.48,41.97,42.44,500,39.03
2011-02-14,42.44,42.44,42.44,42.44,0,39.03
2011-02-15,42.44,42.44,42.44,42.44,0,39.03
2011-02-16,43.09,43.09,43.09,43.09,1000,39.62
2011-02-17,43.52,43.52,43.52,43.52,100,40.02
2011-02-18,43.52,43.52,43.52,43.52,0,40.02
2011-02-22,42.8,42.8,42.42,42.42,1600,39.01
2011-02-23,42.46,42.5,42.46,42.5,400,39.08
2011-02-24,42.2,42.23,42.01,42.01,700,38.63
2011-02-25,42.91,42.95,42.91,42.93,20600,39.48
2011-02-28,43.56,43.56,43.55,43.56,5200,40.06
2011-03-01,43.5,43.52,43.12,43.12,2300,39.65
2011-03-02,43.39,43.39,42.97,43.05,2500,39.59
2011-03-03,43.25,43.25,43.23,43.23,700,39.75
2011-03-04,42.71,43.03,42.67,42.68,3200,39.25
2011-03-07,43.19,43.19,42.38,42.61,700,39.18
2011-03-08,42.28,42.75,42.28,42.75,800,39.31
2011-03-09,42.75,42.75,42.75,42.75,0,39.31
2011-03-10,41.89,41.89,41.84,41.84,1000,38.47
2011-03-11,40.34,41.05,40.34,40.99,5400,37.69
2011-03-14,39.95,39.95,37.35,38.45,28500,35.36
2011-03-15,35.3,38.33,35.3,37.96,49200,34.91
2011-03-16,37.58,37.78,35.98,36.7,36000,33.75
2011-03-17,38.25,38.73,37.81,38.12,53100,35.05
2011-03-18,38.75,39.32,38.08,39.32,26900,36.16
2011-03-21,40.07,40.45,39.81,40.43,69200,37.18
2011-03-22,40.35,40.35,39.72,40.08,27600,36.86
2011-03-23,40,40.31,39.49,40.01,25700,36.79
2011-03-24,39.92,40.23,39.78,40.1,14800,36.87
2011-03-25,39.78,39.78,39.3,39.3,15900,36.14
2011-03-28,39.66,39.66,38.76,39,13800,35.86
2011-03-29,38.82,39.35,38.82,39.16,6700,36.01
2011-03-30,39.29,39.55,39.27,39.53,6100,36.35
2011-03-31,39.3,39.42,38.97,39,2500,35.86
2011-04-01,39.23,39.23,38.64,39.06,6200,35.92
2011-04-04,38.92,38.92,38.5,38.51,3600,35.41
2011-04-05,37.98,37.98,37.62,37.62,6800,34.59
2011-04-06,37.52,37.52,37.13,37.21,13200,34.22
2011-04-07,37.14,37.15,36.76,36.96,4100,33.99
2011-04-08,37.99,37.99,37.63,37.64,700,34.61
2011-04-11,37.85,37.9,37.6,37.6,3800,34.57
2011-04-12,37.12,37.51,37.05,37.49,2700,34.47
2011-04-13,37.76,37.76,37.66,37.66,300,34.63
2011-04-14,38.03,38.15,37.84,38.15,12500,35.08
2011-04-15,38.1,38.1,38.05,38.05,300,34.99
2011-04-18,37.94,37.97,37.47,37.76,2600,34.72
2011-04-19,37.88,37.94,37.88,37.94,500,34.89
2011-04-20,38.5,38.5,38.39,38.43,2400,35.34
2011-04-21,38.52,38.52,38.44,38.44,2000,35.35
2011-04-25,38.75,38.75,38.35,38.53,1700,35.43
2011-04-26,38.83,38.83,38.47,38.47,300,35.37
2011-04-27,38.26,38.49,38.26,38.47,2100,35.37
2011-04-28,39.05,39.61,39.05,39.61,7800,36.42
2011-04-29,39.59,39.66,39.57,39.58,1700,36.4
2011-05-02,40.35,40.35,39.72,39.9,2400,36.69
2011-05-03,40,40.05,39.98,40.03,4100,36.81
2011-05-04,39.75,39.94,39.59,39.92,1300,36.71
2011-05-05,39.96,39.96,39.49,39.49,2400,36.31
2011-05-06,40.27,40.27,40.08,40.08,600,36.86
2011-05-09,39.84,39.84,39.84,39.84,100,36.63
2011-05-10,39.73,39.97,39.73,39.97,1000,36.75
2011-05-11,39.72,39.72,39.29,39.29,1100,36.13
2011-05-12,39.24,39.24,39.24,39.24,200,36.08
2011-05-13,38.88,39.14,38.88,38.89,800,35.76
2011-05-16,38.83,38.83,38.67,38.67,800,35.56
2011-05-17,38.16,38.25,38,38.25,4300,35.17
2011-05-18,38.5,38.5,38.5,38.5,100,35.4
2011-05-19,38.32,38.32,38.27,38.27,200,35.19
2011-05-20,38,38,38,38,2500,34.94
2011-05-23,38,38,38,38,0,34.94
2011-05-24,38,38,38,38,0,34.94
2011-05-25,37.48,37.58,37.46,37.58,4200,34.56
2011-05-26,37.97,37.97,37.97,37.97,300,34.91
2011-05-27,37.97,37.97,37.97,37.97,0,34.91
2011-05-31,38.32,38.64,38.32,38.63,3100,35.52
2011-06-01,38.63,38.63,38.63,38.63,0,35.52
2011-06-02,38.16,38.16,38.16,38.16,100,35.09
2011-06-03,37.66,38.07,37.66,37.91,7200,34.86
2011-06-06,37.91,37.91,37.91,37.91,0,34.86
2011-06-07,37.69,38,37.69,38,900,34.94
2011-06-08,38,38,38,38,500,34.94
2011-06-09,38.05,38.36,38.05,38.09,4000,35.03
2011-06-10,37.78,38.01,37.68,37.68,1500,34.65
2011-06-13,37.78,37.79,37.64,37.64,1800,34.61
2011-06-14,37.64,37.64,37.64,37.64,0,34.61
2011-06-15,38.03,38.03,37.57,37.57,1600,34.55
2011-06-16,37.31,38.14,37.31,37.45,800,34.44
2011-06-17,37.32,37.4,37.23,37.39,4600,34.65
2011-06-20,37.23,37.62,37.23,37.52,1100,34.77
2011-06-21,37.52,37.52,37.52,37.52,0,34.77
2011-06-22,38.21,38.46,38.02,38.4,4300,35.58
2011-06-23,38.4,38.4,38.4,38.4,0,35.58
2011-06-24,38.4,38.4,38.4,38.4,0,35.58
2011-06-27,38.31,38.31,38.31,38.31,300,35.5
2011-06-28,38.34,38.35,38.34,38.35,1200,35.54
2011-06-29,38.75,38.89,38.7,38.88,1700,36.03
2011-06-30,38.94,39.49,38.94,39.41,700,36.52
2011-07-01,39.02,39.63,39.02,39.63,4300,36.72
2011-07-05,39.78,39.78,39.76,39.76,300,36.84
2011-07-06,39.75,39.9,39.75,39.8,2000,36.88
2011-07-07,40.01,40.34,40,40.34,1500,37.38
2011-07-08,40,40,40,40,200,37.07
2011-07-11,39.56,39.56,39.56,39.56,300,36.66
2011-07-12,39.6,39.68,39.6,39.68,1000,36.77
2011-07-13,39.98,40.47,39.98,40.34,1600,37.38
2011-07-14,40.62,40.62,40.18,40.18,700,37.23
2011-07-15,40.63,40.63,40.62,40.63,2400,37.65
2011-07-18,40.63,40.63,40.63,40.63,0,37.65
2011-07-19,40.48,40.48,40.48,40.48,200,37.51
2011-07-20,40.73,40.73,40.49,40.7,15800,37.72
2011-07-21,40.72,41.25,40.72,41.25,1800,38.23
2011-07-22,42.08,42.08,41.15,41.25,2200,38.23
2011-07-25,40.85,40.85,40.85,40.85,100,37.85
2011-07-26,40.98,41.09,40.98,41.09,900,38.08
2011-07-27,40.67,40.67,40.43,40.43,4300,37.47
2011-07-28,40.41,40.41,40.41,40.41,1500,37.45
2011-07-29,40.1,40.43,40.1,40.33,400,37.37
2011-08-01,41.05,41.14,40.17,40.17,17300,37.22
2011-08-02,40.15,40.15,40.05,40.05,700,37.11
2011-08-03,39.86,39.86,39.56,39.81,2300,36.89
2011-08-04,38.6,38.6,37.62,38.44,1300,35.62
2011-08-05,38.63,38.63,36.17,36.17,1300,33.52
2011-08-08,37.7,37.7,36.41,36.46,2400,33.79
2011-08-09,36.59,37.57,36.59,37.42,1300,34.68
2011-08-10,36.27,36.36,36.26,36.36,1300,33.69
2011-08-11,36.66,36.66,36.66,36.66,200,33.97
2011-08-12,37.54,37.58,37.06,37.06,1900,34.34
2011-08-15,37.92,37.92,37.83,37.83,600,35.06
2011-08-16,37.5,37.54,37.22,37.51,20700,34.76
2011-08-17,37.53,37.87,37.53,37.87,500,35.09
2011-08-18,35.86,36.16,35.86,35.89,500,33.26
2011-08-19,36.16,36.16,36.03,36.03,1600,33.39
2011-08-22,35.98,36.15,35.95,35.96,4500,33.32
2011-08-23,36.48,36.48,35.86,35.86,400,33.23
2011-08-24,36.13,36.13,36.13,36.13,300,33.48
2011-08-25,35.9,35.9,35.9,35.9,300,33.27
2011-08-26,36.24,36.71,36.24,36.71,2300,34.02
2011-08-29,36.71,36.71,36.71,36.71,0,34.02
2011-08-30,36.71,36.71,36.71,36.71,0,34.02
2011-08-31,37.39,37.39,37.39,37.39,300,34.65
2011-09-01,37.39,37.39,37.39,37.39,0,34.65
2011-09-02,36.3,36.3,36.3,36.3,200,33.64
2011-09-06,35.06,35.47,34.19,35.47,700,32.87
2011-09-07,35.9,36.09,35.9,36.08,500,33.43
2011-09-08,36.08,36.08,36.08,36.08,0,33.43
2011-09-09,34.68,35.29,34.68,35.29,400,32.7
2011-09-12,35.29,35.29,35.29,35.29,0,32.7
2011-09-13,34.6,36.1,34.59,36.1,2500,33.45
2011-09-14,36.09,36.13,36.09,36.13,500,33.48
2011-09-15,35.16,36.18,35.16,36.15,1100,33.5
2011-09-16,36.55,36.61,36.55,36.6,900,33.92
2011-09-19,36.19,36.19,36.19,36.19,100,33.54
2011-09-20,36.48,36.48,36.36,36.36,1200,33.69
2011-09-21,36.75,36.83,36.75,36.83,300,34.13
2011-09-22,35.7,35.71,35.4,35.44,1500,32.84
2011-09-23,34.17,35.51,34.16,35.3,3700,32.71
2011-09-26,35.6,35.6,35.6,35.6,100,32.99
2011-09-27,36.54,36.54,36.54,36.54,100,33.86
2011-09-28,36.54,36.54,36.54,36.54,0,33.86
2011-09-29,37,37,36.8,36.85,800,34.15
2011-09-30,35.77,37.03,35.77,35.87,500,33.24
2011-10-03,35.97,35.97,35.97,35.97,400,33.33
2011-10-04,35.7,35.7,34.5,34.51,2700,31.98
2011-10-05,34.51,34.51,34.51,34.51,0,31.98
2011-10-06,36.11,36.16,36.11,36.16,300,33.51
2011-10-07,34.78,36.8,34.78,35.81,3300,33.18
2011-10-10,35.81,35.81,35.81,35.81,0,33.18
2011-10-11,36.33,36.75,36.33,36.75,900,34.06
2011-10-12,36.75,36.75,36.75,36.75,0,34.06
2011-10-13,35.35,36.81,35.35,36.48,1500,33.8
2011-10-14,36.38,36.38,36.38,36.38,300,33.71
2011-10-17,36.56,36.56,36.56,36.56,400,33.88
2011-10-18,36.12,36.79,36.12,36.79,1500,34.09
2011-10-19,36.41,36.78,36.35,36.35,2800,33.68
2011-10-20,36.35,36.35,36.35,36.35,0,33.68
2011-10-21,36.49,36.92,36.49,36.92,4000,34.21
2011-10-24,36.92,36.92,36.92,36.92,0,34.21
2011-10-25,36.41,36.84,36.41,36.77,1700,34.07
2011-10-26,36.52,36.92,36.52,36.81,13600,34.11
2011-10-27,37.79,38.16,37.79,38,4800,35.21
2011-10-28,38,38,38,38,0,35.21
2011-10-31,36.18,36.57,36.17,36.17,6300,33.52
2011-11-01,35.44,35.96,35.44,35.96,500,33.32
2011-11-02,35.96,35.96,35.96,35.96,0,33.32
2011-11-03,35.69,36.19,35.69,35.89,900,33.26
2011-11-04,35.89,35.89,35.89,35.89,0,33.26
2011-11-07,35.78,35.82,35.78,35.82,800,33.19
2011-11-08,36.17,36.22,36.16,36.16,1600,33.51
2011-11-09,35.87,35.87,35.87,35.87,100,33.24
2011-11-10,35.87,35.87,35.87,35.87,0,33.24
2011-11-11,35.93,35.93,35.29,35.29,1100,32.7
2011-11-14,34.33,35.19,34.33,35.19,400,32.61
2011-11-15,35.31,35.31,35.28,35.31,5000,32.72
2011-11-16,35.33,35.33,35.33,35.33,200,32.74
2011-11-17,35.04,35.15,35.04,35.15,600,32.57
2011-11-18,35.15,35.15,35.15,35.15,0,32.57
2011-11-21,34.51,34.51,34.3,34.4,500,31.88
2011-11-22,34.4,34.4,34.4,34.4,0,31.88
2011-11-23,34.4,34.4,34.4,34.4,0,31.88
2011-11-25,34.4,34.4,34.4,34.4,0,31.88
2011-11-28,35.11,35.11,35.11,35.11,1500,32.54
2011-11-29,34.91,35.15,34.75,35.05,1000,32.48
2011-11-30,35.57,35.57,35.57,35.57,200,32.96
2011-12-01,35.48,35.7,35.48,35.59,1500,32.98
2011-12-02,35.88,35.88,35.88,35.88,100,33.25
2011-12-05,35.92,35.92,35.79,35.79,1600,33.17
2011-12-06,35.79,35.79,35.79,35.79,0,33.17
2011-12-07,35.78,35.78,35.78,35.78,100,33.16
2011-12-08,35.78,35.78,35.78,35.78,0,33.16
2011-12-09,35.86,36.18,35.63,35.93,2600,33.3
2011-12-12,35.19,35.6,35.19,35.6,3700,32.99
2011-12-13,35.6,35.6,35.6,35.6,0,32.99
2011-12-14,34.95,34.95,34.87,34.87,300,32.31
2011-12-15,34.65,34.91,34.38,34.75,3400,32.2
2011-12-16,34.28,34.69,34.28,34.52,7000,32.36
2011-12-19,33.99,34.46,33.88,34.46,42000,32.3
2011-12-20,34.46,34.46,34.46,34.46,0,32.3
2011-12-21,34.73,34.73,34.73,34.73,100,32.56
2011-12-22,34.73,34.73,34.73,34.73,0,32.56
2011-12-23,35.36,35.45,34.62,34.62,2800,32.45
2011-12-27,34.88,34.88,34.56,34.56,20600,32.4
2011-12-28,34.61,34.61,34.03,34.03,700,31.9
2011-12-29,35,35,34.72,34.95,45100,32.76
2011-12-30,35.33,35.5,35.1,35.45,1600,33.23
2012-01-03,35.78,36.01,35.7,36.01,500,33.76
2012-01-04,36.01,36.01,36.01,36.01,0,33.76
2012-01-05,35.97,36.05,35.97,36.05,3800,33.79
2012-01-06,35.79,35.79,35.21,35.4,2200,33.18
2012-01-09,35.4,35.4,35.4,35.4,0,33.18
2012-01-10,35.65,35.65,35.65,35.65,200,33.42
2012-01-11,35.11,35.11,35.11,35.11,700,32.91
2012-01-12,35.1,35.4,35.1,35.34,4500,33.13
2012-01-13,35.66,35.66,35.66,35.66,1000,33.43
2012-01-17,35.5,35.5,35.5,35.5,900,33.28
2012-01-18,35.5,35.78,35.5,35.78,7400,33.54
2012-01-19,36.15,36.24,35.77,35.77,4000,33.53
2012-01-20,35.77,35.77,35.77,35.77,0,33.53
2012-01-23,36.21,36.21,36.21,36.21,500,33.94
2012-01-24,36.37,36.4,36.37,36.4,300,34.12
2012-01-25,36.85,37,36.85,37,47000,34.68
2012-01-26,36.99,37.05,36.94,37.05,45700,34.73
2012-01-27,36.55,37.2,36.55,37.2,300,34.87
2012-01-30,37.11,37.11,36.65,36.65,900,34.36
2012-01-31,36.65,36.65,36.65,36.65,0,34.36
2012-02-01,37.35,37.6,37.1,37.6,6000,35.25
2012-02-02,37.6,37.6,37.6,37.6,0,35.25
2012-02-03,37.3,37.4,37.3,37.4,900,35.06
2012-02-06,37.4,37.4,36.66,36.66,1600,34.37
2012-02-07,36.66,36.66,36.66,36.66,0,34.37
2012-02-08,37.4,37.4,37,37,400,34.68
2012-02-09,37.94,37.99,37.94,37.99,800,35.61
2012-02-10,36.04,37.99,36.04,37.99,1300,35.61
2012-02-13,37,37.36,37,37.22,6000,34.89
2012-02-14,37.15,37.15,37.12,37.12,600,34.8
2012-02-15,37.12,37.12,37.12,37.12,0,34.8
2012-02-16,37.93,38.03,37.55,38.03,4000,35.65
2012-02-17,37.93,37.93,37.93,37.93,900,35.56
2012-02-21,39.11,39.11,39.11,39.11,300,36.66
2012-02-22,39.11,39.11,39.11,39.11,0,36.66
2012-02-23,37.39,37.39,37.39,37.39,200,35.05
2012-02-24,37.39,37.39,37.39,37.39,0,35.05
2012-02-27,38.01,38.21,37.8,38.21,3000,35.82
2012-02-28,39,39.44,38.84,38.87,5900,36.44
2012-02-29,38.15,38.24,38.15,38.24,1300,35.85
2012-03-01,38.24,38.24,37.99,37.99,500,35.61
2012-03-02,37.99,37.99,37.99,37.99,0,35.61
2012-03-05,37.37,38.4,37.37,38.25,1900,35.86
2012-03-06,37.37,38.11,37.37,37.52,3200,35.17
2012-03-07,37.58,37.58,37.58,37.58,100,35.23
2012-03-08,38.22,38.22,38.22,38.22,100,35.83
2012-03-09,38.22,38.22,38.22,38.22,0,35.83
2012-03-12,37.86,38.84,37.86,38.84,2200,36.41
2012-03-13,38.84,38.84,38.84,38.84,0,36.41
2012-03-14,38.04,38.04,38.04,38.04,100,35.66
2012-03-15,37.08,37.08,37.08,37.08,200,34.76
2012-03-16,37.08,37.08,37.08,37.08,0,34.76
2012-03-19,38.98,38.98,38.98,38.98,200,36.54
2012-03-20,39,39,39,39,200,36.56
2012-03-21,38.05,38.05,37.88,38.05,700,35.67
2012-03-22,37.69,37.69,37.69,37.69,200,35.33
2012-03-23,39.37,39.37,39.29,39.29,700,36.83
2012-03-26,38.19,38.19,38.19,38.19,200,35.8
2012-03-27,38.64,38.75,38.64,38.75,400,36.32
2012-03-28,39.5,39.5,39.5,39.5,100,37.03
2012-03-29,39.5,39.5,39.5,39.5,0,37.03
2012-03-30,38.65,38.65,38.65,38.65,400,36.23
2012-04-02,38.65,38.65,38.65,38.65,0,36.23
2012-04-03,38.65,38.65,38.65,38.65,0,36.23
2012-04-04,38.65,38.65,38.65,38.65,0,36.23
2012-04-05,38.65,38.65,38.65,38.65,0,36.23
2012-04-09,37.98,37.99,37.48,37.48,700,35.13
2012-04-10,36.87,37.14,36.52,36.91,3400,34.6
2012-04-11,37.01,37.35,37.01,37.35,700,35.01
2012-04-12,36.96,36.96,36.69,36.77,500,34.47
2012-04-13,37.83,37.83,37.83,37.83,200,35.46
2012-04-16,37.01,37.01,37.01,37.01,300,34.69
2012-04-17,37.01,37.01,37.01,37.01,0,34.69
2012-04-18,37.01,37.01,37.01,37.01,0,34.69
2012-04-19,38.15,38.15,37.38,37.38,800,35.04
2012-04-20,36.9,37.07,36.9,37.07,500,34.75
2012-04-23,36.98,36.98,36.87,36.87,800,34.56
2012-04-24,36.87,36.87,36.87,36.87,0,34.56
2012-04-25,36.87,36.87,36.87,36.87,0,34.56
2012-04-26,37.23,38.49,37.04,38.22,1400,35.83
2012-04-27,37.4,37.4,37.35,37.35,200,35.01
2012-04-30,37.11,37.17,37.07,37.07,400,34.75
2012-05-01,37.07,37.07,37.07,37.07,0,34.75
2012-05-02,37.07,37.07,37.07,37.07,200,34.75
2012-05-03,37.07,37.07,37.07,37.07,0,34.75
2012-05-04,35.62,35.62,35.62,35.62,200,33.39
2012-05-07,36,36,36,36,1500,33.75
2012-05-08,35.66,35.66,35.66,35.66,300,33.43
2012-05-09,35.32,35.32,35.32,35.32,300,33.11
2012-05-10,35.6,35.6,35.6,35.6,200,33.37
2012-05-11,35.11,35.31,35.1,35.1,1100,32.9
2012-05-14,35.1,35.1,35.1,35.1,0,32.9
2012-05-15,34.08,34.17,34.08,34.17,400,32.03
2012-05-16,34.17,34.17,34.17,34.17,0,32.03
2012-05-17,35,35.16,34.54,35.16,1600,32.96
2012-05-18,33.5,34.07,33.5,33.72,800,31.61
2012-05-21,33.72,33.72,33.72,33.72,0,31.61
2012-05-22,34.45,34.45,34.45,34.45,300,32.29
2012-05-23,35.15,35.15,33.27,33.58,700,31.48
2012-05-24,34.87,34.87,33.82,33.82,1600,31.7
2012-05-25,33.73,33.73,33.73,33.73,800,31.62
2012-05-29,33.81,33.97,33.81,33.97,400,31.84
2012-05-30,33.84,33.84,33.84,33.84,400,31.72
2012-05-31,33.32,33.32,33.32,33.32,800,31.23
2012-06-01,33.12,33.8,33.12,33.8,1300,31.68
2012-06-04,33.65,33.71,33.48,33.48,4000,31.38
2012-06-05,33.99,33.99,33.88,33.88,300,31.76
2012-06-06,33.88,33.88,33.88,33.88,0,31.76
2012-06-07,33.99,34.34,33.91,34.34,500,32.19
2012-06-08,34.34,34.34,34.34,34.34,0,32.19
2012-06-11,34.34,34.34,34,34,900,31.87
2012-06-12,34,34,34,34,0,31.87
2012-06-13,34.2,34.2,34.11,34.11,1400,31.97
2012-06-14,34.11,34.11,34.11,34.11,0,31.97
2012-06-15,34.11,34.11,34.11,34.11,0,32.23
2012-06-18,34.65,34.94,34.55,34.8,6600,32.88
2012-06-19,34.8,34.8,34.8,34.8,0,32.88
2012-06-20,34.95,35.12,34.9,35.12,15000,33.18
2012-06-21,34.7,34.7,34.7,34.7,200,32.78
2012-06-22,35.54,35.54,34.74,34.74,500,32.82
2012-06-25,34.74,34.74,34.74,34.74,0,32.82
2012-06-26,34.22,34.48,34.22,34.48,1000,32.58
2012-06-27,35.32,35.32,34.93,34.93,1200,33
2012-06-28,34.93,34.93,34.93,34.93,0,33
2012-06-29,35.47,35.75,35.47,35.75,1100,33.78
2012-07-02,35.75,35.75,35.75,35.75,0,33.78
2012-07-03,35.75,35.75,35.75,35.75,0,33.78
2012-07-05,36.36,36.36,36.36,36.36,300,34.35
2012-07-06,35.4,35.41,35.4,35.41,400,33.45
2012-07-09,35.41,35.41,35.41,35.41,0,33.45
2012-07-10,35.41,35.41,35.41,35.41,0,33.45
2012-07-11,34.39,34.39,34.39,34.39,300,32.49
2012-07-12,34.59,34.59,34.59,34.59,400,32.68
2012-07-13,34.63,35.13,34.6,35.13,600,33.19
2012-07-16,35.13,35.13,35.13,35.13,0,33.19
2012-07-17,35.13,35.13,35.13,35.13,0,33.19
2012-07-18,34.87,35.29,34.87,35.14,2300,33.2
2012-07-19,35.14,35.14,35.14,35.14,0,33.2
2012-07-20,35.14,35.14,35.14,35.14,0,33.2
2012-07-23,33.63,33.85,33.63,33.85,1200,31.98
2012-07-24,33.85,33.85,33.85,33.85,0,31.98
2012-07-25,33.85,33.85,33.85,33.85,0,31.98
2012-07-26,33.94,34.34,33.94,34.34,500,32.44
2012-07-27,34.02,34.33,34.02,34.33,500,32.43
2012-07-30,34.33,34.33,34.33,34.33,0,32.43
2012-07-31,34.33,34.33,34.33,34.33,0,32.43
2012-08-01,35.84,35.84,35.04,35.14,400,33.2
2012-08-02,34.13,34.38,34.09,34.09,1100,32.21
2012-08-03,34.44,34.87,34.44,34.73,2800,32.81
2012-08-06,34.73,34.73,34.73,34.73,0,32.81
2012-08-07,35.27,35.5,35.27,35.48,500,33.52
2012-08-08,35.71,35.71,35.71,35.71,200,33.74
2012-08-09,35.99,35.99,35.99,35.99,100,34
2012-08-10,35.13,35.13,35.13,35.13,200,33.19
2012-08-13,35.93,35.93,35.3,35.3,1000,33.35
2012-08-14,35.3,35.3,35.3,35.3,0,33.35
2012-08-15,35.3,35.3,35.3,35.3,0,33.35
2012-08-16,35.3,35.3,35.3,35.3,0,33.35
2012-08-17,35.95,36.36,35.94,36.35,24400,34.34
2012-08-20,36.03,36.03,35.87,35.88,1500,33.9
2012-08-21,35.54,35.54,35.54,35.54,1200,33.58
2012-08-22,35.41,35.41,35.41,35.41,100,33.45
2012-08-23,35.69,35.89,35.69,35.89,1000,33.91
2012-08-24,35.97,35.97,35.97,35.97,800,33.98
2012-08-27,35.96,35.98,35.84,35.85,2100,33.87
2012-08-28,35.85,35.85,35.85,35.85,0,33.87
2012-08-29,35.56,35.56,35.56,35.56,800,33.6
2012-08-30,35.28,35.28,35.16,35.16,700,33.22
2012-08-31,35.16,35.16,35.16,35.16,800,33.22
2012-09-04,34.61,34.77,34.61,34.77,300,32.85
2012-09-05,34.22,34.22,34.22,34.22,200,32.33
2012-09-06,34.87,34.9,34.24,34.24,2900,32.35
2012-09-07,34.63,35.13,34.63,35.06,3800,33.12
2012-09-10,35.06,35.06,35.06,35.06,0,33.12
2012-09-11,35.54,35.54,35.54,35.54,200,33.58
2012-09-12,36.05,36.05,35.66,35.91,1100,33.93
2012-09-13,35.91,35.91,35.91,35.91,0,33.93
2012-09-14,36.09,36.79,36.09,36.47,3400,34.46
2012-09-17,36.49,36.65,36.03,36.03,46800,34.04
2012-09-18,35.63,36.16,35.63,36.01,2700,34.02
2012-09-19,34.75,36.3,34.75,35.93,900,33.95
2012-09-20,35.84,35.84,35.84,35.84,100,33.86
2012-09-21,35.9,36.06,35.9,36,1100,34.01
2012-09-24,35.56,35.6,35.56,35.6,200,33.63
2012-09-25,36,36.26,36,36.16,4700,34.16
2012-09-26,35.96,35.96,35.33,35.43,4400,33.47
2012-09-27,35.6,35.71,35.6,35.71,300,33.74
2012-09-28,35.45,35.51,35.45,35.51,200,33.55
2012-10-01,35.12,35.31,35.12,35.2,1200,33.26
2012-10-02,35.2,35.2,35.2,35.2,0,33.26
2012-10-03,35.2,35.37,34.95,35.05,800,33.11
2012-10-04,34.99,35.35,34.95,35.35,900,33.4
2012-10-05,35.04,35.04,35.04,35.04,200,33.1
2012-10-08,35.04,35.04,35.04,35.04,0,33.1
2012-10-09,34.36,34.42,34.36,34.42,700,32.52
2012-10-10,34.42,34.42,34.42,34.42,0,32.52
2012-10-11,34.42,34.42,34.42,34.42,0,32.52
2012-10-12,34.42,34.56,34.42,34.55,1700,32.64
2012-10-15,34.75,34.96,34.35,34.35,400,32.45
2012-10-16,34.97,35.24,34.97,35.24,2600,33.29
2012-10-17,35.24,35.24,35.24,35.24,0,33.29
2012-10-18,35.24,35.24,35.24,35.24,0,33.29
2012-10-19,35,35.1,34.98,35.1,1000,33.16
2012-10-22,35.1,35.1,35.1,35.1,0,33.16
2012-10-23,35.1,35.1,35.1,35.1,0,33.16
2012-10-24,35.1,35.1,35.1,35.1,0,33.16
2012-10-25,35.1,35.1,35.1,35.1,0,33.16
2012-10-26,34.8,35.06,34.8,35.06,600,33.12
2012-10-31,34.77,35.47,33.44,35.04,3800,33.1
2012-11-01,35,35.28,35,35.27,2800,33.32
2012-11-02,35.28,35.28,34.72,35.07,4200,33.13
2012-11-05,35.07,35.07,35.07,35.07,0,33.13
2012-11-06,35.07,35.07,35.07,35.07,0,33.13
2012-11-07,34.58,34.68,34.08,34.08,6400,32.2
2012-11-08,34.4,34.57,34.16,34.16,700,32.27
2012-11-09,34.68,34.7,34.12,34.12,600,32.24
2012-11-12,33.91,33.91,33.91,33.91,500,32.04
2012-11-13,33.94,33.94,33.94,33.94,300,32.07
2012-11-14,34.48,34.48,33.9,33.94,2500,32.07
2012-11-15,34.07,34.23,33.93,34.22,7200,32.33
2012-11-16,34.22,34.22,34.22,34.22,0,32.33
2012-11-19,35.8,35.8,35.44,35.44,2500,33.48
2012-11-20,34.96,35.23,34.91,35.08,4000,33.14
2012-11-21,35.1,35.32,35.09,35.13,6500,33.19
2012-11-23,35.13,35.72,35.11,35.6,6200,33.63
2012-11-26,35.46,35.51,35.46,35.48,400,33.52
2012-11-27,35.48,35.48,35.48,35.48,0,33.52
2012-11-28,35.38,35.39,35.3,35.35,1200,33.4
2012-11-29,36.19,36.24,35.52,35.65,6200,33.68
2012-11-30,35.38,36.11,35.38,35.66,2400,33.69
2012-12-03,35.66,35.66,35.66,35.66,0,33.69
2012-12-04,35.69,35.8,35.69,35.7,700,33.73
2012-12-05,35.69,35.8,35.69,35.8,3000,33.82
2012-12-06,36,36,35.88,35.88,600,33.9
2012-12-07,35.8,35.89,35.8,35.89,15100,33.91
2012-12-10,35.89,35.89,35.89,35.89,0,33.91
2012-12-11,35.75,36.03,35.75,35.92,8500,33.94
2012-12-12,36.44,36.44,36.44,36.44,100,34.43
2012-12-13,36.19,36.19,36.19,36.19,200,34.19
2012-12-14,36.44,36.59,36.44,36.59,5000,34.57
2012-12-17,35.94,36.19,35.94,36.17,5300,34.17
2012-12-18,36.9,36.9,36.7,36.87,9000,34.83
2012-12-19,37.08,37.5,37.08,37.42,2400,35.35
2012-12-20,37.58,37.89,37.58,37.88,12100,35.79
2012-12-21,37.08,37.29,36.84,36.96,20000,35.31
2012-12-24,37.01,37.41,37.01,37.2,23600,35.53
2012-12-26,37.04,37.67,36.89,37.4,21700,35.73
2012-12-27,37.38,37.44,36.88,37.17,19000,35.51
2012-12-28,36.88,37.45,36.88,37.13,14700,35.47
2012-12-31,36.79,37.52,36.41,37.1,35900,35.44
2013-01-02,37.69,38.35,37.67,38.35,73800,36.63
2013-01-03,37.9,38.37,37.64,38.32,14900,36.6
2013-01-04,38.08,38.17,37.56,38.16,11100,36.45
2013-01-07,37.85,37.85,37.2,37.85,13400,36.16
2013-01-08,37.38,37.42,36.96,36.99,21900,35.33
2013-01-09,37.25,37.25,37.25,37.25,300,35.58
2013-01-10,38.26,38.26,37.76,38.14,3900,36.43
2013-01-11,38.43,38.43,38.07,38.16,1700,36.45
2013-01-14,38.32,38.47,38.32,38.46,2600,36.74
2013-01-15,38.19,38.35,38.19,38.34,500,36.62
2013-01-16,37.79,37.86,37.78,37.82,1600,36.13
2013-01-17,37.82,37.82,37.82,37.82,0,36.13
2013-01-18,38.34,38.34,37.75,38.17,7600,36.46
2013-01-22,37.69,37.69,37.4,37.66,2700,35.97
2013-01-23,37.58,37.58,37.39,37.39,2300,35.72
2013-01-24,37.38,37.87,37.38,37.59,26500,35.91
2013-01-25,37.88,38,37.66,37.66,13400,35.97
2013-01-28,38.05,38.05,38.05,38.05,100,36.35
2013-01-29,38.08,38.08,38.08,38.08,200,36.38
2013-01-30,38.5,38.5,38.4,38.44,700,36.72
2013-01-31,38.2,38.2,38.2,38.2,900,36.49
2013-02-01,38.01,38.39,38.01,38.3,1100,36.59
2013-02-04,38.01,38.34,38.01,38.2,3500,36.49
2013-02-05,38.2,38.2,38.2,38.2,0,36.49
2013-02-06,38.5,38.5,38.33,38.42,700,36.7
2013-02-07,38.41,38.63,38.21,38.59,3100,36.86
2013-02-08,38.15,38.73,37.9,38.68,12100,36.95
2013-02-11,39.21,39.21,38.54,38.77,1500,37.03
2013-02-12,38.98,38.98,38.75,38.77,3600,37.03
2013-02-13,38.5,38.5,38.39,38.41,1400,36.69
2013-02-14,38.55,38.55,38.13,38.39,14700,36.67
2013-02-15,38.1,38.1,38.1,38.1,200,36.39
2013-02-19,38.37,38.37,38.37,38.37,200,36.65
2013-02-20,39.12,39.12,38.95,38.95,2600,37.21
2013-02-21,38.82,38.82,38.14,38.46,400,36.74
2013-02-22,38.82,38.96,38.79,38.87,74100,37.13
2013-02-25,39.04,39.08,38.54,38.56,10700,36.83
2013-02-26,39.01,39.27,39.01,39.27,2200,37.51
2013-02-27,39.06,39.32,38.98,39.32,3800,37.56
2013-02-28,39.49,39.59,38.94,38.94,8300,37.2
2013-03-01,39.15,39.78,39.15,39.47,18400,37.7
2013-03-04,39.73,39.73,39.43,39.65,7400,37.88
2013-03-05,39.69,39.93,39.55,39.7,4200,37.92
2013-03-06,40.01,40.18,39.86,40.18,11700,38.38
2013-03-07,40.21,40.21,39.8,39.85,10800,38.07
2013-03-08,39.58,40.1,39.58,40.1,13600,38.3
2013-03-11,40.29,40.32,39.95,40.16,5100,38.36
2013-03-12,39.85,39.9,39.65,39.65,3700,37.88
2013-03-13,39.92,40.03,39.9,40.03,95800,38.24
2013-03-14,39.87,40.19,39.87,39.96,800,38.17
2013-03-15,40.5,40.5,40.21,40.21,2300,38.41
2013-03-18,40.48,40.71,40.46,40.46,3500,38.65
2013-03-19,40.77,40.85,40.31,40.65,7500,38.83
2013-03-20,40.99,41.32,40.99,41.29,5000,39.44
2013-03-21,41.51,41.51,41,41,4900,39.16
2013-03-22,41.21,41.35,41.18,41.33,1400,39.48
2013-03-25,41.27,41.39,40.81,41.12,4200,39.28
2013-03-26,41.34,41.58,40.89,41.58,6900,39.72
2013-03-27,41.56,41.56,40.97,40.97,12200,39.14
2013-03-28,41.39,41.53,41.38,41.53,3100,39.67
2013-04-01,40.04,40.11,39.39,39.7,7100,37.92
2013-04-02,39.78,40.5,39.78,40.33,3100,38.52
2013-04-03,40.3,40.3,40.1,40.1,2100,38.3
2013-04-04,40.83,42.04,40.83,41.87,18700,40
2013-04-05,41.78,42.16,41.78,42.15,10600,40.26
2013-04-08,42.25,42.39,42.07,42.23,23400,40.34
2013-04-09,42.17,42.17,41.66,42.06,15900,40.18
2013-04-10,42.98,42.98,42.46,42.79,123600,40.87
2013-04-11,43.3,43.44,42.93,43.25,60500,41.31
2013-04-12,43.45,43.45,43.14,43.34,81100,41.4
2013-04-15,42.96,43.56,42.65,42.82,13400,40.9
2013-04-16,43.52,43.52,42.82,43.15,22900,41.22
2013-04-17,43.41,43.41,42.8,42.8,13300,40.88
2013-04-18,42.52,42.88,42.49,42.85,8900,40.93
2013-04-19,43,43.55,42.64,43.26,36000,41.32
2013-04-22,43.49,43.49,42.93,43.12,11800,41.19
2013-04-23,44.02,44.02,43.45,43.75,9000,41.79
2013-04-24,44.06,44.41,43.9,43.97,10500,42
2013-04-25,44.49,44.56,43.99,44.3,18700,42.32
2013-04-26,44.46,44.46,43.93,44,4300,42.03
2013-04-29,43.99,44.66,43.99,44.66,6600,42.66
2013-04-30,44.91,45.01,44.6,45.01,10000,43
2013-05-01,45,45,44.35,44.35,3100,42.36
2013-05-02,44.91,44.91,44.37,44.53,9800,42.54
2013-05-03,44.8,45.31,44.72,44.96,5200,42.95
2013-05-06,45.21,45.21,44.9,44.97,5800,42.96
2013-05-07,45.31,45.34,44.89,44.89,5600,42.88
2013-05-08,44.92,45.69,44.92,45.33,34100,43.3
2013-05-09,45.49,45.49,44.63,44.9,9300,42.89
2013-05-10,45.2,45.2,44.68,44.74,25400,42.74
2013-05-13,45.87,45.87,45.12,45.42,9000,43.39
2013-05-14,45.95,46.05,45.36,45.91,26000,43.85
2013-05-15,46.13,46.23,45.78,46.02,20800,43.96
2013-05-16,45.79,45.79,45.2,45.26,23200,43.23
2013-05-17,45.95,46.08,45.58,45.98,7500,43.92
2013-05-20,46.73,46.73,46.06,46.3,32700,44.23
2013-05-21,46.69,46.69,46.22,46.6,22000,44.51
2013-05-22,47.05,47.36,45.9,46.05,36700,43.99
2013-05-23,43.02,44.14,41.66,44.14,30700,42.16
2013-05-24,43.31,43.49,42.27,42.99,15900,41.07
2013-05-28,43.5,43.52,42.66,42.95,10100,41.03
2013-05-29,42.12,42.25,41.73,41.91,87400,40.03
2013-05-30,41.2,42.26,40.76,41.85,15200,39.98
2013-05-31,41,41.49,40.71,40.79,21800,38.96
2013-06-03,40.65,40.65,39.55,40.27,33800,38.47
2013-06-04,41.68,42.01,41.34,41.74,11600,39.87
2013-06-05,40.89,40.89,40.12,40.47,24400,38.66
2013-06-06,40.16,40.16,39.65,39.99,11800,38.2
2013-06-07,40.84,41.82,40.79,41.69,6300,39.82
2013-06-10,42.19,42.48,42.15,42.36,10000,40.46
2013-06-11,41.48,41.9,41.2,41.2,11100,39.36
2013-06-12,41.86,42.06,41.56,41.85,7400,39.98
2013-06-13,41.44,42.47,41.41,42.47,5500,40.57
2013-06-14,41.95,41.95,41,41.46,24800,39.6
2013-06-17,42.53,43,42.06,42.2,4100,40.31
2013-06-18,43.31,43.31,42.78,42.78,1300,40.87
2013-06-19,42.86,43.33,42.56,42.56,4600,40.65
2013-06-20,41.83,41.83,40.94,41.4,4100,39.55
2013-06-21,41.67,41.99,41.36,41.71,31700,39.93
2013-06-24,40.99,40.99,39.95,40.96,26400,39.21
2013-06-25,40.98,41.57,40.98,41.49,32700,39.72
2013-06-26,41.2,41.28,41.05,41.23,4900,39.47
2013-06-27,41.78,42.19,41.74,42.19,22700,40.39
2013-06-28,42.83,42.83,42.37,42.76,6500,40.93
2013-07-01,42.72,43.35,42.72,43.11,2800,41.27
2013-07-02,43.91,43.91,43.32,43.32,2600,41.47
2013-07-03,43.42,43.42,43.19,43.37,2300,41.52
2013-07-05,43.8,44.05,43.8,44,5200,42.12
2013-07-08,43.85,44.01,43.57,44.01,2800,42.13
2013-07-09,44.18,44.23,43.95,44.12,10400,42.23
2013-07-10,44.07,44.07,43.89,44.01,11600,42.13
2013-07-11,45.02,45.25,44.51,45.21,2500,43.28
2013-07-12,45.03,45.13,44.91,45.03,8400,43.11
2013-07-15,45.4,45.46,45.16,45.21,15500,43.28
2013-07-16,45.32,45.39,45.06,45.09,5100,43.16
2013-07-17,45.53,45.53,45.52,45.53,800,43.58
2013-07-18,45.78,46,45.64,45.93,31600,43.97
2013-07-19,45.19,45.78,45.19,45.74,178900,43.79
2013-07-22,45.88,45.88,45.44,45.6,8100,43.65
2013-07-23,46.23,46.29,45.57,45.78,1004200,43.82
2013-07-24,45.65,45.65,45.18,45.29,14400,43.35
2013-07-25,44.51,44.86,44.23,44.71,25500,42.8
2013-07-26,44.09,44.09,43.36,43.36,821400,41.51
2013-07-29,42.99,43.53,42.5,42.53,4800,40.71
2013-07-30,42.84,43.28,42.8,42.8,5200,40.97
2013-07-31,42.85,42.85,42.6,42.6,10900,40.78
2013-08-01,43.94,44.42,43.85,43.85,26700,41.98
2013-08-02,44.8,44.88,44.2,44.73,5600,42.82
2013-08-05,45.07,45.07,44.61,44.87,2300,42.95
2013-08-06,44.91,45.09,44.5,44.87,6500,42.95
2013-08-07,44.79,44.79,44.04,44.28,27000,42.39
2013-08-08,44,44,43.81,43.87,2400,42
2013-08-09,43.73,44.37,43.73,43.8,2500,41.93
2013-08-12,43.51,43.98,43.51,43.89,31900,42.01
2013-08-13,43.84,44.09,43.75,44.09,2400,42.21
2013-08-14,44.16,44.27,43.95,44.09,19200,42.21
2013-08-15,43.44,43.5,43.33,43.46,3100,41.6
2013-08-16,43.4,43.64,43.31,43.36,16900,41.51
2013-08-19,43.43,43.54,43.26,43.29,4800,41.44
2013-08-20,43,43.14,42.38,42.9,28700,41.07
2013-08-21,42.8,42.8,42.1,42.44,11900,40.63
2013-08-22,42.54,42.82,42.54,42.75,2500,40.92
2013-08-23,43.17,43.25,43.1,43.25,15900,41.4
2013-08-26,43.07,43.09,42.72,42.72,21600,40.89
2013-08-27,42.72,42.81,42.39,42.39,15600,40.58
2013-08-28,42.15,42.64,42.15,42.33,43800,40.52
2013-08-29,42.31,42.58,42.26,42.43,30000,40.62
2013-08-30,41.96,41.96,41.48,41.48,18500,39.71
2013-09-03,42.6,42.77,42.29,42.56,2200,40.74
2013-09-04,43.21,43.21,43.07,43.07,800,41.23
2013-09-05,42.79,42.95,42.79,42.89,1100,41.06
2013-09-06,43.04,43.05,42.81,43.04,7200,41.2
2013-09-09,43.53,44.08,43.53,44.08,12900,42.2
2013-09-10,44.16,44.5,44.16,44.41,58600,42.51
2013-09-11,44.35,44.35,43.66,44.21,33600,42.32
2013-09-12,44.07,44.17,43.79,44.02,34900,42.14
2013-09-13,44.18,44.27,44.01,44.26,17300,42.37
2013-09-16,44.62,44.92,44.62,44.68,9600,42.77
2013-09-17,44.26,44.63,44.24,44.62,13700,42.71
2013-09-18,45.08,46.14,44.67,46.09,81900,44.12
2013-09-19,46.15,46.15,45.78,45.78,8400,43.82
2013-09-20,45.53,45.61,45.47,45.47,6400,43.53
2013-09-23,45.47,45.51,45.24,45.47,26400,43.53
2013-09-24,45.73,45.78,45.64,45.64,3400,43.69
2013-09-25,45.44,45.64,45.44,45.63,5100,43.68
2013-09-26,46.68,46.68,45.95,46.28,7600,44.3
2013-09-27,45.66,45.66,45.66,45.66,100,43.71
2013-09-30,45.17,45.66,45.17,45.56,21600,43.61
2013-10-01,45.47,45.47,45.34,45.34,1500,43.4
2013-10-02,44.97,45.01,44.67,45.01,1400,43.09
2013-10-03,44.77,44.77,44.74,44.76,1200,42.85
2013-10-04,44.58,44.93,44.48,44.93,5700,43.01
2013-10-07,44.09,44.24,44.01,44.17,1200,42.28
2013-10-08,44.03,44.03,43.8,43.8,4100,41.93
2013-10-09,44.52,45.02,44.45,44.89,62600,42.97
2013-10-10,45.36,45.44,45.35,45.44,700,43.5
2013-10-11,45.4,45.65,45.36,45.65,18700,43.7
2013-10-14,45.22,45.93,45.22,45.82,2200,43.86
2013-10-15,45.39,45.53,45.21,45.32,9300,43.38
2013-10-16,45.48,45.88,45.38,45.88,31300,43.92
2013-10-17,45.92,46.13,45.91,46.06,11000,44.09
2013-10-18,46.15,46.37,46.15,46.25,2900,44.27
2013-10-21,46.08,46.24,46.03,46.23,20300,44.25
2013-10-22,46.32,46.59,46.3,46.49,16200,44.5
2013-10-23,45.44,45.55,45.4,45.55,6400,43.6
2013-10-24,46.04,46.04,45.91,46,8500,44.03
2013-10-25,45.32,45.44,45.25,45.44,3500,43.5
2013-10-28,45.62,45.65,45.55,45.55,600,43.6
2013-10-29,45.72,45.79,45.62,45.79,2500,43.83
2013-10-30,45.8,45.85,45.7,45.83,9600,43.87
2013-10-31,45.48,45.71,45.48,45.7,3900,43.75
2013-11-01,44.8,45.17,44.78,45.02,6700,43.1
2013-11-04,44.99,45.15,44.99,45.15,3100,43.22
2013-11-05,44.82,44.84,44.8,44.83,600,42.91
2013-11-06,45.22,45.39,45.22,45.31,4400,43.37
2013-11-07,44.9,44.9,44.23,44.26,14400,42.37
2013-11-08,44.61,44.88,44.61,44.88,1000,42.96
2013-11-11,44.84,44.93,44.84,44.85,6000,42.93
2013-11-12,45.06,45.33,45.06,45.33,7200,43.39
2013-11-13,45.43,45.74,45.43,45.64,6900,43.69
2013-11-14,46.01,46.25,46.01,46.23,17000,44.25
2013-11-15,46.71,46.81,46.7,46.79,4300,44.79
2013-11-18,46.71,46.82,46.47,46.54,16000,44.55
2013-11-19,46.33,46.47,46.22,46.41,3200,44.43
2013-11-20,46.49,46.55,46.36,46.43,13500,44.45
2013-11-21,46.33,46.76,46.33,46.69,19000,44.7
2013-11-22,46.23,46.49,46.23,46.41,25700,44.43
2013-11-25,46.26,46.27,46.06,46.09,11200,44.12
2013-11-26,45.74,45.92,45.74,45.9,1400,43.94
2013-11-27,46.07,46.11,46.02,46.09,11600,44.12
2013-11-29,46.17,46.17,46.04,46.04,8700,44.07
2013-12-02,45.98,46.08,45.94,45.94,4300,43.98
2013-12-03,45.7,45.7,45.49,45.58,7000,43.63
2013-12-04,45.35,45.35,45.23,45.28,900,43.35
2013-12-05,45.03,45.03,44.85,44.85,16200,42.93
2013-12-06,45.27,45.53,45.27,45.46,2700,43.52
2013-12-09,45.47,45.56,45.47,45.55,3700,43.6
2013-12-10,45.5,45.64,45.47,45.62,4000,43.67
2013-12-11,45.25,45.28,45.19,45.21,2100,43.28
2013-12-12,45.22,45.44,45.2,45.4,11800,43.46
2013-12-13,45.13,45.13,44.9,45.03,1400,43.11
2013-12-16,44.82,44.9,44.82,44.86,2200,42.94
2013-12-17,44.72,44.83,44.72,44.82,3300,42.9
2013-12-18,45.39,45.46,45.16,45.18,88900,43.25
2013-12-19,45.22,45.34,45.22,45.27,2400,43.34
2013-12-20,45.03,45.13,44.95,45.06,5000,43.51
2013-12-23,45.31,45.57,45.27,45.53,5000,43.96
2013-12-24,44.95,44.95,44.91,44.91,700,43.36
2013-12-26,46.1,46.1,45.4,45.54,39700,43.97
2013-12-27,45.88,45.9,45.84,45.85,5300,44.27
2013-12-30,46.02,46.44,46.02,46.34,11600,44.74
2013-12-31,46.35,46.46,46.35,46.46,1000,44.86
2014-01-02,46.06,46.06,45.66,45.66,10500,44.09
2014-01-03,45.58,45.89,45.58,45.89,7100,44.31
2014-01-06,45.96,45.96,45.53,45.71,5400,44.14
2014-01-07,45.79,45.89,45.77,45.86,2800,44.28
2014-01-08,46,46.1,45.99,46.07,5600,44.48
2014-01-09,45.96,45.96,45.57,45.81,6600,44.23
2014-01-10,46,46.2,45.92,46.13,69800,44.54
2014-01-13,45.9,45.92,45.7,45.7,2800,44.13
2014-01-14,45.5,45.83,45.48,45.8,28600,44.22
2014-01-15,45.91,46.23,45.91,46.2,2200,44.61
2014-01-16,45.95,46.07,45.87,46.07,10200,44.48
2014-01-17,46.25,46.3,46.19,46.19,15600,44.6
2014-01-21,46.14,46.23,45.99,46.23,4600,44.64
2014-01-22,46.25,46.25,46.07,46.24,7800,44.65
2014-01-23,45.85,45.85,45.3,45.32,20300,43.76
2014-01-24,45.07,45.07,44.81,44.88,5000,43.33
2014-01-27,44.56,44.56,43.92,44.18,74900,42.66
2014-01-28,44.18,44.5,44.18,44.46,32300,42.93
2014-01-29,44.34,45.27,44.09,44.38,6300,42.85
2014-01-30,44.45,44.68,44.33,44.59,142800,43.05
2014-01-31,43.42,43.77,43.25,43.48,11100,41.98
2014-02-03,43.14,43.15,42.47,42.47,47800,41.01
2014-02-04,42.13,42.38,41.95,42.35,29500,40.89
2014-02-05,42.42,42.61,42.36,42.61,51300,41.14
2014-02-06,42.91,43.13,42.91,43.12,15300,41.63
2014-02-07,43.37,43.83,43.32,43.83,17400,42.32
2014-02-10,43.65,43.65,43.52,43.57,9900,42.07
2014-02-11,43.56,44.15,43.56,44.1,49300,42.58
2014-02-12,44,44.15,43.99,44.15,4300,42.63
2014-02-13,43.2,43.89,43.2,43.8,8100,42.29
2014-02-14,43.17,43.59,43.12,43.5,9200,42
2014-02-18,44.11,44.45,44.11,44.45,9100,42.92
2014-02-19,44.32,44.32,43.96,43.96,3600,42.45
2014-02-20,43.6,43.64,43.4,43.64,2000,42.14
2014-02-21,44.23,44.23,43.95,44.03,15600,42.51
2014-02-24,44.25,44.68,44.25,44.6,2800,43.06
2014-02-25,44.53,44.53,44.43,44.43,1100,42.9
2014-02-26,44.39,44.39,44.18,44.18,1100,42.66
2014-02-27,44.04,44.04,43.97,44,1500,42.48
2014-02-28,44.31,44.56,44.17,44.17,7900,42.65
2014-03-03,43.53,43.53,43.35,43.38,4800,41.89
2014-03-04,44.25,44.48,44.25,44.43,15400,42.9
2014-03-05,44.05,44.12,44.04,44.04,1100,42.52
2014-03-06,44.63,44.9,44.63,44.9,3700,43.35
2014-03-07,44.32,44.55,44.32,44.55,1400,43.02
2014-03-10,44.26,44.33,44.26,44.31,1300,42.78
2014-03-11,44.09,44.19,43.91,43.96,13600,42.45
2014-03-12,43.44,43.56,43.41,43.54,6400,42.04
2014-03-13,43.5,43.5,42.77,42.84,28800,41.36
2014-03-14,42.26,42.53,42.12,42.41,7800,40.95
2014-03-17,42.42,42.62,42.42,42.62,28400,41.15
2014-03-18,42.65,42.81,42.65,42.77,1500,41.3
2014-03-19,42.67,42.67,42.39,42.52,4400,41.06
2014-03-20,41.81,41.88,41.81,41.84,3100,40.4
2014-03-21,42.02,42.15,41.7,41.71,22600,40.27
2014-03-24,42.07,42.07,41.84,41.99,3500,40.54
2014-03-25,42.1,42.19,42.06,42.07,4500,40.62
2014-03-26,42.66,42.67,42.31,42.31,3300,40.85
2014-03-27,42.69,42.84,42.63,42.84,1600,41.36
2014-03-28,43.53,43.53,43.33,43.33,500,41.84
2014-03-31,43.6,43.73,43.36,43.36,1800,41.87
2014-04-01,43.48,43.58,43.48,43.58,3100,42.08
2014-04-02,43.64,43.92,43.61,43.92,3000,42.41
2014-04-03,43.69,43.75,43.66,43.73,5000,42.22
2014-04-04,43.85,43.85,43.52,43.52,1400,42.02
2014-04-07,43.22,43.23,41.93,43.14,13200,41.65
2014-04-08,42.36,42.36,42.19,42.19,1100,40.74
2014-04-09,42.31,42.76,42.29,42.76,8100,41.29
2014-04-10,42.11,42.14,41.62,41.74,22300,40.3
2014-04-11,41.59,41.62,41.44,41.46,1600,40.03
2014-04-14,42.01,42.08,41.71,41.94,229300,40.5
2014-04-15,41.95,41.95,41.65,41.94,7200,40.5
2014-04-16,42.56,42.83,42.54,42.76,67600,41.29
2014-04-17,42.66,42.97,42.63,42.88,35400,41.4
2014-04-21,42.75,42.84,42.73,42.82,10300,41.34
2014-04-22,42.43,42.66,42.43,42.61,20600,41.14
2014-04-23,42.81,42.83,42.67,42.7,12700,41.23
2014-04-24,42.35,42.5,42.35,42.5,700,41.04
2014-04-25,42.56,42.58,42.38,42.38,2300,40.92
2014-04-28,42.44,42.57,42.33,42.54,28300,41.07
2014-04-29,42.66,42.78,42.65,42.71,7700,41.24
2014-04-30,42.34,42.55,42.34,42.55,4800,41.08
2014-05-01,43.04,43.1,43.02,43.02,2800,41.54
2014-05-02,43.24,43.24,42.89,43.01,2600,41.53
2014-05-05,42.85,42.97,42.75,42.97,4800,41.49
2014-05-06,42.93,42.93,42.74,42.76,4300,41.29
2014-05-07,42.46,42.58,42.24,42.49,33400,41.03
2014-05-08,42.49,42.68,42.35,42.35,8300,40.89
2014-05-09,42.66,42.75,42.53,42.75,32400,41.28
2014-05-12,42.69,42.81,42.61,42.79,71900,41.32
2014-05-13,43.06,43.34,43.06,43.33,2400,41.84
2014-05-14,43.23,43.23,43.01,43.05,4900,41.57
2014-05-15,42.85,42.85,42.49,42.67,13200,41.2
2014-05-16,42.65,42.8,42.65,42.78,12200,41.31
2014-05-19,42.46,42.84,42.46,42.79,26400,41.32
2014-05-20,42.38,42.5,42.29,42.37,13400,40.91
2014-05-21,42.75,42.76,42.75,42.76,400,41.29
2014-05-22,43.1,43.31,43.1,43.31,3700,41.82
2014-05-23,43.41,43.76,43.41,43.75,900,42.24
2014-05-27,43.88,44.07,43.86,44.07,1300,42.55
2014-05-28,43.86,43.87,43.86,43.87,2700,42.36
2014-05-29,44.18,44.37,44.18,44.37,600,42.84
2014-05-30,44.37,44.37,44.37,44.37,0,42.84
2014-06-02,44.9,45.09,44.9,45.09,3400,43.54
2014-06-03,44.97,45,44.94,45,800,43.45
2014-06-04,45.07,45.32,45.06,45.31,3800,43.75
2014-06-05,45.37,45.37,45.37,45.37,300,43.81
2014-06-06,45.32,45.38,45.26,45.38,1300,43.82
2014-06-09,45.09,45.24,45.09,45.24,2300,43.68
2014-06-10,44.88,44.88,44.77,44.77,4000,43.23
2014-06-11,45.16,45.16,44.96,44.96,1800,43.41
2014-06-12,45.45,45.45,45.11,45.16,800,43.6
2014-06-13,45.16,45.16,45.16,45.16,0,43.6
2014-06-16,45.33,45.33,45.33,45.33,200,43.77
2014-06-17,45.42,45.53,45.35,45.53,1300,43.96
2014-06-18,45.76,45.76,45.69,45.69,900,44.12
2014-06-19,46.54,46.67,46.54,46.67,3700,45.06
2014-06-20,46.59,46.59,46.49,46.52,2200,45.12
2014-06-23,46.22,46.22,46.21,46.21,1000,44.82
2014-06-24,46.32,46.58,46.24,46.24,33700,44.84
2014-06-25,46.15,46.34,46.14,46.29,3300,44.89
2014-06-26,46.17,46.25,46.14,46.19,4000,44.8
2014-06-27,46.07,46.07,46,46.03,2500,44.64
2014-06-30,46.45,46.45,46.45,46.45,500,45.05
2014-07-01,47,47.08,47,47.06,1900,45.64
2014-07-02,47,47.04,46.95,47.04,800,45.62
2014-07-03,46.73,46.82,46.73,46.82,500,45.41
2014-07-07,46.7,46.7,46.51,46.51,3000,45.11
2014-07-08,46.44,46.44,46.42,46.42,1800900,45.02
2014-07-09,46.54,46.66,46.54,46.66,1200,45.25
2014-07-10,45.74,46.02,45.65,45.97,26400,44.58
2014-07-11,46.08,46.12,46.07,46.12,2700,44.73
2014-07-14,46.5,46.58,46.5,46.57,2600,45.16
2014-07-15,46.64,46.68,46.6,46.68,4400,45.27
2014-07-16,46.84,46.84,46.73,46.8,25800,45.39
2014-07-17,46.75,46.75,46.54,46.54,500,45.14
2014-07-18,46.73,46.76,46.68,46.75,5200,45.34
2014-07-21,46.56,46.67,46.55,46.61,70400,45.2
2014-07-22,46.88,46.88,46.88,46.88,500,45.47
2014-07-23,46.74,46.85,46.7,46.85,6500,45.44
2014-07-24,46.78,46.78,46.65,46.65,900,45.24
2014-07-25,46.65,46.65,46.65,46.65,0,45.24
2014-07-28,46.95,47.18,46.95,47.18,9300,45.76
2014-07-29,47.23,47.23,47.19,47.19,2000,45.77
2014-07-30,47.06,47.17,47.06,47.17,1400,45.75
2014-07-31,46.46,46.58,46.46,46.49,700,45.09
2014-08-01,46.46,46.46,46.32,46.4,1100,45
2014-08-04,46.17,46.48,46.17,46.41,20200,45.01
2014-08-05,45.93,45.93,45.56,45.64,6800,44.26
2014-08-06,45.13,45.45,45.1,45.43,5700,44.06
2014-08-07,45.5,45.5,45.24,45.3,2500,43.93
2014-08-08,45.11,45.3,45.04,45.3,2600,43.93
2014-08-11,45.88,45.88,45.88,45.88,300,44.5
2014-08-12,45.77,45.82,45.7,45.8,15700,44.42
2014-08-13,46.18,46.2,46.12,46.17,2400,44.78
2014-08-14,46.2,46.25,46.2,46.25,700,44.85
2014-08-15,46.32,46.37,46.12,46.33,6300,44.93
2014-08-18,46.41,46.54,46.37,46.53,171100,45.13
2014-08-19,46.5,46.52,46.5,46.52,9200,45.12
2014-08-20,46.21,46.22,46.13,46.13,2000,44.74
2014-08-21,46.5,46.5,46.5,46.5,200,45.1
2014-08-22,46.12,46.13,46.08,46.08,5900,44.69
2014-08-25,46.28,46.33,46.24,46.24,2400,44.84
2014-08-26,45.98,46.06,45.98,46.06,1400,44.67
2014-08-27,45.92,45.92,45.83,45.87,5100,44.49
2014-08-28,45.77,45.84,45.72,45.79,49100,44.41
2014-08-29,45.62,45.62,45.62,45.62,500,44.24
2014-09-02,46.23,46.23,46.04,46.11,1600,44.72
2014-09-03,46.13,46.13,46.13,46.13,200,44.74
2014-09-04,45.99,46.09,45.85,45.97,9500,44.58
2014-09-05,45.53,45.66,45.53,45.66,800,44.28
2014-09-08,45.82,45.82,45.72,45.72,2600,44.34
2014-09-09,45.35,45.35,45.24,45.24,500,43.88
2014-09-10,45.7,45.75,45.61,45.75,2500,44.37
2014-09-11,45.52,45.52,45.46,45.46,700,44.09
2014-09-12,45.39,45.39,45.39,45.39,200,44.02
2014-09-15,45.39,45.45,45.3,45.45,4300,44.08
2014-09-16,45.65,45.68,45.6,45.6,2400,44.22
2014-09-17,45.02,45.19,45,45.19,43400,43.83
2014-09-18,45.32,45.4,45.3,45.4,4000,44.03
2014-09-19,45.53,45.54,45.46,45.46,2400,44.09
2014-09-22,45.54,45.54,45.34,45.44,4600,44.07
2014-09-23,45.4,45.4,45.31,45.32,1500,43.95
2014-09-24,45.66,45.72,45.63,45.66,2200,44.28
2014-09-25,45.76,45.76,45.44,45.44,2700,44.07
2014-09-26,45.71,46,45.67,46,20200,44.61
2014-09-29,45.59,45.68,45.52,45.58,5200,44.2
2014-09-30,45.25,45.34,45.24,45.33,1100,43.96
2014-10-01,44.75,44.75,44.68,44.68,1000,43.33
2014-10-02,43.89,43.89,43.44,43.73,3100,42.41
2014-10-03,44.3,44.3,44.25,44.28,7700,42.94
2014-10-06,44.29,44.31,44.09,44.16,13100,42.83
2014-10-07,44.11,44.11,44.09,44.09,2300,42.76
2014-10-08,43.65,44.29,43.65,44.29,9400,42.95
2014-10-09,43.54,43.54,42.99,42.99,600,41.69
2014-10-10,42.68,42.9,42.58,42.88,1600,41.59
2014-10-13,42.35,42.43,42.16,42.16,30400,40.89
2014-10-14,42.31,42.55,42.31,42.55,4400,41.27
2014-10-15,42.02,42.19,41.6,42.19,6700,40.92
2014-10-16,41.47,42.07,41.47,41.92,91000,40.66
2014-10-17,41.9,42.06,41.9,41.98,3400,40.71
2014-10-20,42.85,42.92,42.81,42.92,4300,41.63
2014-10-21,42.71,42.92,42.65,42.92,5000,41.63
2014-10-22,43.26,43.36,43.15,43.15,600,41.85
2014-10-23,43.45,43.53,43.45,43.53,1000,42.22
2014-10-24,43.3,43.41,43.3,43.41,1200,42.1
2014-10-27,43.27,43.47,43.27,43.46,6600,42.15
2014-10-28,43.56,43.65,43.51,43.65,1600,42.33
2014-10-29,44.16,44.16,43.87,43.87,600,42.55
2014-10-30,44.05,44.41,44.05,44.19,6100,42.86
2014-10-31,46.28,46.44,46.1,46.43,30600,45.03
2014-11-03,46.43,47.04,46.22,47.04,11400,45.62
2014-11-04,45.13,45.43,45.04,45.43,4100,44.06
2014-11-05,45.26,45.26,45.17,45.23,1700,43.87
2014-11-06,44.53,44.62,44.52,44.62,1100,43.27
2014-11-07,44.22,44.38,44.12,44.38,11200,43.04
2014-11-10,44.67,44.86,44.59,44.86,400,43.51
2014-11-11,45.11,45.11,45.02,45.04,2400,43.68
2014-11-12,44.63,44.92,44.63,44.92,2200,43.56
2014-11-13,45.33,45.33,45.28,45.28,1000,43.91
2014-11-14,45.14,45.23,45.11,45.23,600,43.87
2014-11-17,44.25,44.48,44.25,44.48,3900,43.14
2014-11-18,44.9,45.14,44.9,45.14,1000,43.78
2014-11-19,44.65,44.84,44.65,44.84,1800,43.49
2014-11-20,44.34,44.51,44.31,44.35,21100,43.01
2014-11-21,44.96,44.96,44.8,44.8,1000,43.45
2014-11-24,44.8,44.84,44.7,44.71,2900,43.36
2014-11-25,44.75,44.88,44.75,44.88,17800,43.53
2014-11-26,44.7,44.87,44.7,44.87,2000,43.52
2014-11-28,44.87,44.87,44.87,44.87,0,43.52
2014-12-01,44.88,44.88,44.88,44.88,300,43.53
2014-12-02,45.18,45.26,45.15,45.24,5700,43.88
2014-12-03,45.16,45.16,45.1,45.1,400,43.74
2014-12-04,44.98,45.17,44.96,45.17,8100,43.81
2014-12-05,44.93,45.08,44.93,44.99,1700,43.63
2014-12-08,44.55,44.55,44.48,44.48,1700,43.14
2014-12-09,44.38,44.57,44.24,44.57,4300,43.23
2014-12-10,44.31,44.32,43.81,43.81,18800,42.49
2014-12-11,44.38,44.43,44.31,44.31,100100,42.97
2014-12-12,44.07,44.07,43.64,43.64,4500,42.32
2014-12-15,43.46,43.46,42.73,42.82,7700,41.53
2014-12-16,42.96,42.96,42.96,42.96,4700,41.66
2014-12-17,43.25,43.77,43.25,43.56,11000,42.25
2014-12-18,44.19,44.2,44.16,44.18,4000,42.85
2014-12-19,42.77,43.37,42.73,43.37,101200,43.37
2014-12-22,43.09,43.09,42.99,43.03,5300,43.03
2014-12-23,43.1,43.13,42.95,43.11,5300,43.11
2014-12-24,42.9,42.96,42.72,42.74,3300,42.74
2014-12-26,43.5,43.66,43.01,43.55,28500,43.55
2014-12-29,43.01,43.11,42.87,43.11,4500,43.11
2014-12-30,42.54,42.64,42.37,42.58,13000,42.58
2014-12-31,42.48,42.66,42.3,42.35,1700,42.35
2015-01-02,43.01,43.01,42.39,42.4,2500,42.4
2015-01-05,42.24,42.24,41.57,41.66,21600,41.66
2015-01-06,41.64,41.81,41,41.02,3400,41.02
2015-01-07,42.07,42.07,41.75,41.75,2500,41.75
2015-01-08,42.2,42.34,42.03,42.25,6100,42.25
2015-01-09,42.27,42.27,41.82,41.82,600,41.82
2015-01-12,41.81,41.81,41.59,41.68,8400,41.68
2015-01-13,42.07,42.07,42.07,42.07,300,42.07
2015-01-14,41.75,41.8,41.7,41.7,4800,41.7
2015-01-15,42.4,42.4,42.29,42.36,1500,42.36
2015-01-16,42.52,42.52,42.47,42.47,700,42.47
2015-01-20,42.82,42.94,42.82,42.94,700,42.94
2015-01-21,42.91,42.91,42.77,42.82,700,42.82
2015-01-22,42.53,43.14,42.53,43.14,7900,43.14
2015-01-23,43.42,43.47,42.97,42.97,1200,42.97
