"Index","RBL.Open","RBL.High","RBL.Low","RBL.Close","RBL.Volume","RBL.Adjusted"
2010-03-11,30.15,30.15,30.06,30.07,1000,26.07
2010-03-12,30.54,30.6,30.5,30.54,6800,26.47
2010-03-15,30.21,30.23,29.9,29.9,23400,25.92
2010-03-16,30.25,30.4,30.15,30.34,7200,26.3
2010-03-17,30.79,30.79,30.63,30.74,16400,26.65
2010-03-18,30.85,30.85,30.18,30.36,8800,26.32
2010-03-19,30.36,30.36,30.36,30.36,0,26.32
2010-03-22,29.62,29.98,29.62,29.92,4000,25.94
2010-03-23,29.85,30.08,29.85,30.03,7900,26.03
2010-03-24,29.68,29.7,29.53,29.53,13100,25.6
2010-03-25,29.72,29.97,29.43,29.43,15200,25.51
2010-03-26,29.9,30,29.73,29.87,12000,25.89
2010-03-29,30.45,30.64,30.45,30.63,1500,26.55
2010-03-30,30.63,30.63,30.63,30.63,300,26.55
2010-03-31,31,31,30.81,30.83,5900,26.73
2010-04-01,31.52,31.76,31.52,31.76,9700,27.53
2010-04-05,31.81,32,31.81,31.97,7300,27.71
2010-04-06,31.97,32.25,31.97,32.22,4000,27.93
2010-04-07,31.9,31.9,31.77,31.88,1600,27.64
2010-04-08,31.46,31.89,31.46,31.89,600,27.64
2010-04-09,32.27,32.27,32.19,32.19,800,27.9
2010-04-12,32.3,32.44,32.25,32.25,8200,27.96
2010-04-13,32.21,32.5,32.1,32.47,3000,28.15
2010-04-14,32.87,33.08,32.87,33.08,2700,28.68
2010-04-15,32.96,33.09,32.51,32.97,3100,28.58
2010-04-16,33.25,33.25,31.8,31.9,6800,27.65
2010-04-19,31.48,31.5,31.34,31.5,2200,27.31
2010-04-20,31.96,32.07,31.96,32.07,700,27.8
2010-04-21,31.79,31.82,31.49,31.65,3300,27.44
2010-04-22,31.1,31.41,31.1,31.41,700,27.23
2010-04-23,31.58,31.86,31.58,31.84,2100,27.6
2010-04-26,32.23,32.23,32.12,32.13,1300,27.85
2010-04-27,31.42,31.43,31.02,31.05,3000,26.92
2010-04-28,31.04,31.04,30.71,30.9,15900,26.79
2010-04-29,31.28,31.47,31.28,31.36,69800,27.19
2010-04-30,30.93,30.93,30.7,30.7,1600,26.61
2010-05-03,30.78,31,30.57,30.89,1700,26.78
2010-05-04,30.16,30.16,29.48,29.51,6100,25.58
2010-05-05,28.87,28.88,28.13,28.5,10400,24.71
2010-05-06,28.22,28.22,27.43,27.43,7000,23.78
2010-05-07,26.63,26.71,25.36,26,64200,22.54
2010-05-10,29,29.4,28.8,29.2,49100,25.31
2010-05-11,27.98,28.55,27.98,28.24,6900,24.48
2010-05-12,29.12,29.56,29.12,29.56,4000,25.62
2010-05-13,29.38,29.38,29.14,29.35,6700,25.44
2010-05-14,28.37,28.37,28.2,28.2,2600,24.45
2010-05-17,28.25,28.25,27.83,28.11,1000,24.37
2010-05-18,28.65,28.65,28.65,28.65,100,24.84
2010-05-19,27.57,27.57,26.79,27.25,1800,23.62
2010-05-20,25.88,26.01,25.57,25.66,6000,22.24
2010-05-21,25.88,26.36,25.72,25.95,7300,22.5
2010-05-24,25.64,26.16,25.64,25.84,13100,22.4
2010-05-25,24.85,25.17,24.45,25.17,6900,21.82
2010-05-26,25.62,26.11,25.6,25.6,3100,22.19
2010-05-27,26.9,27.46,26.8,27.46,5000,23.8
2010-05-28,27.3,27.46,27.04,27.11,4500,23.5
2010-06-01,26.86,27.39,26.86,27.22,3200,23.6
2010-06-02,27.44,27.62,27.42,27.62,400,23.94
2010-06-03,28.07,28.16,28.07,28.16,1200,24.41
2010-06-04,27.17,27.17,26.49,26.49,5500,22.96
2010-06-07,26.38,26.78,26.38,26.65,1500,23.1
2010-06-08,26.26,26.55,25.85,26.51,8300,22.98
2010-06-09,26.55,26.79,26.38,26.38,8400,22.87
2010-06-10,26.91,27.22,26.85,27.22,1300,23.6
2010-06-11,26.48,26.97,26.48,26.97,800,23.38
2010-06-14,27.41,27.41,27.41,27.41,700,23.76
2010-06-15,27.72,27.85,27.72,27.85,6600,24.14
2010-06-16,27.85,27.85,27.85,27.85,0,24.14
2010-06-17,27.81,27.82,27.78,27.78,1900,24.08
2010-06-18,27.78,27.78,27.78,27.78,600,24.24
2010-06-21,28.65,28.65,28.14,28.18,2900,24.59
2010-06-22,28.17,28.42,28.17,28.33,1700,24.72
2010-06-23,27.72,27.72,27.72,27.72,200,24.19
2010-06-24,27.48,27.49,27.27,27.27,3100,23.79
2010-06-25,27.01,27.44,27.01,27.34,12900,23.86
2010-06-28,27.46,27.53,27.36,27.36,2700,23.87
2010-06-29,26.31,26.39,26.31,26.36,1400,23
2010-06-30,26.2,26.2,26.17,26.17,1000,22.83
2010-07-01,25.56,25.69,25.29,25.69,23100,22.42
2010-07-02,25.94,26.02,25.8,25.83,19600,22.54
2010-07-06,26.7,26.86,26.7,26.86,3100,23.44
2010-07-07,26.59,27.37,26.59,27.37,8700,23.88
2010-07-08,26.85,26.85,26.85,26.85,500,23.43
2010-07-09,27.03,27.11,27,27.11,15700,23.66
2010-07-12,27.47,27.47,27.47,27.47,700,23.97
2010-07-13,27.89,27.99,27.89,27.91,5600,24.35
2010-07-14,27.91,27.91,27.91,27.91,0,24.35
2010-07-15,27.97,27.97,27.97,27.97,100,24.41
2010-07-16,27.75,27.75,27.27,27.27,5400,23.79
2010-07-19,27.8,27.88,27.71,27.71,4600,24.18
2010-07-20,27.71,27.71,27.71,27.71,0,24.18
2010-07-21,28.1,28.16,27.77,27.77,12100,24.23
2010-07-22,28.67,28.83,28.63,28.69,4700,25.03
2010-07-23,28.71,28.71,28.71,28.71,500,25.05
2010-07-26,29.24,29.35,29.24,29.34,1500,25.6
2010-07-27,29.7,29.7,29.18,29.21,2300,25.49
2010-07-28,29.17,29.23,29.17,29.23,500,25.5
2010-07-29,29.51,29.51,29.06,29.27,9500,25.54
2010-07-30,29.14,29.31,29.05,29.31,5700,25.57
2010-08-02,29.62,30.47,29.62,30.47,3400,26.59
2010-08-03,30.05,30.1,29.85,30.07,23500,26.24
2010-08-04,30.15,30.39,30.09,30.26,7000,26.4
2010-08-05,30.05,30.22,30.05,30.22,500,26.37
2010-08-06,29.93,30.09,29.73,30.07,7700,26.24
2010-08-09,30.21,30.24,30.12,30.22,3300,26.37
2010-08-10,29.62,29.86,29.32,29.82,2100,26.02
2010-08-11,28.94,28.94,28.64,28.64,6200,24.99
2010-08-12,28.41,28.7,28.36,28.7,2400,25.04
2010-08-13,28.55,28.59,28.55,28.59,200,24.95
2010-08-16,28.6,28.97,28.6,28.9,2300,25.22
2010-08-17,29.1,29.38,29.1,29.38,15400,25.64
2010-08-18,29.19,29.3,29.14,29.3,1600,25.57
2010-08-19,29.24,29.24,28.8,28.92,8600,25.23
2010-08-20,28.65,28.66,28.65,28.66,200,25.01
2010-08-23,28.68,28.68,28.68,28.68,200,25.03
2010-08-24,27.75,27.76,27.58,27.61,23400,24.09
2010-08-25,27.5,27.5,27.5,27.5,100,24
2010-08-26,27.87,27.87,27.73,27.77,7600,24.23
2010-08-27,27.91,28.18,27.91,28.18,1000,24.59
2010-08-30,28.18,28.18,28.18,28.18,0,24.59
2010-08-31,28.01,28.37,28.01,28.2,20700,24.61
2010-09-01,28.95,28.99,28.86,28.99,5400,25.3
2010-09-02,29.05,29.05,29.05,29.05,2000,25.35
2010-09-03,29.35,29.35,29.35,29.35,700,25.61
2010-09-07,28.88,28.88,28.88,28.88,200,25.2
2010-09-08,29.27,29.27,29.2,29.22,3300,25.5
2010-09-09,29.55,29.58,29.36,29.36,12800,25.62
2010-09-10,29.54,29.54,29.54,29.54,4000,25.78
2010-09-13,29.54,29.54,29.54,29.54,0,25.78
2010-09-14,29.7,29.79,29.7,29.77,9500,25.98
2010-09-15,29.77,29.77,29.77,29.77,0,25.98
2010-09-16,29.23,29.23,29.17,29.17,900,25.45
2010-09-17,29.18,29.18,28.92,28.97,3200,25.28
2010-09-20,29.2,29.2,29.2,29.2,200,25.48
2010-09-21,29.25,29.25,29.18,29.2,3600,25.48
2010-09-22,29.3,29.41,29.27,29.34,1400,25.6
2010-09-23,29.2,29.2,29.2,29.2,100,25.48
2010-09-24,29.29,29.54,29.29,29.54,1000,25.78
2010-09-27,29.43,29.53,29.38,29.53,1600,25.77
2010-09-28,29.5,29.56,29.34,29.48,6400,25.72
2010-09-29,29.51,29.69,29.49,29.62,27100,25.85
2010-09-30,30.04,30.04,29.79,29.98,4700,26.16
2010-10-01,30.6,30.65,30.6,30.65,4000,26.74
2010-10-04,30.83,30.83,30.71,30.71,3400,26.8
2010-10-05,30.98,31.35,30.98,31.31,6200,27.32
2010-10-06,31.4,31.4,31.31,31.31,6500,27.32
2010-10-07,31.44,31.56,31.32,31.42,15800,27.42
2010-10-08,31.49,31.58,31.41,31.58,1600,27.56
2010-10-11,31.66,31.85,31.66,31.78,2700,27.73
2010-10-12,31.6,31.96,31.6,31.89,16400,27.83
2010-10-13,32,32.26,32,32.19,25200,28.09
2010-10-14,32.13,32.43,31.97,32.16,3100,28.06
2010-10-15,32.04,32.05,31.96,32.05,7600,27.97
2010-10-18,31.88,32.17,31.88,32.1,10900,28.01
2010-10-19,31.55,31.55,31.02,31.02,24100,27.07
2010-10-20,31.28,31.51,31.28,31.51,1900,27.49
2010-10-21,31.68,32.25,31.68,31.91,9400,27.84
2010-10-22,32.41,32.41,32.02,32.17,4300,28.07
2010-10-25,32.64,32.65,32.56,32.65,10700,28.49
2010-10-26,32.38,32.49,32.22,32.49,5000,28.35
2010-10-27,31.73,31.89,31.65,31.89,6200,27.83
2010-10-28,31.93,31.95,31.78,31.95,19100,27.88
2010-10-29,31.88,32,31.85,32,2000,27.92
2010-11-01,32.47,32.47,31.9,31.9,8200,27.83
2010-11-02,32.29,32.43,32.29,32.43,2500,28.3
2010-11-03,32.41,32.54,32.17,32.51,2700,28.37
2010-11-04,33.7,33.7,33.7,33.7,600,29.41
2010-11-05,33.6,33.8,33.6,33.8,300,29.49
2010-11-08,33.37,33.42,33,33.2,5100,28.97
2010-11-09,33.61,33.85,33.46,33.5,11200,29.23
2010-11-10,33.5,33.73,33.37,33.71,9600,29.41
2010-11-11,33.45,33.45,33.05,33.37,4500,29.12
2010-11-12,32.9,32.9,32.46,32.64,1200,28.48
2010-11-15,32.45,32.79,32.45,32.72,37200,28.55
2010-11-16,31.82,31.85,31.28,31.28,47800,27.29
2010-11-17,31.45,31.7,31.45,31.51,15900,27.49
2010-11-18,32.01,32.32,31.96,32.25,22300,28.14
2010-11-19,32.4,32.54,32.29,32.49,7900,28.35
2010-11-22,32.45,32.45,32.29,32.29,5800,28.17
2010-11-23,31.65,31.65,31.48,31.48,300,27.47
2010-11-24,32.04,32.14,32.04,32.14,5300,28.04
2010-11-26,32.13,32.13,32.13,32.13,2000,28.04
2010-11-29,31.54,32.15,31.46,32.14,41900,28.04
2010-11-30,31.86,31.98,31.75,31.82,2900,27.76
2010-12-01,32.56,32.87,32.55,32.87,12100,28.68
2010-12-02,33.07,33.88,33.07,33.86,31200,29.54
2010-12-03,34.13,34.4,34.13,34.4,3200,30.02
2010-12-06,34.46,34.74,34.42,34.74,6200,30.31
2010-12-07,34.9,34.95,34.76,34.77,22900,30.34
2010-12-08,34.51,34.7,34.32,34.53,14800,30.13
2010-12-09,34.72,34.73,34.52,34.73,3300,30.3
2010-12-10,34.51,34.66,34.4,34.65,14400,30.23
2010-12-13,34.97,34.97,34.69,34.8,2600,30.37
2010-12-14,34.99,35.3,34.99,35.19,12500,30.71
2010-12-15,34.81,35.01,34.81,34.83,4100,30.39
2010-12-16,34.56,34.65,34.49,34.64,12600,30.23
2010-12-17,34.79,34.79,34.43,34.44,2500,30.16
2010-12-20,34.46,34.62,34.31,34.47,12300,30.19
2010-12-21,34.8,35.19,34.78,34.99,54400,30.64
2010-12-22,35.23,35.35,35.01,35.34,1263000,30.95
2010-12-23,35.5,35.55,35.28,35.5,507600,31.09
2010-12-27,35.45,35.6,35.28,35.58,538400,31.16
2010-12-28,35.73,35.82,35.62,35.75,390900,31.31
2010-12-29,35.67,35.77,35.6,35.72,154000,31.28
2010-12-30,35.78,36.16,35.62,36.05,105900,31.57
2010-12-31,35.91,36.15,35.77,35.94,95600,31.47
2011-01-03,36.19,36.54,36.18,36.3,210800,31.79
2011-01-04,37.08,37.08,36.59,36.94,87000,32.35
2011-01-05,36.8,37.13,36.33,37,78800,32.4
2011-01-06,37.25,37.25,36.56,36.7,135200,32.14
2011-01-07,36.56,36.56,36.02,36.09,33600,31.6
2011-01-10,36.02,36.02,35.45,35.88,47000,31.42
2011-01-11,36.12,36.43,36.05,36.33,80400,31.81
2011-01-12,37,37.72,37,37.65,340800,32.97
2011-01-13,37.82,37.82,37.31,37.46,128100,32.8
2011-01-14,37.53,37.59,37.28,37.55,62200,32.88
2011-01-18,37.85,38,37.71,37.75,250700,33.06
2011-01-19,38.07,38.14,37.54,37.56,122700,32.89
2011-01-20,37.2,37.2,36.79,37.09,39400,32.48
2011-01-21,37.44,37.44,36.95,37.02,102100,32.42
2011-01-24,36.49,36.85,36.41,36.85,120700,32.27
2011-01-25,36.94,36.94,36.45,36.77,164400,32.2
2011-01-26,37.02,37.26,36.92,37.1,213700,32.49
2011-01-27,37.3,37.45,37.19,37.24,158600,32.61
2011-01-28,37.19,37.19,36,36.02,181600,31.54
2011-01-31,36.04,36.2,35.92,36.13,62900,31.64
2011-02-01,36.67,37.5,36.67,37.49,40800,32.83
2011-02-02,37.65,37.73,37.45,37.68,122600,33
2011-02-03,37.63,37.63,37.25,37.35,87300,32.71
2011-02-04,37.82,37.82,37.43,37.62,130700,32.94
2011-02-07,37.56,37.89,37.52,37.72,65600,33.03
2011-02-08,37.5,37.5,37.21,37.43,166400,32.78
2011-02-09,37.46,37.46,36.72,36.76,93200,32.19
2011-02-10,36.27,36.27,35.95,36.13,59300,31.64
2011-02-11,36.17,36.97,36.17,36.91,79700,32.32
2011-02-14,36.74,36.75,36.54,36.64,52400,32.09
2011-02-15,36.6,36.61,36.19,36.3,50500,31.79
2011-02-16,36.47,36.76,36.32,36.71,75700,32.15
2011-02-17,36.5,36.5,36.17,36.32,167600,31.81
2011-02-18,36.43,36.43,36.1,36.25,38800,31.74
2011-02-22,36.24,36.4,35.8,35.92,92200,31.45
2011-02-23,36.03,36.4,35.86,36.13,53800,31.64
2011-02-24,36.64,36.96,36.64,36.82,76000,32.24
2011-02-25,37.3,37.51,37.27,37.5,54000,32.84
2011-02-28,37.91,38.27,37.91,38.27,77300,33.51
2011-03-01,38.3,38.34,37.7,37.83,121600,33.13
2011-03-02,38.27,38.84,38.08,38.74,213100,33.92
2011-03-03,39.03,39.21,38.87,39.16,76300,34.29
2011-03-04,38.72,39.16,38.72,39.16,85000,34.29
2011-03-07,39.53,39.63,38.86,39.18,56900,34.31
2011-03-08,38.94,39.34,38.75,39.02,60400,34.17
2011-03-09,38.89,39.01,38.73,38.98,77500,34.13
2011-03-10,37.99,37.99,37.4,37.4,65300,32.75
2011-03-11,37.38,37.6,37.15,37.53,22500,32.86
2011-03-14,38,38.12,37.87,38.1,24700,33.36
2011-03-15,36.54,37.38,36.26,37.31,76600,32.67
2011-03-16,37.5,37.8,36.66,36.82,72500,32.24
2011-03-17,37.81,37.91,37.58,37.82,1333000,33.12
2011-03-18,38.16,38.16,37.68,37.84,587600,33.14
2011-03-21,37.96,38.4,37.96,38.29,151500,33.53
2011-03-22,38.11,38.3,37.99,38.13,106900,33.39
2011-03-23,38.38,39.06,38.26,38.97,147200,34.13
2011-03-24,39.29,39.42,38.98,39.27,157000,34.39
2011-03-25,39.46,39.66,39.31,39.34,79200,34.45
2011-03-28,39.57,39.64,39.51,39.54,58900,34.62
2011-03-29,39.03,39.49,38.94,39.35,97500,34.46
2011-03-30,39.64,39.84,39.53,39.77,59700,34.83
2011-03-31,39.76,39.92,39.69,39.7,60300,34.77
2011-04-01,40.33,40.7,40.26,40.69,33000,35.63
2011-04-04,40.96,41.17,40.71,41.17,72400,36.05
2011-04-05,40.85,41,40.67,40.94,29200,35.85
2011-04-06,41.29,41.29,40.79,40.89,102200,35.81
2011-04-07,40.81,40.84,40.5,40.69,51400,35.63
2011-04-08,41.11,41.2,40.86,40.99,67900,35.89
2011-04-11,40.93,40.93,40.41,40.45,55000,35.42
2011-04-12,40,40.01,39.49,39.5,39200,34.59
2011-04-13,39.64,39.95,39.58,39.58,76500,34.66
2011-04-14,38.98,39.2,38.75,39.2,39400,34.33
2011-04-15,39.4,39.41,39.17,39.39,26600,34.49
2011-04-18,38.25,38.25,37.58,37.91,149700,33.2
2011-04-19,38.58,38.86,38.46,38.86,63000,34.03
2011-04-20,39.47,39.66,39.35,39.63,42500,34.7
2011-04-21,40.01,40.01,39.58,39.95,124900,34.98
2011-04-25,40.26,40.26,39.53,39.75,33300,34.81
2011-04-26,39.62,39.67,39.26,39.58,86000,34.66
2011-04-27,39.26,39.76,39.03,39.75,83200,34.81
2011-04-28,39.39,39.68,39.32,39.65,29900,34.72
2011-04-29,39.55,40.03,39.41,39.97,36000,35
2011-05-02,39.84,40.19,39.67,39.75,24000,34.81
2011-05-03,38.83,38.9,38.29,38.36,99000,33.59
2011-05-04,37.94,37.96,37.27,37.4,166000,32.75
2011-05-05,36.79,36.82,35.89,35.89,248100,31.43
2011-05-06,36.98,37.21,36.48,36.57,68100,32.02
2011-05-09,36.91,37.08,36.68,37.05,76000,32.44
2011-05-10,37.12,37.41,36.9,37.39,140400,32.74
2011-05-11,37.4,37.4,36.39,36.41,98200,31.88
2011-05-12,36.06,36.11,35.55,36.01,112000,31.53
2011-05-13,36.06,36.06,35.09,35.3,182900,30.91
2011-05-16,35.27,35.53,35.15,35.15,59600,30.78
2011-05-17,35.01,35.26,34.85,35.21,181600,30.83
2011-05-18,35.51,35.94,35.25,35.93,161400,31.46
2011-05-19,36.13,36.28,35.88,36.08,56900,31.6
2011-05-20,35.66,35.66,35.21,35.34,59400,30.95
2011-05-23,34.48,34.48,33.99,34.27,165800,30.01
2011-05-24,34.88,35.02,34.62,34.93,99000,30.59
2011-05-25,34.79,35.36,34.79,35.22,76600,30.84
2011-05-26,35.3,35.47,35.05,35.4,59300,31
2011-05-27,36.23,36.46,36.2,36.45,39900,31.92
2011-05-31,37.1,37.1,36.71,37.01,55300,32.41
2011-06-01,36.96,36.96,36.19,36.25,114100,31.74
2011-06-02,36.5,36.63,36.26,36.59,132200,32.04
2011-06-03,35.95,36.46,35.95,36.29,91700,31.78
2011-06-06,36.22,36.47,35.89,35.89,24000,31.43
2011-06-07,36.81,37.24,36.81,36.96,52800,32.37
2011-06-08,37.2,37.2,36.79,36.88,29100,32.3
2011-06-09,37.24,37.69,37.2,37.68,31600,33
2011-06-10,37.31,37.34,36.95,37.05,58700,32.44
2011-06-13,36.99,36.99,36.53,36.68,37500,32.12
2011-06-14,37.05,37.27,37.05,37.21,57100,32.58
2011-06-15,36.78,36.9,36.2,36.27,88700,31.76
2011-06-16,36.21,36.37,35.97,36.13,32900,31.64
2011-06-17,35.97,35.97,35.59,35.72,30800,31.52
2011-06-20,35.27,35.44,35.17,35.4,52600,31.23
2011-06-21,35.67,35.98,35.67,35.98,63600,31.75
2011-06-22,35.83,36.05,35.63,35.63,31000,31.44
2011-06-23,34.95,35.14,34.63,35.14,61200,31.01
2011-06-24,35.46,35.49,34.98,35.01,6900,30.89
2011-06-27,34.78,35.24,34.69,35.21,17400,31.07
2011-06-28,35.62,36,35.54,36,59900,31.76
2011-06-29,35.98,36.3,35.98,36.18,18700,31.92
2011-06-30,36.39,36.59,36.35,36.46,56700,32.17
2011-07-01,36.63,37.05,36.59,36.92,55400,32.58
2011-07-05,37,37.11,36.85,36.97,38600,32.62
2011-07-06,36.84,36.9,36.76,36.87,43000,32.53
2011-07-07,37.47,37.78,37.41,37.59,32100,33.17
2011-07-08,37.27,37.27,36.96,37.21,79500,32.83
2011-07-11,36.6,36.6,36.19,36.19,18900,31.93
2011-07-12,36.08,36.41,36.08,36.22,18100,31.96
2011-07-13,36.11,36.75,36.11,36.55,30800,32.25
2011-07-14,36.9,36.91,36.18,36.25,47900,31.98
2011-07-15,36.66,36.72,36.54,36.6,44500,32.29
2011-07-18,36.18,36.18,35.74,35.9,74300,31.68
2011-07-19,36.32,36.67,36.28,36.67,52400,32.36
2011-07-20,36.77,36.77,36.42,36.5,23600,32.21
2011-07-21,36.94,37.53,36.85,37.46,29500,33.05
2011-07-22,37.38,37.47,37.29,37.36,21500,32.96
2011-07-25,37.18,37.4,37.07,37.24,5100,32.86
2011-07-26,37.38,37.89,37.36,37.59,50900,33.17
2011-07-27,37.57,37.57,37,37.04,28100,32.68
2011-07-28,37.29,37.36,36.97,36.98,27700,32.63
2011-07-29,36.71,37.22,36.61,37.18,41300,32.81
2011-08-01,37.7,37.7,37,37.26,73900,32.88
2011-08-02,36.73,36.92,36.03,36.03,35700,31.79
2011-08-03,36.05,36.1,35.25,35.73,294800,31.53
2011-08-04,34.76,34.9,33.45,33.46,153200,29.52
2011-08-05,33.75,33.85,32.51,33.3,159700,29.38
2011-08-08,31.2,31.5,28.51,29.56,212900,26.08
2011-08-09,30.04,30.54,28.71,30.54,156100,26.95
2011-08-10,29.69,29.93,28.17,28.43,156600,25.08
2011-08-11,28.39,30.25,28.32,29.99,101700,26.46
2011-08-12,30.32,30.47,29.74,30.16,91200,26.61
2011-08-15,31.33,31.42,30.96,31.42,50200,27.72
2011-08-16,30.87,31.04,30.33,30.73,24100,27.11
2011-08-17,31.24,31.62,30.93,31.09,57400,27.43
2011-08-18,30.16,30.16,29.24,29.44,89400,25.98
2011-08-19,28.82,29.62,28.71,29.24,36600,25.8
2011-08-22,29.76,30.13,29.28,29.28,15300,25.83
2011-08-23,29.62,30.27,29.39,30.27,106000,26.71
2011-08-24,30.32,30.41,29.75,30.27,171500,26.71
2011-08-25,30.27,30.3,29.5,29.68,49600,26.19
2011-08-26,29.76,30.43,29.55,30.38,38300,26.81
2011-08-29,31.3,31.39,31.1,31.34,21100,27.65
2011-08-30,31.32,31.72,31.18,31.63,18500,27.91
2011-08-31,32.01,32.34,31.79,31.98,26200,28.22
2011-09-01,32.28,32.47,32.02,32.08,46200,28.31
2011-09-02,31.36,31.53,31.04,31.22,27400,27.55
2011-09-06,30.34,30.94,30.16,30.79,16800,27.17
2011-09-07,31.48,31.85,31.42,31.85,47900,28.1
2011-09-08,31.56,31.76,31.29,31.3,39800,27.62
2011-09-09,30.61,30.63,29.98,30.06,158700,26.52
2011-09-12,29.28,30.09,29.28,30.09,42900,26.55
2011-09-13,29.9,30.06,29.77,30.06,65200,26.52
2011-09-14,30.05,30.47,29.8,30.29,140200,26.73
2011-09-15,30.65,30.7,30.28,30.55,61500,26.96
2011-09-16,30.15,30.3,30.04,30.18,40600,26.63
2011-09-19,29.44,29.45,29.08,29.45,80800,25.98
2011-09-20,29.49,29.65,29.21,29.31,87100,25.86
2011-09-21,29.32,29.32,28.32,28.32,63600,24.99
2011-09-22,26.75,27.2,25.14,25.45,795600,22.46
2011-09-23,25.27,25.59,25.03,25.41,357300,22.42
2011-09-26,25.57,26.09,25.15,26.07,188600,23
2011-09-27,26.53,27.06,26.44,26.66,67600,23.52
2011-09-28,26.37,26.63,25.68,25.7,86100,22.68
2011-09-29,26.88,26.88,26.07,26.39,171300,23.28
2011-09-30,25.46,25.61,24.86,24.86,69400,21.93
2011-10-03,24.7,25,24.23,24.23,88800,21.38
2011-10-04,23.56,24.08,22.84,24.07,103800,21.24
2011-10-05,23.49,23.91,23.25,23.91,67900,21.1
2011-10-06,24.34,25.22,24.22,25.22,26000,22.25
2011-10-07,25.67,25.67,25.01,25.01,32700,22.07
2011-10-10,25.86,26.52,25.82,26.52,35800,23.4
2011-10-11,25.79,26.3,25.78,26.25,12500,23.16
2011-10-12,27.01,27.39,26.94,27.12,75500,23.93
2011-10-13,27.03,27.15,26.71,27.02,34800,23.84
2011-10-14,28.04,28.11,27.74,28.03,49700,24.73
2011-10-17,27.62,27.62,27.08,27.08,294800,23.89
2011-10-18,27.46,28.1,27.17,27.97,82300,24.68
2011-10-19,27.41,27.71,27.22,27.32,149700,24.11
2011-10-20,27.24,27.45,26.77,27.23,58000,24.03
2011-10-21,27.85,28.4,27.85,28.4,51000,25.06
2011-10-24,29,29.7,29,29.61,107500,26.13
2011-10-25,28.87,29.14,28.75,28.88,50100,25.48
2011-10-26,30.09,30.09,29.48,30,23200,26.47
2011-10-27,31.26,32.02,30.91,31.86,60500,28.11
2011-10-28,31.23,31.51,31.11,31.45,65400,27.75
2011-10-31,30.39,30.39,29.96,29.96,25000,26.43
2011-11-01,28.35,28.86,28.1,28.65,39000,25.28
2011-11-02,29.27,29.71,29.27,29.71,20600,26.21
2011-11-03,29.91,30.22,29.48,30.14,15300,26.59
2011-11-04,30.01,30.29,29.6,30.28,65500,26.72
2011-11-07,30.35,30.49,30.19,30.44,41700,26.86
2011-11-08,30.55,30.98,30.41,30.98,72400,27.33
2011-11-09,29.23,29.34,28.51,28.55,46600,25.19
2011-11-10,29.61,29.7,29.2,29.38,63300,25.92
2011-11-11,29.67,29.93,29.67,29.87,17200,26.36
2011-11-14,29.8,29.82,29.55,29.58,44600,26.1
2011-11-15,29.56,29.93,29.28,29.85,46900,26.34
2011-11-16,29.33,29.8,29.21,29.21,32900,25.77
2011-11-17,29.11,29.19,28.17,28.17,46400,24.86
2011-11-18,28.74,28.84,28.55,28.62,15700,25.25
2011-11-21,27.46,27.46,26.81,27.2,25100,24
2011-11-22,27.31,27.52,27.15,27.37,20000,24.15
2011-11-23,27.03,27.17,26.9,26.95,56400,23.78
2011-11-25,26.75,27.15,26.75,26.93,1000,23.76
2011-11-28,28.4,28.54,28.26,28.54,43700,25.18
2011-11-29,28.26,28.62,28.19,28.39,45300,25.05
2011-11-30,29.65,30.08,29.45,30.08,74100,26.54
2011-12-01,29.85,29.94,29.67,29.79,27300,26.28
2011-12-02,29.8,29.83,29.49,29.53,30400,26.06
2011-12-05,29.89,30.12,29.65,29.89,18400,26.37
2011-12-06,28.62,28.74,28,28.12,47800,24.81
2011-12-07,28.15,28.28,28.01,28.28,41100,24.95
2011-12-08,28.07,28.14,27.22,27.22,50700,24.02
2011-12-09,27.14,27.15,26.8,26.9,48000,23.73
2011-12-12,26.21,26.21,25.32,25.7,58400,22.68
2011-12-13,26.34,26.4,25.58,25.6,46200,22.59
2011-12-14,25.85,26.06,25.47,25.6,53600,22.59
2011-12-15,26.36,26.52,26.29,26.44,50500,23.33
2011-12-16,25.97,26.04,25.71,25.86,163600,23.2
2011-12-19,25.55,25.69,25.02,25.12,45700,22.53
2011-12-20,26,26.28,26,26.28,14400,23.57
2011-12-21,25.89,26.3,25.85,26.26,8300,23.56
2011-12-22,26.16,26.47,26.16,26.43,104000,23.71
2011-12-23,26.34,26.58,26.34,26.58,75200,23.84
2011-12-27,26.56,26.66,26.4,26.43,45600,23.71
2011-12-28,26.15,26.15,25.86,25.91,7000,23.24
2011-12-29,25.74,25.92,25.67,25.91,37300,23.24
2011-12-30,26.08,26.32,26.08,26.32,29300,23.61
2012-01-03,27.21,27.33,27.09,27.22,13200,24.42
2012-01-04,27.21,27.28,27.04,27.21,4700,24.41
2012-01-05,26.76,27.04,26.71,26.85,47000,24.09
2012-01-06,27.08,27.08,26.72,26.72,10300,23.97
2012-01-09,27,27.03,26.82,26.92,18700,24.15
2012-01-10,27.81,27.85,27.59,27.59,19700,24.75
2012-01-11,27.43,27.73,27.43,27.72,19900,24.87
2012-01-12,27.72,27.83,27.47,27.52,18100,24.69
2012-01-13,27.4,27.42,27.24,27.37,7900,24.55
2012-01-17,27.99,28.08,27.77,27.77,5500,24.91
2012-01-18,28.18,28.64,28.18,28.64,14600,25.69
2012-01-19,28.68,28.72,28.54,28.71,10500,25.75
2012-01-20,28.36,28.47,28.36,28.43,34300,25.5
2012-01-23,28.69,28.88,28.69,28.78,23600,25.82
2012-01-24,28.71,28.91,28.57,28.91,9700,25.93
2012-01-25,29.08,29.63,29.02,29.62,18700,26.57
2012-01-26,29.67,29.81,29.6,29.6,34400,26.55
2012-01-27,29.69,30.01,29.69,29.97,30500,26.88
2012-01-30,29.18,29.6,29.18,29.55,105200,26.51
2012-01-31,29.77,29.77,29.55,29.63,63900,26.58
2012-02-01,30.3,30.68,30.26,30.51,65300,27.37
2012-02-02,30.5,30.54,30.28,30.37,46900,27.24
2012-02-03,30.75,31.14,30.74,31.14,45500,27.93
2012-02-06,30.87,31.02,30.81,30.97,27900,27.78
2012-02-07,30.89,31.31,30.86,31.31,28000,28.09
2012-02-08,31.06,31.24,31.06,31.24,97500,28.02
2012-02-09,30.98,31,30.82,30.89,25900,27.71
2012-02-10,30.32,30.32,30.18,30.22,16200,27.11
2012-02-13,30.93,31.14,30.92,31.09,47400,27.89
2012-02-14,30.96,30.96,30.61,30.8,29300,27.63
2012-02-15,31.23,31.33,30.86,30.89,18400,27.71
2012-02-16,30.82,31.31,30.72,31.29,16700,28.07
2012-02-17,31.15,31.32,31.14,31.32,21100,28.09
2012-02-21,31.18,31.3,31.1,31.23,13400,28.01
2012-02-22,31,31.04,30.8,30.97,13900,27.78
2012-02-23,31.12,31.34,31.11,31.32,33900,28.09
2012-02-24,32.36,32.83,32.35,32.64,123900,29.28
2012-02-27,32.69,33.06,32.63,32.75,96300,29.38
2012-02-28,32.38,32.78,32.37,32.69,128600,29.32
2012-02-29,32.69,33,32.49,32.58,92600,29.23
2012-03-01,32.54,32.92,32.46,32.92,59000,29.53
2012-03-02,32.72,33.21,32.72,33.21,81000,29.79
2012-03-05,33.12,33.12,32.75,32.75,13800,29.38
2012-03-06,31.71,31.71,30.9,30.97,80700,27.78
2012-03-07,31.45,31.67,31.34,31.6,55100,28.35
2012-03-08,32.16,32.36,31.98,32.34,18400,29.01
2012-03-09,32.41,32.5,32.35,32.35,28900,29.02
2012-03-12,32.25,32.28,32.15,32.24,23000,28.92
2012-03-13,32.46,32.9,32.33,32.9,97900,29.51
2012-03-14,32.86,32.93,32.42,32.47,13000,29.13
2012-03-15,32.77,32.81,32.55,32.7,30500,29.33
2012-03-16,32.58,32.69,32.57,32.57,26300,29.22
2012-03-19,32.14,32.39,31.94,32.29,25900,28.97
2012-03-20,31.61,31.61,31.42,31.47,78700,28.23
2012-03-21,31.26,31.53,31.24,31.52,7100,28.27
2012-03-22,30.78,30.86,30.63,30.81,21100,27.64
2012-03-23,30.81,31.34,30.74,31.31,35100,28.09
2012-03-26,31.9,32,31.8,32,117900,28.7
2012-03-27,31.81,31.81,31.47,31.47,33400,28.23
2012-03-28,30.95,30.95,30.4,30.64,47200,27.48
2012-03-29,30.2,30.35,30.02,30.35,25600,27.22
2012-03-30,30.75,30.93,30.54,30.93,51800,27.75
2012-04-02,30.56,31.23,30.49,31.21,15900,28
2012-04-03,31.52,31.58,31.05,31.19,220400,27.98
2012-04-04,30.44,30.65,30.42,30.59,11900,27.44
2012-04-05,30.4,30.75,30.4,30.65,11100,27.49
2012-04-09,29.99,30.25,29.71,30.06,158900,26.96
2012-04-10,30.13,30.17,29.24,29.34,84200,26.32
2012-04-11,30.12,30.14,29.81,29.87,18900,26.79
2012-04-12,29.89,30.34,29.89,30.31,31700,27.19
2012-04-13,30.23,30.36,30.04,30.2,14000,27.09
2012-04-16,30.15,30.15,29.56,29.7,17200,26.64
2012-04-17,29.62,29.94,29.48,29.87,17100,26.79
2012-04-18,29.59,29.65,29.53,29.57,7900,26.53
2012-04-19,30.11,30.15,29.78,29.86,23300,26.79
2012-04-20,30.25,30.36,30.2,30.23,16100,27.12
2012-04-23,29.52,29.55,29.19,29.55,165900,26.51
2012-04-24,29.34,29.53,29.3,29.37,24200,26.35
2012-04-25,29.57,29.6,29.44,29.53,70400,26.49
2012-04-26,29.43,29.61,29.3,29.61,28100,26.56
2012-04-27,29.77,29.97,29.71,29.92,101900,26.84
2012-04-30,29.9,29.93,29.85,29.93,9400,26.85
2012-05-01,29.9,30.32,29.9,30.05,12200,26.96
2012-05-02,29.69,29.69,29.23,29.25,80000,26.24
2012-05-03,29.14,29.15,28.85,28.91,21000,25.93
2012-05-04,28.08,28.08,27.68,27.84,70100,24.97
2012-05-07,27.5,27.81,27.5,27.69,57000,24.84
2012-05-08,27.5,27.53,27.12,27.53,199400,24.7
2012-05-09,26.8,27.1,26.64,26.93,83600,24.16
2012-05-10,27.57,27.58,27.25,27.26,54800,24.45
2012-05-11,27.12,27.34,27.09,27.09,11000,24.3
2012-05-14,26.51,26.51,26.07,26.07,15800,23.39
2012-05-15,26.18,26.18,25.76,25.78,42000,23.13
2012-05-16,25.81,25.86,25.42,25.59,40800,22.95
2012-05-17,24.85,24.99,24.41,24.41,61500,21.9
2012-05-18,24.81,24.81,23.97,24.17,40700,21.68
2012-05-21,24.78,25.16,24.74,25.1,85100,22.52
2012-05-22,25.01,25.17,24.59,24.79,91000,22.24
2012-05-23,24.16,24.33,23.59,24.31,328000,21.81
2012-05-24,24.36,24.48,24.09,24.28,71400,21.78
2012-05-25,24.28,24.28,23.97,24.09,33700,21.61
2012-05-29,24.81,24.97,24.61,24.89,32000,22.33
2012-05-30,24.4,24.4,24.09,24.22,101700,21.73
2012-05-31,24.03,24.03,23.57,24,17800,21.53
2012-06-01,23.33,23.59,23.27,23.45,83400,21.04
2012-06-04,23.66,23.86,23.59,23.83,62200,21.38
2012-06-05,23.8,23.93,23.68,23.79,31800,21.34
2012-06-06,24.31,24.71,24.31,24.68,72700,22.14
2012-06-07,25.17,25.35,24.84,24.84,99100,22.28
2012-06-08,24.69,25.09,24.68,25.04,16000,22.46
2012-06-11,25.17,25.17,24.56,24.56,28300,22.03
2012-06-12,24.92,25.11,24.79,25.11,21000,22.52
2012-06-13,24.85,25.14,24.79,24.81,17000,22.26
2012-06-14,24.89,25.19,24.86,25.19,18600,22.6
2012-06-15,25.58,25.94,25.58,25.94,17900,23.31
2012-06-18,25.74,25.89,25.72,25.76,6100,23.15
2012-06-19,25.9,26.12,25.9,25.97,6800,23.34
2012-06-20,25.88,25.88,25.42,25.45,100500,22.87
2012-06-21,25.4,25.4,24.46,24.46,40400,21.98
2012-06-22,24.91,24.91,24.68,24.8,49300,22.28
2012-06-25,24.29,24.46,24.25,24.46,5700,21.98
2012-06-26,24.71,24.98,24.71,24.98,10300,22.45
2012-06-27,24.93,25.1,24.93,25.04,13200,22.5
2012-06-28,24.69,24.8,24.43,24.74,24900,22.23
2012-06-29,25.72,25.85,25.7,25.85,24600,23.23
2012-07-02,26.02,26.31,25.99,26.31,31100,23.64
2012-07-03,26.67,27.08,26.67,27.08,68900,24.33
2012-07-05,26.71,26.71,26.55,26.55,25500,23.86
2012-07-06,26.03,26.03,25.84,26,13100,23.36
2012-07-09,25.88,25.88,25.76,25.83,1000,23.21
2012-07-10,25.95,25.96,25.55,25.62,28700,23.02
2012-07-11,25.58,25.85,25.58,25.85,31300,23.23
2012-07-12,25.62,25.9,25.52,25.81,20700,23.19
2012-07-13,25.89,26.17,25.89,26.15,9400,23.5
2012-07-16,26.04,26.22,26.04,26.22,5300,23.56
2012-07-17,26.5,26.68,26.29,26.68,8300,23.97
2012-07-18,26.45,26.58,26.45,26.58,4900,23.88
2012-07-19,26.95,27.05,26.94,27.03,8800,24.29
2012-07-20,26.62,26.62,26.5,26.5,9600,23.81
2012-07-23,25.32,25.47,25.13,25.36,52900,22.79
2012-07-24,25.43,25.44,24.9,25.1,11900,22.55
2012-07-25,25.44,25.45,25.3,25.37,6200,22.8
2012-07-26,25.91,26.05,25.81,26.05,14300,23.41
2012-07-27,26.24,26.94,26.24,26.93,13300,24.2
2012-07-30,26.85,26.95,26.77,26.77,48400,24.05
2012-07-31,26.52,26.52,26.17,26.2,89400,23.54
2012-08-01,26.4,26.4,26.17,26.17,17400,23.52
2012-08-02,25.97,26.08,25.72,25.8,16500,23.18
2012-08-03,26.55,26.89,26.55,26.86,23600,24.14
2012-08-06,27.46,27.46,27.26,27.26,14100,24.49
2012-08-07,27.62,27.74,27.6,27.62,15500,24.82
2012-08-08,27.66,27.66,27.61,27.63,9400,24.83
2012-08-09,27.44,27.57,27.44,27.57,500,24.77
2012-08-10,27.13,27.54,27.13,27.54,8400,24.75
2012-08-13,27.61,27.61,27.37,27.46,8400,24.67
2012-08-14,27.68,27.68,27.62,27.62,1700,24.82
2012-08-15,27.42,27.49,27.39,27.49,1300,24.7
2012-08-16,27.4,27.53,27.33,27.53,11800,24.74
2012-08-17,27.44,27.59,27.42,27.53,89200,24.74
2012-08-20,27.08,27.39,27.05,27.35,61600,24.58
2012-08-21,27.79,27.84,27.37,27.42,44700,24.64
2012-08-22,27.53,27.67,27.47,27.67,84600,24.86
2012-08-23,27.82,27.82,27.4,27.4,8000,24.62
2012-08-24,27.44,27.7,27.44,27.62,10700,24.82
2012-08-27,27.46,27.49,27.37,27.37,6200,24.59
2012-08-28,27.42,27.43,27.34,27.34,7500,24.57
2012-08-29,27.27,27.27,27.09,27.26,90700,24.49
2012-08-30,26.94,26.94,26.69,26.77,20400,24.05
2012-08-31,26.95,27.06,26.78,26.99,47900,24.25
2012-09-04,27.29,27.33,27.18,27.2,31000,24.44
2012-09-05,27.02,27.1,26.98,27.03,13800,24.29
2012-09-06,27.36,28.03,27.36,28,36300,25.16
2012-09-07,28.68,28.77,28.68,28.77,1100,25.85
2012-09-10,28.78,28.84,28.6,28.6,37100,25.7
2012-09-11,28.92,29.03,28.92,28.98,9000,26.04
2012-09-12,29.21,29.21,29.01,29.11,15300,26.16
2012-09-13,29,30.2,29,30.16,173800,27.1
2012-09-14,30.71,31.07,30.66,30.71,49200,27.59
2012-09-17,30.71,30.71,30.1,30.13,52100,27.07
2012-09-18,30,30.03,29.97,29.99,2700,26.95
2012-09-19,29.52,29.58,29.35,29.44,25000,26.45
2012-09-20,29.18,29.5,29.18,29.5,24200,26.51
2012-09-21,29.72,29.72,29.46,29.5,16000,26.51
2012-09-24,29.25,29.57,29.25,29.52,3700,26.53
2012-09-25,29.39,29.42,28.71,28.71,62200,25.8
2012-09-26,28.5,28.58,28.2,28.29,68800,25.42
2012-09-27,28.61,28.92,28.53,28.92,15800,25.99
2012-09-28,28.6,28.72,28.5,28.64,30200,25.73
2012-10-01,29.27,29.35,28.96,28.96,28300,26.02
2012-10-02,29.17,29.17,28.93,28.97,21300,26.03
2012-10-03,28.98,28.98,28.68,28.76,3400,25.84
2012-10-04,28.68,28.98,28.55,28.98,59900,26.04
2012-10-05,29.33,29.33,28.98,28.98,16100,26.04
2012-10-08,28.84,28.93,28.76,28.91,8300,25.98
2012-10-09,28.72,28.74,28.58,28.71,11100,25.8
2012-10-10,28.5,28.5,28.34,28.38,13900,25.5
2012-10-11,28.74,28.78,28.71,28.78,3400,25.86
2012-10-12,28.28,28.39,28.28,28.39,2400,25.51
2012-10-15,28.27,28.5,28.27,28.5,4700,25.61
2012-10-16,28.65,28.78,28.65,28.74,12500,25.82
2012-10-17,29.07,29.13,29.04,29.11,6400,26.16
2012-10-18,29.05,29.17,29.04,29.06,20400,26.11
2012-10-19,28.92,28.92,28.46,28.57,50500,25.67
2012-10-22,28.75,28.95,28.69,28.95,12700,26.01
2012-10-23,28.18,28.24,28.09,28.23,10400,25.37
2012-10-24,28.3,28.3,27.98,27.99,41900,25.15
2012-10-25,28.16,28.16,27.95,28.09,17700,25.24
2012-10-26,27.87,27.87,27.72,27.75,3900,24.94
2012-10-31,27.66,27.72,27.39,27.51,37700,24.72
2012-11-01,27.68,27.8,27.62,27.78,17000,24.96
2012-11-02,27.7,27.7,27.43,27.51,40500,24.72
2012-11-05,27.59,27.61,27.47,27.52,10100,24.73
2012-11-06,27.75,28,27.75,27.92,33500,25.09
2012-11-07,27.36,27.36,27.01,27.12,43500,24.37
2012-11-08,26.83,27.08,26.66,26.66,50800,23.96
2012-11-09,26.66,27,26.64,26.76,19800,24.05
2012-11-12,26.84,26.96,26.72,26.91,15100,24.18
2012-11-13,26.22,26.38,26.16,26.25,26200,23.59
2012-11-14,26.24,26.24,25.82,25.83,72000,23.21
2012-11-15,26.35,26.42,26.2,26.24,39900,23.58
2012-11-16,26.21,26.61,26.17,26.61,51100,23.91
2012-11-19,26.83,27.03,26.79,27.03,23200,24.29
2012-11-20,26.98,26.98,26.86,26.86,15000,24.14
2012-11-21,27.13,27.23,27.11,27.19,4600,24.43
2012-11-23,27.39,27.53,27.39,27.53,6400,24.74
2012-11-26,27.25,27.38,27.24,27.38,15200,24.6
2012-11-27,27.06,27.06,26.84,26.84,41400,24.12
2012-11-28,26.59,26.85,26.59,26.85,18600,24.13
2012-11-29,26.87,27,26.82,27,5700,24.26
2012-11-30,27.18,27.25,27.18,27.25,900,24.49
2012-12-03,27.45,27.45,27.28,27.33,3800,24.56
2012-12-04,27.34,27.53,27.34,27.45,51900,24.67
2012-12-05,27.81,27.96,27.75,27.77,36400,24.95
2012-12-06,27.77,27.85,27.76,27.79,7600,24.97
2012-12-07,27.84,28,27.74,27.98,30500,25.14
2012-12-10,28.08,28.22,28.08,28.15,6100,25.29
2012-12-11,28.15,28.32,28.15,28.29,2600,25.42
2012-12-12,28.49,28.81,28.45,28.53,11800,25.64
2012-12-13,28.35,28.46,28.25,28.31,81000,25.44
2012-12-14,28.4,28.46,28.4,28.41,5400,25.53
2012-12-17,28.41,28.61,28.41,28.61,28400,25.71
2012-12-18,28.65,28.97,28.64,28.96,27600,26.02
2012-12-19,28.88,28.9,28.68,28.71,40300,25.8
2012-12-20,29,29.09,28.94,29.04,51600,26.09
2012-12-21,28.09,28.15,28.02,28.15,17300,25.9
2012-12-24,28.25,28.25,27.97,28.14,7000,25.89
2012-12-26,28.27,28.39,28.23,28.28,9100,26.02
2012-12-27,28.45,28.55,28.2,28.55,34500,26.27
2012-12-28,28.36,28.63,28.36,28.63,23200,26.34
2012-12-31,28.65,29.12,28.65,29.11,15700,26.79
2013-01-02,29.59,29.84,29.52,29.84,51200,27.46
2013-01-03,29.7,29.88,29.59,29.61,101700,27.25
2013-01-04,29.58,29.67,29.57,29.67,4800,27.3
2013-01-07,29.51,29.51,29.41,29.42,4500,27.07
2013-01-08,29.23,29.23,29.09,29.17,18300,26.84
2013-01-09,29.07,29.22,29.07,29.11,15600,26.79
2013-01-10,29.19,29.36,29.14,29.35,12300,27.01
2013-01-11,29.31,29.31,29.13,29.15,12400,26.82
2013-01-14,29.41,29.53,29.36,29.51,10600,27.15
2013-01-15,29.17,29.33,29.17,29.32,7400,26.98
2013-01-16,29.09,29.27,29.09,29.25,131300,26.91
2013-01-17,29.47,29.55,29.47,29.48,2200,27.13
2013-01-18,29.69,29.71,29.6,29.67,4400,27.3
2013-01-22,29.5,29.59,29.43,29.59,2900,27.23
2013-01-23,29.69,29.69,29.6,29.61,5200,27.25
2013-01-24,29.8,29.88,29.71,29.71,2900,27.34
2013-01-25,30.12,30.12,29.99,30.1,106100,27.7
2013-01-28,30.34,30.34,30.14,30.22,18500,27.81
2013-01-29,30.02,30.21,30.01,30.18,4300,27.77
2013-01-30,29.88,29.95,29.83,29.92,6600,27.53
2013-01-31,29.86,30.13,29.86,30.1,104500,27.7
2013-02-01,30.25,30.33,30.08,30.28,40000,27.86
2013-02-04,29.94,29.94,29.74,29.82,16900,27.44
2013-02-05,29.92,30.04,29.91,30.01,13900,27.61
2013-02-06,29.75,29.83,29.62,29.83,28900,27.45
2013-02-07,29.67,29.67,29.3,29.49,22800,27.13
2013-02-08,29.47,29.6,29.47,29.54,29000,27.18
2013-02-11,29.54,29.54,29.38,29.49,16300,27.13
2013-02-12,29.37,29.5,29.37,29.43,12300,27.08
2013-02-13,29.86,29.88,29.74,29.8,42200,27.42
2013-02-14,29.42,29.55,29.37,29.55,21000,27.19
2013-02-15,29.25,29.29,29.17,29.17,7500,26.84
2013-02-19,29.4,29.5,29.39,29.49,59600,27.13
2013-02-20,29.38,29.39,28.86,28.86,14600,26.56
2013-02-21,28.72,28.72,28.57,28.69,17500,26.4
2013-02-22,28.77,28.85,28.68,28.85,9300,26.55
2013-02-25,29.03,29.03,28.31,28.31,29800,26.05
2013-02-26,28.45,28.48,28.32,28.46,14900,26.19
2013-02-27,28.42,28.71,28.42,28.71,34000,26.42
2013-02-28,28.5,28.55,28.32,28.32,71900,26.06
2013-03-01,28.18,28.28,28.18,28.22,24800,25.97
2013-03-04,27.9,27.99,27.84,27.99,4900,25.75
2013-03-05,28.36,28.44,28.33,28.35,23500,26.09
2013-03-06,28.51,28.57,28.36,28.54,23400,26.26
2013-03-07,28.44,28.53,28.44,28.53,500,26.25
2013-03-08,28.74,28.98,28.74,28.98,2900,26.67
2013-03-11,28.67,28.75,28.61,28.75,14800,26.45
2013-03-12,28.55,28.55,28.43,28.47,61200,26.2
2013-03-13,28.27,28.34,28.25,28.28,2000,26.02
2013-03-14,28.54,28.54,28.47,28.53,1200,26.25
2013-03-15,28.66,28.66,28.56,28.59,6600,26.31
2013-03-18,27.82,27.97,27.61,27.89,28400,25.66
2013-03-19,27.79,27.85,27.22,27.33,30500,25.15
2013-03-20,27.73,27.78,27.58,27.58,50600,25.38
2013-03-21,27.78,27.8,27.66,27.66,41600,25.45
2013-03-22,27.51,27.59,27.5,27.55,1800,25.35
2013-03-25,27.65,27.65,27.16,27.27,5700,25.09
2013-03-26,27.1,27.25,27.08,27.24,20700,25.06
2013-03-27,27,27.23,26.9,27.22,13500,25.05
2013-03-28,27.27,27.41,27.23,27.38,17900,25.19
2013-04-01,27.32,27.47,27,27.03,9400,24.87
2013-04-02,27.07,27.1,26.86,26.9,22500,24.75
2013-04-03,26.82,26.86,26.41,26.41,76000,24.3
2013-04-04,26.76,26.81,26.55,26.73,24100,24.6
2013-04-05,26.33,26.75,26.32,26.74,16900,24.6
2013-04-08,26.72,26.85,26.69,26.83,39800,24.69
2013-04-09,27.03,27.25,27.03,27.23,30800,25.06
2013-04-10,27.34,27.37,27.21,27.32,11700,25.14
2013-04-11,26.9,26.99,26.9,26.95,33900,24.8
2013-04-12,26.72,26.82,26.58,26.82,35600,24.68
2013-04-15,26.16,26.16,25.63,25.63,52100,23.58
2013-04-16,25.99,26,25.82,25.98,10800,23.91
2013-04-17,25.53,25.53,25.17,25.24,57100,23.22
2013-04-18,25.49,25.49,25.21,25.43,52800,23.4
2013-04-19,25.41,25.45,25.29,25.38,4900,23.35
2013-04-22,25.29,25.37,25.18,25.34,17400,23.32
2013-04-23,25.31,25.47,25.19,25.41,53500,23.38
2013-04-24,25.96,26.26,25.96,26.16,34400,24.07
2013-04-25,26.23,26.42,26.17,26.22,57100,24.13
2013-04-26,26.08,26.17,25.99,26.13,14800,24.04
2013-04-29,26.13,26.21,26.12,26.17,30800,24.08
2013-04-30,26.45,26.53,26.32,26.44,50200,24.33
2013-05-01,26.56,26.56,26.14,26.14,8600,24.05
2013-05-02,26.35,26.64,26.24,26.64,65400,24.51
2013-05-03,27.03,27.22,26.98,27.15,58400,24.98
2013-05-06,27.16,27.17,27.05,27.06,13600,24.9
2013-05-07,27.43,27.48,27.35,27.4,69000,25.21
2013-05-08,27.45,27.63,27.36,27.6,13500,25.4
2013-05-09,27.35,27.57,27.32,27.33,54900,25.15
2013-05-10,27.33,27.52,27.19,27.51,72700,25.31
2013-05-13,27.25,27.28,27.18,27.27,57000,25.09
2013-05-14,27.17,27.3,27.15,27.19,28300,25.02
2013-05-15,26.96,27,26.84,26.99,13900,24.83
2013-05-16,26.81,26.89,26.62,26.65,30800,24.52
2013-05-17,26.99,27.13,26.98,27.04,22300,24.88
2013-05-20,27.2,27.38,27.2,27.36,17300,25.18
2013-05-21,27.6,27.72,27.56,27.62,7400,25.41
2013-05-22,27.94,28.22,27.6,27.62,27300,25.41
2013-05-23,27.12,27.12,26.9,27.1,29500,24.94
2013-05-24,26.7,26.84,26.65,26.84,22800,24.7
2013-05-28,27.06,27.08,26.52,26.65,52300,24.52
2013-05-29,26.25,26.27,26.09,26.13,21100,24.04
2013-05-30,26.09,26.31,26.01,26.23,26400,24.14
2013-05-31,25.8,25.89,25.4,25.4,77300,23.37
2013-06-03,25.64,25.79,25.53,25.77,52600,23.71
2013-06-04,25.83,25.83,25.53,25.63,43700,23.58
2013-06-05,25.42,25.43,25,25.01,29600,23.01
2013-06-06,24.92,25.28,24.83,25.28,80400,23.26
2013-06-07,25.36,25.52,25.29,25.32,21900,23.3
2013-06-10,25.3,25.3,25.02,25.02,37600,23.02
2013-06-11,24.55,24.62,24.42,24.52,16200,22.56
2013-06-12,24.61,24.67,24.3,24.33,15200,22.39
2013-06-13,24.27,24.84,24.26,24.84,86600,22.86
2013-06-14,25.17,25.23,24.93,24.96,28800,22.97
2013-06-17,25.41,25.5,25.23,25.32,81300,23.3
2013-06-18,25.47,25.56,25.4,25.54,62700,23.5
2013-06-19,25.15,25.17,24.63,24.63,109100,22.66
2013-06-20,24.35,24.35,23.65,23.8,87000,21.9
2013-06-21,23.68,23.97,23.38,23.82,107700,22.44
2013-06-24,23.57,23.76,23.28,23.55,57500,22.18
2013-06-25,23.72,23.78,23.53,23.76,16100,22.38
2013-06-26,23.94,24.06,23.79,23.99,78400,22.6
2013-06-27,23.97,24.07,23.92,24.05,59200,22.65
2013-06-28,24.03,24.28,23.96,24.17,19300,22.77
2013-07-01,24.39,24.43,24.32,24.36,10700,22.95
2013-07-02,24.4,24.41,23.98,24.04,25600,22.64
2013-07-03,24.09,24.32,24.09,24.23,7400,22.82
2013-07-05,24.37,24.38,24.17,24.3,24300,22.89
2013-07-08,24.23,24.37,24.23,24.31,28800,22.9
2013-07-09,24.41,24.46,24.33,24.46,6700,23.04
2013-07-10,24.31,24.31,24.18,24.19,3300,22.79
2013-07-11,25,25.37,24.98,25.37,67000,23.9
2013-07-12,25.43,25.54,25.4,25.54,25600,24.06
2013-07-15,25.65,25.79,25.63,25.75,14600,24.26
2013-07-16,25.96,26.02,25.86,26.02,47700,24.51
2013-07-17,26.36,26.63,26.34,26.6,81700,25.06
2013-07-18,26.09,26.16,25.87,26.07,53700,24.56
2013-07-19,26.35,26.36,26.19,26.28,10200,24.75
2013-07-22,26.32,26.35,26.23,26.3,20300,24.77
2013-07-23,26.44,26.48,26.25,26.29,60700,24.76
2013-07-24,26.13,26.14,25.9,26.01,15400,24.5
2013-07-25,25.78,26.01,25.72,26.01,6400,24.5
2013-07-26,25.81,25.84,25.55,25.79,28200,24.29
2013-07-29,25.58,25.67,25.58,25.63,15200,24.14
2013-07-30,25.46,25.46,25.24,25.27,27500,23.8
2013-07-31,25.07,25.37,24.99,25.07,63200,23.61
2013-08-01,25.43,25.56,25.39,25.51,78900,24.03
2013-08-02,25.43,25.52,25.41,25.45,29600,23.97
2013-08-05,25.41,25.42,25.34,25.4,10900,23.93
2013-08-06,25.09,25.09,24.8,24.84,87700,23.4
2013-08-07,24.8,24.91,24.75,24.86,16900,23.42
2013-08-08,24.83,25.08,24.78,25.06,14800,23.61
2013-08-09,25.27,25.44,25.27,25.33,69700,23.86
2013-08-12,25.26,25.42,25.26,25.42,5000,23.94
2013-08-13,25.66,25.81,25.58,25.72,61600,24.23
2013-08-14,25.85,25.97,25.85,25.9,60800,24.4
2013-08-15,25.56,25.62,25.3,25.6,25900,24.11
2013-08-16,25.48,25.48,25.36,25.39,2600,23.92
2013-08-19,25.43,25.44,25.39,25.39,6800,23.92
2013-08-20,25.3,25.46,25.3,25.46,2100,23.98
2013-08-21,25.28,25.43,25.15,25.15,14100,23.69
2013-08-22,25.64,25.68,25.61,25.64,27800,24.15
2013-08-23,25.7,25.77,25.65,25.77,26900,24.27
2013-08-26,25.62,25.62,25.39,25.39,17500,23.92
2013-08-27,25.2,25.25,25.05,25.05,39000,23.6
2013-08-28,25,25.11,24.96,24.96,18300,23.51
2013-08-29,25.07,25.15,24.92,24.94,19500,23.49
2013-08-30,24.92,24.94,24.82,24.85,11600,23.41
2013-09-03,25.05,25.05,24.86,24.89,5500,23.45
2013-09-04,25.02,25.26,25.02,25.24,23100,23.77
2013-09-05,25.62,26.06,25.62,26,13100,24.49
2013-09-06,26.43,26.43,26.01,26.22,15400,24.7
2013-09-09,26.63,26.94,26.63,26.87,46600,25.31
2013-09-10,26.76,26.9,26.67,26.82,33300,25.26
2013-09-11,26.94,27.08,26.93,27.08,18500,25.51
2013-09-12,26.91,27.05,26.88,26.94,15100,25.38
2013-09-13,26.81,27.06,26.81,27.06,5300,25.49
2013-09-16,27.51,27.62,27.5,27.54,26900,25.94
2013-09-17,27.45,27.6,27.45,27.55,9800,25.95
2013-09-18,27.6,28.61,27.31,28.59,67800,26.93
2013-09-19,28.45,28.46,28.23,28.4,61100,26.75
2013-09-20,28.14,28.14,27.87,27.88,3600,26.26
2013-09-23,27.74,27.84,27.68,27.77,34300,26.16
2013-09-24,27.67,27.82,27.67,27.67,3000,26.06
2013-09-25,27.7,27.91,27.7,27.76,54700,26.15
2013-09-26,27.8,27.84,27.6,27.75,21500,26.14
2013-09-27,27.48,27.53,27.43,27.46,12900,25.87
2013-09-30,27.07,27.26,27.06,27.14,4500,25.56
2013-10-01,27.43,27.78,27.43,27.78,31900,26.17
2013-10-02,27.34,27.58,27.25,27.58,12000,25.98
2013-10-03,27.54,27.55,27.33,27.48,30500,25.88
2013-10-04,27.57,27.8,27.57,27.79,9400,26.18
2013-10-07,27.56,27.82,27.56,27.75,26600,26.14
2013-10-08,28.1,28.21,27.98,27.98,23800,26.36
2013-10-09,27.86,28.09,27.86,28.01,32700,26.38
2013-10-10,28.31,28.58,28.31,28.58,25800,26.92
2013-10-11,28.18,28.46,28.18,28.46,36300,26.81
2013-10-14,28.15,28.61,28.15,28.61,14100,26.95
2013-10-15,28.54,28.69,28.46,28.46,94000,26.81
2013-10-16,28.68,28.78,28.68,28.75,45400,27.08
2013-10-17,28.51,28.8,28.5,28.78,55400,27.11
2013-10-18,28.96,29.05,28.96,28.98,9700,27.3
2013-10-21,29,29.05,28.93,28.96,5700,27.28
2013-10-22,29.03,29.14,29.01,29.05,16600,27.36
2013-10-23,28.78,28.78,28.5,28.51,12300,26.85
2013-10-24,28.59,28.63,28.5,28.54,28300,26.88
2013-10-25,28.62,28.66,28.52,28.66,56100,27
2013-10-28,28.68,28.76,28.61,28.7,13700,27.03
2013-10-29,28.62,28.62,28.53,28.53,11700,26.87
2013-10-30,28.53,28.53,28.26,28.27,30200,26.63
2013-10-31,28.37,28.4,28.22,28.26,38500,26.62
2013-11-01,28.43,28.46,28.32,28.41,22900,26.76
2013-11-04,28.5,28.58,28.44,28.58,27500,26.92
2013-11-05,28.27,28.27,28.02,28.02,56700,26.39
2013-11-06,28.09,28.17,28.08,28.08,7100,26.45
2013-11-07,28.23,28.26,27.77,27.79,109300,26.18
2013-11-08,27.6,27.69,27.49,27.69,36500,26.08
2013-11-11,27.52,27.53,27.42,27.43,37400,25.84
2013-11-12,27.66,27.66,27.37,27.42,42900,25.83
2013-11-13,27.07,27.39,27.02,27.39,46200,25.8
2013-11-14,27.62,27.81,27.54,27.81,23400,26.2
2013-11-15,27.77,27.91,27.77,27.85,21100,26.23
2013-11-18,28.14,28.35,28.05,28.05,57900,26.42
2013-11-19,27.92,27.97,27.68,27.68,44800,26.07
2013-11-20,27.76,27.76,27.34,27.37,56400,25.78
2013-11-21,27.42,27.63,27.4,27.6,56600,26
2013-11-22,27.74,27.94,27.73,27.91,27200,26.29
2013-11-25,27.61,27.63,27.43,27.45,10300,25.86
2013-11-26,27.3,27.49,27.23,27.48,19300,25.88
2013-11-27,27.11,27.28,27.11,27.28,34700,25.7
2013-11-29,27.12,27.29,27.12,27.23,15400,25.65
2013-12-02,27.06,27.08,26.8,26.83,35900,25.27
2013-12-03,26.65,26.72,26.52,26.69,58300,25.14
2013-12-04,26.45,26.7,26.44,26.7,28500,25.15
2013-12-05,26.44,26.49,26.36,26.37,41900,24.84
2013-12-06,26.85,26.92,26.78,26.92,61500,25.36
2013-12-09,27.17,27.22,27.17,27.21,10400,25.63
2013-12-10,27.07,27.15,27.06,27.13,30900,25.56
2013-12-11,27.06,27.06,26.64,26.73,11600,25.18
2013-12-12,26.75,26.77,26.66,26.66,7400,25.11
2013-12-13,26.67,26.75,26.6,26.75,12500,25.2
2013-12-16,26.98,27.03,26.92,26.92,28500,25.36
2013-12-17,27.1,27.14,27,27.04,38100,25.47
2013-12-18,27.23,27.71,26.89,27.7,140800,26.09
2013-12-19,27.54,27.62,27.54,27.56,55900,25.96
2013-12-20,27.2,27.27,27.2,27.2,10600,25.84
2013-12-23,27.72,27.72,27.55,27.61,13600,26.23
2013-12-24,27.67,27.73,27.67,27.72,4800,26.34
2013-12-26,27.59,27.59,27.56,27.58,8000,26.21
2013-12-27,27.52,27.58,27.48,27.58,26300,26.21
2013-12-30,27.58,27.69,27.57,27.63,42100,26.25
2013-12-31,27.88,28.04,27.85,28.02,41200,26.62
2014-01-02,27.75,27.75,27.07,27.07,82100,25.72
2014-01-03,27.23,27.26,26.9,26.97,37700,25.63
2014-01-06,26.7,26.71,26.5,26.53,27200,25.21
2014-01-07,26.62,26.7,26.57,26.64,9300,25.31
2014-01-08,26.62,26.74,26.51,26.52,32100,25.2
2014-01-09,26.58,26.58,26.32,26.42,21200,25.1
2014-01-10,26.66,26.79,26.66,26.79,39700,25.45
2014-01-13,26.83,26.83,26.33,26.41,41900,25.09
2014-01-14,26.52,26.68,26.47,26.65,23600,25.32
2014-01-15,26.74,26.81,26.72,26.75,24200,25.42
2014-01-16,26.57,26.59,26.57,26.58,15000,25.26
2014-01-17,26.69,26.69,26.5,26.53,11800,25.21
2014-01-21,26.71,26.71,26.49,26.57,77800,25.25
2014-01-22,26.6,26.69,26.6,26.69,18900,25.36
2014-01-23,26.55,26.55,26.02,26.11,15500,24.81
2014-01-24,25.97,25.98,25.54,25.54,70500,24.27
2014-01-27,25.59,25.59,25.21,25.35,674400,24.09
2014-01-28,25.28,25.37,25.12,25.25,78900,23.99
2014-01-29,24.77,24.92,24.63,24.67,48900,23.44
2014-01-30,24.87,24.93,24.76,24.85,72000,23.61
2014-01-31,24.51,24.82,24.49,24.74,38400,23.51
2014-02-03,24.57,24.57,23.81,23.9,42500,22.71
2014-02-04,24.38,24.5,24.35,24.45,65200,23.23
2014-02-05,24.78,24.8,24.59,24.78,50900,23.54
2014-02-06,25,25.27,25,25.22,12000,23.96
2014-02-07,25.4,25.44,25.24,25.34,21200,24.08
2014-02-10,25.36,25.36,25.19,25.21,16900,23.95
2014-02-11,25.47,25.6,25.44,25.6,5600,24.32
2014-02-12,25.71,25.8,25.59,25.64,5800,24.36
2014-02-13,25.06,25.45,25.06,25.45,46200,24.18
2014-02-14,25.48,25.73,25.48,25.73,21500,24.45
2014-02-18,25.53,25.63,25.43,25.43,27400,24.16
2014-02-19,24.96,25.1,24.57,24.57,79400,23.35
2014-02-20,24.69,24.81,24.6,24.81,69700,23.57
2014-02-21,25.07,25.15,25.07,25.07,46600,23.82
2014-02-24,25.02,25.26,25.02,25.12,6300,23.87
2014-02-25,24.8,24.89,24.75,24.81,9000,23.57
2014-02-26,24.54,24.65,24.41,24.42,57300,23.2
2014-02-27,24.23,24.3,24,24.3,49900,23.09
2014-02-28,24.19,24.21,23.76,23.76,46300,22.58
2014-03-03,21.52,22.24,21.35,21.99,263200,20.89
2014-03-04,22.87,23.03,22.81,22.94,111200,21.8
2014-03-05,22.95,22.99,22.75,22.93,43700,21.79
2014-03-06,22.67,22.79,22.45,22.61,46000,21.48
2014-03-07,22.71,22.71,22.05,22.32,56400,21.21
2014-03-10,22.32,22.32,22.01,22.21,29900,21.1
2014-03-11,22.1,22.17,21.68,21.75,60000,20.67
2014-03-12,21.49,21.5,21.21,21.38,78700,20.31
2014-03-13,21.06,21.13,20.28,20.5,42800,19.48
2014-03-14,20.48,21.16,20.48,21.16,31100,20.11
2014-03-17,21.16,21.89,21.16,21.86,60200,20.77
2014-03-18,22.3,22.93,22.3,22.91,75500,21.77
2014-03-19,22.85,22.85,22.06,22.14,19200,21.04
2014-03-20,22.17,22.36,21.4,21.52,73300,20.45
2014-03-21,21.76,22.01,21.66,21.79,44500,20.7
2014-03-24,21.93,22,21.56,21.76,71700,20.68
2014-03-25,22.47,22.57,22.37,22.46,26700,21.34
2014-03-26,23.1,23.1,22.51,22.55,17700,21.43
2014-03-27,22.55,23.02,22.47,22.62,139400,21.49
2014-03-28,22.77,22.9,22.32,22.32,20000,21.21
2014-03-31,23.12,23.43,23.03,23.38,34200,22.21
2014-04-01,23.5,23.76,23.49,23.68,56300,22.5
2014-04-02,23.34,23.57,23.18,23.57,18900,22.4
2014-04-03,23.34,23.34,22.95,23.15,48500,22
2014-04-04,23.46,23.72,23.19,23.25,10700,22.09
2014-04-07,22.8,22.91,22.65,22.75,24500,21.62
2014-04-08,22.87,23.02,22.8,22.89,22800,21.75
2014-04-09,22.89,23.13,22.68,23.03,13300,21.88
2014-04-10,23.17,23.17,22.7,22.76,21400,21.63
2014-04-11,22.79,22.89,22.75,22.84,7000,21.7
2014-04-14,22.68,22.74,22.08,22.21,21300,21.1
2014-04-15,22.04,22.04,21.35,21.63,36800,20.55
2014-04-16,21.88,22.06,21.83,22.01,7100,20.91
2014-04-17,22.08,23.5,22.06,23.26,69900,22.1
2014-04-21,22.91,22.91,22.52,22.55,21300,21.43
2014-04-22,22.53,22.6,22.42,22.44,14300,21.32
2014-04-23,22.35,22.54,22.28,22.45,23800,21.33
2014-04-24,21.95,22.06,21.63,21.93,55800,20.84
2014-04-25,21.6,21.6,21.15,21.2,39800,20.14
2014-04-28,21.5,22.22,21.5,22.13,29000,21.03
2014-04-29,22.02,22.25,22,22.18,13700,21.07
2014-04-30,21.99,22.23,21.98,22.16,18900,21.06
2014-05-01,22.12,22.23,22.08,22.12,6600,21.02
2014-05-02,21.97,22.04,21.78,21.82,35900,20.73
2014-05-05,21.95,21.95,21.75,21.88,28200,20.79
2014-05-06,22.18,22.57,22.18,22.33,26000,21.22
2014-05-07,22.83,23.61,22.83,23.4,44400,22.23
2014-05-08,23.54,23.76,23.31,23.45,36100,22.28
2014-05-09,23.41,23.5,23.28,23.28,9800,22.12
2014-05-12,23.44,23.57,23.32,23.55,43500,22.38
2014-05-13,23.93,23.94,23.6,23.79,23800,22.6
2014-05-14,23.86,24.14,23.79,24,25300,22.8
2014-05-15,24.1,24.11,23.67,23.73,20700,22.55
2014-05-16,23.72,24.09,23.65,23.99,15300,22.79
2014-05-19,24.48,24.57,24.35,24.54,12100,23.32
2014-05-20,24.46,24.77,24.46,24.77,25600,23.54
2014-05-21,24.99,25.1,24.82,24.94,46300,23.7
2014-05-22,24.92,24.93,24.67,24.81,8400,23.57
2014-05-23,25.01,25.2,25.01,25.19,15400,23.93
2014-05-27,24.73,24.73,24.46,24.67,32500,23.44
2014-05-28,24.66,24.84,24.64,24.79,9900,23.55
2014-05-29,25.03,25.12,24.97,25.1,17400,23.85
2014-05-30,24.91,24.91,24.61,24.63,17700,23.4
2014-06-02,25.1,25.1,24.25,24.8,30900,23.56
2014-06-03,24.91,25.17,24.91,25.17,9300,23.92
2014-06-04,25.19,25.24,25.1,25.18,4100,23.92
2014-06-05,25.38,25.42,25.22,25.31,12200,24.05
2014-06-06,25.59,25.75,25.53,25.67,11700,24.39
2014-06-09,25.96,25.96,25.72,25.8,8700,24.51
2014-06-10,25.75,25.88,25.68,25.84,15100,24.55
2014-06-11,25.81,26.05,25.81,26.02,13800,24.72
2014-06-12,26.02,26.02,25.53,25.66,24900,24.38
2014-06-13,25.76,25.81,25.47,25.8,50500,24.51
2014-06-16,25.84,25.84,25.35,25.64,13900,24.36
2014-06-17,25.58,25.6,25.42,25.59,30900,24.31
2014-06-18,25.77,26.2,25.74,26.2,25400,24.89
2014-06-19,26.17,26.24,25.86,25.96,24200,24.67
2014-06-20,25.67,25.77,25.48,25.67,29000,24.55
2014-06-23,25.83,25.95,25.55,25.89,45200,24.76
2014-06-24,26.31,26.71,26.31,26.4,28300,25.25
2014-06-25,26.19,26.27,25.97,26.17,23700,25.03
2014-06-26,26,26,25.8,25.93,8200,24.8
2014-06-27,25.99,26.04,25.85,26,15800,24.86
2014-06-30,25.71,25.73,25.64,25.7,23400,24.58
2014-07-01,25.74,25.83,25.7,25.8,9900,24.67
2014-07-02,26.19,26.26,26.09,26.26,8200,25.11
2014-07-03,26.24,26.36,26.16,26.36,7600,25.21
2014-07-07,26.26,26.34,26.07,26.3,10700,25.15
2014-07-08,26.28,26.4,26.03,26.11,35600,24.97
2014-07-09,26.28,26.45,26.1,26.44,35800,25.28
2014-07-10,25.84,26.09,25.7,25.96,10600,24.82
2014-07-11,26.03,26.08,25.99,26.03,3800,24.89
2014-07-14,25.85,25.93,25.83,25.88,1900,24.75
2014-07-15,25.8,25.8,25.57,25.61,11900,24.49
2014-07-16,25.72,25.98,25.72,25.9,3200,24.77
2014-07-17,24.96,25.03,24.11,24.2,43700,23.14
2014-07-18,24.42,24.69,24.39,24.55,9900,23.48
2014-07-21,24,24.16,23.85,24.11,21100,23.06
2014-07-22,24.54,24.55,24.43,24.43,5800,23.36
2014-07-23,24.52,24.52,24.24,24.28,18900,23.22
2014-07-24,24.3,24.69,24.23,24.25,14300,23.19
2014-07-25,24.21,24.21,23.82,23.91,19100,22.86
2014-07-28,23.6,23.6,23.37,23.51,12600,22.48
2014-07-29,23.57,23.76,23.25,23.25,27900,22.23
2014-07-30,23.78,23.89,23.55,23.83,6400,22.79
2014-07-31,23.89,23.89,23.3,23.34,24600,22.32
2014-08-01,23.26,23.35,23.06,23.34,6300,22.32
2014-08-04,23.19,23.55,23.18,23.55,22700,22.52
2014-08-05,23.18,23.18,22.78,22.88,7300,21.88
2014-08-06,22.47,22.89,22.29,22.29,11000,21.32
2014-08-07,22.48,22.5,22.36,22.48,9800,21.5
2014-08-08,22.72,23.16,22.69,23.11,11900,22.1
2014-08-11,23.32,23.53,23.24,23.5,33300,22.47
2014-08-12,23.32,23.5,23.31,23.46,14000,22.43
2014-08-13,23.79,23.87,23.64,23.75,10100,22.71
2014-08-14,24,24,23.93,23.93,8400,22.88
2014-08-15,24,24.25,23.43,23.73,29300,22.69
2014-08-18,23.62,24.18,23.62,24.18,26700,23.12
2014-08-19,24.27,24.6,24.26,24.59,23000,23.51
2014-08-20,24.58,24.6,24.49,24.49,2400,23.42
2014-08-21,24.74,24.8,24.7,24.8,5200,23.72
2014-08-22,24.63,24.63,24.32,24.32,4900,23.26
2014-08-25,24.57,24.72,24.57,24.68,4300,23.6
2014-08-26,24.61,24.61,24.4,24.5,2600,23.43
2014-08-27,24.5,24.58,24.5,24.58,400,23.51
2014-08-28,23.71,23.84,23.63,23.76,13200,22.72
2014-08-29,23.5,23.55,23.25,23.37,8100,22.35
2014-09-02,23.1,23.17,23.04,23.08,11300,22.07
2014-09-03,24.43,24.48,24.25,24.38,11900,23.31
2014-09-04,24.46,24.46,24.25,24.25,2900,23.19
2014-09-05,24.81,24.88,24.52,24.66,7500,23.58
2014-09-08,24.33,24.66,24.33,24.48,2600,23.41
2014-09-09,24.32,24.43,24.17,24.17,2600,23.11
2014-09-10,24.11,24.46,24.1,24.46,1600,23.39
2014-09-11,24.23,24.23,23.82,23.82,5800,22.78
2014-09-12,23.91,23.94,23.81,23.92,2400,22.87
2014-09-15,23.77,23.77,23.56,23.56,3300,22.53
2014-09-16,23.74,24.05,23.74,24.05,1800,23
2014-09-17,23.56,23.65,23.46,23.48,8700,22.45
2014-09-18,23.36,23.36,23.13,23.26,1300,22.24
2014-09-19,23.11,23.16,23.06,23.13,3900,22.12
2014-09-22,23,23,22.59,22.66,32800,21.67
2014-09-23,22.83,23.12,22.83,23.05,17200,22.04
2014-09-24,23.26,23.55,23.26,23.37,6000,22.35
2014-09-25,23.39,23.4,22.84,22.98,5600,21.98
2014-09-26,22.8,22.87,22.66,22.87,4200,21.87
2014-09-29,22.6,22.6,22.15,22.25,27100,21.28
2014-09-30,22.18,22.27,21.94,21.94,8200,20.98
2014-10-01,22,22,21.6,21.67,5100,20.72
2014-10-02,21.5,21.68,21.25,21.68,15100,20.73
2014-10-03,21.6,21.86,21.6,21.8,8200,20.85
2014-10-06,22.13,22.19,21.95,22.19,2600,21.22
2014-10-07,21.96,21.96,21.65,21.65,13300,20.7
2014-10-08,21.59,21.73,21.27,21.73,17300,20.78
2014-10-09,21.72,21.72,21.24,21.3,4700,20.37
2014-10-10,21.01,21.06,20.8,20.86,12800,19.95
2014-10-13,21.31,21.37,21.06,21.06,7700,20.14
2014-10-14,21.25,21.28,20.91,20.91,7700,20
2014-10-15,20.87,21.14,20.58,21.11,10400,20.19
2014-10-16,20.59,20.93,20.47,20.75,8100,19.84
2014-10-17,21.08,21.52,21.08,21.17,9200,20.24
2014-10-20,20.96,21.16,20.83,20.91,17800,20
2014-10-21,21.01,21.18,21.01,21.12,25300,20.2
2014-10-22,20.96,20.96,20.68,20.72,26200,19.81
2014-10-23,20.66,20.7,20.51,20.56,26600,19.66
2014-10-24,20.63,20.95,20.58,20.95,4700,20.03
2014-10-27,20.59,20.76,20.59,20.71,20200,19.8
2014-10-28,21,21,20.86,20.9,1200,19.99
2014-10-29,21.04,21.15,20.84,20.88,5500,19.97
2014-10-30,21.41,21.89,21.4,21.74,11800,20.79
2014-10-31,21.6,21.7,21.55,21.58,9600,20.64
2014-11-03,21.3,21.3,21.22,21.22,9600,20.29
2014-11-04,21.12,21.12,20.86,21.05,38800,20.13
2014-11-05,21.15,21.15,20.86,20.94,9500,20.02
2014-11-06,20.61,20.61,20.07,20.12,11200,19.24
2014-11-07,20.12,20.25,20.05,20.22,14100,19.34
2014-11-10,20.68,20.81,20.59,20.62,16700,19.72
2014-11-11,20.48,20.48,20.26,20.47,6300,19.57
2014-11-12,20.43,20.65,20.32,20.58,6100,19.68
2014-11-13,20.24,20.27,19.88,19.88,75700,19.01
2014-11-14,19.76,19.97,19.75,19.97,5700,19.1
2014-11-17,19.94,19.98,19.84,19.94,15500,19.07
2014-11-18,20.09,20.24,20.05,20.11,3200,19.23
2014-11-19,20.14,20.29,20.1,20.16,4900,19.28
2014-11-20,20.26,20.5,20.25,20.4,11700,19.51
2014-11-21,20.89,20.89,20.6,20.78,11800,19.87
2014-11-24,21,21.06,20.88,20.91,8700,20
2014-11-25,20.8,20.82,20.45,20.45,57900,19.56
2014-11-26,20.32,20.38,20.18,20.19,11200,19.31
2014-11-28,19.67,19.67,19.05,19.05,24100,18.22
2014-12-01,18.79,19.11,18.59,19.07,40000,18.24
2014-12-02,18.51,18.72,18.22,18.22,38500,17.42
2014-12-03,18.43,18.87,18.41,18.59,47400,17.78
2014-12-04,18.36,18.36,18.02,18.06,24200,17.27
2014-12-05,18,18.05,17.75,18,26900,17.21
2014-12-08,17.46,17.46,17.04,17.1,42200,16.35
2014-12-09,17,17.07,16.85,17.07,17800,16.32
2014-12-10,17.11,17.14,16.66,16.73,24100,16
2014-12-11,16.27,16.27,15.82,15.82,52200,15.13
2014-12-12,15.88,15.98,15.43,15.44,22600,14.76
2014-12-15,14.82,14.82,13.57,13.67,123700,13.07
2014-12-16,12.76,14.25,12.4,13.77,375800,13.17
2014-12-17,14.71,15.64,14.52,15.4,98000,14.73
2014-12-18,16.38,16.38,14.71,14.84,164500,14.19
2014-12-19,14.76,15.33,14.37,15.13,61900,15.13
2014-12-22,16.36,16.36,15.37,15.53,94300,15.53
2014-12-23,15.35,15.36,14.71,15.18,53000,15.18
2014-12-24,15.44,15.87,15.36,15.65,60600,15.65
2014-12-26,15.82,16.01,15.65,15.69,45900,15.69
2014-12-29,15.37,15.37,14.37,14.37,59700,14.37
2014-12-30,14.9,15.26,14.72,15.19,53800,15.19
2014-12-31,15.09,15.09,14.36,14.36,80200,14.36
2015-01-02,14.93,14.93,14.24,14.39,27500,14.39
2015-01-05,14.51,14.6,14.1,14.16,15400,14.16
2015-01-06,14.24,14.33,13.77,13.96,36500,13.96
2015-01-07,14.29,14.66,14.29,14.49,22000,14.49
2015-01-08,15.44,15.6,15.31,15.49,40200,15.49
2015-01-09,14.93,15.24,14.83,15.01,15400,15.01
2015-01-12,14.63,14.71,14.5,14.53,14400,14.53
2015-01-13,14.21,14.5,14.14,14.45,31000,14.45
2015-01-14,14.21,14.94,14.21,14.89,14900,14.89
2015-01-15,14.88,14.89,14.28,14.39,30700,14.39
2015-01-16,14.77,15.01,14.77,14.94,31800,14.94
2015-01-20,14.76,14.98,14.51,14.58,11800,14.58
2015-01-21,14.99,15.05,14.9,15.05,5800,15.05
2015-01-22,15.5,15.91,15.5,15.89,31100,15.89
2015-01-23,15.92,15.98,15.66,15.66,162300,15.66
